"draw","transmission_row","coverage","ve","delivery","delay_weeks","hosp_rate","cfr_hosp_band_1","cfr_hosp_band_2","cfr_hosp_band_3","cfr_hosp_band_4","cfr_hosp_band_5","cfr_hosp_band_6","cfr_hosp_band_7","cfr_hosp_band_8","cfr_hosp_band_9","cfr_nonhosp_band_1","cfr_nonhosp_band_2","cfr_nonhosp_band_3","cfr_nonhosp_band_4","cfr_nonhosp_band_5","cfr_nonhosp_band_6","cfr_nonhosp_band_7","cfr_nonhosp_band_8","cfr_nonhosp_band_9","dw_mild_mod","dw_severe","dw_chronic","dur_mild_mod","dur_severe","dur_subacute","dur_chronic","life_expectancy_band_1","life_expectancy_band_2","life_expectancy_band_3","life_expectancy_band_4","life_expectancy_band_5","life_expectancy_band_6","life_expectancy_band_7","life_expectancy_band_8","life_expectancy_band_9","rec_acute_u40","rec_acute_o40","rec_subacute_u40","rec_subacute_o40","rec_chronic_u40","rec_chronic_o40"
1,438,0.4037352578064,0.984492348815635,0.093707611849366,2,0.0392534710674082,0.0190425383999419,0.0150177753996018,0.016958315904524,0.0180547470111753,0.0238858281278556,0.0263202336116957,0.0470030767149376,0.107409224080204,0.18672845810075,0.000359028893843578,0.00016805249883183,3.17807580271923e-05,6.61086426787875e-05,8.55505881844853e-05,0.000256709533620386,0.000293540363029035,0.00139518976983591,0.0041619612589861,0.0434326892559244,0.11167112429873,0.355025184695918,0.0217609863089822,0.0142351802189998,0.11549344263955,0.583301791225927,75.841864802297,62.5572361372524,53.782007890205,38.7204269711734,33.4179085116144,26.0905623291509,16.479306677167,9.65727847910273,5.90908252221913,0.417148698197239,0.349188007046354,0.297961295099788,0.277634421980923,0.301098370519869,0.388809300333316
2,377,0.295739286928857,0.988793556005732,0.0974810062104829,2,0.037330901700595,0.014151379172034,0.0180733486860415,0.0172889458797941,0.0182633428068431,0.0225917232834851,0.0274463946327803,0.0447606866294447,0.106374979975809,0.189919496291933,0.000321187357297415,0.00010693659542797,2.39463320362017e-05,8.16926119794585e-05,7.57403316133617e-05,0.000203405928479241,0.000272346973689428,0.000758421590953029,0.00363682553953805,0.0396108126328936,0.106803913208619,0.29410105952327,0.00539237024895832,0.0255416989063351,0.066179460990183,0.520416605408413,78.1881583592776,58.7470639291503,51.3483847502647,41.5840629926987,32.4586719272199,26.9855221814055,18.0095787032187,11.2851885415324,6.34053496863582,0.425858932687564,0.361133377117918,0.294109135080815,0.278309787174559,0.276478996039346,0.361666490095802
3,797,0.336873282556231,0.989419188261423,0.104249172863396,3,0.0377630939537521,0.0187142087648716,0.0156440946141492,0.0167829329320142,0.0200527261561021,0.0213744447447821,0.0269884120243942,0.0430373822553241,0.109500790357633,0.187948234505723,0.000402196351416898,0.000140585266692049,1.30847511625684e-05,0.000109561747429233,3.04509456349747e-05,0.000222645154851577,0.000337368936203302,0.000796577308506954,0.0039778247625704,0.050320850206764,0.144192789776687,0.222678359589182,0.0354545280384409,0.0417307418171555,0.0927713053165162,0.564883919927807,74.1998444712411,58.4889547176474,53.0607229002878,46.1207034344286,30.9718822744588,25.0447901895467,17.5795859231776,11.2140287310171,6.33814337154442,0.382521855275606,0.324375338759065,0.293370468629985,0.275355762486006,0.298040258002969,0.396680188365929
4,105,0.335508650700295,0.988513747230214,0.0998901300029048,3,0.0411445198847175,0.0146210777838658,0.0151517422644273,0.0186800631180944,0.0184426563480705,0.0244697660650525,0.026540939039421,0.0448999606130875,0.108498344170885,0.186139173004008,0.000301616076490188,9.93314132276064e-05,3.12576134735396e-06,6.72830855323592e-05,2.36587777100482e-05,0.000248292566133682,0.000480394681891544,0.00116073917601999,0.0042253751386442,0.046251705565058,0.134561612223899,0.395637131272906,0.0221101032576192,0.0112047393219696,0.104102251294406,0.591014819376135,75.8511702321502,60.3502814328403,51.5092580313244,42.7179242407924,31.7957584372864,26.5900593969331,17.0049558553734,10.4254993233085,6.31172730387668,0.432479005513257,0.337128922631161,0.297616978410066,0.28138111256548,0.291722895996384,0.36478704952476
5,215,0.342550492101196,0.988648421692842,0.111646709681095,2,0.0337327726648862,0.0301221674375112,0.0145838262165855,0.0168884436768741,0.0188536947326775,0.0232404785479154,0.0249466552630063,0.0453081912796377,0.106007196554524,0.187597997029751,0.000409861024886844,0.000166181794697585,2.16625583762763e-05,9.70551612872691e-05,3.49764943872803e-05,0.000253130755535386,0.000375472973559589,0.00128452959304654,0.00293032542511197,0.048378029122244,0.11014666080664,0.382664888185573,0.023704997470273,0.0157123256674706,0.199480833036791,0.507336111338109,71.1284041170293,67.6476795134207,49.3308435096188,43.4113507028764,31.5446385084048,25.215964612966,16.0477751796051,10.7449524567092,5.93020599014337,0.439835689376306,0.348837825829187,0.294852104358842,0.273084626884078,0.273094159480633,0.370170807993983
6,394,0.261608242502619,0.987457305289475,0.0917869417651627,2,0.0441352492697297,0.0134436804221519,0.0155805255225726,0.0183229639290317,0.0182094042889117,0.0234333601420926,0.0271452392138413,0.0467918350033526,0.108682721032635,0.185318580092532,0.00028115798791717,0.000300280933830149,3.54134596020328e-05,8.67852692441196e-05,4.81433652842114e-05,0.000161879650588328,0.000317122551497813,0.00098354977332378,0.00441232023924173,0.0300278943835429,0.116308423001602,0.547220926830116,0.0148164309623542,0.0319188445132538,0.0936851926030802,0.508557317318867,74.2926270999854,63.3686832345822,49.7794014002922,43.3026186273166,32.6442391062663,25.5425995396475,20.073274342574,10.4829248311405,6.07331445287609,0.431565162844928,0.302086784837973,0.295317045670599,0.282276048756687,0.274919749812326,0.388210977608382
7,148,0.183123339497315,0.985222791150488,0.095361609588718,1,0.0512215666689424,0.0143706134701845,0.015483765273401,0.018809954564828,0.0182021411121868,0.022897608815631,0.0263790216750858,0.0469184809725368,0.107309684799017,0.188867905324213,0.000188577526045709,0.000122954992807331,1.55972551001035e-05,0.000127155720146638,5.03409678006344e-05,0.000207287554786113,0.000395722873731829,0.00090197556042129,0.00492187348404506,0.0501467787074188,0.149919166124951,0.599318752830631,0.0122024090226165,0.0378175835956242,0.106057610996105,0.509628323108531,70.7478840478264,62.5165016773457,56.9240015479883,42.5099027766516,33.5547683361702,26.6754275890972,18.549493132002,10.6995460979401,5.87560169669898,0.401727469199612,0.353640008931538,0.292315235940376,0.279620223928964,0.285826137173824,0.370335359253151
8,910,0.224193302356983,0.982172655317539,0.0868918375707723,2,0.0378575637113403,0.0259874043374,0.014940441878916,0.0177367575857174,0.0186036984075372,0.0230284432840385,0.0269583271904147,0.0453331392623287,0.106449350936613,0.186699763601087,0.000204319836076883,8.08156341676859e-05,5.8432670929609e-05,5.94512622968642e-05,3.79466394632227e-05,0.00024108914167533,0.000395679993581007,0.000624191491121054,0.00488028767974264,0.0402107431759488,0.148867915259664,0.228356632078559,0.0252980454388987,0.021850369010463,0.223599773067256,0.514342506432882,68.1049020513956,62.3483757284904,53.3571457629086,42.7614534855822,32.9050011878721,26.6390133013405,17.0947016318748,12.1040708349687,6.2109750874107,0.419011752856005,0.339892860252131,0.297657542249369,0.269609255184819,0.286967999692212,0.362481628617047
9,365,0.241307409590047,0.970556154798441,0.0930742964413002,2,0.0360036419562629,0.0170291608401768,0.0152377163942684,0.0177780316922315,0.019251991599744,0.022683899145977,0.0249755060584692,0.0455444372063739,0.10944886867858,0.186835643477281,0.000264330039964665,0.000108418412092854,2.46294920313027e-06,9.15185748773773e-05,3.8059554466812e-05,0.000183604693243916,0.000434840385324881,0.0010448307959508,0.00392364633717189,0.0649275650126842,0.119974561129727,0.203121252846817,0.0113341815836126,0.0292202321300571,0.100415305336216,0.452623695753066,81.676538657786,58.7858210790124,53.3015498105823,41.3919667541001,34.5303414399821,26.4869344767199,17.0784164177973,11.2209531124977,5.48142027684308,0.396715535037885,0.316716503955518,0.29339982054194,0.275806048228859,0.261734470415483,0.380956529380074
10,540,0.286675962591965,0.991094845420388,0.100828110890618,1,0.0271328207950875,0.0161549307738355,0.0135276520209629,0.0175872062318049,0.0187883766311981,0.0247408229001644,0.0275738464967999,0.0454680570611863,0.10945855910183,0.187182719752382,0.000283182279664222,0.000183710937805952,5.40506636227855e-05,0.000106207923181912,3.7718809046396e-05,0.000247573290331995,0.000417348191616551,0.00095335871293038,0.00446208795737948,0.0395842073584299,0.0948631225200357,0.30593694009328,0.0291373699257333,0.0118170654212367,0.0650484425834286,0.571662408908191,67.5309467231609,66.0409809681265,49.255461075687,42.6813373506882,33.4114332256704,24.7314865112707,18.5935782195766,10.5549391057914,5.96748616619155,0.404254906563257,0.359069314016838,0.296917031614703,0.27965939521809,0.287572998511392,0.377183161030956
11,182,0.38876895414134,0.982909385102473,0.0981930960007076,1,0.0425555248752638,0.0167927524602649,0.017648563393319,0.0169997992480132,0.0199504760208339,0.0241152206012574,0.0255363560959736,0.0457407703926327,0.108691614684804,0.190666720898673,0.000313258049491427,0.000113847595418086,2.8607767072977e-05,0.000160935322171553,2.07429881331447e-05,0.000175775343558571,0.000434664725260062,0.000680561314969471,0.00371790921158242,0.0582370573529976,0.145299989752809,0.473739775454781,0.0141130852595445,0.0257771281048414,0.0768955594540969,0.519138760858473,71.3925966425848,63.8014950337523,52.4418341803368,40.4550129039125,32.1423883187176,25.0752197260766,19.0570561067731,12.5792964035495,6.58420718724797,0.419479907071136,0.326858730144969,0.296378495226287,0.275709119185097,0.275718551437013,0.388020652134566
12,718,0.37294682466657,0.980936627845437,0.106670138274328,2,0.0440834809046574,0.0212281606255026,0.0154337114093096,0.0172980866283821,0.0205169927269694,0.0240292641825189,0.0272895230578031,0.0448220997329955,0.109560568187385,0.191830067623972,0.000232283312007165,7.77411999074151e-05,8.65061513245341e-05,0.000186219836383302,0.000102205045756321,0.000184613175864221,0.000272018433667739,0.0010123621200025,0.00342815501852779,0.0436095403275462,0.171026347995788,0.229725528151192,0.0751073940607045,0.0251683917506027,0.0647152788844834,0.527877790560481,62.1067586060271,58.8780953495783,53.416166038777,41.0785944386943,33.2461793692748,25.9019105655118,17.477467814081,10.1158623885591,6.59488713019472,0.426231766340768,0.346513891173667,0.29258093572958,0.279379117025209,0.275703090041215,0.36551580264771
13,783,0.319453977332725,0.961647689788352,0.1098531039042,2,0.0435107906369934,0.0201776268782454,0.0161575632333811,0.0157177241570423,0.0190724008480826,0.0207237767668381,0.0266672207242599,0.0448891219653727,0.10652651064756,0.191560285548631,0.000312754563441608,7.1392627557454e-05,3.04956891049917e-05,0.000144958293320369,1.43297391838872e-05,0.000228793175109927,0.000392084845483251,0.000988567689840804,0.00375926030491576,0.042504147739305,0.184744856886207,0.289695566702114,0.0333515424513739,0.0157679762414748,0.138758026325927,0.498406033287175,72.6661172194057,61.5879339144203,55.889123036978,39.6391878023133,34.5457362093208,26.7614268164772,16.1050649556605,11.3574426313949,5.61504288043908,0.411218797481385,0.340625546157637,0.293976346727208,0.272993646329624,0.298760539403111,0.383299736599163
14,150,0.255337657469196,0.989869052508777,0.0935984724865068,1,0.0364070651553134,0.0125811277511543,0.0158490816372365,0.017998313936873,0.0174944363714857,0.024134203972804,0.0253774810839617,0.0465420525899808,0.104836422241963,0.186467068358892,0.000181370890348589,0.000130989604453344,1.80657934662282e-05,0.000104921727688985,1.83513374076968e-05,0.000208558623681226,0.000330201113244323,0.000826834871280878,0.0038046513688427,0.0496508582151078,0.130299544707242,0.186479472576869,0.0215618319398712,0.0387141934490236,0.0592327513793038,0.444625301207175,74.352401953735,65.3608288373215,52.0020445172959,44.3077293138182,35.2802013459532,24.3012243320157,19.1889190963815,11.0725467328408,6.4370543208589,0.443730228470758,0.35961722536152,0.293575508311411,0.286641385637654,0.281628170343993,0.368301040959871
15,961,0.296976088382649,0.977268556683885,0.0958648235481293,2,0.0440662235488104,0.0152573959118244,0.0157032404748492,0.0188236061763071,0.0185842209603745,0.0239931116374237,0.0271162448442662,0.0469259566798493,0.108508825521816,0.183976737962556,0.000205193665358163,7.12737491740923e-05,3.67539801933267e-05,6.18263983456922e-05,3.04976389561997e-05,0.000256376182842749,0.000304529708469672,0.00114850819847872,0.00342623460100826,0.0363326704207598,0.125977738040615,0.162482866398338,0.0151111937922447,0.0115899905616432,0.0617547014140525,0.578497762070844,73.6117352150461,62.3656861774885,55.8457034186573,41.0661287069869,32.5131874871997,26.1840871016574,16.541052118219,11.2195002047135,5.57867950393965,0.39385072483309,0.350263421247903,0.294485721690128,0.286436102703493,0.273919881072703,0.37200730846364
16,439,0.221945430761035,0.987298046081319,0.101132683408229,1,0.0384208453127078,0.0188489210520698,0.014860885979348,0.0172998710880379,0.0186332253145534,0.0229489102504149,0.0268385164959864,0.0455788544850668,0.107644939117962,0.188087755007313,0.000416476734544321,0.000117691288969946,2.45897075288911e-05,5.82317379956131e-05,4.5150881983128e-05,0.000349358994405099,0.000350967733975425,0.00085785599618424,0.00352892362747384,0.0604593165531835,0.131226305515231,0.346548377594428,0.00583904714276557,0.0151470667213628,0.226738070168684,0.510824632967419,72.9722151553109,61.5259546369799,48.3691758300029,41.7696221914236,33.7780381694933,23.4333435689596,16.2269005256463,10.3154671490097,5.98923433774216,0.407508298748637,0.341062204715782,0.297457126618514,0.278534829424465,0.270539234914808,0.386981703867626
17,919,0.356253119512265,0.981855940231037,0.0983174774651841,2,0.0430590746490529,0.0181157746620267,0.0150942976206778,0.0170239411676101,0.0175927179684099,0.0224567519069497,0.0272193904893201,0.0459409805164471,0.107150037695901,0.187497428501646,0.000261689926020249,8.50828590158557e-05,2.68011002070588e-05,9.38514009644535e-05,5.29007611467116e-05,0.000207835529134438,0.000408814559790419,0.000979135321508107,0.00378978188253843,0.0387201258871138,0.11476426216898,0.28787341781973,0.0134440650160011,0.0253050927080613,0.0920780079063825,0.593094111544432,73.2789489037602,62.0309996057839,48.9135488650404,42.3463574335874,32.277372614894,24.6323737174251,18.1654147705596,11.5360548197111,6.0526515727582,0.419332631532572,0.315309319561239,0.291883120483704,0.28236911867983,0.280262862788618,0.374859950400264
18,956,0.377961622027352,0.974810617879217,0.0939515519898744,2,0.0352030556369069,0.0176092936248813,0.0147385047479962,0.0184806650822934,0.020278254784052,0.0224181280094919,0.0273843930515452,0.0463828080372144,0.106874115893881,0.187442022013208,0.000377901119365002,8.91961689948026e-05,6.82112717129791e-05,0.000113326846351802,0.000108080755421603,0.000164877273290853,0.000436762739286124,0.00122506167416678,0.00449364235591076,0.0552255526717286,0.136132680060551,0.140339214530116,0.0384723301023785,0.0159833801778416,0.219002192297192,0.574920822475101,68.9734075258556,59.2503610919246,53.1487292394806,46.1343672038515,34.248262956806,26.3036838782799,16.5557618054381,10.3835082610559,5.61359093678465,0.404838293095823,0.342350773672236,0.29598657305368,0.280181581582124,0.275876297342541,0.380402399023352
19,797,0.28853383954269,0.985783410918863,0.101215215565204,1,0.0398962263900746,0.0212894664505436,0.0154170626111755,0.0169617067599023,0.0186649503202964,0.0230919729608552,0.0284677037635938,0.0440366236423678,0.108034931976597,0.188726655726164,0.000327726369911822,0.000113264275610116,1.98371029156233e-05,6.52605551512197e-05,5.11667251493296e-05,0.000176740734312124,0.000453930050883499,0.00110684878779612,0.0038091284985075,0.0464242190797716,0.156894384899339,0.207025938661856,0.0147790143679101,0.0223596840570141,0.151397029027178,0.536949638522677,69.8838984358799,61.1741255809322,52.4732898901999,46.4700165115245,31.2995981415866,23.3029470718673,16.6763973025769,10.2747440632023,6.29876700663751,0.400986528159673,0.32516492717161,0.296616040189943,0.278752494290186,0.281854744161003,0.36692735861583
20,193,0.2698561165148,0.989467254065441,0.099642889573508,2,0.0453485584931298,0.0157939569921024,0.015889695106061,0.0177546402896657,0.018632043667687,0.0246790828529926,0.0276651417489988,0.0466200425539497,0.110348608260345,0.18856538724623,0.000160692504620482,9.16648805259062e-05,2.11000987555397e-05,0.000103403797269575,4.03657800244989e-05,0.000194890409486341,0.00040611737297438,0.000879623809650903,0.0053820460662443,0.0378227018604456,0.107699694308157,0.550004036296425,0.0168942953897729,0.029855216463254,0.0850620752524462,0.559951065619079,70.6505892590433,60.5755871762681,53.557765750458,44.7580014713539,33.6751365186182,25.2391371242553,18.8696539445671,10.7852861228755,5.70480359897355,0.414827048522238,0.337787034365732,0.295390582295275,0.268895597302279,0.306751112702803,0.368096335173297
21,598,0.24479074182902,0.979638480495294,0.095570733155812,3,0.0430915096597873,0.0204792989689755,0.0158554548037809,0.0172740458879502,0.0188396541037246,0.0233857302923196,0.0252605824506771,0.0452018778900128,0.106055458750813,0.189190490176643,0.000214640585372719,6.81453129166367e-05,3.35003603167584e-05,0.000156850915241789,5.42829457997194e-05,0.000122274346444273,0.000311434413319526,0.000840474642846462,0.00377831575923146,0.0353299681400662,0.161651014271414,0.401879831798784,0.0279756439377333,0.0137870062202476,0.0630249022100507,0.492179913572006,81.0019961765252,57.6039879786606,53.0926405460033,46.3759501205664,34.307130980057,26.9830620726422,16.3150670046274,10.9956066149534,6.01428658954407,0.427735082693365,0.3381042968875,0.292289188671841,0.277176682931462,0.274430163496802,0.400498796602236
22,58,0.273095586367115,0.987991478393544,0.099238416022952,3,0.0470995644776486,0.0159840023688275,0.0147804459243264,0.0184351724913536,0.0177862499828844,0.0229943534643208,0.0256197043732969,0.0470508447509631,0.106827883425114,0.187067074923095,0.000573511400106678,0.000102376776327887,1.85697563594665e-05,9.34566446170667e-05,3.85435977968595e-05,0.000209173802653522,0.000349961766338668,0.00153004274075395,0.00411176088460204,0.0438524612757986,0.101166082795917,0.258291474249727,0.00286542364841969,0.0262928030184258,0.0804695631241414,0.597431023803518,70.929164986475,59.5224577316873,49.9794966724498,44.2057807388962,35.9055214853756,25.7544585719364,16.9917740435301,11.3732412916176,6.19595743311999,0.401913085281562,0.3306863939523,0.297628561889613,0.28301057979967,0.282175009534021,0.359855387495962
23,999,0.22628388809638,0.980259185170267,0.101956071692705,3,0.0459109237140365,0.0184402395232235,0.0179733882316233,0.0182996344313847,0.0208008090349737,0.0219892220612724,0.0270503988443884,0.046097150289887,0.111563950220166,0.187028152678575,0.000463958622323188,0.000103787518845429,0.000107683467675553,6.20649571144938e-05,1.37699276855723e-05,0.000248932581202096,0.000504769279699584,0.00117673805075214,0.00540097001289874,0.0548813223292638,0.129081208359817,0.418138007225452,0.0146059972677762,0.0241444751368336,0.263236873505216,0.568813845352846,77.3340967308926,60.0479718337175,49.9208825284423,41.7152841357645,31.6652401280944,25.1176027083027,15.8791490710688,11.6786255713658,5.73706283827529,0.392348475526159,0.350364167861276,0.294538560639874,0.286019060314444,0.311210477184627,0.370593053299043
24,842,0.256402688942772,0.981437534312775,0.0986399076886487,3,0.036640237126653,0.0207734163778255,0.0150733494370231,0.0190582419103851,0.0203074933997361,0.0239530705214517,0.0273518498441551,0.0455054622544727,0.109064663120923,0.183348152848893,0.00022011461660635,0.000115624526387156,4.06811402589769e-05,0.000161720741106618,6.55805961838101e-05,0.000270052026799463,0.000401569381263687,0.00125908565053509,0.00390810343677584,0.0440919730569071,0.163225294040842,0.177030597231268,0.0247849508668755,0.0369274104030782,0.0599904126701602,0.493799831256674,68.1698835727457,64.2616933753035,53.5274289702847,46.3974303428038,35.0489517069077,23.6353847404197,18.2367959143179,10.8809683167017,6.46736524588195,0.427230928957605,0.341433785426945,0.291264475113122,0.28194223120548,0.272539184207459,0.372921353301528
25,933,0.325204421348138,0.979942240220275,0.100055519256353,2,0.0331836505454884,0.0176045614377468,0.0180411226832774,0.0180130664725704,0.0173625799231476,0.0231391370505139,0.0271951118123724,0.0452265638605242,0.108655210237857,0.184008678473526,0.00047024738246194,7.86585985987467e-05,0.000104294529446985,6.9073088740156e-05,2.74620959529628e-05,0.000222199947591544,0.000460728552444958,0.000942198555243318,0.00514448040801644,0.0575896871067585,0.135428929705995,0.376283466351239,0.0463011482739022,0.0136581100717751,0.112895394700001,0.533268332042499,74.4540855967289,64.3736339350876,49.2156527811588,40.0719908153574,34.3306251605972,25.3289834355742,17.1847008175222,11.1218583330234,5.94766181064483,0.405760961034669,0.326963937554585,0.294091406180428,0.283080754011724,0.293985287513368,0.369868552222227
26,792,0.280998167248195,0.985355241600213,0.0989752374814167,2,0.0423040192828436,0.0165921637467167,0.0140943482159598,0.0159466859246905,0.0176207422809269,0.0228667209151653,0.0261593515240138,0.0454347198946668,0.105442781482192,0.189760731680678,0.000290596762354475,7.52460899829343e-05,6.44325430238547e-05,0.000101739622396399,2.67898855289012e-05,0.000274191162160994,0.000275100576488537,0.000946310454128837,0.00414726553674526,0.061257813675103,0.176166684984001,0.191329410193024,0.0113843363512358,0.0144005279574864,0.0895441528499541,0.52600858184443,75.0331776676292,62.9433422073339,55.6718960904101,47.2759446222321,34.6739108544756,24.0592627324957,18.1635801425387,10.7985106131199,6.06131557798535,0.426374082931564,0.333146435340294,0.295061505545996,0.277946527763977,0.289617133964991,0.372568939590127
27,518,0.29370690459399,0.982722402199915,0.101632819992248,2,0.0379603258469557,0.0241931332379006,0.0173240879828188,0.0169934733835777,0.0193567063027481,0.0221965695604247,0.0273222860472023,0.0456702248748295,0.107809864243786,0.19083704623724,0.000213021985013329,0.000182602446072372,2.12442393811764e-05,0.000206744116191271,3.25666551111507e-05,0.000121487167307269,0.000266469032869913,0.000793449267412245,0.00457108745850069,0.0380393966804813,0.152511241068439,0.486148271855424,0.0260048620330043,0.0155779349263975,0.0950146046194559,0.514802241773444,80.6323507551672,62.771704316018,48.4218240421455,42.1858912269639,33.3890191150444,24.6573771417432,16.7427738631237,11.5811843410866,5.88017796027659,0.416065149886413,0.322013992019227,0.29132076281266,0.278204359861757,0.257060225480065,0.358982694949743
28,744,0.320304827891901,0.986123062134459,0.0991000985119056,2,0.0357441497772793,0.0225205830286046,0.0137205668839698,0.0167366500723061,0.0183156274509076,0.0230864424185529,0.0255756027167266,0.0465649505395749,0.106862376944062,0.184621856975246,0.000362518459571207,0.00018335886958396,5.81200797502922e-05,0.000148111253441482,2.28862651183372e-05,0.000203731362613832,0.000346896014772261,0.000932443102694238,0.00402510380158358,0.0377362334729378,0.123635267177434,0.278364205827279,0.048947012672238,0.0218739524730654,0.0705301522023096,0.50993673249614,77.7449449400815,61.7741721150094,50.5467996099409,40.9400631710182,30.419046532943,25.6669931700103,17.8735569973727,11.1879028417709,6.02156868473772,0.423380442011333,0.342193538542368,0.294263887617104,0.283350326926461,0.297465135581225,0.383250370943097
29,191,0.295360892108733,0.992568786429891,0.103677109158372,3,0.0319579402240584,0.0191023380060722,0.0167884984490433,0.0180595863704028,0.0205655302856073,0.0236451765031822,0.0262742735863576,0.0445535445040164,0.107943040417882,0.184229522121164,0.000336854714637854,0.000105487959656002,2.33284460770355e-05,0.000131177388832623,2.10048724953617e-05,0.000176007585279839,0.000441197407586205,0.000997421686271416,0.00368634383486267,0.0529795252754589,0.111589606625399,0.231201316879533,0.0276720226150818,0.0164609145172412,0.117620776810678,0.514580948828064,75.5116300768377,57.986430228046,51.3283438274998,40.7928953256222,34.752672117499,25.4958878801851,15.8932837746565,10.7125841259948,6.02033537852035,0.421226717484736,0.332633243728286,0.298511077977698,0.284177746846969,0.297372715013473,0.378286515061039
30,168,0.297200826835232,0.991594515683915,0.0959380258372038,1,0.040757463384986,0.0181990539610204,0.0167076595721568,0.0189283163146798,0.0194641555795376,0.0231326010127108,0.0267257661942183,0.0472182533189726,0.106309351766344,0.187804814134285,0.000229476757439399,0.000124935885379353,4.73391492391089e-05,6.93456843141636e-05,1.12703385454347e-05,0.000220730442041268,0.000371319205586796,0.00114115937016432,0.00357797010325694,0.0667317388960982,0.119525820401886,0.192850027667323,0.0221659538394249,0.0129396512197273,0.0579980482364059,0.588944211716634,69.0293386203556,69.102345231493,56.4015899363487,41.2427958179037,29.9032097684197,26.034218907231,17.062985987159,11.5308122678984,6.60901528769797,0.424133510146207,0.335812036055787,0.290033482566208,0.281901973556476,0.287018236109437,0.384750532913368
31,550,0.315018236180387,0.979704035757616,0.1049936534445,3,0.0383960656216965,0.020021566964888,0.0162359563934033,0.0159568291190712,0.0197652336650551,0.02110394747201,0.0266059618569756,0.0452344571610623,0.106957228802501,0.191702757408763,0.000366207185353238,8.74771420854846e-05,8.79763824760125e-06,0.000134226164957607,1.24136201711153e-05,0.000294007058623913,0.00032971047015178,0.00110979502358348,0.00651740810402566,0.0858941248339945,0.156573736885092,0.289223980798319,0.00716561048470922,0.0309174377510966,0.097142914511475,0.640126718668828,75.0130272555712,62.4779641172301,48.4692522697505,41.991547212311,35.4586154912545,24.1254815574033,17.7228450146351,10.5015560886852,5.9338739359251,0.394775453326073,0.342407886007352,0.294184121563847,0.283703327837651,0.280903780614007,0.367129489367073
32,978,0.302098940652916,0.991796223500901,0.0994694376541447,2,0.0427944934574931,0.0137418132681387,0.0172660795892996,0.0167157029232769,0.0189550827822275,0.0243190982573418,0.0265081179601533,0.0456198063501977,0.109662552219885,0.185059891268101,0.000384785893913127,0.000122601145568236,2.99019048079238e-05,0.000124306298072416,2.1794759410718e-05,0.000193223086963021,0.000472976028548486,0.000702953091260293,0.00454586824812057,0.0461733536027479,0.141146992435906,0.31663991257589,0.00678222372577079,0.0236834796207585,0.108704021832176,0.49131646481635,76.5762274352963,62.3318331069444,51.4263217199913,39.3475083996683,33.1106473075993,25.8342763276117,17.1106180517583,10.6533073150945,6.07987582942211,0.424740731584697,0.350879448370784,0.296652789867756,0.272323889800665,0.280768728349835,0.38121725003824
33,146,0.282761102140462,0.988963299818718,0.0966643478554893,2,0.0445895605939148,0.019285127682619,0.0163060262285795,0.0190829142464326,0.0191400639317466,0.0247271197646426,0.0275375787286785,0.0445189356863768,0.105963221834615,0.192379860629096,0.000291514545001644,8.4664054021188e-05,4.42080494863264e-05,8.21599683418902e-05,7.33768897832839e-05,0.000168941644343131,0.000361035200470976,0.000922836982727098,0.0034388408008273,0.0485949889800781,0.102265351749427,0.169858230101154,0.0417050761646571,0.017863541781515,0.0607093993938125,0.529206897302991,69.7656345620432,61.3533688083906,52.0583740769464,40.8869049653599,32.534291227378,24.5173039594941,16.6344004935154,10.4895716585876,6.31604028895596,0.403651403644733,0.369315899522028,0.295106928377239,0.282863392176363,0.286278209999648,0.387909874081211
34,748,0.33107651865407,0.988761932219722,0.103075062385312,2,0.045816407815553,0.0174861857525585,0.0167468619060394,0.0179544772084689,0.0182700588409785,0.0231978659427439,0.0276833258551114,0.045123765999612,0.108182405426555,0.186993519812308,0.000290864879631262,7.22836703320561e-05,3.46638396377264e-05,0.000112543562915297,5.48678972759342e-05,0.000127680223691964,0.000503339070623276,0.00111518069309047,0.00402390747112125,0.0399417548987494,0.120456644188117,0.426871469485022,0.00558834367373848,0.0445429236404642,0.0835682322073762,0.527334244175614,67.6839771667819,54.7070392189674,51.800065140154,45.4442204194952,32.9958435005796,24.7717563726128,14.625908194672,10.2557571481927,5.48907712841909,0.403837368214128,0.378655920494177,0.295394029821962,0.276243626990962,0.280183727509666,0.355117634848945
35,375,0.281686999178412,0.983623286579606,0.0916540184078279,2,0.0361388495165857,0.0170711123385265,0.0160653200163337,0.0176845392968434,0.019883769957909,0.0235471637819703,0.0261158699137642,0.0461747441856893,0.107769215641327,0.188094614120248,0.000489918775378699,4.72945729517373e-05,6.06448372486999e-05,7.40719248117217e-05,1.20209266842781e-05,0.000178933709728218,0.000579300558765831,0.00101503845743743,0.0043743155803632,0.0535718607490805,0.177337566961243,0.451309343205283,0.00803367182962214,0.0168402030893267,0.15970090618295,0.462163300799323,70.3704694639343,64.2959806179076,50.3351708349361,42.2680319071158,36.2766836572537,23.7422640478578,16.9956552715074,10.0809231653915,6.56352637285193,0.410276071908362,0.331474767848157,0.293975850023282,0.281564096605559,0.274470925269456,0.364874238276732
36,593,0.300293296551122,0.988842540682583,0.100492075202626,2,0.0399765926922637,0.0130230282818242,0.016500405168089,0.0186674323652068,0.0191632736464229,0.023695098516773,0.0281701694894916,0.0447841306252279,0.109797156195127,0.187477796560979,0.000309415257294854,0.000109464158555576,8.35109146666016e-05,5.05906170826084e-05,4.10679105256713e-05,0.000162178253817645,0.000254239691267922,0.00116967914542859,0.0037414813634314,0.0513342441594852,0.109556480349437,0.351665269775548,0.00793299694833153,0.0212280061410692,0.11577396290159,0.482849372978681,71.387000348028,52.781889894558,55.3917703555094,40.9537731382792,36.572198846545,24.7850345573495,17.604616942142,10.9923053991599,5.65441969084847,0.453518898033869,0.333050993676169,0.296667021967729,0.278655324911933,0.291486588747374,0.380509842680418
37,690,0.24433314724551,0.986343651564643,0.0951098202980169,3,0.0327073295307463,0.0231566747137966,0.013553127269025,0.0183926759893457,0.0184290465533967,0.0222502908557254,0.0278148132731062,0.0449964954250131,0.107573634142348,0.184218608720931,0.000352268109772315,4.28715286599374e-05,3.49893966420647e-05,5.6604755515337e-05,1.71148356363869e-05,0.000318422156711394,0.000322137183931671,0.000784007887067901,0.00377128928746012,0.0469015334257782,0.153475419659682,0.348182552907673,0.0211835397561707,0.0323987211592479,0.12400944244213,0.497503463463025,71.6009958043015,71.1777063876,52.4660364287182,41.4628225503911,34.141423326209,27.1397786189111,15.9072807198942,10.8196938067585,5.69521733117344,0.397800812856195,0.335062378184795,0.298782853193162,0.286733196679972,0.275477005546198,0.377315495891817
38,751,0.297930875106824,0.986248767847872,0.0968359814381227,2,0.0420671356124348,0.0224914345514794,0.0174458672048018,0.0175148720816493,0.0194208598375503,0.0226743487291831,0.0288238920482147,0.044505551708041,0.108906544678011,0.187713035185299,0.000124134553602896,8.56046464792762e-05,3.24677449932244e-05,0.000100060239063309,6.05986523692821e-05,0.00021232967234708,0.000274800018914359,0.000740281756658086,0.00393124875219339,0.0603210631465841,0.153847985772089,0.445788291995329,0.0155891227567005,0.0220810597900932,0.211094778158089,0.46106243550528,75.3654091574894,58.2915582195177,51.2473698852198,40.0058799802232,31.9600396386929,24.8902477981682,17.0194952204104,10.7762759540031,6.37910956884532,0.444007413548387,0.344555705052089,0.292735972798943,0.269443523181709,0.302666519590398,0.388973044100734
39,477,0.358822549021022,0.988240628147732,0.0984436647279183,3,0.0426700305312224,0.015121292335452,0.0164961541235719,0.0180076418620467,0.018411742840742,0.0246555059659256,0.026870400559746,0.0445300770759115,0.107490431564283,0.188281652936306,0.00016769728762102,0.000137343037977878,3.80423933288931e-05,0.000107212538541018,2.30787941621555e-05,0.000253773105633056,0.000371163645014753,0.000864403516533504,0.00419485487761976,0.0493574408371511,0.112267212195746,0.354427199487497,0.0346425362311579,0.0134451855973765,0.117501258332395,0.477696337758833,71.0650615940972,68.3329321158516,47.0239454386253,44.0394754450551,33.0733264588849,24.3786799271426,17.5360822977804,10.9465600073944,6.07066097500218,0.416954656443579,0.336745809635924,0.296145348800538,0.289550043156418,0.280342887462778,0.368694308993207
40,916,0.34207806230959,0.975517225791141,0.100785150153029,3,0.0327643314978455,0.0194574765113753,0.0160697858170082,0.0183140747925612,0.0186538131824822,0.0233982463650561,0.0268650708294468,0.044955016175726,0.107477058413448,0.184389464646648,0.000330305226069864,0.000102486267343562,3.23898995575712e-05,0.000137791785017099,3.54079038707722e-05,0.000136279677586944,0.000589621583295857,0.000930361211027835,0.00412248581640247,0.0638994408538335,0.122661576790583,0.442476232300829,0.0208829427307113,0.0275716723131799,0.174302889371099,0.502720934706483,66.0718615887696,62.1975694402394,50.2356898285901,41.7504507332468,34.0494680071013,23.8235092282852,17.1870178415283,11.4532580039658,6.64600211481629,0.421618060110888,0.341183133148125,0.297280788217733,0.277876253242674,0.302831425519289,0.383681557615492
41,934,0.362441647828308,0.967529408860856,0.100263542358874,3,0.0409062758603667,0.0189164709405936,0.0155957314471978,0.0181594700657826,0.0174525716094431,0.0238477742619446,0.026832548597489,0.0461022585876995,0.108817361519132,0.187679770632918,0.000329973062011631,0.000148073382520555,2.272485438046e-05,5.33317805241854e-05,3.55419305957245e-05,0.000157525687081357,0.0003907782774112,0.00105852769468494,0.00428987673170183,0.0536320586334342,0.115634938659748,0.412262087464274,0.0458221801000101,0.0297852883978297,0.0935148614197831,0.515500698750142,74.9078412226058,61.3442969312028,54.8100402463536,43.2162901920564,34.1833500743029,25.3415983893648,17.6446197150685,11.6998415472167,5.89205471080762,0.444420850296472,0.356943781892667,0.296046260482437,0.284149735520499,0.291109919270466,0.368922030598684
42,894,0.205268203180221,0.990150596522456,0.101085734716757,2,0.0413572015803564,0.0243160232706801,0.0150701105242991,0.0176178469653424,0.0191414483511482,0.0217848902087358,0.0270890677547058,0.0469058047146185,0.107931787584327,0.188036327413986,0.000231468045710179,0.000147331800399458,2.69497202581441e-05,0.000107788887391112,1.38493440092639e-05,0.000186511201808966,0.000421128260330812,0.000886730011119758,0.00374822858821184,0.0501894081718108,0.114821139583444,0.789385542991378,0.0222447492744726,0.0389800198115651,0.138912111904342,0.541395239233086,69.7807680994231,63.280304934882,49.5619588142674,45.9446296726596,31.9660446462425,25.3938288121799,19.8029892500689,11.8098140356321,6.19231160023588,0.410815487483332,0.354247806896476,0.292706854709373,0.277505020398265,0.273317636874124,0.371991063200457
43,346,0.35761665844732,0.984134457978844,0.100992539107524,1,0.0468901707861608,0.0158641427014555,0.0153381392318307,0.0169838830137997,0.0182379657097824,0.0232059336272569,0.0274060291302648,0.0448575073103696,0.106620475324854,0.183411918270838,0.000326950495987223,9.83939128807073e-05,5.40922864065533e-05,0.000126114814662075,4.30934039630155e-05,0.000234539060079363,0.000508518419508364,0.00112255710006389,0.00451162532359439,0.0606739154555259,0.135896872977531,0.241542860540307,0.037586718855749,0.0576183170318961,0.0700545929899875,0.550149467885423,73.1408002043938,58.7994438024472,49.7166834606405,43.8776185906809,34.7877285704504,26.1574356107268,15.9919082246893,11.0920746116658,5.45431620610237,0.422658261705671,0.353241932431128,0.296082226892633,0.280930724357963,0.287081142577146,0.368905467774205
44,264,0.378730489794621,0.982373554671897,0.0964460121415746,2,0.0395691742275397,0.0190969871106912,0.0163901961236997,0.0175904004234947,0.0201250077327941,0.0239562781450219,0.0274868673189133,0.0473701918287297,0.109579036831713,0.181141274245982,0.000436844262519567,0.000121684373900783,5.61007730059518e-05,9.24115966304148e-05,6.42637764671344e-05,0.00017169240047267,0.000438174078176799,0.001016032758277,0.00358891719190928,0.0417886909858192,0.113760079266273,0.374218674023728,0.0209624515017676,0.0197766117544096,0.142892788801187,0.505795805288842,67.1304021213101,61.7039226572229,54.8273258123814,42.1832191548284,34.3644098200213,26.0540618848471,17.2796374864568,10.8773814805132,5.90977073332958,0.416869344515225,0.349598532342041,0.293131290674716,0.278958711407518,0.272777097280664,0.386252526740784
45,996,0.359628253258689,0.987192062487565,0.107855287761272,1,0.0391441677513362,0.0227245704107815,0.0149729258337169,0.018021228494248,0.0183788910331423,0.0216006236802666,0.0254347681727599,0.0455755201236042,0.109524259294164,0.187934016348326,0.000118913680828089,0.0001446809213188,2.35477556734352e-05,0.000135362800830471,2.87957135902996e-05,0.000159705072455264,0.000352737774942673,0.000675395543685606,0.00452479501529997,0.0382910273433067,0.179688097868135,0.5519879400786,0.00760688748934367,0.0194175654782806,0.0600611685054455,0.445605381570569,71.3716535692488,58.7189778711069,54.7509289372915,43.776672538668,36.7527117370129,26.4441605216029,16.9801752120369,10.7141913875415,6.00775548466547,0.417019117734705,0.349075561266446,0.296100395370341,0.277213955410979,0.291761554129477,0.371580333418136
46,340,0.241062272306999,0.983646767330415,0.107121323622878,3,0.0376300999860563,0.0153566996803158,0.0136330036503945,0.0174369916714099,0.0192957797424727,0.0230529279603714,0.0270337292026616,0.0467119208579347,0.108846837432346,0.192176082515985,0.000294452544976629,0.000142408076678089,3.86354634837862e-06,0.000125784944318797,2.3178678526838e-05,0.000137438743140651,0.000359059951647322,0.000842647362622522,0.00484770486187677,0.0524629165917885,0.142100575755138,0.559638829661201,0.0177569714715856,0.0315129387696914,0.11332300895739,0.505374393501268,75.568308063018,60.706908279441,55.4170675710753,41.4866019475071,33.6727399906678,23.7073295460731,17.4619109690771,11.1105319692537,5.95662192005782,0.402405080846218,0.339496860504587,0.296809706740414,0.274182624095834,0.289073328374882,0.381740536072876
47,602,0.286233171032334,0.992261220268707,0.0987047765431526,2,0.0507740483022173,0.0172131540489112,0.012409722645287,0.0185325880554266,0.0196103985895104,0.0215527426025791,0.0255984155643388,0.0464043764625655,0.109173878118542,0.190121753484938,0.000547175890137988,0.000143739921146646,3.91884220368397e-05,8.80696656602445e-05,3.10532376064221e-05,0.000178944448331128,0.000607943973122283,0.00107675040783207,0.00486264950478766,0.0567318563345776,0.10200400886437,0.207273594008723,0.0285325947593916,0.015885572234385,0.174710803147146,0.535287699654985,71.2457889915266,60.5657454517673,50.7394830115536,45.4645843811492,33.8762874629936,25.9936598973132,16.4777853579315,10.6311494457388,6.70673611618148,0.397447742493999,0.343342636470083,0.293733405232499,0.287603290712956,0.292850890062741,0.378468959289706
48,104,0.371088881289569,0.988778170329666,0.102229725174834,2,0.0419984998026898,0.0156530971333319,0.0156146308319712,0.016660260825813,0.017757628174139,0.0213141432718456,0.0282455868942599,0.044534899313847,0.107647808267212,0.190916955668004,0.000345773565598452,6.99560701934892e-05,1.48727516263359e-05,0.000126460890880036,3.42233946571088e-05,0.000172050531311393,0.000281822572343737,0.00102248317533689,0.00376396081267295,0.0507159376555805,0.0894522037441781,0.458880535709841,0.0194730873738794,0.0380621329226497,0.13064925864062,0.525826762698997,65.1743336120273,60.6444664137266,55.7269929587373,45.841944565724,32.4659264238044,23.9212213810858,17.696193246104,10.6955437572928,6.08450277380079,0.406281503311002,0.316396107099878,0.293909456330602,0.276492534766271,0.297304319555032,0.395936308979091
49,70,0.295803152015676,0.981772443061289,0.0948953669264598,1,0.0408948757325053,0.0196933844809578,0.0174912100094311,0.0185143580585232,0.0190385366470346,0.0236802806988883,0.0262655529435358,0.0440819102718407,0.109229407194794,0.188289379554816,0.000285638475317519,0.00012916652827089,4.94390732306183e-05,0.000127730009793157,4.97225606992082e-05,0.000229694508119403,0.000322370688310362,0.000812208309304032,0.00473406117212753,0.0444071644850174,0.118670563356697,0.245118140424478,0.0287379110115803,0.0291408327985707,0.126065615117504,0.512611953118159,75.1555147247978,65.852416644761,53.720861926476,41.7963985667227,32.3847823040767,26.9013714527457,16.789374193093,10.6439221624948,5.65135666936839,0.416642377641674,0.344055816797448,0.29486768216452,0.276732842236082,0.275598826447232,0.385443910993041
50,36,0.310866546373857,0.98665798046608,0.107018476816208,3,0.0480101852925446,0.0171673638467095,0.0160476210862079,0.0188603906036047,0.018877387670235,0.0236586903575026,0.0278358826456911,0.0449748858034959,0.10950897631547,0.188472191132247,0.00025385899487407,3.2602736134653e-05,6.84404750753194e-05,8.26675058737798e-05,5.17308393381488e-05,0.000214894814089948,0.000389330801854128,0.000863753098535659,0.00303999109171869,0.037113511958897,0.115112325376229,0.353915413314663,0.0226532310685202,0.0263521805073005,0.132321923216773,0.532807337465924,71.0175073551578,62.0193220024847,49.7329874471352,40.5416374951524,31.5243192288309,27.6217966559669,16.8658208054358,10.0624401698653,6.11394083084181,0.426159787747164,0.338076673443973,0.294887129964615,0.273767554523247,0.270237803743928,0.385187189003693
51,182,0.303269408689203,0.98781288930576,0.0943317316697711,1,0.0460856159578409,0.0160456611907899,0.0138714091959199,0.0176701078573701,0.0184879208686837,0.0232399184781356,0.0265843457718471,0.0458377645463501,0.108761644237314,0.19244508802224,0.000259356216291319,8.33525592780238e-05,1.66251607093442e-05,8.56115989703134e-05,7.59023321563855e-05,0.000207599643635829,0.000337580163816466,0.00075122867515153,0.00346765374852909,0.0596259498593162,0.194030212675787,0.337625139645062,0.0159126666278292,0.0228956522198959,0.189423129976181,0.485860384913479,66.5703622130855,55.5554159719684,50.2959541127755,41.9567748675275,32.4864980228646,25.1239683965796,17.6154228506868,11.3980854853298,6.01035832112918,0.425599836004973,0.325672094829386,0.295710740093563,0.275818025020817,0.284042062524057,0.381359889091655
52,916,0.26086002033874,0.980777324080133,0.0979287311963385,3,0.0325450167258911,0.0185973070525361,0.017171057536454,0.0186846039131155,0.0195046618680855,0.0251993216884574,0.0271995975170618,0.0453127139529841,0.106519628844964,0.185571272109954,0.000409389371216407,7.76036540802136e-05,8.44611345197671e-05,0.000133556107376986,4.52160260887311e-05,0.00025094294682392,0.000428875395294811,0.000924578881369747,0.00384079370425181,0.0412645825776736,0.150586632638472,0.407512737793869,0.0360806234274096,0.0201214489835003,0.180721745932979,0.596743523513971,70.8176504349494,61.4517601074248,53.4110163335774,42.3022166696867,30.8863801515641,25.1371148150315,17.2380965699127,10.1253392186455,6.54387265179527,0.419562558665789,0.350319840262713,0.293551570239128,0.285345362994055,0.296013803801076,0.373355214977206
53,422,0.238257810703677,0.97579211489949,0.094731432130867,3,0.0388931892157765,0.0172191230206393,0.0181221499261162,0.0173459014047395,0.0174140694965994,0.0234813176057642,0.0270431711512877,0.0458944963506748,0.108203185233877,0.183589645102645,0.000376455862373706,0.000113604193748188,3.47866205314074e-05,0.000111958911217814,7.84258831365313e-05,0.000186705732833747,0.000296377753000004,0.000858833692524906,0.00418092587865569,0.0435123005419402,0.174563509236607,0.188285203487071,0.0132240677345242,0.028639135580995,0.191473771087493,0.605310782575774,65.0665778802875,68.7653092273533,53.6635193664867,45.0186718602264,32.9284702678862,25.6751593362785,17.7201878278814,10.5383199105488,6.47504164010283,0.411113037600878,0.342276598065778,0.292389131686284,0.275245866340594,0.262480867575137,0.383162172668547
54,494,0.220559754903609,0.979451999947155,0.105985194847242,1,0.0431168290650914,0.014544088355114,0.0158288892074667,0.0171606156383185,0.0203807279764996,0.023401019695746,0.0274205649434258,0.0448183727234795,0.108089669613898,0.185593498988419,0.000241032193750883,0.000119762648744013,6.40875502737529e-06,0.000185347371917817,5.22598301746005e-05,0.000224987131980439,0.000310225682617112,0.000909158081261501,0.0035528930607469,0.068654147998164,0.125821127097559,0.191014216614931,0.047261754275759,0.0399959062657424,0.202935973352089,0.560724572013663,69.3753107357705,62.9923200364393,57.0145655396473,42.3227629639909,32.8060809030371,25.5290721680435,17.7174159155897,9.98441564338857,6.01500783164681,0.397206708805225,0.315751651465331,0.295742025920768,0.276833284263306,0.2979773426205,0.363997533207075
55,85,0.24818473114205,0.983465323880699,0.0998444411682336,2,0.0386404630936892,0.0132509816002805,0.0162394633473429,0.0179869313726856,0.0179956785081379,0.0221023824573921,0.0294065033818051,0.0449454732039576,0.107660973191399,0.184665049781907,0.000374449639257801,0.000155783642956797,4.81393558724681e-05,0.000155339130192596,6.05546572246825e-05,0.000215390056189137,0.000612466375509384,0.000872900562518173,0.00321874703984749,0.0522061539017424,0.130038670142132,0.416710242867058,0.0179728181859865,0.0110127065067256,0.0520611250194151,0.624129036760386,70.9735836430664,67.4162881505393,54.63052398585,41.2909933092161,33.1458026428007,25.9619058635385,18.3021415192826,11.4503639985697,6.11237789021067,0.407649535850979,0.34880710138036,0.290330868665769,0.283416441962919,0.29062406937144,0.395652446038529
56,840,0.219752779833106,0.983983677473709,0.0937325309982594,2,0.0352257224527853,0.0110979108146354,0.0157417128813189,0.0176812146086177,0.0200656086538797,0.0225469046826762,0.0258913427367833,0.0451043250825598,0.108887791860114,0.189285251211585,0.000530246181539522,7.41743293015093e-05,1.70329560924216e-05,0.000115646336291628,2.70406729025655e-05,0.000123998417341115,0.000350896815004752,0.000990312388688624,0.00409492226392351,0.0444820088117868,0.146727694674043,0.28665552735943,0.011097947388726,0.0272745269905467,0.197318027805066,0.525603056563461,75.1127442898738,64.1557203637802,54.3265047881585,48.6114966570095,35.0857554944678,27.4862796741302,17.5304739783214,9.99096590105124,6.39164943091025,0.41212482402219,0.349726805772532,0.295129613900268,0.275387162988449,0.278013616899447,0.384546735286345
57,436,0.24973442118758,0.986100601015625,0.100789867175466,2,0.046028805885582,0.0209994419310809,0.0176584800787157,0.0193015432174825,0.0194472534880346,0.0222555497037295,0.0267868633170897,0.0448367525797361,0.108750072263429,0.18711879740929,0.000258883318957912,0.000187850281922243,5.67429467857841e-05,0.000114872814626326,0.000112180445178458,0.000157078499042797,0.000399094204800582,0.00108001313100625,0.00354726563292367,0.0616878015219129,0.0952798502828658,0.360689770745018,0.056436870854669,0.0119707572302623,0.0810683641873389,0.543266421976742,73.0248190365001,64.0152116442376,50.1631380561968,41.2022880980804,32.9683515641792,25.0403188866749,17.4228856040629,11.5606709797286,6.01809351966171,0.417294555813504,0.349375905192666,0.293879006148276,0.279347210949539,0.285748897635271,0.369478230642895
58,755,0.278135839007666,0.969307420211337,0.0944388357051671,2,0.0434500041903595,0.0216620798755843,0.0161442631783452,0.0180179377438031,0.0184401598149797,0.0227659880608578,0.0256892523019681,0.0455238777046933,0.106728696986448,0.187655379822155,0.000219800392824861,7.83401528812786e-05,2.26197205773909e-05,0.000137372801389123,5.06442187742177e-05,0.000176564349626464,0.000273226398236678,0.00111720087947776,0.00299282910102943,0.0441985060913586,0.0962414015417978,0.506491139709592,0.0400240627150938,0.0328286112559722,0.115891376504576,0.534900504760049,68.3204320947339,65.8018894891644,53.6484216414456,42.7518965160353,35.2603129286362,24.1163112828429,16.3976925219377,10.7028848325388,6.25192252727599,0.401189328048504,0.341608294248874,0.29395131128553,0.273659062306887,0.287222224554185,0.367094899642046
59,479,0.284653044372458,0.986322099043464,0.0997232443113326,1,0.0397068939335558,0.0191523595089638,0.0173606668561678,0.0168062570765956,0.0190970512021313,0.0224777043975113,0.0270476794573435,0.0452600259705716,0.106948951586921,0.184835789069706,0.000321443791248724,6.43284538117427e-05,1.76069861056078e-05,9.37058890902356e-05,1.26922746458184e-05,0.000172268703527241,0.000557235710389299,0.00100714794049849,0.00412831622077823,0.0530621602053105,0.153228784736241,0.306190394550182,0.0227058903175918,0.0152929449205717,0.099567014140194,0.604067496639803,76.6646302910369,56.0752483565919,51.5435991205521,40.7772098373164,35.1143032097863,26.6005058299992,16.8616669576123,10.3907218488408,5.72595490884049,0.417811399377414,0.334812817800184,0.294695546367401,0.273885289034882,0.272132575227756,0.363493092556981
60,876,0.357350838415711,0.980563745613145,0.0955107296455893,2,0.0372779409469619,0.0250030549772577,0.0154960408961657,0.0178780569890197,0.0192591620725441,0.0231296687686858,0.0271556752376586,0.0464117642243504,0.110220454076429,0.189905257074241,0.000210240918128769,9.65350326583251e-05,1.6881930063708e-05,0.000132672283813555,3.3297705793267e-05,0.000104810207576802,0.00024125777397286,0.00101883650451493,0.00335336692001724,0.0655893601473317,0.147200012688457,0.196808255988212,0.0527380106243119,0.0140262629446726,0.124426782336858,0.585915392878794,68.6757063118851,59.0979316720471,54.921726208831,45.3371292108577,31.4644198120707,27.9578976432393,17.7016132787813,10.8989027140395,6.4225668902005,0.440855747737194,0.337430272218325,0.292015553737557,0.283290783006045,0.290723012303108,0.363269067985129
61,998,0.337968827243417,0.995156332823516,0.10399634633669,3,0.0391278668697204,0.0164477240627261,0.0156139395332893,0.0186291130785837,0.0179880970492987,0.0244478182722068,0.0271053478435063,0.0442657960167754,0.108049356429008,0.189436230697122,0.0002638937680169,8.73641178444986e-05,5.76778875233334e-05,0.000114684066015246,3.50167389911004e-05,0.000140230805652854,0.000394663534342631,0.0013070417842186,0.00461317760072756,0.0511657355902208,0.0909412613879143,0.314326690050805,0.0654481555815353,0.0585660930383891,0.111205221275034,0.508956021981614,66.7845337789974,63.5342198905273,51.583954723088,40.1558441235936,34.8037276617242,25.4682010240944,17.0256136504083,11.0052698125949,5.81106969671476,0.419116684779655,0.346712604026282,0.29245744843716,0.281770934758998,0.292145683146883,0.36971014867048
62,380,0.274670925461578,0.975974309227431,0.0999166449139777,2,0.0443635887565879,0.0161879890408178,0.0125934756068367,0.0174534938542913,0.0181431977096578,0.022096333676689,0.0276535775200227,0.0444712812292178,0.111164902636644,0.18834985600862,0.000377568850639535,0.000120759177561175,2.77258322747705e-05,0.000131740523464524,5.50301502073768e-05,0.000300031856970113,0.00038705073355455,0.0011701283671014,0.0030124051897784,0.0527016874652333,0.11314163037775,0.288711603191377,0.00770078381982441,0.0210548867568494,0.221391261998595,0.594080967208917,71.0810674027969,63.0202154185777,50.750735036301,44.0110014934718,31.4548124542096,25.2520309452443,18.2995352071314,10.9795788976224,6.04648667100548,0.419681377512851,0.345259150283976,0.292526755663952,0.275200163521061,0.266029457861062,0.387984692811395
63,402,0.266786878135174,0.982518724109823,0.096940590549455,2,0.0472586291956396,0.018001631161418,0.0142893654857458,0.0174078985623294,0.0207349472085107,0.022904161231997,0.0282709111354347,0.0460506598262636,0.107114341188524,0.186874228139446,0.000190594779768325,0.000153520722685291,3.89095648464115e-05,0.000167223755921374,1.49446998838963e-05,0.000205383307247103,0.000511081165497799,0.00081081810250394,0.00375312942671118,0.0337134942380123,0.130107190927133,0.328011798477764,0.0193844677432583,0.0180566814833374,0.0458400740270298,0.508092812197993,76.9707801083017,65.3851759025263,55.4510233358945,45.3448418796165,33.2253406988633,24.4073801144784,17.3636717122207,10.6205179747505,6.1997241604715,0.368547716315259,0.339641728003307,0.298323547368555,0.280716129660453,0.274400402531037,0.357107143347072
64,42,0.344437292601429,0.978581346697974,0.0970919922672198,1,0.0443760685608691,0.0125892958337953,0.0169679177538733,0.0192064268121401,0.0187085268133361,0.0232580983457894,0.026255390988174,0.0444968061465438,0.109434841993424,0.188902042251587,0.000327755126444767,7.01281207619396e-05,1.92818589776327e-05,0.000140907770727507,2.59732508478715e-05,0.000190147795784994,0.000521506869608463,0.00123960485716217,0.00351572627148597,0.0542845384630997,0.135089226842183,0.340357452571909,0.0175851343068324,0.0447509478567133,0.044938397320271,0.582470213089975,67.081852876664,56.5190257733835,51.2996872328204,41.9643522565147,32.709968245798,24.199559171994,16.1979425591869,10.983360242127,6.27864848921741,0.413763084202529,0.359697761703829,0.293215685198233,0.278896623865191,0.297655192222219,0.383191210381451
65,141,0.247120610053165,0.989086767059619,0.0929640673344024,2,0.0467262278230515,0.0118936758120199,0.015684228381305,0.0172017598239128,0.018871372895737,0.0234659936509671,0.0272717417185819,0.04464362870763,0.107241323053074,0.187392103742366,0.000403589306121521,0.00011825696850256,2.55433256777165e-05,0.000201536725302354,8.60666450401055e-06,0.000204856210028295,0.000387740872542095,0.00110327600598807,0.00324854455094818,0.0692447364388433,0.101531561698036,0.411081463537417,0.0178605937089432,0.0270713137103813,0.118633957674826,0.47021801470163,70.6362650287681,59.9899273733818,49.9898086565384,37.9847423490659,33.3104237713658,26.1786262172366,17.9434853710027,11.1183025550448,6.00625676707973,0.428309807386145,0.323789014742224,0.295907592413465,0.270974322388784,0.288214174640974,0.40311935418148
66,10,0.384709081072765,0.986748277652076,0.0938581207509399,2,0.0347006785082766,0.0222676902807494,0.0139997475927573,0.0181423586735211,0.0190715659070763,0.0227100738737067,0.027274754464069,0.045336118945496,0.108413745495307,0.185147264898192,0.000234101722157919,9.86445858940734e-05,6.79383045161408e-05,8.83966724183025e-05,2.50176497134375e-05,0.000130083600863046,0.000402235376650565,0.00103222215401487,0.00327688169604504,0.0425257478647267,0.0988389291286358,0.475608780803459,0.0214247854701781,0.0362306017081067,0.116250383369001,0.447440702421864,69.4487837013058,61.4227305825981,50.7037003328397,42.7793117904394,35.8709516570299,25.7181765251018,17.3462468856569,11.1942569538623,5.86571335034893,0.423820007370916,0.337729138154178,0.294321609550082,0.276200025987487,0.28198007998627,0.382677591494065
67,880,0.286574447864365,0.989115219412996,0.0970164198325772,2,0.0349138723028845,0.0189220693380834,0.0156263998264635,0.0185383138575109,0.0194385160022651,0.0224803741419133,0.0278264661403199,0.0437412593350803,0.108109091239408,0.190432963482071,0.000333648686507629,0.000159714824525305,6.14162080134614e-05,7.50876300593795e-05,1.77683697114237e-05,0.000153625088325898,0.000348455982692285,0.000764061515115504,0.00417000546744218,0.0626745598488755,0.144565998646344,0.494487672037155,0.00932576377834549,0.0313066700392942,0.127759095895697,0.564239502646957,74.1282426586432,58.0111676544369,52.3235435882558,45.913918881128,33.2988383101246,25.7208402369209,17.2741840997234,11.0092890726376,6.06319634960729,0.372216621540287,0.347908936607938,0.295468511756935,0.274832126051781,0.273973122910181,0.382629701501581
68,965,0.321031922277063,0.969806202295079,0.103089025992744,3,0.0459904494493999,0.0256799758640707,0.0153036833863049,0.0177931101974266,0.0193167149431762,0.0224118338871996,0.0271285482272128,0.0461250628497396,0.10711876510585,0.187505685965689,0.000528175548177649,0.00014542175638106,1.72357524587955e-05,0.000137118528866253,5.06283224406972e-05,0.000184444300907844,0.000435197930846971,0.00171272844791844,0.00496275196804256,0.0580668951260085,0.114530607924241,0.188460594548767,0.0244918866469819,0.024993458383628,0.173481121527108,0.489313733423106,75.3847061356147,62.5049656285112,52.7595915488437,43.4388463198353,34.3162645926413,25.6053510861443,17.6105739445172,10.6651838092846,6.17025166647625,0.398194848138441,0.339127049282069,0.293964362203821,0.277762301244806,0.267978957465915,0.364321205588421
69,915,0.237762315714142,0.985484054811881,0.0992753445405193,2,0.0290164725726576,0.0285309908789145,0.0127973251897515,0.0170025684959922,0.0218493832358611,0.0222922250042299,0.0269961696870041,0.0475436476990191,0.110438124248845,0.184116889649746,0.000584409604028296,0.000126174263099135,5.03764938022364e-05,0.000163745783379936,2.65333721763514e-05,0.000184942150968305,0.000227075054979937,0.000998538690946714,0.00424242823238931,0.0495668740052749,0.0910843495788192,0.424360162539904,0.0274989231406357,0.0260783225527118,0.0780101998852699,0.548953287886633,66.6983653702575,60.8025698989643,49.8822470995708,42.7146130666695,35.322467058742,24.929818324491,17.3470277417468,10.9702754753444,6.01219040342848,0.403739588676588,0.375262422482616,0.29530152026733,0.267869476040272,0.284586995291316,0.385213579124048
70,546,0.309605715275138,0.974781956912881,0.101732809973701,2,0.0470254929963745,0.019073824999679,0.0157630643559498,0.0182055965151475,0.0188151187979854,0.0228440756270346,0.0260474440453043,0.0443293958759052,0.108503223645651,0.184698509187443,0.000327249970518789,5.72610607817607e-05,3.09265956449257e-05,0.000133340038325541,1.11952959690097e-05,0.0002367342027298,0.000435950996438459,0.00100629628722806,0.00378796924500201,0.0459274553041217,0.171353714292673,0.187225445258308,0.0210278372518239,0.0149468520412821,0.0990747481563355,0.511393642133605,72.2514000183324,62.8007591329284,49.6810134258283,45.3190180107965,33.283965286341,26.104002128607,17.0855112963914,11.0556669155819,6.13132914728906,0.434367181891304,0.339352970297439,0.292676923248967,0.280992242052297,0.291986795860206,0.359468157315247
71,396,0.324962359077619,0.993631667994836,0.101242777097987,2,0.0415807445674601,0.0134103945785094,0.0150533047548615,0.0175641074080955,0.020388983473427,0.021760453564787,0.0270102860075473,0.0471215631292531,0.107615823605304,0.185801002923887,0.000421087993769203,0.000149135015495794,3.23481043573989e-05,8.62429445578772e-05,4.67573582202616e-05,0.000214695719639963,0.000210367356957398,0.00140274591940374,0.00331004075466678,0.0641866915911548,0.12273672021262,0.368839963617746,0.0308194164425221,0.0346817634540468,0.0998597195116042,0.545014100948374,66.6179739170394,61.7499149254386,55.2250343928974,43.9410716558467,33.9326197367254,25.7471624221382,18.8192360147605,11.1066529125891,6.17928614889794,0.413864200007274,0.310153071646211,0.29872946008567,0.282546699563385,0.293162073070457,0.383579928699754
72,959,0.180350102468314,0.992018063831498,0.0980069976735536,1,0.0366661382982254,0.0114353002499346,0.018470261498606,0.018766817197323,0.0179295250096643,0.023283593087415,0.0277999670240781,0.043889380550238,0.107447968545315,0.185545715930964,0.000323463254553497,0.000128966147938187,1.02311762475321e-05,0.000144908729156579,4.94688606297491e-05,0.000136971627981076,0.000348677555223773,0.000992099944417752,0.00392920843630128,0.0581979857157406,0.102117927804909,0.338423701646811,0.0327586783919293,0.0202208263366055,0.0918639704273844,0.613953061961126,72.8334636382188,62.5147440714137,50.3631983213553,42.5525228008958,31.2235423150881,23.6093586452067,18.2578125530505,10.7069740727175,5.95205913640898,0.402229504531625,0.338150717762919,0.294943307533836,0.268357623835279,0.262489178928663,0.374437735618786
73,525,0.246099668656268,0.989293657281232,0.0956155058173493,3,0.0433896719950118,0.0195451604716756,0.0122362850408183,0.0168304946696078,0.0209106000489442,0.0239804892260361,0.0272852407258604,0.0462688462872141,0.106632039534846,0.194040166668921,0.000386618468379083,6.62805853677145e-05,1.55846766520143e-05,0.000128721157841532,1.7236835951932e-05,0.00020521064044991,0.000196991940210142,0.00108840666706167,0.00571019111024737,0.0427751163773846,0.134433603423382,0.581270573871948,0.0232969945893813,0.0277056638749569,0.0710286951174119,0.646676994366664,70.2990626258802,63.9587664580766,52.8868537513293,41.8538112156446,33.575736375488,24.0342286828864,16.839332943352,9.97237938243896,6.09086882521279,0.446896800655977,0.329522291994264,0.295238084919312,0.279915486463338,0.28963338855007,0.36886456645831
74,539,0.282593617695387,0.994218128492333,0.101525303905118,2,0.0484018710549476,0.0193444394738663,0.0160440974935478,0.0176471403830441,0.0173292267344934,0.0231730785453315,0.0270363545827829,0.0442704450103349,0.109927265625768,0.187853535013254,0.000224567849621281,0.000118729496084653,7.46662937528526e-05,9.28947470146359e-05,8.88308828042576e-05,0.000233851515219397,0.000458536808607353,0.00094704842406882,0.00392670147890041,0.0524383570038272,0.131407522989442,0.301397607240791,0.0137554793445634,0.0233511461918175,0.175587671326634,0.575332932010572,69.5702933425611,60.3534798494119,52.268745574521,46.5398259394274,31.6017603205275,26.4500242634411,17.1816928844448,11.8629440965459,6.20755881065927,0.418176961081261,0.338833894099188,0.293227358110146,0.281995549112334,0.30125340717749,0.375337085021781
75,672,0.374231729354362,0.982462629706364,0.0931274248357958,2,0.0391207240110535,0.0220688074317732,0.0159231259211425,0.0185277741199097,0.0182189305609054,0.0231113978304966,0.027880250906489,0.047403067883185,0.109376647822793,0.188432346869103,0.000369765936912716,0.000118600643074793,4.47754920349904e-05,0.000163543852285246,1.64283044680652e-05,0.00020576370022969,0.000427537483726787,0.000966071337442789,0.00417760380988375,0.0523925697436205,0.121545656350086,0.32817840765292,0.032678743868713,0.0150922603928843,0.114818665880398,0.549389822743801,71.8938230272394,66.9861920771887,48.0503968702314,48.3068006896911,32.3308326664051,23.7605839574215,17.1206204426201,10.6180333105324,5.66685139009798,0.421271371562012,0.349867033429556,0.297463608079866,0.281360373667379,0.278117685072611,0.362197635680916
76,652,0.367712786970481,0.985490678335661,0.109031146686781,1,0.0475008330648253,0.0147497063826863,0.0161113950884132,0.0185398828736368,0.0196707122683337,0.021684977634472,0.0270140320494192,0.0432293829998374,0.111023740903685,0.192338251438748,0.000258807982422116,7.47057446589113e-05,1.56968381670012e-05,0.000165850084254046,3.68785765834531e-05,0.000126494854323024,0.000256220684204242,0.000787769282171475,0.00366385404063816,0.058868127754001,0.154368657282283,0.266987906090089,0.015257084592761,0.0361707509905834,0.0936586013629733,0.519638577586155,77.7081855565225,58.3948770469811,51.0201872098375,43.140866460572,34.347580719595,24.4546695930873,17.4521194164271,11.2293425969488,6.04389285726913,0.396425321834951,0.324571205970638,0.296202058086197,0.283030422434852,0.293823720556291,0.37837995993162
77,665,0.248673210869961,0.993829003193123,0.0933152553429335,2,0.0453720740710262,0.0176547698390967,0.0159029185605635,0.0184448383919004,0.0198716425828649,0.0230966657093392,0.0284361815967219,0.0462098138669037,0.108554799641204,0.186919328745182,0.000163376926800924,0.000103667210905266,3.09006601939048e-05,0.000122644761954024,4.88936348752703e-05,0.00017187572203691,0.000486547604038428,0.000901018619388926,0.00335969846581853,0.0501327772033384,0.12001741304129,0.242106566481751,0.0184763794014103,0.0214845110070415,0.0430599264728599,0.577575858960441,74.2818694810386,62.9253006824835,52.0152777257288,43.3922837520681,33.6655205416804,24.7752144742427,17.2144015831677,10.2587134946216,5.93709694711671,0.423925275247204,0.322390674475242,0.297348908171367,0.284623416663192,0.280251361508972,0.382404970552303
78,863,0.301878779722747,0.987513563455869,0.102265679939245,3,0.0432724083403654,0.0229688943543892,0.0163796413333581,0.0168455993638601,0.0180044426269268,0.0221868143551946,0.026612890199596,0.0474790743539494,0.108143779849963,0.189154578739775,0.000342613474845793,0.000229015524218184,1.65817423108944e-05,8.78648719013305e-05,1.78900833592266e-05,0.000255770647629985,0.000516755376591689,0.00105942085656364,0.00519795471578655,0.0575232712707231,0.17576001082221,0.331983184983486,0.0375469543239012,0.036632655150896,0.104868418251945,0.554323676465001,71.5050098261185,62.3164106316613,58.046887866609,45.90615951574,35.1995367784505,26.8921173133186,16.5366881901054,11.1361692730599,5.70219564537935,0.429118082899851,0.343897087737841,0.295924845616092,0.274155680345016,0.282632527718359,0.359749611320313
79,567,0.41869650851778,0.973036956181527,0.0960229681095039,2,0.0400868926568713,0.0186550280674801,0.0147649647296653,0.0174827246622693,0.0188022117551518,0.0241699992083453,0.0260725437327483,0.0451768976315339,0.108232867500918,0.186207517204504,0.000235985781034386,0.000140951729652597,6.02059346309809e-05,5.88450611772971e-05,9.41589493079153e-06,0.000218907726634084,0.000467518641359037,0.00102687905901927,0.00403491089415167,0.0430177712839676,0.162836809670885,0.53644139274272,0.010725786145653,0.02402787605305,0.106882644696443,0.545699470350536,68.1551447721803,62.0976470393098,49.9599760069017,41.9693063354032,35.9831034633025,26.2621198618682,17.9200507617767,9.93421479166931,5.76958807565727,0.426368023151482,0.31731770522327,0.29366178257013,0.280122196937091,0.28280648531702,0.360800170518468
80,817,0.352973499288067,0.987326899799897,0.104442158540761,2,0.0436646012213442,0.0178993469071662,0.0126514996256592,0.0177399895245163,0.0198674336786293,0.0253146945651559,0.0262359979077724,0.0463906364254149,0.104956798073801,0.187765202907754,0.000331100543879359,0.000197252250968138,2.98688202017552e-05,0.000147974146795665,3.54605093505177e-05,0.000212096408241351,0.000280816806295411,0.000903214663698022,0.00422027025231277,0.0452442399110241,0.144750996841335,0.413708913474315,0.0155264533600944,0.0828783053180519,0.280166721095374,0.60201043910274,70.6021166774434,59.584827144412,51.4105263164831,43.3267566245567,32.4826440729165,26.4094859680803,17.4314631998608,10.8899942642112,6.31894364692639,0.436218534172368,0.344735764750537,0.295146473673738,0.27130100883708,0.268997206796556,0.39972885215835
81,421,0.297115508658938,0.983590556797758,0.101276679606426,3,0.0354969031424189,0.0232202820303912,0.0159708653970297,0.0164022642730185,0.0203568425156618,0.0227247014609396,0.0265876553958227,0.0452213856391989,0.105288510888013,0.19352198220873,0.000315569817857359,9.56483235297017e-05,5.31646496610296e-05,5.8452701289432e-05,8.96168326199913e-05,0.000234924185509458,0.000323882859081579,0.00112068984330323,0.00467669249545947,0.0722770114764668,0.108368313938162,0.147144984607777,0.0175657994989949,0.0191695420861222,0.247045561073049,0.560867919622952,71.9230305298213,61.9934315594033,52.4370985387534,41.1230924607816,33.1004510243223,23.8409495555418,18.464627086522,10.8836598145003,6.12860339659316,0.419517951893578,0.335587003792095,0.295007593028488,0.280372564598358,0.259764094137897,0.3648289297194
82,146,0.245300104323067,0.992771313297753,0.103060594183843,3,0.0389457753721397,0.0192309733298439,0.0145562786903612,0.0198083072186752,0.0181114565712825,0.0232114703188821,0.0267806013668494,0.0455356174112608,0.106658647462227,0.191228913986718,0.000235180400519835,0.000237458603105804,2.3644642856312e-05,5.14569375265927e-05,3.2500723044303e-05,0.000152914048309526,0.000325903284299907,0.00110463068017417,0.00368096587322186,0.0402354967532629,0.102933994472253,0.205980355918366,0.0350260424267868,0.0309006440701225,0.204801200572912,0.652800180135393,72.5721489386555,62.2249377374416,51.3538043787179,45.8823146735692,32.0882490955246,24.1282881099674,17.3325216002356,11.9269934044353,5.83396724038737,0.401658086511881,0.349268684284027,0.297048419318181,0.274480998698614,0.264972460110618,0.368787027178736
83,483,0.308482457852187,0.985286488793533,0.0898118757513504,1,0.0446203983816611,0.016432733550251,0.0146903401991246,0.0177168143690753,0.0192176870492469,0.0212933158066892,0.0280069948623811,0.0451379921144866,0.110267762697494,0.188179749383026,0.000357512551166634,0.000163541508049234,2.32259140335382e-05,0.000127942823215018,4.47422306039466e-05,0.000189017080997735,0.000555024877297665,0.000693312397628429,0.00360178271310772,0.0333389462218906,0.0771068557749398,0.393250915290247,0.0271599403885251,0.0468555057806545,0.0648978060238701,0.567513064926333,74.155257019783,60.2104549152393,51.0692812376729,46.0050963752317,34.8468569766522,24.1348241643952,17.0552007122694,11.4421695319458,5.94875416177344,0.413203486357845,0.356586958530175,0.296050329481245,0.281832228561937,0.288870932913139,0.389030854305761
84,720,0.303027963341897,0.965318255964005,0.0934930344205058,1,0.047372266948048,0.0143458118556479,0.0145791522593991,0.0173090191384025,0.0196951827550498,0.0222881614461418,0.0267527778250223,0.0461425704264672,0.107335081552767,0.185652464649828,0.000387627231809058,9.5808749522865e-05,7.52358532292691e-05,7.75882571206904e-05,6.16033064068197e-05,0.000220392316414708,0.00032910225048053,0.000771572232027424,0.00338521766641897,0.0561060608183868,0.161110660607972,0.230559202102413,0.0187491834814,0.0301782251575197,0.236939628598953,0.55267880861832,74.7629868409441,57.6837558575823,53.6248769089893,38.3486947629639,35.3392270137506,25.7984848174836,18.8656774012115,10.4744449498943,6.14336811518611,0.390122072574097,0.331264151452526,0.297271249573314,0.273172050980986,0.287002960915327,0.361518789730024
85,41,0.332277303553624,0.975205278143562,0.0996019944116061,3,0.0398210267508473,0.0178938233236963,0.0149643973024086,0.0177078706516619,0.0199074479204006,0.0229837805023307,0.0259844420915009,0.0463683597617988,0.105867412093066,0.192931841760424,0.00026544600130644,6.19526770933348e-05,2.88660157430099e-05,7.64091458549338e-05,1.65245208869853e-05,0.000181401881162788,0.000314676434239434,0.00104347935773215,0.00277842910309519,0.0433514062959883,0.156365853385896,0.232382799232792,0.0163251335002007,0.0198630359562729,0.0953965992637374,0.530488959157147,78.8354782119765,63.3572845011987,56.6462720535724,44.4966919581349,36.0544840239889,25.8124828577093,17.4838100881682,11.0788772815369,5.36909027969402,0.418879605202389,0.357912703660883,0.291808401635204,0.272273325831941,0.281543956169371,0.365870113722108
86,551,0.265873097829358,0.987019222880174,0.100151695929312,2,0.0328586370011071,0.0199301542148139,0.0171672084222275,0.0187410531894663,0.0207823040814187,0.0224238013514921,0.0276499414877445,0.0453386079724513,0.104237269428625,0.190316078545752,0.000267464619936341,9.94930393039739e-05,4.76210932453516e-05,6.65113540888757e-05,5.72473032219311e-05,0.00021368095280785,0.000408749238474287,0.000643006273324215,0.00467066938405816,0.0644916878922714,0.163139701956197,0.348942920092456,0.0109897128633255,0.0188848442549945,0.0957522424232263,0.508782647277522,70.8366718489582,66.1560082446273,48.862851692302,44.4209072921637,35.0664761261052,24.399658434569,17.2699239421931,10.4889406828731,5.71936449438442,0.412181601683219,0.317083322143197,0.29192620678648,0.275613501603614,0.312360036096076,0.39743615832471
87,682,0.286056751037785,0.987032987796893,0.0980972024633041,3,0.0486986343757034,0.0166718349326875,0.0171155766449635,0.0186639091014195,0.0200253287793107,0.0233749691121282,0.0259431949672749,0.0462170608551858,0.109680747159568,0.187599600729558,0.000297048754076019,0.000171680682058634,4.51847278854131e-05,0.000104976303800033,4.55300661153184e-05,0.000149896977431226,0.000358228528320697,0.000891829207150795,0.00435509709944917,0.0272023491095395,0.179992640062793,0.363699302534677,0.0191165534627895,0.0217289624905902,0.122364854805849,0.616667586182846,73.8293318597051,63.5898558155538,53.3423117722004,44.2888023930933,33.114292614703,25.6263780998616,17.0605414143378,10.797410489,6.09176843033676,0.40854410710488,0.339966218213579,0.298154238952152,0.276561984836982,0.283713529134663,0.373188173316416
88,324,0.319771398896403,0.991067932788883,0.110210272963504,3,0.0407995590212709,0.0164531082746846,0.0158064479964306,0.0186047977117716,0.0172139273342895,0.0212361774641619,0.0271218805110983,0.046463719638565,0.106967115295282,0.187288199213922,0.000402003204167924,0.000117474950799837,3.00704510264944e-05,0.000101011455180744,1.92112128248748e-05,0.000158633893869884,0.000344065488299407,0.000812596808542648,0.00282893284563694,0.0460607755507634,0.155877513604583,0.308286009378785,0.00875222311028221,0.0171035569433235,0.162132024651671,0.398927731429278,73.6826197875347,61.1158639747593,52.8993035459664,40.8418724826745,33.469336840594,26.3497323429813,17.9978065450348,10.7399384317238,6.14362407318726,0.419459495363388,0.327749110552775,0.295039465733516,0.271344300346931,0.281580060663401,0.373084828437144
89,965,0.329741443097179,0.960601824713181,0.115173694084688,2,0.0477686318489314,0.0177252560865956,0.0136764467862125,0.0178025123622777,0.0184561078907923,0.0238252730441672,0.0271968642345659,0.0440033423616142,0.109368648249687,0.180958810161132,0.000151773581534624,8.63723485090552e-05,7.14942851358664e-05,0.000180908074344652,4.62714079733607e-05,0.000195191936350537,0.000343350288700195,0.000866022531666528,0.00356685857154166,0.0393217183681875,0.101714121738987,0.373950048822716,0.0234919019079114,0.040820811111486,0.0341941445303311,0.486022483558408,74.0649613970452,65.7691171348722,52.3873475516295,46.7724451048797,34.2310694626322,23.9691586406563,18.4831568667508,11.3142034285791,5.77711938291027,0.436611631647045,0.355516108366653,0.29586570732716,0.274373019031797,0.267068917457006,0.373477838773346
90,600,0.185337608039509,0.989432446513008,0.105039976876,2,0.0423954462928774,0.0138425586485525,0.0136803996596053,0.0183845325897665,0.0187779755247674,0.0242692204075579,0.0264698686963544,0.0453576866224669,0.107292368111905,0.185022726860667,0.000277456292250029,0.000100461014963554,7.6378027510492e-05,8.86170695308608e-05,3.96328832143496e-05,0.000251831517750916,0.000325313186741693,0.000813491606588817,0.00364661721642547,0.0645235785299975,0.129350483868605,0.339140000449461,0.0187813726485511,0.0359140439907928,0.101486847051064,0.49319127295642,71.752566199861,63.6107638927117,53.7352358322732,44.3993006144408,32.441872659937,26.7741483685093,16.8789237868129,10.3274629826118,6.07412854474283,0.391724921269771,0.334138705110318,0.295268779255502,0.265280525375212,0.291608609381131,0.389684361316732
91,321,0.285142064477458,0.989531910436627,0.0957834427753154,2,0.0355901372820766,0.0160743310464503,0.0158243741087909,0.0182696598168441,0.0192107911098773,0.0244919410136245,0.0269267444383208,0.047709645449611,0.10634124094995,0.183526022892091,0.000281714238514468,4.88113359520509e-05,6.71389465960219e-05,6.21963973360441e-05,4.93348209767813e-05,0.000197336979529645,0.000201856773802642,0.000974803918854377,0.003226448779888,0.0554861200680062,0.113063557292163,0.274092205599822,0.0366811655878094,0.040361707528841,0.0774729206985697,0.517360251710027,72.4949540965122,65.4610542208621,56.8100196212924,44.5960717995713,32.9732034265669,24.3423947944555,16.1106175198219,12.0183029521273,5.89570773519978,0.415684736433159,0.329953822812106,0.293257487485691,0.276133629978508,0.278437588079283,0.376349587612986
92,703,0.31800800842695,0.996507973905765,0.100223452282309,1,0.0464633617127775,0.0160863038230299,0.0137374896581807,0.0198688988839142,0.0194799397420723,0.0230147501713506,0.0271366909911949,0.0446207034124892,0.107739603524092,0.188524148615846,0.000361405868285717,5.61694538180965e-05,2.76423131385722e-05,0.000163055171429441,9.52585578262135e-05,0.000244205049925982,0.000349001556032119,0.000960756645334206,0.00425997392508389,0.0455189395985916,0.145459890141195,0.389167883950568,0.0160954921853482,0.0294820041572152,0.103007209054544,0.527947799022075,70.9438296526917,64.2254952489107,49.9039823820295,44.9216315639185,32.0234331121612,25.2950485276524,17.7047721189471,12.240235994133,6.00282364156626,0.421392472273803,0.335653617403203,0.291714964649581,0.282729312602841,0.297622561057702,0.371380056222856
93,204,0.363424197620856,0.966796260606221,0.0983886144292222,2,0.0437782064302438,0.0196075580881884,0.014200448346491,0.0179448471310217,0.0180643819993613,0.0209884557092676,0.0276010500306134,0.0458459603467184,0.110160789765162,0.190192711182547,0.000217685095220829,0.000118979389056915,4.45515369762168e-05,0.000103923195013007,2.50539181051004e-05,0.000160668738299466,0.00042544614913074,0.000821314359453613,0.00334896223719189,0.0591853751072418,0.119640797276137,0.485758391758443,0.028831598389398,0.0191893520887669,0.0473143587802635,0.52570473782443,73.3799853046961,60.5369738293407,50.0896506023206,40.5146838493135,35.3272516381235,24.0520064463772,17.9253486184419,11.0125737674743,6.382112822596,0.403330358927419,0.342070368852756,0.293702557756383,0.280932468294391,0.28377586927407,0.375874596677959
94,942,0.306560385629606,0.990006984169596,0.0950454850863547,2,0.042248738923283,0.0169385473971709,0.0145030653858331,0.0178239925682911,0.0195623685217293,0.0240747641402095,0.0269337011678139,0.0457881982675894,0.106326049136418,0.183257179796546,0.000386870741409308,0.000108949887424913,3.15824764707496e-05,0.000114012865715004,2.93920533553064e-05,0.000117818484775361,0.000336202578181274,0.000760906336997168,0.00398437320935138,0.0475067639903475,0.0979049019472208,0.205213369839722,0.0053260194486355,0.0415114012316523,0.0771073308951309,0.511242401902877,71.3171770597266,63.8148634506544,56.1370110716785,44.1672078157414,34.9826399834246,25.659767148518,18.0584911825196,11.3100887378069,6.03759100684115,0.406699074446412,0.352561018979672,0.298454450944016,0.2807964683802,0.293067176049671,0.374749304932623
95,738,0.225865853258862,0.987247106284471,0.102631578065304,2,0.0375081832035419,0.0171120522621047,0.0186091736039781,0.0184471700747604,0.0187114630797009,0.0236356304341034,0.0262405845870706,0.0443984950084269,0.106039147409701,0.190342760248612,0.000434645932835149,7.36483182636616e-05,4.1161704519501e-05,7.02363309816077e-05,7.07510863039121e-05,0.000199401077918301,0.000225835406419156,0.000781094892330878,0.00307136965462493,0.048996794103817,0.197398704421665,0.180920441320596,0.0116383612351746,0.0331162012086125,0.164744967609463,0.531544787305648,67.7650531258013,60.4018833955748,51.6274906889826,41.54371860692,32.4519951873682,24.4321942065443,18.1088320165869,10.557512073126,6.02791713954161,0.408870944173502,0.335270846698869,0.29537361161554,0.277043280154289,0.279995028851137,0.39863586335998
96,799,0.262343926698017,0.973373281357631,0.0981706679254463,3,0.0397965458385756,0.0175741025252972,0.015672541547987,0.0162999552688019,0.0205912796289807,0.0228902001501146,0.0260194367693093,0.0450010739403522,0.106136403323873,0.187744796152659,0.000467479903171802,0.00015213200897735,2.20245846466502e-05,9.97570761359853e-05,4.64927054784383e-05,0.000214554834521653,0.000326450923568611,0.000815014552922795,0.00405195387083116,0.0675266365645371,0.0976475205721153,0.36686508789113,0.0330924057760652,0.0503657323224091,0.0845527633249646,0.547269577633764,79.920570749363,60.5163980511788,51.3592233163546,42.2036752328503,33.6092333217394,27.629251321914,18.2058375607813,10.8572668702349,6.54200989992307,0.427529356904724,0.337280767583323,0.296756216022988,0.282256689167019,0.275367094668561,0.380990970985419
97,1,0.411831390899614,0.976276826686808,0.0930291480466897,1,0.0354776408806491,0.0208579678657437,0.0160523897778934,0.0179234806197101,0.0183819057362767,0.0227476513788692,0.0274431140492295,0.0455837536636758,0.106813811794314,0.187244954571255,0.000266980634442812,7.19899654001682e-05,2.37244995087273e-05,9.11100528437605e-05,4.58195902014286e-05,0.000149510241967727,0.000453455330164741,0.000855291566091884,0.00405133134579892,0.0446325443693364,0.178909610343981,0.604314760348556,0.0148217586480199,0.0295212320787424,0.0570214407912257,0.635469726879044,69.6655100466183,66.646448753214,59.4836490121566,37.1369249910939,31.788395098639,25.404154682577,16.803984517609,11.2489199611619,5.91242470864783,0.425719510866007,0.350906884173165,0.298677107333346,0.277930376065661,0.279402405685558,0.370775228535799
98,786,0.398159423506106,0.993393309859825,0.0961250906973165,2,0.0525388474971894,0.0179537769469761,0.0145410617220646,0.01777453938365,0.0190802604053849,0.0240198739138211,0.0257549027329591,0.0459555317961839,0.107165413786161,0.193679945150851,0.000248047071975049,0.000140496864414092,2.99667689097143e-05,0.000108016496644043,3.0087926905469e-05,0.00023254916694178,0.000481127477736018,0.000789876711571599,0.00344563205611177,0.0489265726697966,0.142556619565651,0.53786330814048,0.0252045956888411,0.026304253932533,0.147421515332975,0.501302379499129,72.9512402992031,60.6119095669055,57.4463196939808,42.2114170662668,33.7904133478003,23.9890951753506,17.6091937977423,11.014998585725,6.3637130207684,0.441911983732939,0.344126070898488,0.29392594722366,0.269274515834872,0.274598951877416,0.392142162228729
99,393,0.376000664570334,0.994727422888787,0.0959065424570467,3,0.0427432339291671,0.0177397467333673,0.0165804648715608,0.0162584872646615,0.0184782297059045,0.0221799855757929,0.0268852898561001,0.0424107441379863,0.104629498930111,0.194584021901926,0.00023764597549395,0.000127899119648679,1.14268191377516e-05,6.03668769530964e-05,3.92965032155863e-05,0.000190295818200385,0.000356228009803206,0.000846981675217445,0.0045661258989354,0.0563957933403008,0.191061748933364,0.371034671106759,0.0162667346675129,0.0163175933508691,0.152712855414745,0.631118398574783,72.199811826153,63.0813022717238,53.8629911007362,42.5462149066346,34.4744198442,23.8265643479376,16.6450736409469,10.1337445894704,6.27146231819615,0.407358466257872,0.343996989092115,0.296273641204218,0.276308727860076,0.2756238539968,0.376186040057965
100,115,0.304349390665828,0.98960922181738,0.0994043668438938,2,0.0459231579031457,0.0199432556898375,0.0171294233808589,0.020796854176935,0.0184542407569677,0.0218873126146279,0.0268432602733669,0.0450626583541348,0.109712834682334,0.18919884752555,0.000318903839430386,3.92765537200448e-05,3.75050827898802e-05,9.07446202159323e-05,2.16549284515591e-05,0.000182421006744308,0.000297390633047065,0.000779239634244704,0.00438254814627393,0.0441466763708546,0.122191664440709,0.252635545654894,0.0140675479959215,0.0188145376089563,0.122920588464538,0.515901432793222,69.826568127434,60.249429301555,52.8784205262481,44.0382296027366,33.7053946059254,23.8576208753416,17.1030324544079,10.201352370385,6.52737644261462,0.397081154179441,0.362112815829898,0.295521376089537,0.277987432484619,0.290873165845852,0.36000683775711
101,553,0.284609107221169,0.985448229638643,0.0995533332050995,1,0.043425161322062,0.0190892108049391,0.0145188740266299,0.0186342394467648,0.0180848973051495,0.0230891910361568,0.0258776764795988,0.0451527326195068,0.105622248748953,0.187009699502643,0.000338505625507624,6.01350721052207e-05,2.30918784722112e-05,9.75505307535557e-05,4.04109129610211e-05,0.000291158230396067,0.000270291998489797,0.000784574622523709,0.00496770601653135,0.0541552174570975,0.164118180913991,0.223437495184915,0.0153666784844114,0.0350596392917584,0.147283941099792,0.557684561827713,76.4161703757756,65.7273559823976,50.9515387585998,41.1568635160938,35.1649183055358,25.0710158394255,17.4660779281326,10.9429986834885,6.06562654162177,0.433227574126326,0.383661255562541,0.297581443125831,0.276960080098571,0.291792473976454,0.373023978371895
102,771,0.202447899789198,0.982075183353293,0.105457910068826,3,0.0413066493595454,0.0188696258702843,0.0170325560963689,0.0183320027312643,0.0195969948856751,0.0230243964047631,0.0264791194201111,0.047955615147448,0.108885859975096,0.193654937900593,0.000170042787443818,7.11029791130682e-05,0.000110093820094859,7.85629218192798e-05,1.63601429915837e-05,0.000270413482267912,0.000352215593938113,0.000971697264667669,0.00316268864440283,0.0404280164754062,0.165824195953981,0.221362840059807,0.0201685530455424,0.0146364165377081,0.0765847374674021,0.495482647024795,70.2667696972814,64.7869903496576,48.9495179117183,42.2891320391049,35.3603462427639,24.8706942331337,18.9483936147883,10.8853911070043,6.07535667958366,0.410134968160134,0.34407461676611,0.293723500004515,0.278835122533277,0.302382901396899,0.38462419695653
103,648,0.222875607531137,0.985529282683622,0.0982426229271641,1,0.0439420279151242,0.0205548242994887,0.0162776282015867,0.0188823592121615,0.0190280005687112,0.0237391663018902,0.0262825116826087,0.0442750054056528,0.106547926552331,0.18925993344303,0.000267724126770361,9.28008817453316e-05,5.21620107249243e-05,0.000105298296618288,2.52707784622469e-05,0.00015079495975659,0.000509370429414373,0.000968492702723867,0.00386310327630134,0.0490161553031118,0.12838760646622,0.197934964049929,0.0236432096703409,0.0245042435735395,0.16059448736074,0.622423981804006,69.7486094849811,58.6888057322545,52.0263251421441,43.6489969838973,34.5831232454617,26.1898499722754,19.3439237682491,10.8385602723861,5.41357000094407,0.434752737964096,0.337014005561765,0.297691399794699,0.272341957360432,0.321510417592482,0.359619689634526
104,248,0.246383020694272,0.988484559040147,0.104070853844518,3,0.0358102451287507,0.0179319061251049,0.0166580609939352,0.0182482829817687,0.0200425593753165,0.0220911225760647,0.0262458528517215,0.0473176701623677,0.106266720719341,0.184971134824171,0.000313447696359484,3.7735907819967e-05,2.63095544159492e-05,0.000116878029968922,0.000131910116469022,0.00012806995079372,0.000412781916469813,0.000783239700598941,0.00443054626189562,0.0502435920086614,0.145712866137965,0.353092194575435,0.0554106692499286,0.0145778420834608,0.0668416211402203,0.554008546784485,70.9307920257011,61.8484749791051,52.5600001244092,41.2456214808452,32.3390523534294,27.3376434059544,16.4372652456393,10.7224945385849,6.4714385382811,0.41096401360253,0.341124850698178,0.29570015727271,0.276529194562795,0.279184882202901,0.37026253653497
105,213,0.224658153610702,0.990901470616983,0.103826990548845,2,0.0472972302584546,0.0122232408162363,0.014730488398075,0.0163816152172237,0.0190774677698275,0.0235997522226645,0.0271095937963319,0.0450735327164628,0.108938874081919,0.192628545594032,0.000308499745767416,7.32038111026547e-05,2.83307508081333e-05,9.06029685435152e-05,1.57199279858536e-05,0.000238548409325694,0.000392483686428681,0.00117120264221522,0.00497221822727873,0.0446650075014053,0.161009535129246,0.222127182480936,0.0191574492571573,0.0296314206306407,0.107727151368841,0.559438956022737,70.2774969471132,60.2844710520174,50.9883596954359,42.8273730434392,35.6343489368778,23.8805693794271,16.3023326908564,10.9506622135187,5.56831754761531,0.443277842584556,0.356145497340014,0.294210414540817,0.276870260442465,0.274851375549809,0.36248051484419
106,734,0.355962456151831,0.989785057399916,0.0996593211239001,2,0.0354000274937312,0.016411584621974,0.0161419555428333,0.0181301429732136,0.0192838063758808,0.0233701010708809,0.0265032532941969,0.0451898157509944,0.106392264291752,0.189353517644113,0.000468996721340217,0.000115396753905122,3.44835431261792e-05,0.000102071712161103,3.1799797916515e-05,0.000206757695010821,0.000534453557206568,0.000795951634485481,0.00469354238655607,0.0569248433183147,0.135741555097998,0.358507093677087,0.00661322631800267,0.0194274449798566,0.254275266267574,0.565277583900736,78.0551459152087,63.0129779805324,51.0976871272946,42.5707540877203,34.6523815619788,27.0155253689282,17.6178798774473,10.3941298539042,6.22221056624904,0.403410046273795,0.341562913493497,0.294134999845423,0.284201686293409,0.291309921911212,0.36804635051435
107,580,0.278865459665518,0.984334959829388,0.114356270131989,1,0.0336019211543141,0.0244538308379639,0.0154363447651354,0.0168001100890847,0.0183245770625208,0.0231140100007911,0.0278178553335952,0.0473016715367551,0.109206815275044,0.187548380220356,0.000225080738059034,0.00011010928326583,8.05520489692247e-07,9.53775123381031e-05,6.43630496069771e-05,0.000259400197027389,0.000311276802126277,0.000944359035872562,0.00290794709761693,0.0586689136147444,0.120244005574041,0.373558318690175,0.00614604010303055,0.0186604544644931,0.126415038642638,0.588205384054514,80.073130583047,60.7513823021633,50.8177104898,47.6536435569949,32.6289565998846,26.6777543732963,18.2482108083212,10.5648180673753,6.52270392157845,0.394582418052225,0.358397244794786,0.295790985989594,0.285833972139571,0.284386597227828,0.392901825521381
108,663,0.230805299533377,0.996441939003083,0.096223661978546,1,0.0397714446584582,0.0149315028611964,0.0149296546324575,0.0176252883387519,0.0191435011193788,0.0228286068324257,0.0272549419038037,0.0452275280115966,0.108532513744159,0.1878999799922,0.000227607320344734,9.1777974067432e-05,6.25467808443435e-05,6.66949145740485e-05,1.51989490168753e-05,0.000213350390138748,0.000465682904250631,0.00110841559111668,0.00439988317024243,0.038340917651276,0.124032441229354,0.257470636531973,0.00957566072140942,0.0166224219142526,0.106272955390238,0.521184047197072,67.4521603850691,61.7938855995941,50.253675992357,43.5402136558372,33.7713014752863,26.7913554924733,17.5570244089115,11.298749633572,6.51057698866796,0.39851184041649,0.361618618762525,0.293452145462296,0.272432379079456,0.269358832885176,0.401704811257497
109,782,0.24155771375402,0.987750736249667,0.111196998642931,1,0.0395726005093678,0.014989979542366,0.0140375414199392,0.017899403867083,0.0183541999057914,0.0230332939661769,0.0275653075286342,0.046416530613151,0.109252075800657,0.188412615941984,0.000271583850540345,0.000101800977731228,1.3899954672175e-05,0.00012755308527864,5.31517956253384e-05,0.000169766698259864,0.000406465728590111,0.000672601254750089,0.00459934818497075,0.0555904348579274,0.112930489725493,0.364512991662981,0.0297339719597728,0.025847772781054,0.0642685674548317,0.501138979100548,76.0196234058494,58.0342069772124,58.2896200560147,43.0175712072519,33.9017569888614,25.1665063664753,17.9552609798608,10.4131248278502,5.92295101814375,0.443439143271407,0.365180175871085,0.295607719691553,0.27926244953526,0.283190101773353,0.380322985893164
110,976,0.373156450214679,0.978180332289952,0.0986738696017228,1,0.036187891271189,0.0184205332896197,0.0156794969246552,0.0170157336114869,0.0201498922212298,0.0232790549588736,0.0269142668017381,0.044696469541673,0.108352642291564,0.194719835371307,0.00035252201701912,9.14608805549335e-05,2.18292761980418e-05,0.000151724290392662,5.56411989486233e-05,0.000135774806530358,0.000317571064967082,0.000863990060604544,0.00434099049073391,0.0444349137859822,0.120080033892977,0.492691586825178,0.00768270565284599,0.0325505301655083,0.0837991981931223,0.551894544705923,68.485968900708,62.0173743293499,50.4304951248017,42.2819088104643,35.6432934499081,23.9967597969437,17.8594338076343,11.1814470640267,6.03597500525329,0.405514246370256,0.366192698530474,0.292607585719541,0.291229492709267,0.280746515971331,0.374414354220663
111,969,0.302597129271687,0.98935080551893,0.10482895148493,3,0.0354549242692194,0.022415500850691,0.0157735751073839,0.0177693274383142,0.0188624403361697,0.0220883358475114,0.0263233038624076,0.0449328854821823,0.104163678628254,0.183653548670983,0.00045818341881222,0.000114096593375003,1.99097029047159e-05,0.000105160736749217,8.42871004825597e-05,0.000190929256966307,0.000366245459702524,0.000906633112030012,0.00408690899301667,0.0562571658176731,0.161234536268815,0.257615335336168,0.00985290176106688,0.0319281498326839,0.0719645387229581,0.49444763397464,78.2324983279184,61.1043055353001,54.852862561621,43.4996682222836,32.9496711261547,23.5801209259876,19.035390356717,10.5998844093264,5.94156237585332,0.421675929615344,0.332317677196988,0.292546861378902,0.278006328536579,0.279442427853023,0.383327693933965
112,458,0.253117890880465,0.98573554663218,0.0979128501866013,2,0.0435976168877651,0.0218758040102468,0.0155294860497175,0.0178598256556226,0.0193961230762366,0.0244729740685027,0.0260404852725136,0.0464923674890299,0.107634891129947,0.183094098326119,0.000331514325937086,0.000160821194969659,6.52289937611997e-05,9.16545374905457e-05,3.47737552726779e-05,0.000204422301075905,0.000303809100727326,0.00114569063133786,0.00529972920716263,0.036201330761354,0.0835186908019983,0.565940444077612,0.0298657184989561,0.0298875104928425,0.0543907995323455,0.551239954947053,73.1101887449566,61.6138566069222,52.6933240616712,40.7296356208466,36.2106969210494,25.9675953453545,17.1623335481812,11.2398705766413,5.71083137713635,0.421078478661735,0.334851811556369,0.292587844549691,0.282009275918037,0.285251288644334,0.374025805134376
113,706,0.344000933471102,0.989342692994824,0.1014120156834,2,0.0492748038703451,0.013485212611799,0.0159599647050461,0.0179284913768567,0.0189826193905801,0.022782681535023,0.0269274958570855,0.0458210463849027,0.107675716398309,0.188619593656921,0.000251392722971459,8.85787862850636e-05,5.56026004570766e-05,0.000112433664406626,7.88797425688054e-05,0.000149071355256527,0.00018329486375078,0.000831811837454727,0.00323231569436977,0.053658871201797,0.0952299671941722,0.334102935244492,0.00668605699165022,0.0143456576872262,0.0637695253101499,0.501737947622814,72.6995852298174,61.370895733367,54.5123632169375,44.5101639194519,34.6386456292804,25.4424710038873,16.9265065447928,10.419806410209,6.39774566377227,0.436129037513057,0.344895036916891,0.295260399544024,0.275510211787107,0.293535022129707,0.386100370074612
114,527,0.241818533754256,0.983213137269122,0.106907115529706,1,0.0339536101949265,0.0204021834640178,0.0148883975727792,0.0171556042528278,0.0189831426073337,0.0236790622386228,0.0268342096620972,0.044825814321183,0.110837110750292,0.192589470650404,0.000214524675488069,0.000114485518135581,4.1992906625656e-05,6.32188716063605e-05,6.61066901906359e-05,0.000152021039143323,0.000400519600999915,0.00095978849485003,0.00376244801242613,0.0483077740919457,0.106657739225827,0.439233503073467,0.0310969592341913,0.0336705703867934,0.178974843150843,0.533935313863294,67.1671868070244,59.288222440946,56.6555409563801,42.1425442523485,32.3654698907793,24.6012093405115,17.3296121559332,11.4475989828933,6.33995768549646,0.422132879631306,0.356546599862185,0.29657938876665,0.275048007491488,0.289546352458114,0.363476790574266
115,15,0.255069704402578,0.986518453411022,0.0976322974856132,3,0.0360962598449116,0.0182210901493914,0.0151137204661101,0.0187827383621751,0.0191895411335689,0.0229428712355389,0.0273301721692505,0.0455700563069197,0.110242961420521,0.186228136900749,0.000185034629330886,0.000100684801464831,2.57658360843546e-05,0.000140500116213557,2.4008351431713e-05,0.000216062670339277,0.000494376053011702,0.000849954079089552,0.00527235834909821,0.0387546764826996,0.13271762442372,0.43054809920344,0.0319982134273619,0.0225446556874427,0.11996111854039,0.598559134998027,74.3189285162637,60.0971485423792,52.1311559544864,39.7245275418515,30.2560807863156,25.6912295316048,16.3275102327168,11.7048373443044,5.98153768586482,0.398271703499209,0.32642174960798,0.294773217876541,0.277915519002764,0.259991593676438,0.378056011846381
116,647,0.213441274041032,0.981702124551369,0.109605710050611,2,0.0400229382894634,0.0145004444959588,0.0127650625000785,0.0192393665326052,0.0188656618981771,0.0230644055039231,0.0256283713446448,0.0455276109057384,0.107235911014104,0.184260040730117,0.000314745422731167,0.000107353265895295,1.32563615386783e-05,4.7788824051329e-05,4.57851284884911e-05,0.000241917001463738,0.000416900894454963,0.000813710714231871,0.00366692845656752,0.0538507734050491,0.206885112641,0.290735355197981,0.0142053068316565,0.0289088485958913,0.108920563233254,0.519460641897897,70.2230451355662,59.5507931460183,52.1542982603812,44.4133949445784,36.4735982174391,22.6456186085341,18.988108173473,9.8444941770518,6.47360523705808,0.411164692375299,0.316649487668528,0.298061150599097,0.270020094523219,0.285319345576873,0.387987572192367
117,687,0.263899384099803,0.990681028306447,0.0977118410832957,2,0.0368513605566152,0.0161628423218949,0.0153819122216437,0.0177832672380673,0.0196804265304633,0.0235409875309895,0.0283155352013372,0.0433816240939855,0.109410222070734,0.183296956762638,0.000359731073737809,0.00010766890062387,1.86478267873615e-05,0.000133808283064659,4.0877710328259e-05,0.000289065801898913,0.000349686068274692,0.000907376176188821,0.00367763487248569,0.0353717723034805,0.122382096530806,0.107795080225114,0.0207453966632716,0.0221387166307774,0.0905192148527844,0.480144782479961,65.5458214085881,60.8467428347029,56.0174416518358,42.3110226638338,33.9906844869311,25.9274010456394,18.9658534985895,10.7896656677586,5.83938111467974,0.431076244539218,0.342014478076416,0.294896044228197,0.273830967304719,0.296197172682372,0.371376113449984
118,475,0.353079277472643,0.986414280549989,0.0921745633192873,1,0.0373627188167538,0.0120841369107498,0.0144199041627197,0.0187449656353037,0.0193658527544948,0.0236166296634145,0.0264638034658264,0.045019265741882,0.105315041012662,0.187828391994472,0.000367293246173144,0.000154452635525165,3.04229972328038e-05,8.25805543967407e-05,2.55369241544129e-05,0.000261761390318905,0.000396433908024548,0.00101545074304824,0.00525123721663547,0.0603663998599392,0.101149970598857,0.366224321839313,0.0214735503976882,0.0206393042473823,0.0515245302539245,0.619521429787704,73.8765058536558,54.8095005667233,51.8150806432056,45.1493014510173,37.457609473523,25.3678290853746,16.4572457396993,11.4091299627554,5.9322982092001,0.411432130757245,0.339552082718039,0.294807622170648,0.277616996483006,0.291689157123332,0.3612602041024
119,662,0.233276618721607,0.981912351634854,0.0927503674146035,2,0.0367213991485854,0.0198150969594205,0.0159308135606526,0.0173762298808178,0.0204986383872816,0.0244531874114453,0.0286250834514507,0.0447123353387767,0.105800060916927,0.188310522708764,0.00019774231016511,8.42559909811967e-05,1.04000915048322e-05,0.000120085844418662,5.3579786159461e-05,0.00026645818409975,0.000323426721589313,0.00121591598140461,0.00408252764713799,0.0437440677130239,0.0981191323978085,0.41936492215644,0.00901428827436661,0.0172617072610709,0.121893678644362,0.533377660492316,67.6113686754522,62.1589193180594,53.6813807009069,45.7122119829362,35.8994294855459,25.8082019471714,16.9326669937931,11.3192711573646,5.97766319893114,0.410440201192014,0.337541709879973,0.297526172891988,0.280428561400443,0.298886902647543,0.386251245974931
120,799,0.25127908348443,0.984223977766651,0.0993118434819621,3,0.0417045657104886,0.0177594477609421,0.0144726929865305,0.0179796291084682,0.0181315241961701,0.0241442498431618,0.0268497237166758,0.043609871995161,0.107021121247998,0.187736761536723,0.000420367330391268,0.000115913901497845,2.58175023152605e-05,9.9108072236179e-05,4.19814893311532e-05,0.000222077593975138,0.000465308394543684,0.0009866366235266,0.00456286642378775,0.0557211069548027,0.0817291763674157,0.277484169323829,0.0426437317270755,0.0184731267701698,0.104551318398997,0.530134606548428,79.4524911374007,56.1196130347847,52.0711263005471,44.2345748648379,33.2807434989282,24.669323244142,16.9976626545689,12.1922593336327,6.15324901983962,0.423398453861318,0.358740887177688,0.291109060560151,0.285869010256725,0.287517460161131,0.356452142816166
121,846,0.344521993905255,0.989398342796059,0.10575891542921,3,0.0390215358661691,0.0233561164430889,0.0155153060089285,0.0185780606074429,0.0195932705163233,0.0237139308281668,0.0272028158463703,0.0463370645408067,0.110301265779182,0.188419501603287,0.00036510855110529,0.000126524864996569,2.06882297656823e-05,0.000170643505551496,3.09985094580641e-05,0.000249166286355357,0.00029026772660841,0.00110135204347486,0.0032885940406463,0.0397861824947242,0.124474291299517,0.144925061018513,0.0130581868395556,0.0219668472358268,0.167800628805429,0.480242704190307,66.594264675891,62.1262887454191,53.0739202256582,43.7781246080436,35.0790092588567,26.8963328019202,17.389478010485,10.6374697525743,6.23860554867327,0.400350679349979,0.338762230932809,0.296741611550548,0.274194518315833,0.271538614191881,0.372780447350323
122,577,0.284796417104612,0.985605862878646,0.106143121423773,2,0.0367734857094554,0.0155968296597263,0.0149680965524755,0.0177950429448916,0.018068236735719,0.0230100863994553,0.0264248701333832,0.0453302312207396,0.108803485570708,0.189833988883262,0.00019257624501721,0.000129472732988821,3.88961198291353e-05,0.000122917217308501,2.45054815814897e-05,0.000189140079197989,0.000411503753666753,0.00109690928780718,0.00458993273043591,0.0404723095406689,0.178187449516853,0.291789548063821,0.0267865469315796,0.0179721602873346,0.0781448902820286,0.498205495443589,69.9815499114031,58.5407486553796,49.232651216397,40.676846620986,30.9336400558869,23.8541412931872,18.3701319859376,11.1845997846115,6.09790706242828,0.439969794343401,0.366724912254127,0.291828445892621,0.269476742571373,0.276039626043588,0.381890032856355
123,889,0.313961877882545,0.99011409582829,0.0952910213678631,2,0.0315558849040692,0.0175332771841401,0.015517187099425,0.0190754494565469,0.0197463132651587,0.0221997638013057,0.0277410399873476,0.0437166524673116,0.107871243976089,0.188124069526092,0.00049640654813624,0.000148586667918537,2.04585935540016e-05,0.000162144130141777,6.04236126905096e-05,0.000214735566796989,0.000329457384851076,0.000541149419673796,0.00430972374383552,0.0693546694925884,0.141802445787711,0.23318642167681,0.0380210762775599,0.0356265142479388,0.121505472785927,0.504326525397558,71.2802556851543,53.5509745911178,56.3343243905016,41.8760813386025,34.4203931781919,27.4735181442576,17.6399349609021,10.1015702577005,5.80889045354517,0.406034561066264,0.333449461621565,0.29581329625242,0.281195731746519,0.284671045504801,0.366414314093746
124,760,0.272918916532468,0.992860103965322,0.0977357546534804,2,0.0403833340474457,0.0127969342340717,0.0158183584302296,0.0186414266227488,0.0189585107518352,0.0231241676876571,0.0273589263655898,0.0442126907951272,0.107866230573506,0.188383169182991,0.000103183593308512,0.000138399100613426,6.10756456474796e-05,7.80418696288765e-05,8.10083098330322e-05,0.000183825552575146,0.000425190163391829,0.000845750128746222,0.00482965230620178,0.0391468048153223,0.129751392900176,0.418957297336552,0.0154659820811691,0.0229908335732535,0.0855909002045258,0.556792999963639,72.5552192682217,64.319307160386,48.5214034731263,45.6901619599991,33.0209732579313,22.9725029284734,16.2048648633009,11.3343502841455,6.05470902821727,0.418507750049342,0.339207388242825,0.293934098735421,0.282692470907643,0.290649095130391,0.395700858627182
125,846,0.270934558013934,0.983517985870677,0.112684885920293,3,0.0489922857299476,0.019899777447457,0.0160344026335297,0.0181754158846972,0.019641558286793,0.0224500301806105,0.0266829609570938,0.0450617999001729,0.108493498339613,0.189212655252587,0.000355375911670828,8.51639102662881e-05,5.73482253162193e-06,0.000182430549787971,3.36685000621219e-05,0.000191172200238754,0.000335310185910219,0.00094604338870059,0.00368962045570682,0.0589550579182221,0.102402736652505,0.319312867361871,0.0404286929801919,0.0212577919032131,0.11028134439909,0.461684194081039,66.9792535049674,57.8478418571664,56.3309383394034,47.4963095432511,31.4101793278368,25.8502937157689,16.2551217058073,10.8505073904102,6.36005220313698,0.436775858319772,0.35288215097727,0.294855901111914,0.279973599074323,0.27149553397692,0.380446994332411
126,178,0.276495725249409,0.982279966677495,0.100909402541043,2,0.0417302814637082,0.0170163252393515,0.0147219843592975,0.0179619490771349,0.0193519750449639,0.0240995387381054,0.0262837526388748,0.0447814556912247,0.108908896525047,0.186804890442967,0.000173742857713125,0.000150317737641919,2.00188068019783e-05,0.000109025833291218,4.65658896152124e-05,0.000192498787769608,0.000250263941734969,0.00113966630414559,0.00452698985328724,0.0442591083836676,0.126124838243016,0.134394152809729,0.0158860144674041,0.0260995556746697,0.110507313197946,0.502149392067602,73.0542128491325,64.6897308894813,56.4700304928703,44.1409386607016,32.5917031884205,26.4077612683179,18.1490169618549,11.5517289515592,6.11311126467115,0.417695402735686,0.339430593608445,0.290515609526156,0.281286145135507,0.304456308701987,0.37882175256772
127,499,0.382732801338418,0.983921986551403,0.0979577374213911,3,0.0441893186270389,0.0137268074901915,0.0148734397041689,0.0161965631528267,0.0187914540231441,0.0230308487216091,0.0261553827840815,0.0456961362709776,0.110584788942396,0.186591155871296,0.000206790072008488,0.000221680120432424,2.70999539252021e-05,9.19080820951346e-05,4.38448946725648e-05,0.000212771859989992,0.000290613983301936,0.000777180820668353,0.00330320993196608,0.0510929407338425,0.121634832029462,0.399564196365184,0.00205421687572513,0.0254945665006199,0.261859783601376,0.584115711460539,74.5736836748651,59.6806639169381,49.8617650534129,42.822462178662,37.5786017234502,24.8150509873551,18.0815903252263,11.3153567901205,6.46193399802826,0.412685674198129,0.336089554233755,0.292827015456476,0.275411303818634,0.290149629358483,0.390257756442748
128,785,0.243577867976167,0.991802632558835,0.0933881330337352,1,0.0338479928288686,0.0163427309528621,0.015460651227906,0.017638817751723,0.0200948471600795,0.022809868274567,0.0248094873295908,0.0445914669202129,0.107899370221563,0.193832525980429,0.000216520392249129,6.9084491226948e-05,4.3102459036075e-05,7.42386043678574e-05,8.8463340143753e-05,0.000223066174572525,0.00031778706434496,0.00117809467352935,0.00372814739178725,0.0469410785304225,0.161923286900854,0.472669782328675,0.00491656816159955,0.0137351620224494,0.0948471726626195,0.565490375068322,67.8828941974068,57.3786204591413,51.690417858463,46.034412859909,32.9996162905991,26.856029575056,18.7884618837778,11.1082628245857,6.18772932636992,0.414689869719301,0.327797466620217,0.295402368996141,0.277664028179444,0.273667849118146,0.379378682688002
129,591,0.256127824567019,0.981803309592157,0.0961947852386632,1,0.0326175042586009,0.0187969693108939,0.0145741129474009,0.0193609652515858,0.0190120887289149,0.0235403358950649,0.0280845705246487,0.0470292710978315,0.106354866267559,0.190681766206946,0.000524114460081652,0.000134930444075601,8.9219757716305e-05,6.65921354908808e-05,3.46973201715612e-05,0.000224354430020512,0.000292566463627483,0.000829235484903372,0.00286177061776218,0.0580060445929486,0.148569553649823,0.156667550421888,0.0156802743022467,0.0441739715526479,0.0870819320860132,0.53129501260645,74.8835547639255,66.2952712908065,47.8089569938981,44.1200426995585,34.5139459365984,23.4124525493485,17.8683551654613,12.1513793685779,6.30103360879227,0.397878436010554,0.334484802152202,0.295833836555625,0.284930850691038,0.304613916859143,0.371994498835038
130,697,0.33406848973242,0.995377016647678,0.101853896750548,1,0.0402807325132177,0.0167774765063809,0.0150255456167022,0.0183173055580322,0.0192542534468705,0.0227213055137133,0.0261608769377728,0.0449615728748379,0.108831884338319,0.189965308539197,0.000444949325724148,0.000153946804453534,1.18665255401529e-05,0.000112462567817554,6.78700579215876e-05,0.000217693937140335,0.000455456215972264,0.000896911300599931,0.00358391054513718,0.0653535290575895,0.124795134059029,0.258860185768382,0.0444455492740431,0.0152267833259637,0.102341744815921,0.644054102394719,72.010503418265,60.8900572531941,50.1677979660301,41.4816964287097,34.8752602971116,24.1429683863117,17.5849836064805,11.1557763230495,5.88728735973988,0.406837639411264,0.327870578624588,0.297235737050507,0.282454946319053,0.270246231711672,0.376571539336828
131,652,0.34671447181411,0.983194964925055,0.10104764357634,2,0.0308697891994059,0.0139395786217437,0.0140463329122305,0.0172917945828474,0.0193028365983725,0.0232997524488242,0.0269371248252582,0.0459207555912611,0.106072381192589,0.191455078538217,0.000269281203624477,8.79254437974693e-05,9.58962317859937e-06,0.000107851196602153,3.2825096961074e-05,0.000186207048626015,0.000326092589932794,0.000741712289429266,0.00553460607605927,0.0406789548310471,0.172924841165398,0.302457072479381,0.00742158171034474,0.0327938530971058,0.211347510270523,0.535308761750706,71.9016534776086,60.2396377809033,51.0152052503128,36.6008725739615,32.8808337899823,24.1956590217183,17.4573713291084,10.2966391209774,6.02709517921203,0.435405604988046,0.341470255241039,0.295331055560909,0.274975964525036,0.275977901355362,0.391175670329895
132,955,0.359208388655514,0.993478782508644,0.0884496136692752,1,0.035874125056291,0.0144052860897673,0.0169041464472238,0.0166364150715047,0.0190127923534482,0.0245142247324061,0.0280205657903423,0.0464800431188968,0.109328452828091,0.191943340579706,0.000353206295522129,0.000235742724823552,3.29265045758665e-05,0.000109807042730649,7.48469325185689e-05,0.000140303241790295,0.000369221544922997,0.0013207585912401,0.0043137125028891,0.0348868587699588,0.131983216161955,0.456477801061416,0.00721449832498076,0.0290873167345986,0.186032976652076,0.603168236634763,71.486942566592,61.9740747510115,54.6684539312318,44.0561376333286,33.1613409613158,23.8434598503336,20.2868248260011,10.5831875545339,6.0333139242685,0.430635571445277,0.355823062163554,0.293128345669396,0.278844314967298,0.289559203106847,0.361869293466479
133,889,0.309718552184537,0.977753868984522,0.103250639264057,3,0.0450369174028838,0.017436969359496,0.015009898879656,0.0187635141497757,0.0182876559279134,0.0225591580942592,0.0267102388963257,0.0458283973542014,0.107317583927098,0.190074866767457,0.000240920614571855,8.70664528881157e-05,6.4050041701327e-05,8.47185923185055e-05,6.59669931322061e-05,0.00016637933761386,0.000362516316228342,0.00112205744522555,0.00363241537573476,0.0463878099235197,0.150450027452727,0.281444364656108,0.0129755092706301,0.0386497033796995,0.105082614005466,0.548263584477335,74.5453865157687,63.8367207194756,51.559505651945,41.3571463021182,34.8381904784231,24.6933178716715,18.089555324627,10.7066753466826,6.37372941019286,0.424000582714496,0.356370256348777,0.296007144598239,0.279121343815563,0.274286637125877,0.389599564404572
134,81,0.320180245008816,0.981364670217629,0.107742157477479,3,0.0444738935046844,0.0193617949037168,0.0153966068981431,0.0165411572152582,0.01935771772674,0.0245999711235276,0.0268257495775828,0.0450229333097177,0.106102350545535,0.192014559504038,0.000346765633697187,4.09696190315834e-05,7.35620925909774e-05,0.000120437082583054,2.88996736238249e-05,0.00016747515777329,0.000471560701497634,0.000992902220984642,0.0038913602826943,0.0375393396731256,0.148417040791919,0.110496884867515,0.0202507611031519,0.0209986878504884,0.0787174169892365,0.533602879734408,66.8144152151756,63.1283335989795,51.1460037668022,44.2671913642446,34.677911412992,25.1794318723685,19.4214291660037,11.1391625053804,5.89172257512548,0.423047450928495,0.370962036473616,0.296869613525811,0.273460414612483,0.292652973604773,0.398567153760262
135,525,0.276759142065533,0.977878914330171,0.096165603985031,3,0.041215797646183,0.0223779692994704,0.01606284973901,0.0182597292496294,0.0176929525944421,0.0242294716762037,0.0274580619470415,0.0444219561724676,0.106046876474227,0.191098934797215,0.000195716368089865,0.00012203100311223,1.46617388711223e-05,7.05055910547544e-05,5.15829434944013e-05,0.000242441565351929,0.000339974126980957,0.00112635894495436,0.00338864613847859,0.0522506688820142,0.13202144776204,0.27654599817312,0.0093384449948014,0.0283016043685176,0.0506718762984344,0.506996972789567,68.5107243680855,59.9102901206041,49.931671073353,40.6338505182341,35.2314720069706,23.1562449904439,18.0005023255521,11.0575465112532,6.22621958258285,0.435467106223524,0.370021316453738,0.291191124897722,0.274818466623826,0.279571073455386,0.368087672376199
136,369,0.310401317697612,0.99089123651445,0.101020465202783,1,0.0366384132829604,0.0202220142651121,0.0144668647954071,0.0177673819146201,0.01913757136034,0.024137665993085,0.0271466002145622,0.0450139972257892,0.107416744375666,0.188190929398274,0.000305920531560675,0.000210277359148287,1.19990183598218e-05,0.000147344791194808,1.0310754332781e-05,0.000134296504797571,0.000430293492352095,0.00088930462577109,0.00468158176024986,0.0478764133668191,0.150873189467645,0.349957496281944,0.00834692277097636,0.0269766571831673,0.0964961309184766,0.518994444616061,72.145987100486,65.426121088054,51.828572234259,41.0162057741818,33.9347691553912,27.3230949187335,16.0156086660354,10.4561572464043,6.59935431862848,0.422918481924278,0.339842778418306,0.292986650804487,0.282094874184838,0.289715328627054,0.357308715073973
137,86,0.308092579910469,0.982611066913622,0.0983749843838778,1,0.0355989232402009,0.0129118121192297,0.0160577756339536,0.0172159272270951,0.0193824329588226,0.0224091947313032,0.0270859061291635,0.0432744209810116,0.108531252416197,0.188537782874327,0.000493503627772178,9.33535289597316e-05,1.64273609083876e-05,8.52661969853645e-05,5.40121159439098e-05,0.00019931755010607,0.000374594113366334,0.00122904562940069,0.00319580818671257,0.0462915735435253,0.111283031858811,0.513726116568154,0.0237182664653824,0.0294363471742626,0.0747310707746962,0.590377460484453,70.7488958470145,60.3348200142074,52.3928884196883,43.1693344619654,36.7041382815204,23.3976391725233,16.5764576586133,10.5938673282372,5.99939657088303,0.41148833929674,0.361959250442237,0.293859196588044,0.271523028567728,0.284767793682352,0.390340406210793
138,174,0.328978355533239,0.983118324564295,0.102495490598598,3,0.0416054403231565,0.0162282825046113,0.0153607793961409,0.0181321587860718,0.0192860280219683,0.0236925192259204,0.027036840385314,0.0459362915993494,0.108879203655479,0.190306101567849,0.000348232388806566,9.7494160125729e-05,5.23140687483663e-05,6.00729982560095e-05,5.30305852974052e-05,0.000120287550507199,0.000273509533954895,0.000845066710974204,0.00536726126166436,0.0497657116779522,0.090668456940805,0.619172549202907,0.018998541168711,0.0231216056594492,0.122757119617031,0.499535756511622,70.0222611160521,59.0590012492797,53.1315706055273,43.7852316883137,34.9445986378203,24.7874724981094,16.9811664600636,10.2169580390786,5.95130237227407,0.424400001313311,0.351084177060687,0.293201944085255,0.281291094580512,0.289142650674922,0.368658334084039
139,764,0.245950565410848,0.989585777621553,0.107041710756761,1,0.041801101964269,0.0263039139178781,0.0161024360015694,0.0176353658577951,0.0200386974022501,0.0224696228757752,0.0271078999681836,0.047335366549189,0.106650504461105,0.186218314351368,0.000229326086419747,6.3083794328848e-05,5.57110281501675e-05,0.000117853718541839,9.03740474469481e-05,0.000188021390817155,0.000315039793931313,0.000786275768833888,0.00458834614125227,0.043227621757798,0.16075751250743,0.289312555438865,0.0237729691540287,0.0351895688848923,0.0907862399465962,0.505826212264422,75.1484933606441,61.8630994299872,50.5354037269701,43.0277509159565,33.0275878756491,24.0661666047779,17.1529805504194,11.5188235382159,5.86204046284135,0.433814954661771,0.36126736710041,0.293824718831613,0.281669958267705,0.282975709179386,0.363365480351267
140,73,0.287530586650914,0.982425739313971,0.108886339916368,2,0.0425672550241155,0.0128684024613655,0.013218236941874,0.0180298020424039,0.0193492172027182,0.023254350852107,0.0279946661164164,0.0449921639000661,0.10619570894317,0.190063447139932,0.000337976082504341,0.000102767307192588,5.98360397382018e-05,0.000147560164286127,2.99707653325514e-05,0.000181219329588428,0.000670313977090921,0.000761657962852755,0.00429667043057197,0.0496132804459711,0.165419810899651,0.10876813115848,0.0180815873211675,0.0231907250997583,0.185612265921813,0.503999182457649,67.9954103719189,59.5602784660061,50.9089504864974,44.6301012584155,34.1343083405173,26.6443887344104,16.6948480668638,10.4768716345704,5.96773252678809,0.433158567420696,0.372376512763087,0.294810213924397,0.276409496856873,0.284923714067686,0.37077476600257
141,498,0.39895975907891,0.98435140834239,0.0979918434884199,1,0.0488306852638799,0.0136383190230971,0.0155653799059147,0.01712174731344,0.0192085574191468,0.0234394297292988,0.0254756459205846,0.0439874542926243,0.111859551736848,0.192850620715827,0.000329091958462106,0.000104314502024433,3.99318687628314e-06,0.000149322388726385,3.15411885074308e-05,0.000164294571842576,0.000405133813688608,0.00133979687088891,0.00551014458043232,0.0470370975157247,0.129719969139917,0.264772694864985,0.00936401976692889,0.0439924737963535,0.0414984924334538,0.454807517514477,67.7263626525932,68.0048189272617,53.3142993509061,41.340880832397,34.1961405674425,24.3127504815897,19.0063588577923,10.4343936920643,6.28579634705125,0.441430020543753,0.330869853703127,0.294085210330267,0.278368379074447,0.271792830287887,0.357581018501843
142,399,0.310120751163783,0.995945193230669,0.102900614038091,2,0.0354255161984351,0.0159493684498145,0.014334202672652,0.0180432194899498,0.0174051421999205,0.0230553310931861,0.0288459153553801,0.0444349108031211,0.108959444056551,0.185526199323468,0.000393384258044787,0.000247167004934837,7.51195860921616e-05,0.000100806121016988,2.0203520450892e-05,0.000275907086513999,0.000369362204481569,0.000917257685943948,0.00422613354956705,0.0609332529238159,0.103435585773017,0.554613046424278,0.0125579147318051,0.0280839173463943,0.0654015912496826,0.466210431177532,68.0762762401686,66.5725549580087,52.102568651877,39.912427974116,34.9962301543372,23.3107274008917,16.2837089349168,11.008236921923,6.52107334984403,0.441155923678351,0.343378343115928,0.296370738601197,0.278949343158792,0.281643770341135,0.379777699129713
143,738,0.270804404097212,0.971075701903371,0.0971866119845415,2,0.0301572217092611,0.0194313552871079,0.0170607802586061,0.0174400990119816,0.0189719445637101,0.0229466630878143,0.0264145026378881,0.0436930481164059,0.108447918493419,0.191536809909917,0.00030887269234431,5.06994993610065e-05,1.60553695081559e-05,5.28348829793808e-05,5.7053968896609e-05,0.000174852372077067,0.000418811955639838,0.00118842185887389,0.0027646204640849,0.0568887909836558,0.13944781489884,0.396506621279831,0.0218335431276707,0.0260487203659771,0.161019874345307,0.492951465802012,68.7385142749384,62.264513214393,54.6103476942374,42.3297772919171,31.6921688805597,25.5993765171819,18.0902445026862,10.8937431497893,6.29013280018762,0.405351787016593,0.325923489530469,0.293180936282438,0.274356588958865,0.286272455161727,0.383202555989136
144,530,0.226226038602673,0.986119305259612,0.0936403589276463,2,0.0369837592757885,0.0265142419174804,0.0142268753626423,0.01755807333172,0.0194189058085866,0.0231890260963016,0.0260493619309217,0.0464714874808516,0.10590815995206,0.188081498719071,0.000155253814394086,7.95509471864658e-05,8.5126644806487e-05,0.000118948234726806,1.01148315152031e-05,0.000185892825155665,0.000423706620088044,0.00134057763731745,0.00438122273805374,0.0504090390153868,0.117854723227388,0.193568248837997,0.0257854631343393,0.043721063647686,0.0815885502733473,0.530350003654929,73.2276774366407,63.3132861058304,51.1068618927437,42.8853259761902,33.8502278238566,27.5911831765717,17.0136574906768,10.0724216946503,6.53811181072197,0.431914012577982,0.356991615557756,0.293041182027033,0.273260847928132,0.279620583282848,0.387433064857288
145,41,0.32921813479721,0.977349061404717,0.106057675077548,2,0.037802560329664,0.0215143722710931,0.0192321861404778,0.0183976661658972,0.0180868345854852,0.0236835978547802,0.0279784855841766,0.0462289728011656,0.107826701056286,0.190088088186811,0.000288863510638949,8.44396616901092e-05,9.0506735133884e-06,0.000104221049827588,6.66509349734981e-05,0.000179682125812828,0.000290730945367914,0.000696496180139534,0.00436522588476951,0.0560266679552985,0.110660681061614,0.292723611960816,0.00881130002675655,0.0184319277154653,0.0721614156117336,0.623794400501439,71.3998170115363,64.163561855224,54.1736947756408,40.9753739484616,31.9764706267463,26.2747405740534,16.3316482069387,11.7457938681586,6.69975969913212,0.40078810489306,0.340536601634873,0.296417910893211,0.285183924091348,0.275460517292597,0.402949349059275
146,330,0.3014077863443,0.987347807911858,0.0941204978605956,2,0.0406637493684189,0.0241429341479062,0.013970420668756,0.0170337788529309,0.0189355456103165,0.0227060653729611,0.0280775698165421,0.0457957243479911,0.10625653097569,0.185830398262748,0.000278570579152221,0.000132015668124505,2.70415790287027e-05,8.05565785215766e-05,3.00645798383073e-06,0.000147998914004863,0.000404563267603512,0.000580841329670729,0.00388612555763529,0.0563546050801726,0.13249336881366,0.0976313498439866,0.017787804405513,0.0138417182959319,0.103245944951843,0.558751549533521,77.2426973734927,67.3699444486685,51.9227645968973,41.5182313399484,33.1350652289558,22.7128851256787,18.3580801541204,10.3252767656493,6.33697217452362,0.415073593343737,0.363399311592761,0.294382480113426,0.282825201199762,0.287514027627138,0.406654852441232
147,276,0.30368538085915,0.98595371441859,0.0917913717034124,1,0.0317396610311152,0.0198436467690867,0.0159871942875167,0.017076281081993,0.018979336347041,0.0241244834812386,0.0273489191802936,0.0474655625976528,0.109298123998396,0.190373267460988,0.000224767698443429,6.93177562236721e-05,3.16832768324905e-05,0.00017164318992162,3.8685911332592e-05,0.000158725424970354,0.000444498704566065,0.000859735824820459,0.00447361355149884,0.0357947974493632,0.132280014420685,0.113907721546247,0.00893420582171232,0.0293321044113568,0.116937315775506,0.565008750563612,69.8677903989755,62.3271415768125,52.04766751988,43.6882566578127,34.7950817833468,26.2016863497472,17.7470837726993,11.0462841510749,6.19875613066017,0.448395195767405,0.348867355780011,0.295276530175102,0.270736976513692,0.303663387208056,0.381937789081744
148,445,0.284054636995115,0.991162777950635,0.107520100317156,3,0.0453259223332306,0.0209311540978055,0.0179093954532352,0.0170577693026746,0.0180791810100677,0.0231692646881055,0.0258589748595658,0.0454958905560854,0.10999080885982,0.181630595707766,0.000286145935113743,0.000105013812312713,2.36048008526044e-05,0.000104411140901061,6.2919048482337e-05,0.000175430285250061,0.000277762284342917,0.000499703506838441,0.00340109062926002,0.0455390034225288,0.113340764318072,0.217552778528185,0.00968789502009207,0.0150037387762909,0.0411734065163174,0.547946131188043,72.9038504489319,58.6058321158284,54.1482705393442,41.0357709988468,33.1534517083566,23.5413117992049,16.6415865177669,10.9139913940999,5.97033822230179,0.376486004124914,0.35851030803607,0.298965040816471,0.276578324484432,0.280494960713408,0.380906036619193
149,902,0.332869467171578,0.985975516770008,0.0956983765335636,2,0.032938001300995,0.0210206211334801,0.0159464622809021,0.0188402062522164,0.0194142326147039,0.0227758665838499,0.0267202511089207,0.0435665132232903,0.106143121141994,0.185126877606678,0.000342825379850755,0.000114801422870775,2.28270369053835e-05,9.91648781745083e-05,3.98890833630125e-05,0.000139682656597345,0.000357109372122373,0.00100046495122346,0.00431866882840434,0.0361072006269004,0.170128526372144,0.276223478217819,0.0296152604922784,0.030788355337535,0.0550146597272428,0.485183632807544,73.4646345436214,64.2717467509412,49.37068435527,48.9455020484394,31.2856490400715,22.7572540375701,20.0371018365304,10.3005984620596,6.18183846560684,0.425473368229555,0.327066369353759,0.295797045830186,0.273787141438726,0.276872448093237,0.356673925297051
150,21,0.23963578169195,0.97644265771665,0.105869331745579,3,0.0382340504403975,0.0138721302671621,0.0163445455177472,0.0169725082759603,0.0189237023747837,0.0232758089658462,0.0274928866531948,0.0448610782608626,0.107957877799711,0.187562486770849,0.000217995015341996,9.49479177753556e-05,4.8968933839074e-05,0.000105294416151206,3.31561850924649e-05,0.000245776394950344,0.000259559203564329,0.00109517942849657,0.00415457865981383,0.0457405173330865,0.149151737596107,0.339366259513928,0.0110024322458368,0.0194971825270107,0.0544774167652385,0.434264830969328,65.3666373029034,57.5543215827789,51.9558758915162,43.4724963784508,32.7313812274361,25.837592883468,16.7117521146029,11.6012799912724,6.00229436634164,0.391879879637472,0.331786205431779,0.290448870348838,0.272150396284952,0.297116257325892,0.399770833380508
151,57,0.314591099129863,0.985182965888877,0.103422488323662,2,0.0350133028679443,0.01962947610768,0.0153118374643842,0.0184070679922762,0.0183416891761166,0.0231454221046526,0.0264585697925791,0.0446107065181353,0.106466173938801,0.185199772156719,0.000389796833155886,6.52948477238765e-05,1.77609384323828e-05,8.60701741859144e-05,2.268669235561e-05,0.000147805361766559,0.000316259648037537,0.00086726922276617,0.00404244354341584,0.0688701460612062,0.1475255197226,0.399866248421976,0.00907456482777888,0.0131196504606443,0.146630586962226,0.498032105454615,75.3236563058295,61.3599293320912,53.5189358282164,45.1175366292554,33.5320343747412,24.1707620861419,17.6028988153395,11.1598784099852,6.16474289784705,0.429664832732006,0.338636026497049,0.29361797345168,0.289103539240447,0.294830988299797,0.382700036184989
152,512,0.278951747898819,0.979422387189891,0.0977797386502048,2,0.0498756179770342,0.019585191207117,0.0151771229585844,0.0182815099158034,0.019679190214581,0.0243408633073731,0.0257119742759521,0.0462357630238379,0.106843315941426,0.192642873275391,0.000334958519858657,9.22405084128285e-05,2.69930373212157e-05,0.000130423587489124,7.81038235815124e-05,0.000127498616022134,0.000391015769494418,0.00105472765114793,0.00396672465382028,0.0414197116587272,0.0882147845415788,0.302306240864756,0.0212956001987577,0.0206847526302335,0.0509714282988101,0.614578226782603,70.1639590648274,57.6264932663732,50.048981382944,46.9161645821471,34.8835182387838,29.3056846207013,17.5221551544944,11.3884808414633,6.14436047501858,0.432598043229637,0.329384058022355,0.290282283230004,0.282336829614691,0.279600751166226,0.39279658082479
153,308,0.293591266151182,0.983443812757208,0.102783894299836,1,0.0390427350453497,0.022605481885616,0.0141264967041143,0.0165032159824862,0.0191352266626454,0.0229438447475268,0.0278745505047917,0.0462734544902126,0.107013788229694,0.191401756569517,0.000140611422331166,6.39376542719088e-05,1.62247735639688e-05,0.000144347561323059,6.5351529476918e-05,0.000265008307424629,0.000372843962723043,0.000678557141205177,0.00327230362078571,0.0497082151976318,0.115943899823968,0.461460079042394,0.0145847263726439,0.0388933498113131,0.0329863797940778,0.493683942812436,75.5940937752687,59.2596216837294,51.8986890260637,43.0768569238151,32.3736497722516,27.1961550646589,18.3391727697744,11.7672946241489,6.05929515541796,0.426883433186046,0.343889891371095,0.294838789872915,0.273225131044134,0.269481441713813,0.361842690046075
154,865,0.277287123096983,0.996380875396865,0.102572072359521,1,0.0364608658845025,0.019172721257245,0.0161530166029135,0.0181458637190194,0.0194970883671191,0.0247179501668138,0.0278615604063122,0.0459739855051974,0.109065576669948,0.188376006687247,0.000275286043406729,4.99998092075044e-05,2.60830288512996e-05,0.000146934597634347,4.19184193649012e-05,0.000156034042817739,0.00039424025673762,0.000940904051400115,0.00454310605009081,0.0461370277587876,0.0984522413215232,0.258772241324114,0.0107792251835718,0.0254603209925164,0.0819335731701436,0.519039112185502,78.0041381424428,58.3685564459501,47.8260799222034,41.4490639975403,30.777869982318,26.4999605537375,18.0692322779901,11.6554663850857,6.54727979866748,0.439239257810524,0.352793451352029,0.294992353901266,0.280267830649484,0.295700028057126,0.387737417783406
155,862,0.318750099541509,0.99523861781175,0.101875701659858,1,0.0461188968538125,0.0198679749012346,0.0134023909311566,0.0178347631902856,0.0185363947861535,0.0230755410387967,0.0261656503035484,0.0490297766698463,0.108176636811171,0.186411582956744,0.000279499984015395,0.00010781764735688,7.77951038986248e-05,0.000138649502323337,4.98102792099765e-05,0.000191655632787115,0.000496542788346702,0.000857706772338258,0.00360103748682073,0.063087657634504,0.0996151875507235,0.236388894410509,0.00801391784464954,0.0276604123290073,0.109887598728087,0.535480927604634,73.0992911229192,60.8824355221545,55.4051237162269,41.860204155685,31.703963493589,24.0163979451518,18.8921648839159,11.0400400545205,6.11684585811845,0.403216755644092,0.350595454681898,0.296445708361835,0.282399306562329,0.302429654901565,0.374844097514566
156,874,0.29351771146322,0.972251509437318,0.100554413730482,2,0.0298300891065292,0.0198084721428488,0.0165098511325157,0.0185180564261053,0.0204788058024791,0.0238209243432265,0.0261744714411413,0.0452841298816698,0.105677982180619,0.18723213341303,0.000252405664752409,9.54287577376136e-05,1.83325992377792e-05,9.96147616753379e-05,4.35488582925398e-05,0.000233115226642658,0.000253368845929825,0.000674469308065125,0.00415326546891271,0.0400993673791809,0.122318033254031,0.388338645236531,0.0039793838815299,0.023734995215647,0.0793674893287818,0.466552154916241,70.2183526508335,60.1988610723836,50.1068112560147,42.9410132235069,32.3609165434852,24.2906860333295,18.1411730760569,11.4064293248591,5.8584043093848,0.409222199624866,0.342600703549225,0.293234766412029,0.273509532012836,0.277445064218808,0.379256897069238
157,732,0.212035419842026,0.976741772231889,0.099613959977908,2,0.0434391424718841,0.0160586343411195,0.014343416308788,0.0182558320458639,0.0197219831005624,0.0243267391569775,0.0263926599680983,0.0448294509388259,0.10963888483455,0.186286097181119,0.000212325139266037,0.000159242370277183,1.91853976523636e-05,0.00010547092926494,5.24931841768776e-05,0.000217996010921374,0.0002629093265268,0.00103141381871144,0.0032234125790942,0.073315933635801,0.114456003592755,0.426637840611453,0.0183257338103353,0.0278678912470056,0.0563139274115773,0.461933064501214,73.2565516707977,60.2894363636708,51.4817340023864,43.2752715260812,33.0395985601379,25.4568942029931,16.3553451441528,10.8601186142362,5.90573196436164,0.408094545184376,0.35357531769637,0.294370871871502,0.285497154278905,0.26826435710461,0.379586002702738
158,161,0.370117360265428,0.98659464841718,0.099819484914249,2,0.0385236483116068,0.0120421299067904,0.014216043374616,0.0173935147761582,0.0177327608825046,0.0233846854856333,0.0262961354749482,0.0459849362367039,0.110457926463929,0.185772387672221,0.000283658037324848,0.000140115719149217,3.95698770519644e-05,0.00010714454376673,1.39945217486505e-05,0.000195410591128967,0.000390331422399387,0.000945579955875926,0.0038741873917536,0.0447900776869635,0.145822155258769,0.112294528605926,0.0170174307434327,0.0418725061672269,0.075334609292797,0.556027882552143,69.0859370924249,58.1239010245732,49.4028315021436,44.1837252977029,32.5503704040355,23.7875946068625,16.4184651804615,10.9250501317985,6.74533563609195,0.394102105098533,0.356424911089627,0.293209698900868,0.276283994237233,0.285256573257849,0.369706674506162
159,660,0.352059937221382,0.985137277167751,0.101160273904088,2,0.0379863595557034,0.0125037795322758,0.0155105046485059,0.0174856647797471,0.0193209813485491,0.0238931561378052,0.0274799242203349,0.0453984320316268,0.107288914520029,0.187774124281503,0.000438970819003002,7.1541445109075e-05,4.46864153230552e-05,8.12984407270302e-05,5.37418382753333e-05,0.000321381528657813,0.000455799778824198,0.000972392712904202,0.00399424009672066,0.0516513000628948,0.170560861261204,0.459555713101006,0.0122568175928875,0.0164934160913841,0.0927472497531632,0.594733277170682,68.4935809196749,57.2120198251834,53.6742375847685,49.6463411514093,32.7096403003769,25.5033620399801,16.8319935654335,11.7110939824759,6.04243679002789,0.432517963459972,0.343216403671479,0.29581984487091,0.27852761115956,0.274258135129075,0.366911735876704
160,481,0.235868607870038,0.987118360219509,0.103480708651298,2,0.034749267886248,0.0160922658385619,0.0156354490627473,0.0173919126336845,0.0184929241922332,0.0228863979484138,0.025898301226832,0.0463203239461398,0.108946737284437,0.183404441185491,0.000276292394522062,0.000194396088828231,2.86396130685791e-05,0.000140345874197179,4.75689144868642e-05,0.000271976237404172,0.000318408209639611,0.000589765690488754,0.00405609241607032,0.0567828187537789,0.128926112794985,0.352123619401928,0.0172955324667614,0.0322960604113068,0.10249802761833,0.549050874264914,74.2741858230129,63.710835065625,53.1055223104375,42.0320970122058,33.8075717255342,24.4598151323915,16.9104343480286,11.7927756451904,6.05336014960645,0.409644480031974,0.351827500144695,0.294727986416899,0.275922176164883,0.297429374409207,0.367285024907746
161,343,0.208481035251615,0.988953201254815,0.0989997258796175,2,0.0401910924398348,0.0196546254044249,0.0160939141164788,0.0167310167302377,0.0175826634573302,0.0228997006022477,0.0254639287172429,0.0448525748709449,0.107263137790547,0.193232755081467,0.000292014861859897,0.000174833367893927,1.59814061344855e-05,8.5952008630768e-05,6.19981107174776e-05,0.000214033574169438,0.000450672969097437,0.000973511649340197,0.00387243876132513,0.0403371345252628,0.132987923164698,0.250910587669868,0.0709855853113208,0.024899020403857,0.0929565482091744,0.605481576751975,67.6778672726788,65.3105649882241,55.55337727228,44.8833994727565,35.5765001128004,24.4250078416329,18.5876790002594,11.3042700213175,6.24448086447801,0.404189805047072,0.327109349596702,0.294649604330841,0.271088107813904,0.288913047385082,0.376911249815877
162,295,0.305616027249065,0.976040839724794,0.100932478066668,3,0.0336960764306209,0.0211745621493168,0.0136932785063738,0.0164268700647465,0.0199580172839874,0.022742655023959,0.0271593607758289,0.0450463391273221,0.106384258925824,0.186406520098524,0.000109089601036288,0.000108681131810184,3.19762224973956e-05,0.000130948956714222,4.006271069338e-05,0.000193796968593724,0.000328986331549181,0.000851554817751307,0.00444015111178539,0.0501143238421212,0.209511688790056,0.342892508553869,0.0099865926916447,0.0303132126859532,0.069147971848911,0.503991468904053,77.5741377945517,61.7120508974342,50.7650281758847,40.169309562214,32.9160043812775,28.0761735179697,17.5128829731626,10.8737396417281,6.24890961236848,0.451037576108907,0.360401952452611,0.294218740970652,0.286286318136618,0.267368323186637,0.38071466202649
163,437,0.223596759091765,0.989044380873482,0.104202263784648,1,0.0370119105885832,0.0170386979074616,0.0151211857700323,0.0184932379961062,0.0205975523758385,0.0221492000217156,0.0276256421119099,0.0453795824612211,0.108632292023024,0.186539864397718,0.000467633934250414,0.000126719469271969,1.8886081895733e-05,0.000110038832507523,3.40445630048002e-05,0.000116869104212654,0.000473745240754686,0.000646676310320811,0.00445445458573251,0.0654176373208898,0.126298439128365,0.311106609224397,0.0152060026308826,0.0280153693183578,0.132671590844032,0.530560956282543,77.6469528124354,64.3912434996402,48.279355683393,42.7225716833436,35.7874789182472,24.1885039416904,17.3602693899965,12.327611788728,5.84636301563371,0.42493676574137,0.33625276255869,0.292599594648579,0.276322240950145,0.28569307523214,0.3628593765929
164,659,0.295968045558076,0.983762760938335,0.104949861385942,2,0.0373187506309203,0.0137077590635887,0.0158115073526519,0.0195620896655117,0.0198436428571993,0.0243110651422925,0.0267380381627438,0.0457457183137232,0.109223306987607,0.184320773718807,0.000171729937003851,0.000128313657038806,3.61086822422721e-05,9.39975706146896e-05,3.28382157863132e-05,0.000323107517389436,0.000397310208633925,0.00116341084309521,0.00589457308731207,0.038556973966153,0.145247802457681,0.336611540107283,0.0179264056778538,0.0124218038307813,0.110189631585543,0.574008690347358,74.8432340259082,63.8539909019486,52.5288304163988,46.1002774060159,32.8710407468204,25.1077955597952,17.8856045859547,10.8696788173417,5.82644962003402,0.40679564952375,0.334344029494666,0.294247174415599,0.274526576208725,0.288037439921975,0.367107396282783
165,912,0.245554970582747,0.977692083967443,0.10043870429992,2,0.0365373467643236,0.0170646024917109,0.0174978285097516,0.0184920882581563,0.0174431469008687,0.0248831567721552,0.0262064961891538,0.0458921735323022,0.104571605980642,0.186584038318462,0.000264175676647778,4.93641170545835e-05,1.25952511595515e-05,9.46985172280499e-05,9.57115047519844e-05,0.000214293156468319,0.000416083099309914,0.000596085595418406,0.00370057363036156,0.0431854379781353,0.171656798362244,0.330428856659809,0.016651175637887,0.0179969001108632,0.09411385108751,0.523590492625243,65.2578661254882,67.1079827152544,49.7750256398917,46.2768727574611,33.5960097225495,24.5294770712686,17.8846472966019,11.443851420753,6.11492176482269,0.407077961801759,0.35247424858643,0.296396813784549,0.275345017973749,0.279864971464359,0.366487423216451
166,804,0.345595365740228,0.983672199323496,0.0990495325703331,1,0.0388480464722643,0.0133005617888275,0.0164114970010104,0.018755327379067,0.0183275050613347,0.0229967410717825,0.0262922734599378,0.0453497878676908,0.105452376888049,0.183481595562314,0.000299357589973176,0.00015244935307176,7.07501661933932e-06,6.32412205048372e-05,1.82563141178701e-05,0.000279155364865757,0.000333890685058748,0.00109961116585574,0.00472035991182805,0.0725665770219247,0.149726220802963,0.335261984645486,0.0225843960622479,0.0327547254538169,0.1625157189762,0.592630368621834,64.9297156657476,59.2044143531658,55.2011904650726,38.920479989646,36.2930613996798,23.4537660918647,16.9290349385757,10.5523700219012,5.95958934142136,0.405427176542572,0.321665324872172,0.293940272602081,0.280687810665138,0.295487098038684,0.386976811269652
167,657,0.31621103034971,0.992118610312022,0.0954665767322565,2,0.0409460549524634,0.0226528349250144,0.014548110099107,0.0168775140213331,0.019723754915925,0.0229992388023676,0.0274031865299877,0.0452656067811478,0.107422990939938,0.187887247336843,0.000299955386050019,6.28033946094976e-05,1.87189149329694e-05,8.45471728785403e-05,5.12649012613195e-05,0.00016556023463469,0.000428684669126845,0.000856102063374703,0.00349431718114988,0.0380055236528025,0.145873737817698,0.414745582536075,0.00787945875077091,0.0110476039538916,0.0861920282590777,0.524821296227771,76.8048810572801,62.2413097405895,53.4715597057022,39.1016865891802,32.2608889708087,25.9790774671037,17.9729083781454,10.2915494881765,5.6287742537401,0.42072087170349,0.335390953848786,0.293533262020306,0.27281116111459,0.29018703079723,0.389664564849927
168,644,0.352118413378198,0.992406021085713,0.0947064104258752,2,0.0456023073445943,0.0193152426425183,0.0157101025631615,0.0188118952249939,0.0184893884243976,0.022761861716698,0.0264074415135536,0.0450844911853127,0.107789483078815,0.185112023021904,0.000344036300536272,7.33357715072203e-05,0.000120371015830736,0.000104189512199596,8.25568744006946e-05,0.000142433252381943,0.000383806392894146,0.00119047871219165,0.00415756607429446,0.042090683565201,0.104200664259694,0.388915536615251,0.0161223815310289,0.0193939956937718,0.0865433237369342,0.516217193888145,70.5659937883026,59.9277971787968,53.1786057118285,44.3296372917669,32.199665422589,25.971992226124,17.1719800685022,10.5588698064619,6.31109350811586,0.41333955725189,0.337924002976098,0.294489024736487,0.276245602286924,0.300885975415724,0.360508621044494
169,737,0.317557959298759,0.98147152129029,0.106411484635872,2,0.0356999075931434,0.0193181809641483,0.0157440179970905,0.0168581434517708,0.0188103390436188,0.0244890099552354,0.0264555355025451,0.0464544413792434,0.108138209331548,0.182831396104109,0.000234668402185641,0.000262628749633921,3.70418160835017e-05,0.000142456090741009,5.43348879780124e-05,0.000111098651175975,0.000376972585853371,0.000829326696170969,0.00335926233157326,0.049782714744188,0.154994662917525,0.37568183997055,0.0387302232419889,0.0411349327774024,0.115682684698567,0.482089392201284,69.4815734779976,60.0924934236546,50.6150167656891,41.0435568907906,35.7522261312411,25.0009442253185,17.1394999290203,11.7522458932783,6.21240177618129,0.43087942657666,0.344479077635832,0.294394048567094,0.283371994469096,0.27904378545303,0.376956586436573
170,859,0.365894059389887,0.997127491981708,0.0966143218987351,2,0.0349966603999003,0.0210377269051407,0.0137971007696062,0.0181193104645163,0.0192768818094501,0.0239605379229227,0.0269835420990858,0.0465736332292654,0.111377421403493,0.181293922868609,0.000201330384391284,0.000112301882579476,1.35463027693939e-05,0.000156398797423876,7.34481522180503e-06,0.000188848069260741,0.000433635085404451,0.000905058668403467,0.00366471088401879,0.0391094292552627,0.187242721157766,0.126627232630912,0.0427524331912681,0.037483787232223,0.177727249633693,0.557118498668185,76.4927697022285,61.6796293343769,54.1397938831878,45.1394689468808,36.6822724039748,25.4543107227874,17.1092298471868,11.2054706138073,5.90234510430827,0.402378849103989,0.340339828029112,0.292665517954721,0.286404727072567,0.309175254115104,0.379307478725627
171,207,0.304944402399767,0.987583403475591,0.0973989039421852,1,0.043643480308091,0.014270586178414,0.0163669050927897,0.0171083073034107,0.0200555202512541,0.0219528594680432,0.026444994444821,0.0426029009004469,0.107184472477993,0.187181120440673,0.000369092947828772,0.000104744430276358,4.04354622633864e-05,4.79690042764567e-05,2.94248958736134e-05,0.000158049070450034,0.000457619137662729,0.00112105805082214,0.00365816690164721,0.0507350845039781,0.105856606976406,0.183376477802567,0.0108437391412212,0.0206212270494009,0.061283604576178,0.569713867978935,73.6480214084173,62.2024439251266,53.7428803082657,43.9127375617317,31.9523611868068,25.1964981765526,18.2162525829435,10.7861582387054,6.40415304969097,0.401140006245157,0.331363550067466,0.293677416823465,0.267032047373493,0.285627602595893,0.382513017605424
172,408,0.334038455266367,0.98461365275188,0.106164668846005,2,0.0406841895758983,0.0240648874270573,0.0160178032381739,0.0199207063796222,0.0198210201281235,0.0230658680357643,0.0274561456399436,0.0445419528131731,0.107085723802306,0.188176992154914,0.000269477941275815,0.000150882143676293,0.000124995803190772,0.000130940165127128,4.05893367694463e-05,0.000221116258838184,0.000457856616340522,0.00114361329374497,0.00444193724944203,0.0605162276197193,0.136556420995043,0.299801085598113,0.0194583575329675,0.0270467622626581,0.131129641067818,0.545175782110794,67.2575937309566,58.3428544550653,54.0483680024144,42.7661639879749,34.6637417064524,24.2571012326449,17.819795898414,11.001381636506,6.16671809753335,0.425939288763735,0.324738488654828,0.297449981971016,0.281508948627498,0.275754320772106,0.388150436485478
173,133,0.343018432948788,0.987283330157903,0.0944672548441864,2,0.035272725512755,0.0208311558634618,0.0183961059816605,0.0176297512676497,0.020897385822763,0.0233294905977365,0.0269452261525835,0.047984992464626,0.110063990520995,0.192206414828724,0.000334212200987331,0.000101105624685971,4.05880129329184e-05,8.11854101000731e-05,3.22820673713126e-05,0.000172403124482039,0.00030810188037878,0.000866743870194289,0.00305261682328761,0.0342073403944297,0.188986121372524,0.402647853663274,0.0100149123735791,0.0244188904248364,0.0798852133552272,0.471709790631487,65.2206128579918,59.4326845657975,50.9275765433631,44.8681203583418,35.252454432367,26.5460803397002,17.2568367044057,10.6586210400053,5.83666833640549,0.406652674921747,0.318581870488956,0.293795241924593,0.271848980264566,0.265190198419361,0.363597301612879
174,866,0.303199215349734,0.980715925538464,0.0911274173130059,3,0.0497103499089266,0.0200941512938951,0.0165038708009397,0.0171318111274916,0.0199950205280072,0.0225382274720444,0.0274134769897443,0.0448918992914326,0.109699462450976,0.191474058944372,0.000285085944250642,9.18068405344084e-05,5.99388784741534e-05,0.000109493853909064,0.000111125222132325,0.000177308867429953,0.000364460006895304,0.000731014200243407,0.00503959345003375,0.0419247513036956,0.128030507926115,0.365421459061772,0.0169086974003069,0.0185675707312927,0.0713976440849983,0.586428195957475,69.4239629080497,61.7271996814577,53.8961790787286,42.1778409478797,31.5720697940583,25.1632263381353,17.4193576665794,10.9215873575439,6.09428572776703,0.419173947445624,0.35307085745134,0.296988904771443,0.279216500548175,0.269999558408174,0.371003666319986
175,769,0.297788783840376,0.992993199364322,0.0948274029969527,3,0.0385637445224218,0.0190539292509425,0.0144074407146329,0.0178276311875595,0.0193880975194902,0.0238174348038213,0.0259176792626229,0.0472657402230198,0.106488382766167,0.186310795721242,0.000517796322298032,0.000100938540284189,4.49820214196742e-05,9.71343311004296e-05,1.36956775286253e-05,0.000276489981806426,0.000385882424608963,0.000800158056349854,0.00455545790775641,0.0280459106716762,0.14227789484664,0.300990348023193,0.0286589646849232,0.0235419750564816,0.244425093261639,0.538595593644999,70.1142333036952,60.6656943508871,49.2989916993589,40.3979522554241,34.8150717630693,24.1071701962724,18.3865705924292,10.8230464080172,6.12346985184692,0.440807473230688,0.333643604536115,0.29291890332316,0.278419419726171,0.275752018888763,0.364842594752377
176,85,0.334766073970621,0.990381732695028,0.0920150847693497,3,0.0445437115594871,0.0186183240023314,0.0153882032976164,0.0172856666468575,0.0192247049999911,0.022690229640588,0.0265801092067378,0.0453187710139525,0.107893078031479,0.186810702724996,0.00032959444640383,8.12728693859462e-05,9.63588114392027e-06,8.28376079491565e-05,1.15276172979651e-05,0.000139390688025575,0.000339613974352928,0.000671689014064482,0.00465462402745411,0.0492319376195355,0.159650639745443,0.396138310044009,0.0476076500819191,0.0234084599761354,0.0975533244530817,0.544314646011659,66.9180908990633,60.0043378921995,50.5187718052454,47.4177222381381,37.3951378372743,24.2544458360762,18.7364246875153,10.4967403104535,5.80126024751716,0.401767014610883,0.34855732124583,0.292975723920646,0.273117410936629,0.293022306992619,0.380054596654972
177,594,0.406081058977438,0.991318874674375,0.104595586230799,1,0.0386243339629321,0.0144867884570695,0.0151885774758955,0.0176206322074252,0.0194584643682723,0.022677814364415,0.0265929688343451,0.0464827534121325,0.108697998167409,0.186685214151994,0.000199610395624818,6.41294353095384e-05,7.84284340167845e-05,4.6573219226845e-05,5.0054106317223e-05,0.000264815474630798,0.000283170644155836,0.00107749796258961,0.00337331389557751,0.0314508713066214,0.157371011085915,0.31107791217145,0.0186680690261331,0.02041045588177,0.0876465807717104,0.586871992827444,74.3741197693363,57.7095577402746,53.1670401199045,48.0819624020914,33.4955109109402,23.953748566307,16.9051053091782,11.4869579607603,6.26881356728118,0.430222381949333,0.352071069467147,0.295398336972481,0.270395211682891,0.292851862786687,0.362146100552901
178,892,0.324327846447833,0.99176204593288,0.102800813625548,2,0.0510792097322517,0.0183053639671883,0.0164726994391152,0.0172469013324768,0.0192148443483922,0.0234730884067239,0.0273920422713722,0.0455119887787037,0.105247373061167,0.191284038454514,0.00026852336695287,5.72825711852091e-05,1.80242197811344e-05,0.00017543157174001,2.63395089360829e-05,0.000151274459473065,0.0003806356927633,0.000975479260712347,0.00333762796596532,0.0500558658840998,0.148464498533562,0.297695267512739,0.017387146731691,0.0229386568895431,0.26834616485717,0.501608233582041,69.3522625555321,59.5311549462331,51.2413151231154,42.8936773480215,31.4467338322994,25.7870991044661,15.7615634069095,10.8085939296651,5.94046321681655,0.433973221851881,0.339736195699886,0.295969947712839,0.285962416318054,0.304253550712225,0.379048043588184
179,28,0.262763352102957,0.991366518732399,0.105331720193689,1,0.0348862953029665,0.0156289518527891,0.0143215440132085,0.0187765339263894,0.0194352376155269,0.0234554777674396,0.0272575654621665,0.0463779791170497,0.109976171081301,0.185706126838085,0.000150547673866401,0.000138145465152591,3.24944073673307e-05,5.36479115683903e-05,6.27713373065533e-05,0.000259105236280026,0.000384016181714632,0.000871724186939824,0.0037829422700365,0.0598413664406853,0.153072546427324,0.476267825904816,0.0066944528975604,0.0169693451412759,0.127183859035775,0.431535982556997,71.3687773365736,62.596833718605,50.456652000618,42.7595137183862,33.0525886622032,27.3242105222035,16.7808219013398,10.9750818874255,6.17665622956241,0.431063895321677,0.33571206107423,0.296623570032421,0.286488631537576,0.287603404255452,0.391092896610241
180,705,0.311789426759338,0.985640946610015,0.10021649397737,2,0.0396233129239114,0.027051509082634,0.0167693351951057,0.0177113487486911,0.0195686231441798,0.0220834847131977,0.0270948119595401,0.0449414543055617,0.108744489402558,0.189004269097796,0.000202709520305599,0.000132522984937353,3.87703412130075e-05,0.000171386207845806,6.91573924067169e-05,0.000246304577842514,0.000406739080083408,0.00093828277116321,0.00426730654375278,0.038946559348796,0.111729332243689,0.274942278833249,0.0105811770386009,0.0174094004643374,0.127118777558673,0.584462499431757,74.441541663626,60.0245954757812,50.7253605934293,44.4606469128084,35.851924587685,26.6613740930249,18.6445638450738,11.399609160397,6.13238423700531,0.406375153184347,0.351329524660373,0.294965693478359,0.277339079229302,0.275311988302276,0.373647013365543
181,861,0.348110581874921,0.992434599226488,0.10252041688659,2,0.0368783860660511,0.0139706211530033,0.0149514274387591,0.0193403558779704,0.0192042323129186,0.0231682531365465,0.0267796355762429,0.0458515239285944,0.106021385135435,0.18962172657174,0.000425292103853228,0.00019119184005897,1.07448000441871e-05,0.000189040630957521,4.71130935998175e-05,0.00025070452894052,0.000331448642726062,0.00111128307753123,0.00339690175761644,0.0376277194695026,0.140039576528427,0.189376167282127,0.00946159785460818,0.0343915940893532,0.144644919783147,0.507149742489122,69.1423628624645,61.5749248895573,54.1604974555888,41.1124059382705,34.9766631534985,25.174102170879,17.0890724454808,10.2193857709255,6.26533150689294,0.39426118840359,0.343052150824163,0.294418139742982,0.283050007179501,0.278725851397302,0.406778973037977
182,762,0.361621660254546,0.98873661612352,0.109429616720027,2,0.0462579101158069,0.021056638145927,0.0164147950121254,0.0196500449570063,0.0187774574139762,0.0226613090567362,0.0265537301775235,0.0455042006889895,0.109081353775786,0.185617866439947,0.000368046857817279,0.000119325659754685,3.71111660783557e-05,6.40092917045915e-05,3.90040557600154e-05,0.000219566664068292,0.000319366154498856,0.000919847130312196,0.00354369530096269,0.0543429080007387,0.108600697007166,0.230343954122917,0.00868013849972845,0.0139159984099179,0.0843801532416389,0.538810120105303,75.8797802285946,62.7838385725387,49.4609000906948,43.9994547826576,34.1155367247178,24.9479802463674,17.8381627055755,10.7760977185755,6.1216425344586,0.438104056021497,0.350056081017957,0.298184698426126,0.283125588728841,0.281516574878104,0.388094980588147
183,737,0.292252669501545,0.986822878604611,0.0986255041425393,3,0.0375303599603353,0.0246296648545575,0.0170068326501781,0.0183614668936194,0.0176255742680677,0.0238513355574362,0.0267299719026515,0.044754183031322,0.106179680437554,0.185908784063644,0.000425502278932415,8.39216393644053e-05,2.80654149481337e-05,0.000146163524241761,4.54848178447124e-05,0.000145896767454963,0.000435526999601903,0.00125721613723072,0.00521131483930997,0.0584476759220672,0.144594589914452,0.411731469948896,0.0518714382949314,0.0259473763614594,0.0453523646073947,0.520956827779175,76.0598912012297,59.6133203757146,53.5791218024747,45.0515734497415,35.7764471927385,24.5481682805912,16.3876458003783,11.16703641819,5.71295928156791,0.441632468571226,0.355088691202472,0.293832109869426,0.280566931721148,0.282546270579661,0.363179100712464
184,327,0.259255001948747,0.970887034252222,0.101939853738992,1,0.0376005286720616,0.0170206438446134,0.0140070171990369,0.0193687338788179,0.0198646705454953,0.0226950065998033,0.0259302809540956,0.0458340317413712,0.105772843696478,0.189951318857645,0.00040474618346642,6.72588755607446e-05,5.48041533230115e-05,8.74801330436836e-05,2.91476204003634e-05,0.000227131498135919,0.000414876440206811,0.000921684050658704,0.00465007245690169,0.0585393037258989,0.106934579313757,0.357161790475187,0.0431614820513234,0.0464935857575476,0.168920368837882,0.521633596008479,79.189241819509,64.9478789059409,54.4510589200596,42.1480734886779,32.1541765976141,25.7294078431427,17.1635216907115,10.6571633765564,6.26440585993048,0.413156436927432,0.350184809671383,0.294398640621767,0.275890476374609,0.268091115502023,0.401500112999071
185,157,0.307949556966245,0.99557206077381,0.101766829453746,2,0.0414101565100803,0.019241485158065,0.0165218400345558,0.0179076741459814,0.0175379290177451,0.0250900311961122,0.0262289791792296,0.0460198709019065,0.106595265901363,0.190248334788905,0.000335749579488458,0.000113742858223832,6.47511580090245e-05,9.78016122706393e-05,5.9072290695179e-05,0.000173404728257253,0.000309419418955818,0.000827690080337696,0.00414996437917983,0.0610870638517665,0.139864702338928,0.22313520584926,0.00954654967225916,0.0300619774000439,0.101556359268848,0.551398833974848,72.741665188589,60.9750653662184,50.2676100828563,41.9771724332745,32.8530937390347,26.7362115069341,18.0268527336056,10.5117022150347,6.02436480495906,0.422667436921679,0.364682140472642,0.296332400188595,0.277881610006723,0.264782254678449,0.365829393800416
186,373,0.320492317879227,0.996853172749895,0.105652369703333,3,0.043616875975892,0.0179856957364783,0.0152435314573019,0.0175725136662596,0.0187748946811154,0.0218361719666064,0.026128511641449,0.0458646862338403,0.10683833617105,0.193735909175816,0.000323730986671931,0.000114268488489504,7.21443442260221e-06,9.85319581549243e-05,2.34884464394118e-05,0.000247079599374478,0.000381991584512294,0.000713927893774062,0.00489405840517137,0.0734847188750241,0.107157929784862,0.188884896083611,0.0316800178468136,0.0287748671303088,0.0739792418127662,0.576958325797138,74.7342044380746,64.7461943255798,49.6910723414112,45.0009466946281,31.9994990031547,26.034987827616,17.0758328278373,10.1260338788531,5.9541022926282,0.415662313390205,0.33553039676524,0.294863101511716,0.275998157989463,0.284725451092673,0.381505073715101
187,173,0.25402439832929,0.988043692783982,0.105179784436649,2,0.0400051630804291,0.0153817938530166,0.0165923747821678,0.0195251041807191,0.017978724433811,0.0237342890969031,0.0259994574866575,0.045405532977202,0.106163881072858,0.192460914397374,0.000147385229743779,6.13316091676361e-05,9.93266972151054e-05,0.000135885277097403,6.64254236843486e-05,0.00021055879926655,0.000328205155992809,0.0012435750662398,0.00379795383917429,0.0445482205211447,0.152253594306298,0.123607298653197,0.0229673327034849,0.014591541832421,0.200603556744302,0.47131646814674,67.2222809271362,59.7820946244597,50.99640691169,44.9858105450955,32.1866004828341,26.7115693280045,16.7590766291045,11.5634868099756,6.20051049698709,0.432076361538362,0.337085522047771,0.292258400052658,0.281366358608356,0.283168862998905,0.389927505772002
188,438,0.275003738149106,0.987446430380925,0.102018158949672,2,0.0428923785877916,0.0191686049624846,0.0154969631843138,0.0174439999463839,0.0199111039245446,0.022671776788577,0.0267684890520404,0.0453008727012832,0.10772316737585,0.190329844156942,0.000115270771031191,7.68532267950837e-05,9.28469329581985e-06,9.45074074234263e-05,7.14741009696848e-05,0.000288736742872237,0.000253769975322695,0.0010143848252568,0.00442360788082991,0.0753248434549172,0.162164500675926,0.384269997876181,0.0268757241211673,0.018736328865333,0.145782728543809,0.501571718192199,73.1581977222559,61.0709899375645,54.9266874109802,45.1315105389458,34.9343769611745,28.1266470617262,17.7385212130046,12.0741987861172,6.35359166143352,0.416177378093033,0.332094457210944,0.297498660581369,0.273395743138556,0.294776545728513,0.377895483132132
189,758,0.288280069555126,0.972929529051205,0.102823871866256,1,0.0431596363882925,0.0123079972588105,0.0147537291701658,0.0179378192493546,0.0189390793742875,0.0232654545930614,0.0277929657705732,0.045314963209271,0.107593541868219,0.191071641537832,0.000428173933975976,5.91319287928748e-05,1.81207199900577e-05,9.49615413770416e-05,4.20157102767115e-05,0.000163045155754859,0.00039942057332587,0.00107794204996676,0.00358287783688822,0.0412005244043478,0.130847818255511,0.415969112945192,0.0211160534839416,0.0349818344314702,0.0978131262799047,0.600821155576554,72.5363639982189,66.7186140582948,52.8225846076532,41.7607409870953,32.5006051058756,25.1320966798588,18.6143179117765,10.9271147872,6.4008519400579,0.426599530935178,0.332261422841078,0.292783917509889,0.277157391713657,0.296814886427912,0.384465192710753
190,287,0.334245978264845,0.989568609450274,0.100772096300546,2,0.0302999786553609,0.0215728753023371,0.0170779348351405,0.0179412057129258,0.0187376551958944,0.0230849117054526,0.0256659422553495,0.0448117441776293,0.107545884415557,0.187645344020116,0.00048684227254792,0.000122337468392411,5.44228019270687e-05,0.000124909656501169,5.04308654122179e-05,0.000185478101625647,0.000209781957828456,0.00081698350746367,0.00338604646009364,0.0355091374045722,0.129929258959214,0.211907501801282,0.019301364748873,0.0182394496214156,0.085881986962097,0.497125339164437,70.7348979189953,62.3686672389287,56.3028873014702,40.6488004232313,34.2852556487187,25.4980484772798,17.4967230835389,11.4204191546143,5.88302138270206,0.429083846466851,0.327541919999426,0.293936679614547,0.285119043150287,0.275440439282977,0.373143067432238
191,334,0.273131937488998,0.998442432326988,0.103840548091482,3,0.0335585750841757,0.0170032821347999,0.0154757699280889,0.0170508894367412,0.0192615678993548,0.0216236167605524,0.0281582688811207,0.0444904595445099,0.10955088207281,0.188096862901529,0.000195082408490657,0.000123996742442211,3.05323407817539e-05,0.000143224535046721,2.35749275921109e-05,0.000260128687207947,0.000390226469201646,0.00111938254660717,0.0048122006531679,0.0699158167468822,0.137491759372088,0.34772419681499,0.0199885965338146,0.0330248246441362,0.0939293028490569,0.511578005830512,65.475695898031,61.4999911343891,54.6245247087882,44.2180079593667,33.6291766567187,24.6080279834261,17.8913958782466,10.3874993184314,6.11769989168263,0.39660526749063,0.346055433949643,0.29204845114597,0.279695716927255,0.26514631700639,0.382612101630276
192,840,0.322107845452792,0.993039131174424,0.105844906129391,2,0.0392252415715367,0.0200367401698772,0.0150906481117025,0.0171794624214653,0.0179563391306967,0.023078889450801,0.0275991285222231,0.0457215369293775,0.107624547954606,0.18627689361164,0.000307692921778374,9.14965219443179e-05,1.05358627903986e-05,9.70098192737227e-05,3.43866341325345e-05,0.000225764029492918,0.000433076607629258,0.0011408567186676,0.00400751651686569,0.0515107592574126,0.120958135961038,0.336048487719638,0.0167585920618155,0.0197226235716647,0.126243565015554,0.57027646399355,68.3278831936225,59.1412459393373,52.8625528194622,44.1147705896791,37.0302579198884,25.855965187088,16.9590644025822,11.592522950797,5.71606899086837,0.428425249081398,0.35375888897897,0.297845360714685,0.284675707880879,0.288879927578763,0.373668393663963
193,726,0.379762803991153,0.990746830373301,0.0992137183474661,2,0.0445125604412016,0.0151686206845296,0.0138198219888385,0.0184521419836788,0.0204271851611912,0.0236677848205583,0.0275476957052457,0.0449787881688349,0.109268022791908,0.186612270573539,0.000265686897204544,0.000151400598720616,2.40824551814109e-05,0.000143338110103714,8.33922283922699e-05,0.000222537211703474,0.000275290330208786,0.00121205361882629,0.0048640459089154,0.0713747151520812,0.130358195914811,0.246618714781278,0.0423730813368707,0.046331621548559,0.212832824103507,0.531339145052344,68.114985589935,62.134933849835,51.2570634586268,42.5314254879298,32.6724997508512,26.1430794950576,16.83750581962,9.96691819930473,5.98047261428015,0.447815993631485,0.367392389058701,0.2958910670562,0.280810856988573,0.293191452481963,0.386444089111649
194,258,0.312005485262638,0.978510325086175,0.0995440381534355,1,0.0416273997511423,0.0192662515988413,0.0150041278814177,0.01740428078286,0.0186078203960618,0.0227739264255078,0.0261096513218128,0.0436492773896647,0.108062704990938,0.192099117153333,0.000186720075270872,0.000110245821327099,1.39451488670157e-05,0.000132504157384604,2.93581724447524e-05,0.00024546627036809,0.000289008694402509,0.000849087221227588,0.00348549798938639,0.0319113517499086,0.1062828492291,0.210961253300501,0.0135143379804491,0.0204485233689215,0.149842098225218,0.562711662915046,61.8778293248886,65.1017037022091,52.7937800420938,43.3816550563563,37.0455634698576,24.7627007786283,18.8769585020101,10.0693551728933,6.03210827863573,0.386161798928567,0.331160995710597,0.293997725653673,0.282638196724375,0.275333250028894,0.388117974234311
195,648,0.269580135452478,0.984984103662504,0.0965050749260638,2,0.0322089659829139,0.0186945848024922,0.0147190882989912,0.0172452909780179,0.0178415483154219,0.023625668553941,0.0267555134795366,0.045193959909485,0.10612848989078,0.18611022930329,0.000314298029820242,9.09549020174252e-05,3.47172515815154e-05,8.54482130533163e-05,4.55678055377994e-05,0.000198270713990006,0.000346721207903567,0.000747718704820624,0.00426439498321878,0.0555475584609285,0.0892455307063861,0.410627187236627,0.0134232005012047,0.00995156711178832,0.158359800913871,0.542362823867166,77.0811447950849,61.3753680359497,49.5224195959069,42.6554618014459,32.2839028707983,24.7998461009596,18.3995683089419,10.5745263805744,6.44929404183008,0.42052003552365,0.324635742284334,0.297386081455534,0.27957521040345,0.303751775508072,0.393169935938512
196,738,0.217572798580383,0.994687430223701,0.098484076077567,2,0.0393637286377674,0.028122610619133,0.0161273563913527,0.015909375302716,0.0185806976225377,0.0240506487825242,0.0283577777201062,0.0448310431781436,0.106639047618174,0.190174099446602,0.000581347808710038,0.00010336937741947,1.15226351736609e-05,0.000107705264850513,2.76530118375973e-05,0.000222870187579194,0.000312529070649661,0.000942739271839299,0.00308541779113406,0.0420748301163576,0.124307081213429,0.497590099192509,0.0246287585413879,0.0319782987493567,0.113019001888331,0.532536491549569,72.1887383936498,60.9388192822049,53.883205258845,44.6550205400144,32.2419985879468,27.8333620870894,17.7559151985486,11.0105123167916,6.28895501368657,0.402899126448287,0.335201049202688,0.295065390963461,0.281723380880885,0.309599041206149,0.381640311706382
197,465,0.324650990496698,0.976716820991394,0.098653292815693,1,0.0485001590530458,0.0182688228097418,0.0141826837341487,0.0189123856893052,0.017072862851257,0.0232262250071823,0.02527011795172,0.0465879831908815,0.109214026354943,0.189403523805448,0.000563348563216465,9.45443170928564e-05,1.42601032196209e-05,8.81983654397753e-05,2.47672075090499e-05,0.00020960348453759,0.00051072307831003,0.000579784472811775,0.00415149953904129,0.0565689473244496,0.125895022528242,0.394300687665337,0.00813785145296229,0.00945805677092576,0.0577432200349118,0.500754106952448,72.8237202032585,64.6817742618496,51.341459515571,42.4666284955417,32.9345666535743,26.23795137827,19.3919948027843,11.1777292736841,6.0840902684498,0.460209450666773,0.357156890947009,0.295458737083518,0.271283851454785,0.2759047608022,0.390603118304429
198,566,0.227170576087859,0.992639316097825,0.0972599076748811,2,0.0330614153436797,0.0190059462259928,0.0147680876703875,0.0184736900263555,0.0185022210304766,0.0236666194714511,0.0264994940007444,0.0438487037502158,0.108197237839942,0.188772058591565,0.000284664363792032,8.00791728503263e-05,4.37841267598963e-06,8.64806244663866e-05,2.97665633439402e-05,0.000234984786846024,0.000335096517695596,0.00072640273118154,0.003654536978131,0.0476556438934253,0.149540019452319,0.34060620736071,0.0267220390961589,0.0146617306266453,0.293724416207985,0.479801231865853,71.0589421808498,58.6240541902156,54.8795377981186,40.9853791159001,31.5008237474802,26.1353471251665,19.1199418064977,11.2983142347383,6.15545358230201,0.406905016550515,0.322934136370311,0.294468170699233,0.272845798605778,0.306998759005608,0.371096158606627
199,373,0.335162476412415,0.981002703574429,0.0925447263157831,1,0.0403262080953387,0.0175885450083363,0.0154534877239585,0.0173320234769885,0.0193612756058463,0.0241492551606546,0.0266451351567723,0.0445787479457959,0.105073233900753,0.18940751521898,0.00033652455286531,8.09438476551422e-05,2.05963601327121e-05,0.000131835282146642,6.81004084713252e-05,0.000126646616977029,0.000306731649671835,0.000995888559513188,0.00328222322368168,0.04499886378109,0.0970285539011437,0.15520762127347,0.0101971384913086,0.0341055086919048,0.0390214002012468,0.501022957573527,79.128432480877,70.4930744435131,53.7932814015259,40.9981500646302,33.9626856570012,26.2597171655809,16.8528200726438,11.0470636274907,6.17173551452678,0.420459930604068,0.35302486799794,0.292859080304605,0.28224312865357,0.285972895118486,0.40513094504386
200,410,0.26772594831544,0.997089729809531,0.107434710864897,1,0.0517843712300783,0.0156380190132773,0.0167242869067722,0.0184391167523914,0.0189999474031631,0.0240023167368811,0.025427042905206,0.0456486394263712,0.108170066541856,0.185993585629794,0.000113957748647014,0.000175329222560434,6.76171670478599e-05,0.000174860776402787,2.01451860953326e-05,0.00024675698882293,0.000206475219598406,0.00120263539062557,0.00412717326274859,0.0434702601380342,0.137598293647675,0.374538115086981,0.0231608670567019,0.0203911766622976,0.0878244712238368,0.513153089234962,69.2244034828424,59.1184396143284,53.7513865432239,45.7652635184925,36.4278653960444,24.5342171426605,17.5205183967986,11.193562848591,6.3723555570725,0.417645041396121,0.325243596288228,0.294954671832545,0.271142436361895,0.26749074168219,0.36395376506933
201,848,0.330163850381473,0.989219144281238,0.0995681212423545,1,0.0363880450588456,0.0231143485791708,0.0147861221848392,0.017330488241339,0.0195106968951786,0.0227557209991947,0.027395856762281,0.0445610636009156,0.104788829991873,0.18925262213345,0.000344716067945706,9.9267741321685e-05,5.30275015493197e-05,0.000119347118615259,2.60324256698265e-05,0.000184204216365677,0.000419969436866868,0.000731739658790868,0.00435725671437503,0.0538182883903514,0.13470594625916,0.39740898676385,0.0117234681030768,0.0255752025689439,0.0980563711689189,0.503059914647529,73.3051897927567,64.3004088411766,52.1357161310786,45.4757954335274,31.7827190020552,26.2273030684101,17.5592135042701,11.0182291191564,6.08918359036998,0.412737693174329,0.34656612636134,0.295693380241252,0.277399575532512,0.267063477150366,0.374038015243289
202,48,0.309241609838813,0.9932200005737,0.0976710292877184,2,0.0376995440607898,0.0171992531805896,0.0168778476942942,0.0165788720522076,0.018312279837739,0.0225797771577608,0.02702075764737,0.0459103273230645,0.107435174907312,0.189808997599723,0.000252862897978442,9.10482218466697e-05,2.41802859150231e-05,0.000108131732565873,0.000144262203549544,0.000313574221783906,0.000381723522162615,0.00098227094156511,0.00341336674282222,0.0627786225282251,0.117571440491137,0.335651319205826,0.00751218006081325,0.041181887961872,0.121802597324713,0.536533805260283,78.4989682419382,62.6479083571624,52.4062629797028,45.2759458551109,37.3032212642904,25.9155213948748,18.2884460739753,11.1696526149915,6.34343659510752,0.409937273656456,0.319166620755318,0.296804709498183,0.279194815058187,0.292817561095582,0.402964471192998
203,117,0.256647064700676,0.966994592921754,0.0982531607973392,3,0.0426365578104942,0.0132212422220866,0.014277346434063,0.0163613802574767,0.0189946358787544,0.0223285309419248,0.0258148504481267,0.0457104346859365,0.107909026961367,0.188893577914581,0.000226514230361463,0.000133101095239402,6.4980583544232e-05,7.88901730570112e-05,1.53038654681685e-05,0.000151680824044803,0.000327437654190187,0.00103275040869471,0.00450542653118613,0.0274996400242331,0.0850489106179244,0.343958666148268,0.0322422627515333,0.0258881709914255,0.110635277237178,0.569006866423723,71.1946315949303,62.2842341693224,53.5454852620846,42.9981400896159,33.9720072210872,24.3949939327026,18.9101289569206,10.8801413795258,5.82005653637397,0.409196354370486,0.319315450380891,0.29099121491829,0.281460250162245,0.283252673915051,0.376717925070162
204,47,0.3578861094734,0.981284425177364,0.0981475531144656,2,0.0415042132711118,0.0197172745645967,0.0148317306303393,0.0179087470964854,0.019556826067986,0.0234913894921849,0.0270279663492462,0.0443818221257131,0.110120315755287,0.188665005914668,0.000295051445106747,0.000139123249967908,5.9443683059372e-05,0.000129349952529187,6.21231571062062e-05,0.000274402921656341,0.000281121826828455,0.00125289676322357,0.00462383242456117,0.036376531361982,0.0996503925205821,0.2778660566221,0.0164295305059607,0.0326535255436993,0.0667315738941541,0.545782487194964,73.9842560064457,59.7977526988947,57.386916606871,40.5646006758781,35.2919613509266,22.8278547061247,17.8127172025323,10.905133880555,5.73453976607655,0.440653961425713,0.338655175779761,0.295227429043354,0.274671730070226,0.280528422553713,0.38100040718122
205,110,0.391019781117581,0.989763749743259,0.0987470879008489,2,0.0390919113504891,0.0212407737156618,0.015235716328289,0.0166173798795994,0.0193133456797392,0.0238979636731665,0.0275113649559235,0.0457789052592276,0.106850862134385,0.190576654823694,0.000304640666642378,0.000214807350324703,1.71775015691304e-05,7.5017154194872e-05,4.37836381140202e-05,0.000132815555221798,0.000370452592907344,0.00108720648856109,0.00312725683032505,0.043825163859968,0.0746722888852928,0.514598998796641,0.013286454931966,0.0499379001105903,0.0646725305586884,0.539693228145847,66.5377939728703,60.9876722183063,51.8519365938387,43.7979111954188,33.8013062576638,25.5935492513197,18.3477273507106,11.3618716373432,6.10547838979124,0.410235035533793,0.369402172258611,0.296356331470728,0.272909228788053,0.296039432781534,0.38437602260593
206,182,0.371559281608082,0.971999802528959,0.101754507569929,1,0.0375618359364774,0.0228368822810676,0.0135818056808736,0.0184559420570812,0.0180780645251717,0.0235079531615265,0.0270261679230661,0.0446250696796293,0.105820617260119,0.187373481923615,0.000271341806755628,5.39695686779383e-05,3.20974373408007e-05,0.000154906602863689,3.20891119817173e-05,0.000194550414026278,0.000303155791332462,0.0012775347406574,0.0043946100860027,0.0445150462109094,0.114029614169724,0.387459606188593,0.0266368423173979,0.0187088548958185,0.148349645886433,0.584860547877943,67.0509777491941,63.948290737727,50.0723902623625,44.9358715180493,35.8181665658899,25.3481839314237,17.2635944011205,10.2751336752484,5.78146210114962,0.403520231658247,0.363928478798853,0.293273979160084,0.284473895868334,0.274988970937424,0.362984048405589
207,370,0.347674273616286,0.987165690150565,0.106531944589915,2,0.0388062125944547,0.0196364600312927,0.0149927560563877,0.0177027674799981,0.0168476023213793,0.0236100015977655,0.0278054007270385,0.0462245465211131,0.109196237536259,0.191738203798734,0.000362868829542344,6.87026892672546e-05,3.66518061843417e-05,9.18293129572703e-05,1.32704217360015e-05,0.000206248632603426,0.000491837208401123,0.00101860016242282,0.00384577562684448,0.045279878322174,0.130408383036866,0.409490674611516,0.0156694733859413,0.0174248016522895,0.0842295030315943,0.513276819749936,70.5525690743272,59.4854026907533,52.8740653956721,43.6916551847732,33.2543312735597,23.3725762646796,18.9730343933183,10.2286180016232,5.82564732270619,0.414539823541602,0.324853368277899,0.295706613539986,0.273969301195216,0.29099290068466,0.385398587028341
208,657,0.218580873789873,0.996695466698836,0.109279596563912,1,0.0405480060852059,0.0195918266092974,0.0197211819544069,0.0167925883513241,0.0190032202621877,0.022567834967444,0.0277422272544351,0.0462588391596852,0.106872943318624,0.18783385264878,0.000313903457081654,5.47563713781512e-05,3.28676235432047e-05,0.00010558507728718,2.69616230748864e-05,0.000179766493064136,0.000463064917384633,0.000650007384164841,0.00437099988108625,0.0530314982588014,0.139742442887315,0.383827524392967,0.0153902582067426,0.0273907290142346,0.0833952266006644,0.499021846807966,79.0519054873687,61.121386443925,53.9145957814783,42.6693865540347,32.052423913527,25.0198467136284,19.1217434077274,11.1838432277454,5.6810187514888,0.418767624141872,0.349919572732899,0.296255950123284,0.282047337110519,0.281803605313602,0.382089906557595
209,343,0.260179279898125,0.985832068073768,0.0958056098072981,2,0.0439761791526611,0.015084064262326,0.0159746068158055,0.0167501718587869,0.0197309695319129,0.0231019427596393,0.027185206469119,0.0454515923480094,0.108770051935887,0.189602816625944,0.000214101132668501,8.1722904245151e-05,2.17358543155042e-05,0.000162418344410213,4.22208997735725e-06,0.0001834464410466,0.000426594566746311,0.000698482993937018,0.00419875753471043,0.0390291922663158,0.129512924031357,0.372509049660922,0.01229925250268,0.040051681944622,0.059415866303075,0.51935215055644,69.7738933197699,59.9702774437588,56.4270060951327,44.9589530975462,31.3902672341549,26.9152681483005,18.0324617480455,9.85911137784378,6.09337941802109,0.415332150441331,0.331205218847126,0.295575306931412,0.272546281678246,0.278800653445705,0.400606757464698
210,347,0.286119596181391,0.981635288407402,0.0982831211476899,1,0.0504452631271302,0.00986243828106695,0.0133561115235652,0.0168826001170682,0.0196140903044411,0.0225340021365503,0.0272874215138407,0.0457800023824272,0.105755727805656,0.1907565077392,0.000394435477396616,0.000126975018120396,1.22407812917051e-05,5.53931640929439e-05,0.0001010689649318,0.000212616149395402,0.000291018725877476,0.00068800485389038,0.00582136986385242,0.0524907565867634,0.133645618781908,0.359550142492765,0.0233693955932693,0.0339592079298716,0.0438049005374477,0.527454311272227,71.8868044520255,64.4812396539352,49.0132880054055,44.1381328569584,33.4914192881969,26.8660480200735,17.4127119108205,10.0026299963708,6.14072423385321,0.395469309426914,0.349504177436642,0.299814852475054,0.280142541611877,0.288994997297425,0.396963067216331
211,27,0.370273946721973,0.978663198605147,0.0971360942222763,2,0.0481568853227521,0.021179427504204,0.014710484578189,0.0173637700280146,0.0191215326802214,0.0227720294131673,0.0249126558120517,0.0458177595883174,0.106623477320558,0.187574648196902,0.000324827738884923,3.87380303931002e-05,2.4881618122372e-05,7.45734158427067e-05,2.26047613918333e-05,0.000185254605852612,0.00041819255658321,0.00100092409162686,0.00365041216641879,0.0426922720655137,0.167774151373663,0.36806339157558,0.0157844883371027,0.0353997988054289,0.0925529305082241,0.473840505039369,68.806952613795,60.4252848249803,52.7442317566414,42.9687908381126,36.0343247760688,24.307788382483,17.3237130225923,10.7470881156848,5.99183183808713,0.406849116552028,0.358113304725301,0.294656133959136,0.264323195541303,0.287927377981527,0.394449861913332
212,73,0.320618504829075,0.995685158580083,0.096753828308975,3,0.0390261636391531,0.0192076002742663,0.0169033980858061,0.0162403984193066,0.0193000970587049,0.0248304635481423,0.0258233255218957,0.0457581812495299,0.107599631821016,0.179937204671956,0.000235684702861249,0.000130684061761913,5.6074376086391e-05,0.000118768771956706,7.22214514517396e-05,0.000231461075869999,0.000266073668379872,0.00131690416379309,0.00369178438926127,0.0418598337537704,0.0997786954569609,0.431065879474694,0.0256812702610218,0.0249225020474495,0.0440786223753351,0.600137785373628,71.556604869744,61.6242873657223,48.6457906613061,45.5860060360347,33.9944848635681,22.8434858430999,17.5998994117442,11.0243419995514,5.9933805533857,0.423617045104994,0.328916534492337,0.296339213576,0.285572503432346,0.302559769766807,0.388997633729174
213,359,0.250653575666205,0.985051489421783,0.0927335811913474,2,0.0491445041633176,0.0228110567456636,0.0154633952989886,0.0161031514988782,0.0183764251754054,0.0240137880135599,0.0281829706451943,0.0441720704811093,0.106493129147256,0.192112518387069,0.000335191108532653,6.83332030559655e-05,1.32307163324799e-05,0.000121887992096815,0.000151182021069446,0.000199835034877934,0.000240774509577203,0.00105001311827765,0.00374798564001972,0.0743834300017857,0.0986402384243999,0.224902562811194,0.0281366846178037,0.0449210108303115,0.0495292755560383,0.527768479494048,74.1678412839904,67.4882038954177,55.0566262581764,44.1008994405074,35.1725292271911,24.2365031837205,16.4644671959388,11.1311896458562,6.57280062288028,0.420323582141776,0.347696715086026,0.293068428444719,0.2804992272625,0.299931851447232,0.385760364839996
214,344,0.385864010071123,0.993784544170463,0.103160822396075,1,0.0399523677980209,0.0138894321057792,0.0133143779366024,0.0196898996822945,0.0190062880158672,0.0231227988719921,0.0257482604480284,0.0458757561173485,0.10654392404789,0.187276197913216,0.000209522381670498,8.76635881330888e-05,4.34804771771792e-05,7.99678939098087e-05,3.23998322984915e-05,0.000114905201374946,0.000404851366008475,0.000928914237228526,0.00463252521243077,0.0416971744399009,0.164695319417787,0.435325408722492,0.0292121264447715,0.0269226792751672,0.119151995189033,0.50286739856332,64.83799997003,57.4001435732303,48.9650060855419,42.6656205446461,31.0311337647697,26.2066776878384,17.0920115716237,10.2685672539506,6.18539605465599,0.420910491492947,0.346777294585565,0.293514234603642,0.274642184851771,0.273114404903065,0.3699528121982
215,580,0.276116746443047,0.996176806527311,0.0940457809332811,2,0.0363572040984641,0.0174271567238318,0.0138282012710972,0.0196756322992639,0.0179648025236213,0.0245643487877582,0.027918244422015,0.0457245294844331,0.107451937166239,0.185157674890336,0.000225578411856987,7.91332465978934e-05,8.75635798188896e-05,0.000123200610120548,5.53210462259513e-05,0.000218515700396429,0.000408438703944392,0.000861979823887291,0.00354990898134892,0.0384255766248061,0.13861625245602,0.440965566797356,0.0323966238978984,0.0430175690913348,0.0967208615045104,0.523766252719903,70.5104729552232,59.7552729292942,50.5759948886307,41.4696347502086,35.1982428818265,25.6363597851797,17.2858429143069,10.7726584831401,6.3096470407933,0.40753368796898,0.375994540608665,0.294026643964679,0.288390830661476,0.272965729362119,0.393022695619997
216,245,0.360179528090666,0.991427969207036,0.0998834506857516,2,0.0465991079031437,0.0141413492631277,0.0165669498160995,0.0178298832874607,0.0188347599643891,0.0240432234336774,0.0266206097726617,0.0456660386407494,0.107995025339821,0.188493495556193,0.000302183435647828,5.80711925105685e-05,6.61100976839625e-05,0.00014140439713512,2.53364798007339e-05,0.00030926689850585,0.000397375897187644,0.000615871091322329,0.00444818102505171,0.0485162676092871,0.0880085267970178,0.501454544087119,0.0277077154736326,0.0184009405739767,0.0875141309691553,0.571307569152063,73.1438160720852,61.2779302498296,59.1283634318358,40.4940017994698,32.1775744370262,25.581594216305,18.7544802743282,10.8046049118494,6.26577754361514,0.433064117902887,0.338975757228156,0.291776959615188,0.27719808743533,0.272983116412878,0.393042320855023
217,618,0.299895380813464,0.97821013896255,0.100130557845143,2,0.0382695758036236,0.0198338786588105,0.0146329227666367,0.0170640454392161,0.0186233997723055,0.0236041451947132,0.0260980103344692,0.0447198495331013,0.108932434471077,0.19048738401447,0.000302588146388908,0.000127133944841698,3.50971207915035e-06,0.000115617782991855,4.59247563782817e-05,0.000272881463474956,0.000439106020876236,0.000814254970359486,0.00407957465215432,0.0702193066228803,0.126565576926009,0.287598004433601,0.00475207102176075,0.0139578250898073,0.132197656323223,0.532074657670056,72.2064244546865,63.0988193647862,47.8720819030291,41.5507502052637,35.8389475602502,24.2745270776939,17.55465045549,10.8627582680365,6.26730457048476,0.412047822144537,0.348750991065499,0.294975854439831,0.276895706043247,0.281627936371319,0.382483960879468
218,859,0.284387405716554,0.981216141566944,0.100820681461743,2,0.0364435969620283,0.011797457668916,0.0177992921131008,0.0192581097800364,0.0190670044950458,0.0224948894664666,0.028074759046105,0.045508563848437,0.104293016973717,0.185362650511112,0.000412581469247554,0.000180740483671369,4.69817121887578e-05,0.000121616300269216,1.84560285367794e-05,0.000154371687329292,0.000345131469322001,0.00151267554038212,0.00347363673377396,0.0416662141740263,0.156261552711958,0.290503072598628,0.0161734538551804,0.0288788616812437,0.0753682324407283,0.512870452482003,75.5562757506535,59.8310694361259,50.4270543565253,46.3381193706476,33.2381696550989,25.2228937844749,17.5343287795132,10.8532854189938,6.1527854173878,0.437695571975914,0.360893478872849,0.29575111625066,0.272192304717264,0.278577995153891,0.381697759408071
219,361,0.298870693909777,0.993528978944847,0.0960559941296714,2,0.0416770200126108,0.0197822285282611,0.0146298152694311,0.0181516201229285,0.0195603551656243,0.0236554071952652,0.027668565526795,0.0444145910398141,0.106834154601994,0.185493571708359,0.0002830563606994,0.000146214712838747,3.15642123043457e-05,6.96955280762888e-05,6.78221031760082e-05,0.000242679545727442,0.000321118936944446,0.00119700365123145,0.00407270241516054,0.0536091049879248,0.12414668871873,0.232028323339416,0.0323134784408347,0.0209051089833405,0.0881759777938578,0.556639121455229,67.5585732644517,67.6027668280091,51.6396344410558,42.2143531724025,33.3838945701188,22.5393096204793,17.607270891901,11.89955750173,6.2546106817293,0.405145438586945,0.35432149746818,0.296464028206782,0.283664081582275,0.278423085366489,0.38789645844105
220,383,0.280896557602381,0.991275427809041,0.0950219731002048,2,0.0430008404309891,0.0189357894713945,0.014675265449681,0.0178969600217826,0.0197277308357795,0.022780512396164,0.0254918746696206,0.044363370878915,0.106896609169858,0.188656034071923,0.000325895591626857,9.08588649394065e-05,1.8168067436798e-05,4.42581323754141e-05,7.66812530910677e-06,0.000169510015960748,0.000422103704640844,0.000943096124338037,0.0043370811205391,0.0740521462693651,0.110991784104097,0.133364564739795,0.00774234241068191,0.0213878914434488,0.145809145220887,0.533131307889397,69.3884536247837,62.6615742880111,54.9917132358793,39.3793574237593,32.7526149504728,25.8221959734332,18.2834675013006,11.0604317067359,5.94224290015162,0.402601015034845,0.362418339001827,0.292883456712847,0.277705861308402,0.288478429230619,0.367106411009977
221,518,0.283496296837864,0.994189802176131,0.10312062646286,1,0.0305797926082254,0.0223126522580744,0.0151583159137909,0.0180661481838609,0.0190932223756433,0.0226190533324333,0.027057903369261,0.0471638033530153,0.105712238274144,0.188578571054457,0.000206351997780141,8.17677241038136e-05,2.50934364488306e-05,8.13596478851521e-05,3.01324961318303e-05,0.000315955171110932,0.000287969951526104,0.00095447153421117,0.00470947324539443,0.0498268834040725,0.119463672648524,0.381631374430987,0.0162153879302076,0.021035619401699,0.195302686609479,0.488923803680462,72.1717488154934,62.9801170748496,50.833719615174,42.4239783497147,37.2929256525637,24.8229600092662,17.0981291543139,10.9974696739535,5.99731757641276,0.392883920074984,0.320868957045083,0.293102514697128,0.277485112881469,0.286332818144616,0.383097336552849
222,225,0.288207433434421,0.994427784066078,0.108957510215154,2,0.0410247727095868,0.0168175950550627,0.0168460421876664,0.0183188750569214,0.0183736754173866,0.0216425419465248,0.0271721012266387,0.0446915078692457,0.109498937520158,0.187977577310098,0.000445918260389556,0.000139539842315974,0.000131777732235695,0.000152882580046492,3.02526260295639e-05,0.000153382011624272,0.000420709851167335,0.00103854777673433,0.00408885979482125,0.0635316677554363,0.090053375842048,0.229395934918653,0.0117048634952752,0.0278443996095749,0.0960131288525262,0.418243802204948,70.3928784482615,60.9259784452184,51.6291082377995,45.370555393564,32.3492409255655,24.1590008982947,17.395269023676,10.305320465616,6.07013120810858,0.430041150846989,0.370373985481027,0.300372792602952,0.267698087991942,0.279554962944676,0.381388187791536
223,396,0.262553768486216,0.997235344666423,0.0932601080671159,2,0.0388129482386275,0.0158200191971576,0.0160784453039934,0.0183592049912535,0.0184363427822573,0.0223603473261752,0.0265515548104656,0.045637369332161,0.108876760536346,0.185661551204616,0.000255321174128042,0.000145378669457787,1.99797785023132e-05,4.40746497595933e-05,3.00399567455802e-05,0.000226018372425694,0.000365278219347871,0.00113242966303252,0.00309462312030224,0.0407181569536023,0.114234212264504,0.228794230771459,0.0583608900714123,0.024713190114151,0.173967924511645,0.51865398256098,65.6992248933183,65.144020629771,53.2071168640342,44.8846053695521,35.0807358815359,24.538650331727,16.628209986051,11.3124770925432,5.84093252112991,0.40148686379346,0.335330286703349,0.296693383761939,0.279778488769123,0.267822523775802,0.383204584915154
224,351,0.315864393491343,0.991881391692396,0.10571054030121,3,0.0381613448505908,0.0104971662178388,0.0144005276410413,0.0166836628022566,0.0180316890320969,0.0226986532962588,0.0273674448063093,0.0443836268555699,0.105999402771358,0.185172307934263,0.000431527725115204,8.98663840393085e-05,2.8939333604045e-05,0.000129198453804825,9.1145384813381e-05,0.000272328567570906,0.000251513025074056,0.000938515239141767,0.0045758250541976,0.0549371317364749,0.120527611602572,0.231227572698521,0.0150216122757908,0.0323167815471442,0.067202929980671,0.473220405526084,70.8936037662769,61.1839568197172,50.2069067490393,45.0037495215003,33.2719859220322,25.0347139590651,20.4769499526724,11.3406420412798,6.48258965523647,0.410537691384277,0.344863851580947,0.295217126846556,0.271706357273073,0.261998009742506,0.382042239849541
225,618,0.294592501846726,0.973995894819495,0.101975628880097,1,0.0370294817213736,0.0140173569727164,0.0154126540023226,0.0181786285483715,0.0190899499076523,0.0246302601616548,0.0272318477043784,0.0464970229220263,0.109427963326792,0.189180124659672,0.000279108469627616,5.77212774994271e-05,4.68668585174824e-05,8.48429196200744e-05,3.93834569211549e-05,0.00021148988555529,0.000488299792800372,0.00074598970312898,0.00367344340078388,0.0390608721923264,0.0973805114273942,0.562292619707694,0.0302828780692011,0.0230123892341923,0.149206041015863,0.599088253320175,75.7392008543291,57.0342593366646,48.2088986669269,43.4932043173505,31.1223883735668,24.3445728178075,17.570927932514,11.2027267912779,5.45937287629483,0.433554735447457,0.330557726523326,0.294598172875959,0.279153875592206,0.28546075847967,0.384408017333403
226,45,0.229433664317167,0.995874752228758,0.110075569295676,1,0.0386546687477262,0.016024126665558,0.0137336264933898,0.0184173621401634,0.0185165281874785,0.0223640012404552,0.0262768187062929,0.0451722266784861,0.107357274633243,0.182457371139313,0.000418825411144708,0.000122680720020375,5.90311529248637e-05,0.000136367929648812,9.95649860864015e-05,0.000230480443748621,0.000286897894869043,0.00066839189572188,0.00391536097746625,0.0600180806102281,0.150963775068952,0.141098794824716,0.0143685721103058,0.0289689476498606,0.11237968557102,0.482480656347829,67.4983566358821,56.0259783548884,48.6922924895179,43.6225887106525,34.1112429153938,24.58193408236,19.2716286209508,11.0905863439333,5.81491975107247,0.435608773016942,0.318781861890022,0.296490740953605,0.277861140018028,0.304110065677314,0.37416958714486
227,685,0.228763037689038,0.975149817812204,0.0985016100929667,1,0.0453893791541544,0.0237297631165179,0.0155894785379187,0.0170478172790122,0.0173176228185998,0.0225848099981529,0.027471102879368,0.0477419438210903,0.109810751553317,0.188943192431897,0.000246538924726557,0.000162859164643421,6.35003503116157e-05,0.000123721271656286,5.13260549828629e-05,0.000191306805302924,0.000543061511885866,0.000799707839217023,0.00325017769377663,0.0290570531777416,0.147386765253166,0.403788793370254,0.022041333834014,0.0705332827530895,0.0707668554220992,0.603480953585407,65.584781540435,63.8916775591142,50.8628059077615,43.0584053258282,32.9476008813767,25.0077950782294,18.040389140132,10.1451455521774,5.97504105073831,0.4328177150957,0.34592324575272,0.296240372668623,0.278157949645011,0.278162744210809,0.391177600134633
228,873,0.304056173508066,0.99133197074734,0.094369838775184,1,0.0482149043541562,0.010022480461461,0.0164614322863452,0.0168697521921235,0.0169898159051489,0.0237961345772613,0.0255860745758419,0.0463256108013995,0.106167159504138,0.190130407916641,0.00037830876672363,9.0143011770376e-05,2.29233912466652e-05,8.22985450002483e-05,1.18647695593435e-05,0.000328991505372211,0.00041573111093273,0.000802827516433625,0.00387893261107428,0.0662667210049706,0.0976777949654696,0.372785120695059,0.0116058950299269,0.0106221651189939,0.084105099481864,0.486671408492746,72.9407105603429,64.9264086353507,53.1881426289111,43.5671619113096,32.3942378824617,26.0708476236585,18.5323799976861,10.2953423432673,6.07666457418816,0.389506949810815,0.328642847736214,0.29499509569274,0.278614439931407,0.300885461464771,0.375642829208758
229,709,0.217107792266544,0.984708499495428,0.0961388351022165,2,0.0400406158306194,0.0141794255431251,0.01593639552783,0.018785889434287,0.0201432175168936,0.0215296635043852,0.0274851962302181,0.0439018716065445,0.107079390330856,0.184450968096369,0.000396941117458947,0.000120884887251046,3.43655618802484e-05,0.000100425730480408,1.93404417206773e-05,0.000128416806548839,0.000352760530454948,0.00148366351150525,0.00491468706278902,0.0472354130411389,0.125646858708339,0.282544160136394,0.00921830174404182,0.0231784758058593,0.0896121076019848,0.552402135573858,70.5197011189814,58.4342762225712,50.7875061781005,39.6836405112164,33.8858107692544,25.2442423229588,19.1018741521459,11.4804194934983,5.76037937813093,0.424191425517362,0.339784435059306,0.295222586646621,0.280842303183738,0.291424716062401,0.380059711721179
230,167,0.203330710679753,0.978793725590332,0.0976165250844806,1,0.0408834075163564,0.0163300180021838,0.0153176562228315,0.0174268801552932,0.0186191976768594,0.0230586559539408,0.027326228301619,0.0464754958313094,0.105740211517743,0.180587484129186,0.000356338650276904,0.000193945694261173,3.3892971955965e-05,0.000155692193841586,6.34785702107478e-06,0.00035313221280303,0.000305638770218858,0.00101379865809285,0.00309019112294181,0.0935078096160376,0.145039718170698,0.24852621804043,0.0174019880685815,0.0229247682175212,0.114956822034552,0.596282484301241,68.6397489463745,59.6626634762279,54.9527880145483,43.9218528441221,31.8214442485341,24.2960042163733,17.3531687236939,10.7124528907281,6.11049531354604,0.426666489110331,0.34955533064614,0.297316725627529,0.28054940136743,0.275816211531151,0.373341338726099
231,68,0.267154502052134,0.984439267952153,0.103035529332719,3,0.0322933772482693,0.0147184915508474,0.0152322123778489,0.017693363681727,0.0195359483332671,0.0233029210794695,0.0262155926111755,0.0449678333953072,0.109086032237046,0.185013041165135,0.000262472643575928,9.41078035103842e-05,3.81941691018888e-05,0.000120931820232181,4.06826131213847e-05,0.000278030348859864,0.000354682566495682,0.00109364111577124,0.0031405793567846,0.0663547926175042,0.148277833699405,0.487000361717483,0.0099371209502897,0.016715993997051,0.0721052708355447,0.606483381082433,75.778855347113,64.1884628605492,51.7723905642329,42.6053199105325,35.1484911104535,27.1145978944025,16.0924138845703,10.4597938861741,6.22036853850567,0.412252243389166,0.34746844087534,0.294461918099518,0.282694451734569,0.297666851175833,0.372664838565976
232,950,0.323280326496671,0.987429394499148,0.103234157709259,1,0.0487769756937637,0.0183990840371893,0.0154686041200593,0.01880420203102,0.0195674972068054,0.0237848506305028,0.0278920797559081,0.0454934730972101,0.107213478163968,0.185239057726065,0.000475162630955484,0.000162612008107466,3.72346564205177e-05,0.000138086168764291,1.54789735241475e-05,0.000179211531579916,0.000478763412035523,0.00060140056986423,0.00460705551653248,0.0386419461488436,0.143933433662509,0.680556531995704,0.0212589364827541,0.0213486359266955,0.067904306308616,0.487270895961311,71.6784319681092,61.6063430339692,52.6398868679553,46.5887022446522,32.8245756256056,23.9809008894507,15.7216413599825,11.3667796521708,5.75004764310662,0.386322201476946,0.330120300725227,0.295612080232595,0.279279191510591,0.305155871285021,0.373593855040086
233,489,0.257061756517857,0.980969245870803,0.10662106439297,1,0.0440143760177761,0.0154863154336005,0.0178724232522708,0.0172629861205841,0.0177245436227871,0.024010902527986,0.0265147645669837,0.0450381627293909,0.108672236192632,0.186952968172759,0.000507298772895378,0.000118878571765037,3.42255973504297e-05,0.000134863481621182,5.92688833064181e-05,0.000228397483427814,0.000266985978848533,0.00104504989434754,0.00425817282997945,0.0541831022676347,0.0971577201395997,0.266849100930348,0.0314529565320667,0.0329374362862969,0.128420138436362,0.521830923293917,76.2781409050596,56.9793877058058,53.5983613269881,43.4216259619843,32.1917785431562,25.9433416595756,18.6812882838577,10.4665473185675,5.53959360428131,0.415416313466665,0.32821534228333,0.294106107135519,0.272063646981265,0.297096788422951,0.370746192925227
234,565,0.301445178806351,0.990828762831335,0.109111574716922,3,0.0382523313808227,0.0154258166340147,0.0165695343369134,0.0183765532501916,0.0195722675334474,0.0233654159484166,0.0273416207602951,0.0438422951921291,0.107134286828025,0.186643395488326,0.000330587412151671,0.000109634427984068,2.37650106155701e-05,0.000129712751383979,2.03471343763008e-05,0.000135018492749585,0.000396270010857049,0.000771725768125661,0.00320283174253613,0.0477505835855101,0.13165256003119,0.244800251010878,0.0264662355877574,0.0220475268333022,0.0888657446282905,0.474586707307925,65.8329362576911,59.9789396837033,57.7182827187681,42.5723545813023,37.6161099307599,26.0080339377223,16.706726465744,10.8353126360813,6.20458130150759,0.419396227443635,0.331542302507275,0.294617284024428,0.288639699981661,0.276096070749954,0.367383068882562
235,352,0.381685911693369,0.98785671052241,0.10157618190941,3,0.0371088745704284,0.0211452128474644,0.0145911379369646,0.0169375908256827,0.0201649581402003,0.0227355214110789,0.0266689309201663,0.045725678053018,0.109345718265358,0.190947449702573,0.000391954709170548,0.000146516372195331,4.00863446165104e-05,8.54884197697261e-05,4.84971908169568e-05,0.00020424803556187,0.000346148200396768,0.00121304555774453,0.00369379947379408,0.0388361678194458,0.119857009016035,0.353436870103792,0.0272537075991674,0.046136846448582,0.116533674500298,0.489832153727634,72.2961045229253,64.5038475908733,54.1097845986908,42.0786104898055,35.3480484613539,25.3874207075173,19.0788823518605,10.8908628372742,6.08073305567746,0.40506687290733,0.335147258433005,0.294304182169815,0.28260130949907,0.289336117347648,0.370520105235222
236,84,0.323077267610258,0.979355472966188,0.104099220039656,2,0.0393110045175888,0.0177859252727858,0.013449307276355,0.0196019341881389,0.018598281920009,0.0234246224541537,0.0263771220220002,0.045279278450292,0.108980683271706,0.185758682727211,0.000239216416126237,9.90540604324371e-05,0.000111250418864048,6.29066446679209e-05,4.46411162116422e-05,0.000147163472687182,0.000488677850995988,0.000824532090005634,0.00393879024569368,0.0465426681369092,0.190574893650719,0.191461532034948,0.0203061013994521,0.0188339975318222,0.188486186045133,0.458899050560687,75.0875110290096,66.4560154666659,52.3991874759807,43.2076070713408,32.0706047275765,26.1178044350425,17.9082697895379,10.8975597118684,6.35043085196883,0.418786709026812,0.349012304501129,0.292874599835671,0.277415177147177,0.275649933149989,0.38445061587631
237,295,0.350935584629931,0.996021785601977,0.0956676918741381,2,0.0382482358042171,0.015543331632981,0.0174719917499493,0.017158942901684,0.0183885910706912,0.0237510687701468,0.0288927386208848,0.0483388394070281,0.10903230138084,0.188228806404393,0.000122635134135146,0.000115666671107053,1.79783076578591e-05,0.000115068802024233,1.76207317445922e-05,0.000223217217766652,0.000319938670973167,0.00111311939398683,0.00409646749151501,0.0429425274653879,0.130519267094144,0.262072054503872,0.00929384803794563,0.0368225230699768,0.140818063868059,0.480658472216266,74.2061749151207,61.5199718691193,51.0737938610282,44.8662221502495,29.674229910621,26.5717172950229,17.0420909055487,11.6999839059175,6.06962517788114,0.412226533440523,0.357809003000675,0.296826849396278,0.286972452631765,0.284856302627222,0.366139669172595
238,750,0.249834391473643,0.987252827985332,0.0922707789045586,3,0.0381460758095257,0.0180789074961977,0.0156190832650901,0.0176674811831889,0.0184820002292019,0.0226670283997632,0.0271117783210048,0.0471549463859208,0.105747115745755,0.18699874346703,0.00029669161501524,8.11145185024808e-05,5.37751111321627e-06,8.45775280866075e-05,3.95515115838619e-05,0.000176948850761278,0.00025091618486468,0.000705715829711013,0.00367918715463627,0.0485636067648664,0.166100673733293,0.3434037820447,0.0307517333848548,0.0406082037364394,0.128851043959156,0.457291735823853,69.7338926883573,61.9821328174422,51.5515846015698,42.1542559508624,33.136462771815,25.0505202278137,16.5712388310496,10.2897762169001,6.17593307156224,0.402029207217425,0.332437704054102,0.293727521665622,0.284723580760064,0.296440404371135,0.392334663525732
239,964,0.303861178179299,0.988409533159727,0.10334440116034,3,0.0476875203227396,0.0194743369185933,0.0149830792009055,0.0194218466752113,0.0185273838051674,0.0235706185965582,0.0260702110894481,0.0464188293701796,0.107568221181381,0.18734001398376,0.000433301475837504,5.5486542442442e-05,7.1275594158675e-05,0.000148940239154324,3.30062685536987e-05,0.000154745137713487,0.000263330406801418,0.000933925118048653,0.00435385654991545,0.0494679034576045,0.105209169935614,0.137517726115977,0.0062361248870674,0.0484758243568184,0.0763419436605814,0.524890536623216,76.3872122700383,60.7192605039278,55.7440382957242,43.7043803755658,33.4607703400006,24.9374583388351,17.8996378926084,10.1430416083747,6.5877417592292,0.444746010085636,0.340936226540277,0.293439588923539,0.277108300710422,0.285525385113709,0.399826496015082
240,720,0.245618736736879,0.989452336684415,0.111974317847555,2,0.0451070082348575,0.0165708189925399,0.015478282006895,0.017184254010246,0.0195289868841939,0.0225515464562147,0.0272395111993348,0.0465388103586406,0.107200550470151,0.190927135410171,0.000280809240537231,2.71096840152701e-05,8.87709504349057e-05,0.000138935618221706,6.40343751069327e-05,0.000201285488844877,0.000218398567492402,0.00092404223374295,0.00374251600096586,0.0683902869131824,0.143649418956396,0.421930801910615,0.0238690194860422,0.0153855859441818,0.0670795345058166,0.516664787128444,66.2648162482052,60.1543991562895,53.2425627837836,45.0281765992355,34.1567460005814,26.3873376923227,18.4972994267976,11.5250298724258,6.35105791684724,0.434298076013441,0.335435778739386,0.29115929939141,0.28197253151823,0.293732946169325,0.381951618923972
241,308,0.235346675337986,0.985679874839245,0.103748194785673,2,0.0494904171262094,0.020012311198052,0.0161136720446755,0.0172777639510503,0.020007661937039,0.0240891317512191,0.0273828642071825,0.0457662786950253,0.109318377326085,0.186969106354412,0.000196812958067273,8.88406872972329e-05,3.69212167407809e-05,0.000106024062441617,4.56842020115977e-05,0.000165373831416694,0.000365435814373183,0.000706838240042709,0.00504692639518829,0.0425750480204811,0.133791895104116,0.124917182152259,0.0287552140353198,0.0175966469700597,0.0601987011110677,0.536198681708558,69.9335272526058,59.692484183213,54.9861277524245,45.7900929131152,36.3211897498181,26.0837159570625,18.0714726909353,11.1642423412718,5.91476681954302,0.39609580889511,0.348041170376305,0.292766937298775,0.291581378367233,0.287067765642992,0.373688700321698
242,262,0.355718669165143,0.977984312024615,0.0872130358511154,3,0.0458016089539491,0.0203370826525978,0.0174109918426633,0.0179675528425937,0.0186610572226523,0.0237468978789818,0.0267328510923974,0.0465327234483985,0.107439933126115,0.190723008324525,0.000232936626294804,8.362192795696e-05,3.71766237132665e-05,9.31863897973922e-05,5.33850519111351e-05,0.000260812507313484,0.000345500936666543,0.00128167904418782,0.002975638192438,0.0546572485374556,0.111345386118784,0.456883241132661,0.0219718880425089,0.023951554320365,0.0898949672578959,0.585126175276469,71.5034159284275,62.7485325303642,53.1543036275833,44.6325238427137,34.7390852897908,24.8611188033512,16.667494749333,11.683545147568,6.75066190622427,0.409142894266233,0.326814089956989,0.297849772327384,0.27423387617612,0.271368795078246,0.36259421967241
243,599,0.318370260678173,0.968979729940861,0.0972425256531985,2,0.0371587047181847,0.0237474056123447,0.0139402526771728,0.0193190081696299,0.0188842033522288,0.0230239011694795,0.0272072814529886,0.0443508705986762,0.10612412256988,0.187142585023345,0.000303863374292788,0.000163780128474351,3.4292976047311e-05,5.01616278662589e-05,3.35372717354629e-05,0.000254621553478756,0.000379291017875165,0.000835250866821886,0.00285068650893046,0.0429102710751889,0.10506742250085,0.436443541512571,0.0463598635862102,0.0381374415700929,0.0532880202703351,0.55702581883356,63.3899468835411,58.066193877097,52.6278187613457,41.6935284790947,33.546838674884,25.2689274501946,16.615929051182,11.2083295586537,5.77983481113172,0.465314686726695,0.347301614805017,0.294256177450952,0.269865411792257,0.293723184020736,0.368075138370188
244,161,0.210099265264755,0.990250690242781,0.0942798105469241,3,0.0333570033823623,0.0147070914660891,0.0164897989768605,0.0190095623373782,0.017554174438554,0.0234776973364478,0.027154484682453,0.047179441975536,0.108537505688318,0.189330785920122,0.000807196087076123,3.32142087148782e-05,7.93117037530401e-05,0.000108260566117428,4.29967064745779e-05,9.72410567821954e-05,0.0004712081832154,0.000875923997119994,0.00305439614758377,0.0429553623530605,0.158736199062999,0.195684443052283,0.00504134996966017,0.0128052737238778,0.101848293068975,0.460159713131696,68.8376418992505,60.9239064602757,49.4505670346711,42.8720217449004,36.0248008009414,27.5171152974501,16.75246995574,10.6966478974261,5.79439469776348,0.435048025961648,0.347005035211497,0.294448620889545,0.27937554265705,0.292604104981023,0.385465792716567
245,534,0.346602499838366,0.981626232602999,0.0986963675309479,3,0.0421861339706419,0.0241150395389429,0.0169834175670207,0.0169669738833527,0.0199637688710369,0.0231049712266134,0.026534010022213,0.0464297311386868,0.108542870465646,0.187108205142007,0.000257129906886937,0.000125829830188937,2.31868160490452e-05,7.0760303677904e-05,4.25174628312502e-05,0.000164241287078717,0.00033353023078915,0.00134462037267033,0.00287185855081097,0.0479804911112246,0.14923823466053,0.199514199713094,0.0175103494923956,0.0345996652068434,0.158550244484432,0.573092546454703,68.7626570236799,60.6842999459414,52.8464600451504,43.888267221782,30.0567814829082,24.6432580311784,17.6684748807528,11.0687929564173,6.13751193790685,0.434132049789125,0.360514814661817,0.291690902950571,0.277134231384311,0.28617935123684,0.387382695809531
246,408,0.265533615770008,0.983957412799089,0.0882391008337258,2,0.0474851265417807,0.0173863733390386,0.0154576240175393,0.0181988916293497,0.018447932844429,0.0215868469684875,0.0272327047593394,0.0452044758708391,0.112509096784653,0.187669045576828,0.000176755479156329,0.000123844442086394,1.92320916142497e-05,0.000120262590669864,1.66710775761465e-05,0.000229207875562521,0.000366874155282521,0.000949633943710887,0.00344867610748828,0.0518289478406352,0.13115569522564,0.160587118363517,0.00353340412815254,0.0308293710170028,0.0944453220301556,0.556314722937189,76.5822120688228,67.5801097052981,53.7999300767824,41.8289697016979,33.0405934101429,23.7561228295085,18.6915083253631,10.6547073378849,6.34943195034978,0.409541071457991,0.337183517964425,0.295966216352283,0.273735403042797,0.26172570678252,0.386332205657167
247,269,0.345775606800825,0.986376154710005,0.101898290609792,3,0.0380984977309137,0.0175911313095822,0.0165135728892121,0.016947883585919,0.0186848688657592,0.0229347249851945,0.0262394398236642,0.044500469199943,0.107374055972828,0.194103515268642,0.000243666967144165,9.88874359729182e-05,6.55191997089435e-05,0.000180481197041788,3.2170960919819e-05,0.000290315556051265,0.000378565741962501,0.000959150639396323,0.0028666497086488,0.0617324642398865,0.148890772853404,0.439029215210203,0.0182687348401759,0.030983478997396,0.0464200182356392,0.449597787762833,69.6031898585049,62.1914708826607,48.6674260909266,43.3962625633616,30.62765771749,25.7074601109363,18.5412090448472,10.6141496771858,6.14182695006274,0.411976936002939,0.343408484849214,0.297359456830351,0.283867889143368,0.286775418621741,0.395775092864065
248,511,0.389910510174779,0.976333270541355,0.096874478324457,1,0.0452833995528118,0.0176664794635094,0.0136473470123317,0.018951244732126,0.0194912739342564,0.0237250195174298,0.0273763590087004,0.0478196798858277,0.107577165666869,0.189220763031727,0.000293230108554412,5.97586187684831e-05,6.17821751568552e-05,9.8711182246186e-05,1.99824894509978e-05,0.000121422841247876,0.000413070171579016,0.000784989448820296,0.00397158872075914,0.0522962787510202,0.129322817608868,0.305799255999286,0.0121089748434339,0.0401965315191384,0.123828578447449,0.562840574595519,73.1712798987013,60.8483706923354,51.7139941851539,43.066434379233,30.9029342499521,24.2180650461924,17.1687567498596,10.6519907915387,6.28176694460719,0.410159819271058,0.346277299354205,0.295761143152584,0.283178587761236,0.280843830425528,0.393558885132766
249,725,0.280328348876768,0.992707771706045,0.100105085767639,2,0.0246910251352286,0.0171594538180477,0.0143566173908401,0.0189384672223027,0.0191963456558775,0.0224841741898474,0.0276897520413449,0.0466409979770045,0.110804465548947,0.188679216154454,0.000383476345318473,0.000125977799270794,1.79505636503694e-05,0.000205517578306807,0.000127579899239846,0.000163190676708642,0.000529425402962666,0.000917495665923253,0.00398946045891224,0.051721492951144,0.0826302166618724,0.429291142245611,0.038993251929084,0.020830835332598,0.0596059101587951,0.620962221372447,69.175422160141,57.8676705991842,53.7769193799425,40.8322181580228,33.6574000980367,26.6356250396529,17.9240821701412,11.3813820017216,5.73422679149435,0.439541779923007,0.360345763805196,0.295111296429007,0.272075888594142,0.284464954667701,0.377452870348724
250,181,0.234642092954734,0.977468403549459,0.112090774476837,2,0.039283364499684,0.0190040335760338,0.0146666746053182,0.018154106531251,0.0200200414482014,0.0222830219955272,0.0279670435449872,0.0451954539969858,0.108922997186909,0.188476466174137,0.000297379657811355,6.76330915202194e-05,3.14963332652876e-05,0.000108913373175901,4.24376249874695e-05,0.000197986888694064,0.00038114932591033,0.00110939869978774,0.00355845961168112,0.0534547914805167,0.15516791668012,0.487516385556423,0.0305257030973662,0.0414473883721473,0.0910100726718486,0.510393384283692,68.7236787439162,57.0531553347546,51.5884656922029,43.143096271847,32.4721704783278,24.9616495569563,17.8157371976601,10.1501143562664,5.77292747892048,0.454599948177598,0.330057793736667,0.299991255288332,0.284403962120103,0.280803545443666,0.378634998976789
251,780,0.333669148748634,0.976877365469681,0.101031227065488,2,0.035894236892934,0.0151592772010653,0.0151189335034792,0.0190526974235952,0.0188969515295674,0.0224464162662974,0.0280662715852663,0.0443228611057249,0.10860548248306,0.182985906776356,0.000207296267609438,0.000223441321589753,2.33604927969402e-05,8.00365282773677e-05,2.8418822512484e-05,0.000165895779399689,0.00029676507210604,0.00127379392342954,0.00342897019568969,0.0367407256337462,0.11915139508016,0.138645826666517,0.0148470536076413,0.0383295037913689,0.0783383485338846,0.555458942445731,67.0964689066305,66.6082367326121,52.8006004499412,41.7059741342568,34.2369107547015,24.3594311712469,17.2307550399977,11.4116521982467,6.29206264286963,0.417866019323302,0.368868628971838,0.292193904396268,0.276503409678235,0.282594026579003,0.378665989135859
252,21,0.258589357606025,0.987500615381278,0.0962347789186311,1,0.041322605537026,0.0182645538801838,0.0118276329476678,0.0189238864207809,0.0194413478881073,0.0252321160605571,0.0274015817002639,0.0449139246673939,0.106720798346327,0.186902676792954,0.000333772410993798,0.000192925911083996,4.07273551740388e-05,0.00015784920477342,1.90936372386692e-05,0.000175087701779786,0.000336568627525701,0.000837681810172292,0.00433865616299399,0.0513834051907265,0.192527388725043,0.294299545184055,0.0182100122700807,0.0408743217821412,0.107493775323826,0.440722134117514,74.7894873596554,60.3389551574294,54.0598561116129,43.2428554529085,33.1750701166224,25.561295107152,17.0163030094267,11.054979596395,5.91279887935623,0.425189913845852,0.343508141950121,0.295922280982127,0.275217386620732,0.285576114883238,0.387004410823578
253,149,0.311953436367017,0.986303117158965,0.109712131995455,2,0.0380020567488308,0.0192887023594425,0.0166836956376359,0.017886186270429,0.0198983418182404,0.0237689744989046,0.025864364441826,0.0465222747810519,0.110469120784689,0.183877874408409,0.000350976129780326,0.00010593419294835,1.34016677826311e-05,9.62885124378502e-05,4.98447394154416e-05,0.000167101716593328,0.000600633156668498,0.00128094969333884,0.00359459850656407,0.0554539974610468,0.12141302115606,0.16179926461733,0.0166784252720934,0.0153424245768706,0.0703297515173676,0.497231292852926,72.8592825457461,63.0945290527788,53.5897615953116,40.0445316366877,36.4088558330469,25.6558896430587,17.0005678630324,10.5158865894694,6.31943517445303,0.384528874887143,0.357375066683461,0.294491181906119,0.273891833891068,0.282435621603512,0.34783714484324
254,447,0.337359434227411,0.987622931712203,0.104554526627588,3,0.0424064420332523,0.0219416782078642,0.0143721747857084,0.0184531612916711,0.0187500648117407,0.0230166270176014,0.0269838786456019,0.0467362527658073,0.110942525116097,0.190701077082293,0.000317515968235676,0.000200971544109211,9.1915643536221e-06,7.5809347812313e-05,8.3590922653955e-05,0.000216179764359256,0.000389089668572013,0.000951519635471655,0.00376834044271638,0.0525928312611111,0.155564547269227,0.238417137142117,0.0188262697988721,0.0230983187870795,0.130480615722971,0.565174093295166,76.6110438125661,65.0571832042758,52.3163873851658,40.6144658348503,33.1407342859976,27.3596620151569,16.3750350676172,11.8732152269845,6.17343990978867,0.444791858651965,0.356209990304932,0.29381896611611,0.281532470903236,0.291123048139165,0.362475822895895
255,481,0.292840962021137,0.99546791943045,0.10610066233065,2,0.0353396997899548,0.0148647310934647,0.0182282033337453,0.0176731666354981,0.0204472746330883,0.0233909606078272,0.0265301864542186,0.0449607604874819,0.107847164456354,0.187048487485346,0.000345286220934529,0.000116698627326572,4.43141223666779e-05,7.76762117338239e-05,2.12487059737686e-05,0.000230721028920285,0.000286806687081567,0.000895132789186498,0.00329314586796155,0.050021382241998,0.138737246052551,0.246233319105333,0.0121313780454378,0.0191214359806658,0.176332336168899,0.583579526719482,74.3308693571039,57.4893409151888,53.4896808387693,42.4308400466976,32.5095096691486,26.122039873377,17.8984105347832,10.1797849959168,5.92537842660438,0.43551382559162,0.34214932247766,0.295717316036243,0.277614470915764,0.28534680954209,0.381494117986632
256,779,0.336387509333166,0.983374506191662,0.0980484708229074,2,0.0390516715207362,0.0217019491687666,0.0155457893870472,0.017361652131273,0.0186742896927619,0.022821965616799,0.0268293996288228,0.0461965145755506,0.10916700550573,0.187319121446354,0.000236434742637181,6.8898441570889e-05,4.5658942280225e-05,5.60687224086251e-05,3.79822335192044e-05,0.000263649168015151,0.000326287934874544,0.000762457635804496,0.00373645883398642,0.0554428999174166,0.174066008480638,0.318479228854965,0.0201196303073278,0.0447174765196554,0.081213951953636,0.479446721258899,75.9015848927324,60.6977239515208,52.6963184345624,40.9572059856069,33.0331725670226,25.0615287305999,19.8321790658136,11.4131520686412,6.19690503909632,0.431691806496026,0.332132164667983,0.293481192696207,0.273717826449694,0.292446774634682,0.384028445754042
257,504,0.299456307708563,0.987078972455517,0.103207032993751,2,0.0394171674235543,0.0234829881259843,0.0142722100836906,0.0183748684993638,0.0195425301959959,0.0226349268776816,0.0277833450460907,0.0458137535234608,0.110142212045394,0.186682696493702,0.000169227195324866,6.96776911343426e-05,4.27206957841244e-05,0.000118080252045483,2.97115486998222e-05,0.000197703745839866,0.000271542283844496,0.00107429855642821,0.00410091173126571,0.0658066294077354,0.160292091630951,0.292064979735327,0.026311774870293,0.0480090202643524,0.138259118795299,0.568476592946396,70.6772456043091,64.070374751867,54.4594061727611,43.8255982294839,33.896109502946,24.4742717805835,17.7653969442095,10.8721554490099,5.78930024171423,0.413051470399795,0.357070093346697,0.293315876735482,0.279278535105619,0.311178260630557,0.362149220241057
258,925,0.31292786422075,0.980541866410884,0.105523296935568,2,0.0392014188360863,0.016489833105881,0.0150808403212943,0.017294185887447,0.0196023948856353,0.0235893289734866,0.0274216411590819,0.0473901047037351,0.109414124030727,0.190349959698531,0.00041997870030936,0.00012026633431833,2.68930810874037e-05,0.00010322070551976,7.68314033268298e-05,0.000254097217838203,0.000287224544904154,0.000865680394640198,0.00534109087505571,0.0482020555111365,0.181889623791989,0.247822625352752,0.0896043523407932,0.0252851968581842,0.187237709092825,0.465183293176797,74.3414659213528,55.2099528272513,54.3924063459877,41.9069728593551,35.3199622005012,24.9488463891982,17.2059008821851,11.2169204852104,5.62582145721333,0.428895789914837,0.34450242496095,0.294705992829876,0.277804658632546,0.294649511298521,0.380142548642405
259,155,0.332621913330996,0.987419636369545,0.0978840180393505,1,0.0409897148754124,0.0161399375057302,0.0162312452941655,0.0181146827735311,0.0196856604789383,0.0237459789408518,0.0269037182303613,0.0456537222212963,0.104440235166494,0.183050547984091,0.00015732525086916,5.04282773515099e-05,0.000113645927575324,0.000165116322492588,2.46122335353518e-05,0.000193016831509312,0.000366006907317829,0.000910311839821303,0.00457366127193739,0.0520472473902862,0.120712501947029,0.244625264237713,0.0170483782216902,0.037206643478931,0.124058590141531,0.535125297169733,66.3923753997936,58.810333421258,57.9070543078566,43.5475198612579,31.6563644669926,27.4002617459948,17.9374523881016,10.0327794466464,5.98845836085563,0.416518360823393,0.350432063542988,0.294123243428895,0.281224174177026,0.292095414532664,0.374227259444571
260,854,0.345266804243146,0.994262336811046,0.102722660244049,2,0.0484861383292695,0.0169585092491784,0.0151018540493343,0.0176034191879312,0.0181253470002412,0.0214491489638624,0.027191990678255,0.0458680480150262,0.10915430300292,0.18998225259177,0.000403322410708204,0.000159511701836549,4.80448320385473e-05,6.13227780628746e-05,3.53454580962291e-05,0.000170018469671837,0.000407530771830872,0.00107897361064162,0.00446695111899859,0.0576407659455948,0.137342772066835,0.220130210330514,0.0260977213666314,0.0375541915377736,0.140450465217048,0.458554487239795,73.2431192543157,61.2120680476284,53.7590125106124,43.3204867017307,33.2737971803249,24.667243432403,18.4053270511704,10.3890926887782,5.96838134215089,0.399844532304472,0.330757131571896,0.294674931663465,0.271885995298619,0.275500870213051,0.392678458316583
261,183,0.320736414772746,0.99150173761694,0.103924990636582,1,0.0337770817987732,0.0164651035348003,0.0173948784272161,0.0166950227687816,0.0194333190490603,0.0227019119559937,0.0263546039143068,0.0454980467753744,0.108077805501345,0.187250929665969,0.000308197916459095,0.000101943938157237,4.53955165862686e-05,5.42088102005688e-05,4.30345253418777e-05,0.000280044190481192,0.000357641417135634,0.0011916649609108,0.00293377126898486,0.0325952393487693,0.129182431456571,0.279225351588869,0.0105597382601472,0.0156465486604207,0.0865989779726634,0.470884314243815,65.7603873185732,64.4261532216613,49.5980376443132,41.1839211315205,34.7217915247567,28.9199874072715,17.8307699199857,10.3337999484517,6.6155435460108,0.4161049242249,0.342763363326073,0.29194760769398,0.286585541623607,0.291983095811242,0.388313169684226
262,814,0.250839968999982,0.982645686531941,0.105373758504015,1,0.0419703930241772,0.0132145944911244,0.0168413030664963,0.017749475315964,0.0183588041051536,0.0232123813262539,0.0290362700492667,0.0469921464289851,0.106189031050991,0.183306691510705,0.000540217035959983,6.48192494783411e-05,6.68904587457245e-05,0.000125545893916999,2.94832454839904e-05,0.00024298097086158,0.000410359874043807,0.00101319357125877,0.00314529381086883,0.0543656613643952,0.161832562747009,0.48345512533103,0.0128491625897221,0.0222551562643442,0.159399176942567,0.593233670940629,72.4310236101665,64.1079460863268,51.6442857837414,43.1761415170871,34.3551499886628,25.1275550147623,18.3066873323916,11.6393479594348,5.75421556311172,0.422784299007904,0.373958683709773,0.296523953272153,0.276658701094144,0.261966346598041,0.365923476254943
263,843,0.340877693689199,0.989709435416226,0.0912739477303151,2,0.0315871478649119,0.0205649332735648,0.0146163650971301,0.017854358334058,0.0190833698096445,0.0221448841313494,0.0270867618144853,0.0468894307052005,0.107563541695785,0.182206323821215,0.000250308129340069,0.000216537334922279,8.94296175052855e-06,8.32987436091737e-05,1.68278480782938e-05,0.00023634543389319,0.000322707997627658,0.0010532623930835,0.00396761795295746,0.0604802137047905,0.115579113985826,0.254836007963087,0.00732968199553488,0.0195393685358327,0.101096993664103,0.536092922556123,69.5490029905389,61.0344566529162,52.1595331984424,41.0039570944006,35.0441993310338,24.8590663587332,15.4819523589306,10.8435515331104,6.18022131091414,0.443190192342119,0.357243605725988,0.293428500007152,0.278031401158395,0.284745910740599,0.377922719606815
264,976,0.339748676550742,0.979389731125232,0.104172768857445,3,0.0367071007688858,0.0167340999453162,0.015301436363063,0.0183265644604118,0.0186444002784528,0.0225996738790353,0.0263057458576232,0.0457713902936707,0.11035893469826,0.187627811894766,0.000576076369693267,0.000132181411540283,8.53799089011935e-06,9.60778831293604e-05,3.17352251617192e-05,0.000281895948010085,0.0002781512187824,0.000594422598995452,0.00421470560869991,0.0651459153049734,0.14551007880735,0.253059494882606,0.0174473339417093,0.0132929834488724,0.0885008958876637,0.539183214369353,70.0982078751602,62.4209658391696,53.6151520819271,43.3873183799308,34.489090205087,24.5098334346742,17.7091093000286,11.4906348514894,5.47327152000876,0.404632125030959,0.324222878760737,0.298386995786615,0.27982272986259,0.291721693406432,0.40382816278454
265,646,0.353861963047071,0.993522776217788,0.0941770514718096,1,0.0383845271801973,0.0148230402128042,0.0177081063317412,0.0177645281650226,0.018645330077542,0.0223517483755265,0.0280521966229308,0.0466678156400258,0.107741484459199,0.191204544130469,0.000276651568751654,0.000233029770161751,1.12307293611496e-05,0.000124741060892858,5.03898400428529e-05,0.000170280372182965,0.000354833361126181,0.000725082607068835,0.00466422467933582,0.049323871074656,0.116029105041395,0.152526421769894,0.0149001332039989,0.0195758994706956,0.0744050049180719,0.501968884900023,78.4296561443217,57.0083081905778,48.7919862717712,40.4384747428285,34.3422100040818,27.4497043123206,17.8109758740351,10.7785926837457,5.8687703670449,0.420065987738433,0.318105101461375,0.29342279798463,0.28324103289013,0.286733766986154,0.364405181743235
266,323,0.386856999656338,0.989761019947261,0.0972276728063404,2,0.0389776390224715,0.016035097093112,0.0151902084635551,0.0190465813053994,0.0194024084605838,0.0238840734450945,0.0277647973889157,0.046287674444067,0.109748226870624,0.185691114700563,0.000274373503716382,0.000116595832953095,1.90644832159796e-05,9.83730569302343e-05,1.74096038056603e-05,0.00016660983553225,0.000409312277841912,0.00102360132762777,0.00406516360375353,0.0465602979970917,0.122858937979128,0.347829313817309,0.0130434869490911,0.0456156055259035,0.028253081028756,0.617489283886217,73.4444792989877,61.9257401045891,47.4621305414992,45.1875105416183,35.8909636432239,27.1333298066881,18.5362548113348,10.6699621375126,6.43656787642121,0.41698003279829,0.35495983261302,0.297256098750412,0.276667813269994,0.278973007818226,0.402118910599836
267,405,0.321968496900464,0.993064415456263,0.0984719744471903,1,0.0408365555394468,0.0136678463385519,0.015222322438506,0.0172080341297868,0.0193813767867494,0.02332598222282,0.0273134204347036,0.0447694626650126,0.108386248391883,0.190252240408559,0.00041605144551313,8.67730035948925e-05,4.32878914856798e-05,8.94093908315426e-05,3.78984338441381e-05,0.000261481078066085,0.000344151433067725,0.000838996860869055,0.00376548716759954,0.0399578632944494,0.167109696033683,0.30961016058742,0.0171592387871677,0.0245196334414492,0.0618205800884932,0.568445719691991,72.5562357390401,54.0663356624954,54.4240101133357,45.6799063600253,34.1373879525359,24.6542054419477,18.5980347055867,10.9369522612459,6.51959830047825,0.411255079915092,0.354836885149389,0.293446677260395,0.288205163258364,0.288199912951112,0.368175034672683
268,909,0.350662064378105,0.989853042238439,0.103369012093023,2,0.043109351765088,0.0127520025529206,0.0151513892190038,0.0177454974827481,0.0177627471881148,0.0227929871855887,0.0270602552065955,0.0448163224577281,0.106409298704885,0.185880563013789,0.000290307803547927,6.50969412529095e-05,2.42247046470336e-05,6.27113599812302e-05,3.62451317673265e-05,0.000198629808134802,0.000507177214516269,0.000981309463963776,0.00318584955754861,0.0496869148087904,0.175440035688869,0.0888189525790035,0.0139212973999061,0.0287334729626613,0.0787902275249657,0.582116184655692,69.6923115886888,63.2215371905418,53.7668717997402,41.5249201980712,33.562941968397,26.7496209892525,17.92150386359,10.3392314107984,6.57088518931079,0.424610722516477,0.337028270615621,0.294577119059973,0.274063136721622,0.294275596399345,0.38228493371262
269,211,0.262738709035756,0.990021167413665,0.100380897064636,2,0.0362309332051237,0.0217513618465137,0.0170257957645613,0.0179569447054168,0.020533373783969,0.022020675669105,0.0268900764607719,0.0447342944290999,0.107976130334457,0.188106843473872,0.000417527797689064,0.000197729211535332,5.34016346327895e-05,0.000135594954959112,4.68782826596628e-05,0.000215725029207164,0.000310719550647171,0.0011999258540353,0.00382133794812245,0.0614698340525105,0.0738300705932915,0.349285903327048,0.00513503782226334,0.0202992050793114,0.0972308628386105,0.484445168098616,71.2685824815402,56.233180074486,54.343117631977,43.6132118804027,33.122363212852,26.5809820383179,16.7620486434446,11.1150915106513,5.95302590587327,0.385747898263097,0.323964531672451,0.29716014495535,0.288948137092502,0.274316994655056,0.398298607357038
270,684,0.384019251579183,0.980038652353895,0.0990290197389661,2,0.0361511720027422,0.0229946818881797,0.0166181781514193,0.0167427155833059,0.0179802499149795,0.0252590095583607,0.0271345064919668,0.0453781903552423,0.106792889653428,0.183218543057128,0.000242732977309566,0.000141624737683665,2.66113127451555e-05,9.72102334463146e-05,5.37991501109294e-05,0.000243493841167003,0.000379561728602096,0.00115469864124976,0.00382981424618386,0.0801411416038624,0.143345989846029,0.303551781095463,0.0102055382304637,0.0212848399698097,0.153324463817452,0.509191942185353,72.3630511170676,58.5013085560337,51.2811677011716,44.3650973441245,36.3951094788412,25.8173101753939,16.7031796313862,11.5153017717237,5.68795384998239,0.428694596840577,0.368269818351238,0.296224777938293,0.279494826466995,0.290530502532923,0.369892102583223
271,296,0.309434368780369,0.998377297111366,0.0993014959279054,1,0.0437992080058044,0.0205468687317092,0.0164205376847021,0.0182177201635892,0.0192348272828456,0.0236154808609234,0.0250764900141556,0.0451205068158122,0.108782593906289,0.192194540012205,0.000453998102613571,0.000105170263468854,2.26664328084536e-05,9.96644615473627e-05,7.17667747410095e-05,0.000252352934283097,0.000323342697783055,0.000976159622003061,0.00351484784748419,0.042331145551014,0.0629953825219264,0.122757185742133,0.0126736359315446,0.0128685837597911,0.0789959748317023,0.557533202240227,71.2342823816671,60.2979208170268,53.1895300872546,43.0824087928435,30.0116995276038,27.5627812238262,18.5180453324727,11.5750882449893,6.22288375387656,0.435674442305119,0.345503207222936,0.292563953586192,0.276012816351965,0.270581432779323,0.361473075917021
272,510,0.404735189343057,0.988612137445688,0.0927938889407237,1,0.0348080273546562,0.0192273691747139,0.0131690974580366,0.0180616737179252,0.0180119109888799,0.0248144788281681,0.0265950281548199,0.0466805280845289,0.106316878979643,0.184462928514451,0.000280195029849567,8.04571471256908e-05,3.66864320907859e-05,0.000103172964258581,4.76209125191425e-05,0.000218325048875543,0.000407792839982322,0.000988003483680581,0.00416644264840595,0.0443454858739292,0.166050175512061,0.222537522727455,0.00757941895254344,0.017728028658134,0.105483846997456,0.515341811910622,70.0480443739714,56.740087134112,51.7289218626884,42.6483352395404,33.9056847251659,27.292188347302,18.0729533543969,11.6148718216327,6.16139687520345,0.424244238415406,0.337145281795939,0.295649459634708,0.276645160634063,0.287703936899309,0.379582103891025
273,57,0.236747787517601,0.98972425778783,0.103620022345193,3,0.0376548494493585,0.0203031623792086,0.0195454241586241,0.017653477711761,0.0200143244359263,0.0257924449949609,0.0251174178337368,0.0460883443532742,0.108899309061003,0.188452960234498,0.000355668849160762,0.00021276910189192,6.90316139673181e-05,8.71069522225725e-05,4.86701045595889e-05,0.000186955726972059,0.000353396667524196,0.000961519425043496,0.0022569309356394,0.0371962373607905,0.160636033709264,0.210607072506284,0.0204647977425588,0.0757852438552378,0.0819942074688811,0.594315576173848,68.1478194970259,56.9174333495725,49.5752174438763,46.206179388968,35.5053406764196,28.1746503036506,17.2487692521829,10.8788157424446,6.16303499586723,0.394871665997681,0.363625199616787,0.295976709140866,0.278570935803878,0.302763992921668,0.380003702823242
274,24,0.259622468959374,0.988679102431944,0.106875822325818,1,0.0399347678313144,0.0144395741519249,0.0131053124642324,0.0191942853334282,0.0195187309138107,0.0230015390975118,0.0282483218658464,0.0469588803738971,0.109834126926611,0.190180598796094,0.000391624649297492,0.000188768826209042,3.36619682411052e-05,5.77872329374652e-05,3.40638763819237e-05,0.000130921336836271,0.00033608298743694,0.000801677211613953,0.00279899771786318,0.0410001061957906,0.1482817411106,0.505917903481504,0.00730570989922166,0.0133854006287209,0.208187237933504,0.577265775976032,67.3336542105699,57.7697854291371,56.6241328164045,45.7360902213135,31.1708801314253,24.2692322124225,18.3362128108481,9.94847396571108,5.91622293134195,0.407563843351486,0.340570725777276,0.294473475670211,0.274257501390346,0.29352804007617,0.384369251195695
275,680,0.311146677377025,0.981328983234357,0.101229078293777,1,0.032130871969407,0.0155302772675586,0.015049018026627,0.0169220973498567,0.0182079367827194,0.0235437300766735,0.0274795142651358,0.0454219404072312,0.108162168749193,0.190398663084455,0.000150040573198293,0.000132996811921848,7.8864237817673e-06,6.64348822997981e-05,2.90824707389366e-05,0.00022514694421044,0.000417070731672561,0.00132530189933557,0.00382343460455235,0.058836916480703,0.137820701340376,0.227165559375333,0.00635424896646894,0.0226063573267261,0.0869096925855364,0.528382836373113,75.2920386578534,57.8082697006859,55.1768961517157,43.0531238514345,32.3884181031869,23.1904117073307,17.8703875802347,11.211064424442,6.04876802204465,0.423457749207329,0.3361259834838,0.296429828158695,0.27175916380704,0.303853828239946,0.405579484726161
276,246,0.271380039032875,0.988575712526034,0.107343904849742,2,0.0438802820980208,0.015565790442668,0.0161628044474734,0.0179776659273475,0.0182175419426729,0.0239748957370005,0.0265123319469269,0.0447250363998203,0.107708392314461,0.182894440683839,0.000399301839136755,0.000110073566875264,2.62239092755108e-05,8.57069753338656e-05,4.02464080393703e-05,0.000206402768989259,0.000288415127725293,0.000904643234228603,0.00440065661929679,0.0470911838069747,0.0913917828433332,0.251836054542325,0.0107556550003159,0.039504098028891,0.084787119269023,0.495432440266914,72.0823893384988,59.7828576881773,55.6769871797889,41.9306480385512,32.6371536645448,25.5749669770437,18.8488811657627,10.7906804126578,5.91533882290395,0.404333204487045,0.363074199399127,0.296951417128925,0.283958307309455,0.275552920732839,0.373116717057896
277,607,0.294972013496821,0.987693044278834,0.0968250059395464,2,0.0462980536739173,0.0107181293420728,0.0149616758713092,0.0170917717774628,0.0185423911056604,0.0237053741760536,0.0257169922420908,0.0434408797141121,0.107602606601277,0.182266791053037,0.000257816482244884,0.000135246152149152,1.06318498170985e-05,9.14341303106825e-05,6.10969981723494e-05,0.000211649520658855,0.00041988015418277,0.00101302072908346,0.00470188557944537,0.0408804956794039,0.151591695877528,0.390008537891214,0.0140187262985363,0.0458522534245917,0.0903781183362642,0.664367473319942,69.9596052858244,59.1791678386488,46.6624814991219,42.1680871713304,31.4283148032295,23.2071143415956,17.1299567762144,10.5244915576305,5.92723404453252,0.401822380714316,0.359127581273145,0.295588136262888,0.279979267926047,0.292469846038056,0.366247026399704
278,497,0.143695269965891,0.9963298540819,0.102459781519944,1,0.0349697170133123,0.027283582250458,0.0167491582170503,0.0170748354028326,0.0197362425743103,0.0224611531594066,0.0266031769487692,0.0460756563721391,0.108451241693612,0.184607349604219,0.000146889572340795,5.87208637391884e-05,5.12013021475677e-05,8.27393584149815e-05,5.41002312593961e-05,0.00013865482795423,0.000366595860460013,0.000948950817370631,0.00389437500749526,0.0678209890797281,0.111102310884079,0.34582310007219,0.0205192328506453,0.01712775681331,0.0730941737271494,0.5437843163393,75.8100269998687,63.22627895707,57.040906059101,44.1234596061409,32.9895457425469,26.324832970426,19.3607400282698,10.1877130031757,5.95029068509042,0.440024517958266,0.342565907213441,0.294639745099752,0.27331066595777,0.296444887892444,0.383702466204159
279,863,0.274890731375351,0.971261365141211,0.0901047310334384,3,0.0361766990402006,0.0131396399251427,0.016335579757241,0.0164987790256219,0.01814901389115,0.0226825636038737,0.0266299922129584,0.0450761018086405,0.107669907577174,0.18678748205215,0.000298147268831716,0.000108979917655693,1.44550834227432e-05,0.00011304424789704,5.21677878370359e-05,0.000119293933612757,0.000304679895053442,0.00101193246846512,0.00360661710728074,0.0462097409717716,0.128613262076714,0.395322662718839,0.0081672745593429,0.0154744791932269,0.0624971582048714,0.467284653075487,69.4703880263934,57.3042257498092,53.0475163947578,40.4351384247731,31.8486477037823,26.9436831007698,18.029425237502,11.6228741561178,6.18662505199864,0.458997441953865,0.361732472309811,0.292749675385762,0.275562847824706,0.284867786324195,0.356299791952964
280,718,0.207347163409731,0.976568087527212,0.0952262264639286,3,0.0391022650774868,0.0250977473341858,0.0161642826768321,0.0198327380955244,0.0190942553252856,0.0235451986704559,0.0264654386631966,0.0470104285798099,0.108289800922347,0.186187102447196,0.000328480561520827,9.70025923790702e-05,3.2284644287641e-05,0.000105823399815693,4.87382305240778e-05,0.000221345476104557,0.000289242338304064,0.00137735173027356,0.00345216333951128,0.0436719761623152,0.0939804228424956,0.315834311196203,0.00484989848474508,0.0300432346208205,0.0887658619382701,0.601217021772406,69.3364154760092,67.3352501074381,58.7251925462079,42.3604843646739,31.483104291058,26.6958709439838,17.5955647156816,10.5282724508526,6.08296699388172,0.396059588135483,0.355959674437459,0.295635225196521,0.278738908461043,0.28820515925436,0.384000250379593
281,667,0.341642606219118,0.979838083921058,0.100011619723077,3,0.0374092118334287,0.0188261267175998,0.015431843546263,0.0181679941116023,0.0191730117967841,0.0235722522395253,0.0260794683379165,0.0442057861682515,0.106406765860069,0.189731362920402,0.00016240737583993,8.41248888520379e-05,1.45222775875816e-05,0.000103076361678392,0.000108859785401716,0.00020763209312266,0.000354479852561662,0.000967891349825203,0.00400971689322389,0.0639487010371317,0.189667868908983,0.529403304969933,0.0570248955557183,0.0169480127221603,0.0938939478375932,0.536613123122453,69.8063754878456,64.7750682357129,48.0858029663743,41.4330233660127,35.8609738228819,25.0296715469668,18.5536400592819,10.9236896835553,6.27523588489945,0.410622508910563,0.311605571486774,0.297924475273182,0.27869278618532,0.276798508242992,0.373041065125196
282,955,0.313635227775995,0.98047599141159,0.0960438760905286,1,0.044310542971852,0.0201701870615951,0.0155597004683616,0.0184014501772872,0.0192416412616591,0.023657241143923,0.0266371430282072,0.0459432512274056,0.106120787669368,0.185948504623683,0.000226804223367609,0.000134622733831505,9.7892553115266e-06,0.000144085917385288,3.39357192682805e-05,0.000166758614512449,0.000324247920884261,0.00118671933792919,0.0037346582539731,0.0650289880546824,0.0846771302327963,0.207720573886988,0.0115187085244898,0.029147110934649,0.0559684576049725,0.600890293889847,68.7746398263998,61.2043570830316,48.8757324027429,38.8779326453601,32.7824084091229,23.3681094412797,17.5263899686137,11.203671810197,5.96608224417374,0.424548434790837,0.333331973309304,0.291340156136239,0.276797354561737,0.298596395998523,0.383863594318166
283,520,0.290577447059168,0.9811004283665,0.100197597712192,2,0.0424394204465253,0.0142874784187017,0.0190412368833535,0.0171339917358486,0.0176440742347625,0.0234607652358292,0.0280341125118874,0.0458623738285096,0.108251714972911,0.184074215538616,0.000272115438417775,7.03665090269601e-05,1.01733500621321e-05,9.53154700469365e-05,4.62431546127334e-05,9.64862769116139e-05,0.00049733270082288,0.000885039723219504,0.00497777643991741,0.0473952394182839,0.1263303482031,0.206027550714002,0.00967454238527299,0.0166396967044589,0.176752567801658,0.549935726575656,74.6929964430388,65.9736119376262,52.7841091324825,41.0539758272015,35.0232544450504,25.1836742139457,19.7011012894608,11.1437218348813,6.3654981524418,0.402108876608538,0.337599898181164,0.294178361376952,0.280961907830181,0.282220174203574,0.400224261043222
284,589,0.267576030856466,0.997976410235639,0.0962733332515918,2,0.0398893968217795,0.0161074794582919,0.0168589380850711,0.0181605756704871,0.0192672986394289,0.022717320860295,0.0267927037995878,0.0471072242117617,0.108206775899199,0.186957544236927,0.000372659683344854,0.000175879634525048,5.32800240943725e-05,5.68478216770685e-05,2.51072931972698e-05,0.000198475341567292,0.000270001160177929,0.000911939910667021,0.00292118050396002,0.0554134460450479,0.123015082717857,0.164241765694923,0.0161413195939475,0.0326204561808889,0.087199739891963,0.481529697284881,64.9811901086788,61.5333859413149,51.1219731749936,40.2733172969549,33.1692828638152,28.6423358921421,17.6377533166265,9.87084911866099,5.9391837669897,0.413489354088455,0.332544733976331,0.293293565275576,0.279063320803512,0.317503765590997,0.358129932218364
285,980,0.279097396562128,0.987950796517043,0.0997574199616726,3,0.0372663062000267,0.0165784803059782,0.0148435435184301,0.0168736398456639,0.0213586161883023,0.0239870880308981,0.02614483056945,0.0442515781211766,0.107612835363313,0.185548599906903,0.000384001821057224,6.71155703071464e-05,1.70176805085465e-05,8.25256404666625e-05,2.32943353557581e-05,0.000243925516835833,0.000373821995241738,0.00084782756750401,0.00351137482510489,0.0354341706303929,0.141683503886043,0.38775715203869,0.0157055427673815,0.0248469556858322,0.100844160967578,0.481378822050084,66.3387396788243,59.9454589536241,55.159281016187,40.2215986453385,34.3102166736881,24.2825246839801,18.8282522643087,10.9880799739344,6.15147433639567,0.419618410605013,0.345025288173681,0.295943716277762,0.275782130589689,0.267312482093941,0.386874004853751
286,733,0.367423989979649,0.98887766183154,0.0926410895541032,2,0.0448032178677414,0.0172489703783826,0.0146257118172973,0.017648414746281,0.0187896379554973,0.0239662493316163,0.0267066775363649,0.0451636646891715,0.106744203671833,0.188509253914034,0.000301952258384669,0.000123063949854113,6.43619682591632e-06,0.000121735561562201,3.38607941498415e-05,0.000205134467452406,0.000298617056153296,0.000872332462086342,0.00338310727393148,0.0491601526005672,0.139533097631461,0.464390823928781,0.0368320715145103,0.0332998729446809,0.20190338244664,0.570808557017764,74.6849649619015,56.7106414864202,50.4133189285698,44.2928075733838,35.0275182363485,23.9392810155043,17.2483160273286,10.3764932973258,5.93451028435178,0.406502041369023,0.319554735511887,0.296707667679271,0.279925214020981,0.288620411052549,0.378375814960624
287,88,0.261226683541138,0.993405235713493,0.100281580250544,3,0.0366206408490447,0.0163841805670662,0.0144853493661288,0.0194074181303517,0.0176888826732183,0.0241314550748764,0.0265229058233667,0.0452412734804392,0.107481126978948,0.187969067259277,0.000428745034645097,0.000108105270817369,2.23808911298416e-05,0.000101896203462886,2.8717665748884e-05,0.000161094457412187,0.000351813702869947,0.00103450342712712,0.00464491130082618,0.0672072309633461,0.155399419268054,0.423986530303482,0.0216261511237892,0.0240413886174141,0.113779162112975,0.587850871218059,74.4771598500081,59.2715822128535,53.7448355509017,42.1201365201397,32.4336628379701,25.9555177116466,19.4154588090463,11.5710562367513,6.16422643639205,0.411826340717431,0.345435479213868,0.296965648153938,0.273135874084765,0.278162151025606,0.377115733611498
288,857,0.228379874069825,0.988588686587705,0.106493165931383,1,0.0385516460977172,0.0208988788177634,0.0152847988112604,0.0163476684869688,0.0188331399122784,0.0233617577108463,0.0278810724837001,0.0449075556110025,0.107991543675938,0.187220322113461,0.000627860997212876,9.66276706032248e-05,1.13519460918605e-05,7.21992488529462e-05,2.44351909207771e-05,0.000223996694314966,0.00034176873139788,0.0008599069519056,0.00387573868838026,0.0520154539664401,0.148635641953206,0.311412090247814,0.0127081319175778,0.0256885704724354,0.0532586937540515,0.530684544725847,75.1699554251009,61.8924324111896,49.7649925358336,44.3579899565371,35.2366258817851,25.2739575442349,17.1472247367977,11.7185050356926,6.14858376357005,0.379516261006594,0.337887220756317,0.295683116934665,0.272689238422924,0.291722947978591,0.366351706171413
289,337,0.399881124447052,0.974879267543273,0.103711449283657,3,0.041717933586969,0.0156060834902491,0.0139858445742263,0.0179759501135749,0.0183638334837436,0.0245729759823764,0.0270023968610299,0.0435218750573059,0.107110417697086,0.186931935182401,0.00044949430199736,7.71996905151125e-05,3.12925852808978e-05,0.000154620208324306,3.16544375121626e-05,0.000206683310846442,0.000268711041349521,0.000935199974359613,0.00362694491775419,0.0470236863724094,0.0840009981065294,0.262934456268729,0.0167414289845321,0.0430647800902957,0.126744451572058,0.558861610889588,72.4337583304784,55.4171253286355,51.1740409622034,42.8580008161462,35.6740327744654,24.1823803735655,19.5210280942738,11.3322161825153,6.06890892166655,0.417900008920603,0.349791993278887,0.296263969029489,0.280234273256652,0.288850590051317,0.362023450487264
290,578,0.368295561617263,0.984423425620752,0.0987622037143815,3,0.0346087566683242,0.016774027825,0.0160201959326698,0.0171367947745607,0.018512774978355,0.0232927372798647,0.0267112911165421,0.0453629192817349,0.110691773975963,0.190266720834991,0.000321087593506708,0.000135410403804825,6.96278765317609e-05,6.11414662011017e-05,6.50534251419661e-05,0.000216343910223124,0.000417684046902342,0.000996583771319892,0.00495069130444513,0.0378567910220673,0.122245371085607,0.19866210884322,0.049559844222636,0.0251441622786106,0.12010336957578,0.615823794356407,73.0715423223389,57.5190776739204,50.4861719507916,43.5977829375783,33.6953567185562,24.8814393856988,17.3167591247525,11.4365740559156,6.03571355779414,0.446343605572077,0.327015989924212,0.294884101689856,0.281492786697489,0.294445834437537,0.379666957114464
291,351,0.297562073402105,0.984940740851236,0.101901450950655,3,0.0463923404550937,0.0215260711675891,0.0160863524822366,0.0166311838392568,0.0191477416593387,0.0231297598993387,0.0262684934972779,0.0436585309199614,0.107814035113669,0.185395439065666,0.000351726219817955,0.000111706285563766,3.62658356372593e-05,9.99391109946982e-05,0.000127036989838111,0.000195010333443048,0.000314715091796136,0.00110452260192412,0.00477566915901423,0.0477789271941752,0.172388166820478,0.369320613301622,0.0158003297535787,0.0266302509932672,0.245700364072839,0.517908015559922,70.5005894338307,64.1418247632054,51.9655683161746,40.124212372835,37.1614384265083,25.2206399128091,16.2494397615918,12.1144946253529,6.08175248936065,0.420831063897942,0.362563440195897,0.293389029138995,0.286227422423148,0.283612205541141,0.356842963722895
292,657,0.285420679100419,0.990354659734164,0.101926349765884,2,0.0343168566982764,0.017502013604124,0.0154874872904784,0.0181915402638347,0.0189770791673294,0.0212221188295878,0.0260056999084264,0.0443657917310063,0.108082064694229,0.186753181403155,0.000227771003120578,4.05322314629655e-05,3.07579487289217e-05,0.000108390723464274,2.83348200408428e-05,0.000154968471315441,0.000293175816093818,0.00124041025651807,0.00453813868285315,0.0529089544850228,0.122086801066057,0.375146824246499,0.0679092653215622,0.0269025097109138,0.141010391871617,0.546157731520042,75.1309683910603,67.182980517279,50.394551975182,45.2551201677447,34.1700741740361,25.9895723493178,17.5044434712946,10.3071231188241,5.28768347468644,0.472560239496833,0.334399441880687,0.295371367751084,0.278321586366666,0.279751503053803,0.357824601265606
293,638,0.349169252095493,0.983286966210102,0.0955471724037497,2,0.0420133040197519,0.0175396542742304,0.0145169598697426,0.0176004432947862,0.0178753021997862,0.0235581879908419,0.0253615590722277,0.0456607463160369,0.109232448178674,0.188631639928228,0.000300568412455222,9.08191535523897e-05,7.47114514578841e-06,0.000137953707670408,1.57486009949597e-05,0.000173223814683629,0.000524933715417238,0.0010647399253077,0.00474572425167536,0.0506738600282844,0.128893695278937,0.187772486525098,0.0187984184464225,0.0474993426080403,0.0692589788075179,0.59212646332522,69.5551681768495,62.3856259120386,52.6446408063279,42.5923780743258,29.8388235941466,22.5900039256955,16.1943047642745,10.7101013384397,6.30415163635799,0.433666964339358,0.393616324569727,0.296932225672497,0.271372156233759,0.293516616374435,0.380300697398054
294,961,0.297973291520753,0.98474056208815,0.103487143692004,2,0.0360692887635235,0.0185215402272687,0.0166008161814843,0.0182331295868325,0.0180476285870081,0.0232513045075864,0.0273265989485745,0.0464462379723003,0.107091556858203,0.180066875032159,0.000164738696849762,0.000312210268373947,4.1468856389678e-05,4.86550808442576e-05,2.55558963071779e-05,0.000130035719747469,0.000387459157593239,0.00113445612430063,0.00367496889657735,0.0474785130420235,0.157061805426105,0.376958050189755,0.00858332311119761,0.0113044518103255,0.151959763055353,0.474814635997517,72.8365628122489,58.2218858268659,53.4424715451868,46.5029063691385,36.2192459375391,25.562742522181,16.8711478064065,10.9228526845065,5.95880616607686,0.421305681794351,0.358888547833721,0.296015835030291,0.277602626516771,0.263383538563331,0.391765981396741
295,484,0.279430432412062,0.989673258614053,0.0937787751462804,2,0.0398660613906839,0.0167551755268265,0.0136216631402685,0.0183493532249793,0.01947731004871,0.0228198908553851,0.0270734108812702,0.0441379581411741,0.108416447598524,0.185918012775126,0.000178185767563131,0.000250652231254004,1.42545279144959e-05,0.000116781211054126,2.45570496012689e-05,0.000182606973362062,0.000410485028327487,0.000721762809570601,0.00436057673272037,0.0558886091563049,0.146315698300984,0.377322466504165,0.0162778286783506,0.0521857755119972,0.109085435379518,0.534644489676652,72.1438388073176,65.4159970180419,55.0452464455956,39.7902180351093,32.4138130400856,27.2875120565809,18.7428086732943,11.9971478968182,6.18679208068019,0.444202601814039,0.305124736588371,0.293172263384283,0.277913139145829,0.273863559081913,0.388625645408502
296,892,0.282999550381721,0.983319813562413,0.108290325988753,2,0.0370974793763211,0.0161729295881043,0.0161376309205216,0.0176117504435829,0.0195127331693389,0.023380672264588,0.0259253200302564,0.0451559919198894,0.108766476356178,0.195174687483408,0.000304245171296866,9.38746645094934e-05,5.5864549679441e-06,0.000142082307713367,3.4640911782372e-05,0.000210127884058779,0.000332703309416942,0.00121440905743327,0.00343614536305756,0.0652983305055314,0.086421864351577,0.101297148765083,0.00832474471506794,0.0274124716770376,0.125367642401264,0.500886676098661,72.5973079810036,59.9999111041777,55.2644300363812,44.6432293069044,35.1558453913835,22.3179088997216,16.5437229782075,11.4013923698891,5.93632365928879,0.425118587047467,0.357522955883568,0.297066477013464,0.278102591092045,0.275743441057849,0.360766396301614
297,925,0.22167620070905,0.958422944906178,0.104419937088675,3,0.0324919832861464,0.0163469260743446,0.0156591595362995,0.0183426656242351,0.0192932617102535,0.0218338158338498,0.0274276307686603,0.0456258787099694,0.110176190458632,0.186663888364653,0.000364205621340227,0.000147849012899316,8.09467999944422e-05,9.86237875586519e-05,3.30511609386342e-05,0.000152691492155916,0.00047484226005016,0.000929428383783855,0.00376995806126489,0.0395617072881603,0.15917617431687,0.462729343920671,0.0174157821948884,0.0187588157518833,0.090241318650739,0.551632417524159,66.1085993050338,63.2583461553225,53.1414929103173,45.3551602013902,36.5414543470641,26.3964924068431,17.7448963051724,11.1589413736598,6.06678432578065,0.421163500814487,0.344610327860003,0.296179285691197,0.279808555262969,0.294039407050981,0.367885503045127
298,807,0.204937709114225,0.990963803472902,0.0960660317198694,3,0.0364864112912554,0.0188777523487077,0.0140162912593322,0.0177386134497752,0.0186020027873686,0.0248160773820831,0.0282216872898374,0.0448469077201485,0.107690190515808,0.183678930066608,0.000302727602536161,6.2234393405254e-05,2.81295187878988e-05,0.000112334949830487,3.50676141543553e-05,0.00019394009896089,0.000260436477173792,0.000843304794091666,0.00420135562075001,0.0575849649950831,0.149037044135335,0.154277249420621,0.0119132894604232,0.0243029930670415,0.259820797986719,0.506037016733047,75.271737555798,63.372812163518,47.6165953856798,39.5003581054792,35.6650301368104,25.1278537953604,18.7005200562945,11.4151940638086,6.21443721216912,0.418320049597896,0.36846642190404,0.291982810916327,0.276383191337723,0.282873953033222,0.384506868497654
299,187,0.325969960278066,0.978142019381389,0.0996994838972236,2,0.037494313636896,0.0124085488986892,0.0175153773784822,0.0175339733402894,0.0181564442850769,0.0230276680601571,0.0259393778061372,0.0458308540862378,0.107230268156506,0.188608473191487,0.000311612236150084,0.000154239183376961,2.37864071743766e-05,6.4496939974216e-05,2.47806140069422e-05,0.000226118181022653,0.00031870873081756,0.000917988524625818,0.00383157079546015,0.0758449363031665,0.144277875317671,0.220976399671399,0.0163386964675602,0.0452517419401341,0.0640135172169155,0.543992504443881,74.438186518042,64.3356518490494,57.8373808297976,38.5674198219434,36.1970402752438,25.1885252000715,17.7841651257826,12.0875034910591,5.65026097461381,0.426421847842874,0.321011395880616,0.294206834146522,0.27773976754268,0.278812140437316,0.365434328114076
300,737,0.264843197909959,0.967177600909838,0.109983153191727,2,0.0393361535781983,0.0199720797648042,0.018446709172441,0.0168121523412127,0.0178473327889254,0.022738954071407,0.0265456895058027,0.0456596549254621,0.107896625201404,0.189726643212866,0.000370505760862748,0.000115491862053805,3.28315673334864e-05,7.9767621021964e-05,3.65282682979463e-05,0.000285202988134884,0.000320161590512265,0.00118386073288556,0.00381163289747908,0.0640462013530269,0.118949874851451,0.441918206338624,0.009900061408312,0.0525259793315181,0.115017852962279,0.466807741667716,69.7549199999829,64.8364673058265,54.7084954142436,41.6398548213438,33.0665939785988,24.494820528196,18.7225081429978,10.698653110073,5.77778085370696,0.378153012336643,0.347442603494198,0.296466714589843,0.272669443780672,0.285101127381349,0.394339212116915
301,526,0.190113287554643,0.985913354264654,0.0990665388241574,3,0.0372568562547713,0.0181319362590181,0.0177394285228567,0.0169794935063115,0.0186945501981382,0.0224289712915865,0.0258307772686861,0.0465002452332981,0.102758971153907,0.186568415586908,0.000189946662998151,0.000232307071824049,0.000101410802915606,0.00011137854830391,2.88552318213646e-05,0.000175012541126885,0.000370190362898606,0.000744367526303937,0.00356280545168392,0.0406523800753095,0.130669849271151,0.489882421368601,0.0158599028423751,0.0286078628693068,0.0665358098523702,0.53645315629867,75.9278169893793,62.9124316241805,52.2801628871372,43.2250870325236,34.6491785456132,24.3311762932603,18.0476527452564,9.72396871955788,5.68461894992147,0.408980834913576,0.338399204439914,0.293198099921312,0.27929477815569,0.299292517560368,0.386336872165362
302,984,0.354516828691714,0.989960471058448,0.106380322359217,3,0.0298445852841445,0.0250593756164803,0.0131955008685334,0.0160846127340638,0.018822344477715,0.023011535060615,0.0260357368909311,0.0444627308717599,0.107361852135969,0.187284164493759,0.000293395388228765,0.000167695573947701,2.30203575332964e-05,0.000125432358710845,8.73703174901027e-06,0.000237402478728833,0.000359947170291358,0.000973847351585774,0.00531024771563711,0.047937075479348,0.15450309701638,0.267218711752575,0.020857145405474,0.036064730819563,0.133803317639551,0.538468720917203,71.202131310258,63.477639226999,52.8168879927028,41.7930538768085,35.1413040862951,24.9550712910706,15.2932213361546,11.6942629117609,6.18228512078668,0.409335311867771,0.348618770783296,0.29780191429636,0.278366318280618,0.298302220648065,0.379553296162022
303,344,0.304589179487276,0.986185208094572,0.103179468712381,3,0.0418173257058801,0.0191888533954671,0.0141792665378165,0.0164600523464631,0.019551214282605,0.023246388619665,0.0264550991049617,0.0448787361095734,0.10812648275292,0.189527429304033,0.00039978542559922,0.000161471914778984,3.80009959084452e-05,8.77406588320512e-05,5.1959383273849e-05,0.000187209946330593,0.000351355677411887,0.000836378793645433,0.00393985452601103,0.0393992181005445,0.115790435486045,0.089691929854909,0.019758714515782,0.0124524436789072,0.136723210347084,0.523944370038314,72.1742131234422,56.3779129805091,47.5455468122787,47.5031375199701,32.5645949207156,25.8780305105531,17.5014396702415,11.3921422106416,6.12427003747399,0.430130330359437,0.353824249611072,0.295325908314339,0.280035289321365,0.265499009066253,0.383886062724208
304,546,0.294819031398637,0.984068456110968,0.11076269796177,2,0.0355456138425619,0.0185427338330129,0.0142450045525449,0.0172886616991818,0.0187688460388245,0.0233713966784852,0.0256356615315454,0.044033486446388,0.108048576324326,0.188149253049295,0.000210332717437648,0.00013286044523917,3.77889736807964e-05,6.49463089436643e-05,4.64336671178034e-05,0.000196058829421026,0.000353311483143659,0.0010673642323811,0.00346055722576471,0.0467443775189807,0.129417149824517,0.137332381865737,0.0124294571086704,0.0243675012716449,0.099163430967489,0.467420819960372,77.4622274596441,59.1136359562904,54.432157954306,43.7215066467461,34.8942107221366,24.9815185629568,17.6660989829761,12.0155046727732,5.94385678757282,0.420005856949179,0.327288520138772,0.292951208531247,0.280095854543322,0.284521120921616,0.399993091942925
305,346,0.337334327633273,0.989814093661,0.0991286968540378,1,0.0378361870985011,0.0152303576403686,0.0148491721723837,0.0154367526022678,0.0186965335255842,0.023889216227873,0.0270910920866314,0.0455672483929658,0.108851543459558,0.185047420893303,0.000229882370279292,0.000100624026054473,7.392034662751e-05,0.000104715676963525,3.0843187281678e-05,0.000177144057029819,0.000381377756484119,0.00080352888178472,0.00412626858010505,0.059224513313812,0.14188304243504,0.400901199378801,0.015444224450937,0.0123845938136839,0.17196134701897,0.589761753607626,75.8196909455454,62.1686613021948,51.9396716993095,42.3943789888857,31.0396301320016,26.3391781873965,17.3839717004916,10.5459795349127,6.80999592439892,0.413652350741678,0.332520666700122,0.296589330075542,0.27940670843875,0.308025826786341,0.410718606520023
306,218,0.294218905690172,0.98569730103853,0.107302965285713,2,0.0350441219655728,0.0293398337229028,0.0138867332139794,0.0190883792389676,0.0188924579518638,0.023358255079502,0.0285339563140126,0.047686845524664,0.109933751667092,0.181784305731876,0.000455199265767031,8.82486771399672e-05,4.12270548088157e-05,9.36305244137926e-05,4.37237313839439e-05,0.00021742151088171,0.000410707005233259,0.000958737732634356,0.00362241081877816,0.0457129743333083,0.124567980179446,0.352390450665135,0.0116020752590045,0.0255499394007727,0.111310835897484,0.531117378483827,69.843152414639,65.9937864763374,51.8357671758443,41.2099508088759,33.4437825990852,25.4878625607893,18.3789291546517,10.9576112605609,6.51795675411829,0.395083820731625,0.347535463438364,0.293800741703902,0.272886191091064,0.294147794067752,0.375471026894977
307,611,0.347395498425432,0.970371623769876,0.104045495025961,2,0.0403013703689411,0.0205050386876702,0.0152011128923397,0.0173353087387763,0.0177983048499178,0.0224964957230865,0.0282861127931059,0.0432518930543689,0.107330491752794,0.188142636736658,0.000457270849344018,8.8112306879216e-05,1.27009139360465e-05,7.56364164784488e-05,5.14528895827728e-05,0.000190669122148275,0.000267532480313696,0.00109917729695175,0.00398247178488871,0.0553029359208396,0.11874495627739,0.402272356520288,0.0127535321008363,0.0222287404328744,0.0983850018020478,0.516391892208101,68.6109933224042,65.3699512954016,52.1919032410055,47.2061821002185,30.9604124393206,25.1465380334164,17.9154798706687,10.3729767664899,6.38001154694284,0.431951170766074,0.328285765501621,0.292431163035506,0.271671857264979,0.299045383630942,0.37805930735685
308,429,0.393579832158325,0.992416968158283,0.100414623699167,3,0.0349545997865058,0.0269244648022465,0.0158871695270826,0.0172810454248304,0.0199301773370061,0.0226179196619432,0.0269390700406944,0.0466762416786339,0.105933635026728,0.186654993503365,0.000304441592539641,8.09934904293365e-05,8.56149432293021e-05,6.73122167281206e-05,2.85156294079166e-05,0.000161975380991857,0.000297733184838567,0.00100860772703086,0.00383244258957344,0.0674052005368763,0.134867356596843,0.196391506428115,0.0119707313506189,0.0173402936948363,0.0571246363639211,0.538389466255013,72.5219692609018,63.001245170944,50.1149701521763,41.7710345883107,34.2224154471091,25.0113962539917,17.6341441151868,11.3774458733798,6.15764143682513,0.411849546981123,0.332050385981042,0.296156868090868,0.27887697443958,0.280597947618284,0.38403543513595
309,589,0.271690337102947,0.980507544770064,0.0988979367118374,2,0.0457730000700677,0.0179428139043506,0.0152162056606702,0.0180090969950574,0.0172252331207018,0.0231654858654109,0.025300539249647,0.04663802298769,0.107926416244048,0.188998483848565,0.000335669849093549,4.5928603198166e-05,3.84643799353844e-05,0.000145569263288659,5.08107028711499e-05,0.000155835100345697,0.000324730216562588,0.00106007965757204,0.00404962845170211,0.0547226443360205,0.159797397212626,0.232560222323545,0.00609722601548353,0.0327064209290988,0.082943233151804,0.537830693359337,74.9368366045942,59.1716593684319,51.5801795848782,45.4925792725053,35.2982816732847,24.5934933997492,18.3830007941901,10.9029385967009,6.36229877235524,0.438960986435978,0.374514358540225,0.296922820499349,0.277642412700061,0.277081217395723,0.37451661487788
310,269,0.260682430795775,0.980611207936366,0.105424789552147,2,0.0370322196542274,0.0203783181934324,0.0161842725115262,0.0174428972279975,0.0181960321580936,0.0229272904124705,0.0276803951433422,0.0447576596285982,0.108274281009934,0.18543724517337,0.000208276509241473,8.19782459157416e-05,2.22840449341329e-05,6.99599149241886e-05,0.000118582914561552,0.000103014125291236,0.000282025142497571,0.000798196370478255,0.00384698678446674,0.0460418819556901,0.119830510432273,0.492817715118282,0.0357146412073564,0.0261351819020808,0.175235527118924,0.541639027320538,72.6825198675445,60.5788397824337,50.7790170068601,43.1887978636336,34.5222252356789,23.4403429021225,17.4474099457437,10.3742513124201,5.13091065024994,0.400123913719345,0.35973717202884,0.293762639836586,0.280542353418989,0.28965450582012,0.393479850323371
311,620,0.300925382186289,0.973712265327703,0.0980298068913533,1,0.0285960107702358,0.013994724804072,0.0150657754595747,0.0174948596575734,0.0199726518407485,0.0243058285841606,0.0265479706509478,0.04526809606729,0.10847849182902,0.18613056099417,0.000339619373743532,7.04210368428872e-05,1.96256893453218e-05,8.91043361344095e-05,3.70108631856978e-05,0.000232719544648812,0.00039147995450984,0.000661976266376707,0.00328993232085209,0.0680133248030533,0.123147660538678,0.392829962836232,0.0235497783097158,0.017060238571704,0.087417132291744,0.446083623783522,62.7958447041372,64.6180824409906,54.3597903669334,43.6196391942742,33.9975787491964,22.3650161126599,17.5870136433893,11.8351796916181,5.7975974294823,0.418640058590529,0.340711375352906,0.2962857663024,0.275773650076075,0.265138158765569,0.377397186210501
312,662,0.368912768800992,0.981510308014102,0.0904114831112127,3,0.0418786132761217,0.0153136670748423,0.0159394552009267,0.0164213598183447,0.0194516564578127,0.0233082223538109,0.0265798649746781,0.0450685060407928,0.107428820405052,0.190453743130857,0.000456139515870709,0.000117817715640987,9.41964482325677e-05,9.62058521472194e-05,4.74870203267148e-05,0.00019255440940478,0.000389370024633475,0.00121026152854654,0.004727153516178,0.0697176424497542,0.132617127003199,0.118210987723646,0.0242258800320617,0.0237454727944993,0.0894875263944793,0.521901062401532,76.8557081619414,60.1700937534427,53.8369185556658,41.3430411978698,33.3227095814635,24.9527004982161,16.8965486758601,10.7383061274113,6.19121667561685,0.44295456831026,0.339682168402446,0.292509620382796,0.283648524531475,0.299581242678636,0.364001802260664
313,772,0.322191801020233,0.98601141206746,0.100956462553186,1,0.037607568500839,0.0168343071533292,0.015597350099019,0.0174713788478346,0.0182648659606854,0.0238553030095412,0.0257427634596147,0.044838893661196,0.109604482134329,0.18657762990088,0.000277060872417805,0.000177167464803979,6.31179200842829e-05,0.00013287451496474,4.28110984589105e-05,0.000169282016402736,0.000355436033247193,0.0011317549384887,0.00415638639943774,0.0606333082100579,0.0862509348908791,0.482018048655575,0.0316449507139423,0.0365799632379806,0.0664239313510069,0.57978931394401,77.0075799355038,62.6236308823104,54.2379736121474,47.3945062223498,35.4333549223637,24.262309395338,16.7292559727441,10.5805757078754,6.13459890029591,0.428632272719085,0.352656112446157,0.295905633160203,0.280604064400771,0.297003211538615,0.362079662649395
314,934,0.288103565066496,0.988177540578739,0.100046342632879,2,0.0478678865961254,0.0159096609415569,0.0164371974443477,0.0175671930170175,0.0197960662888873,0.0242417578654072,0.0272982018690354,0.0459769989921854,0.107961919907929,0.184527825938541,0.000261339024840823,6.69112148307823e-05,1.31532641431332e-05,6.25960318954915e-05,5.69866028600668e-05,0.000266115458467091,0.000327762672074602,0.00107065153242708,0.00425674340053351,0.0547368804593343,0.211878885897481,0.434442079575896,0.0142982611665107,0.010141909600494,0.0846805085351167,0.581354228885844,69.6290404269955,60.2245571056571,51.8818052557468,39.8068540308496,35.526288547265,24.7912892818189,18.3546751847749,11.4616881008705,6.30449109994189,0.402557822763321,0.342017788854136,0.292151686781127,0.278714901169984,0.282832660348037,0.381613868592992
315,522,0.286347839321582,0.966298215528494,0.102678723664414,2,0.0441142894426945,0.0180541921578153,0.0162086339339483,0.0177462775967519,0.0177811366228924,0.0219472607656096,0.0279717320479845,0.0445856452868669,0.107887675813725,0.187202441145516,0.0003079956585767,0.000142484747412108,1.84451606886561e-05,0.000113730761009868,4.15191516408534e-05,0.000114370147142626,0.000421787227088701,0.00109456238973881,0.00447875750673033,0.046353943634911,0.110039937291521,0.344317659866784,0.0259564505259332,0.0199773972509028,0.104380173753208,0.52673331826718,76.3646813025344,59.721985650304,52.8310583833419,43.5333933452432,37.7443579472544,25.843947689086,17.6648540072661,10.0523937188345,5.74896779546121,0.443475732803829,0.358966540330297,0.295504620383144,0.280218886675433,0.313606181080693,0.381293978038313
316,25,0.29669358610314,0.980376056915347,0.0964275120921652,2,0.0396154878564536,0.0130702334809838,0.0154276528419692,0.0175805184528915,0.0195764542971338,0.0233932547117329,0.02777917526729,0.0447275531838111,0.106425964628235,0.182677220731462,0.000314941257978669,0.000116185528474346,2.75705731892682e-05,7.06765365245736e-05,2.25551294498914e-05,0.000162847862175539,0.00041642039304255,0.00141841315984156,0.00375616517777365,0.0483278493842801,0.107785216366993,0.418856175151899,0.0132575150887714,0.0307585920124149,0.12076223503018,0.552250233588092,76.1840612623873,62.4657612926998,53.8210056549375,41.9535192555153,32.9936224066811,23.7116139334455,17.2219649270152,10.7326736725552,6.05435405871015,0.404546861290257,0.342453979050685,0.294609372822264,0.275538592749283,0.293020380190217,0.378788343272839
317,68,0.288406881996149,0.971742295518994,0.0995000890013814,3,0.0344002440136629,0.0187223846775556,0.013714869873914,0.0183905332466632,0.0197043855161944,0.0228838821296759,0.0276141441736047,0.045401511165766,0.107215366880809,0.183473992917302,0.000332264680510271,9.64331685714168e-05,2.07391516276371e-05,9.09934823113765e-05,5.25952620672719e-05,0.000248559908258265,0.000303280690123687,0.000798972786773449,0.00552645987173477,0.0515818952181735,0.128219411851113,0.534675936325672,0.0144111920109444,0.0277103911877124,0.198838764805601,0.581797147989424,73.3417382001369,64.946183568094,55.5795938462298,40.5489815648087,32.8438379110168,27.2450255911994,18.9462168094041,10.6490589615695,5.79821266034556,0.406385629602133,0.334758170107804,0.293267189541891,0.276155912027644,0.299505231301981,0.369900171920532
318,25,0.344911837010916,0.978990859095627,0.0951330713046354,2,0.0438615065713989,0.0131657689454975,0.0154007182008507,0.0181904929755933,0.0187346792871263,0.0227398280165487,0.0270676120913169,0.0442426855616874,0.107188780932689,0.189999521924761,0.00038574287004116,0.000165630094697079,3.19027465765697e-05,0.000191297975799638,3.27764290765181e-05,0.000196693111375258,0.000398071042556365,0.000914791361485096,0.00508099266367604,0.062461007385542,0.164872365393009,0.158402294749706,0.00943440142366926,0.0125336364618461,0.1441428477412,0.546634118781149,77.812873066508,58.2599345286211,48.2596341380765,41.9412232857798,32.8301492486779,28.2154569576369,18.4471203470616,11.6590012520644,6.33207130566252,0.428250456268103,0.345788674101181,0.292852458356867,0.281681789394687,0.280989422714126,0.379596115323977
319,197,0.280465384892555,0.977045148974553,0.0996711499741185,2,0.0401555580982392,0.0176941372825289,0.0164390137966922,0.0189740836247909,0.0184025240357592,0.0232961887368048,0.0260878062758955,0.0468024626234667,0.108454457575661,0.192771891349013,0.000343330675659983,0.000107973543716509,4.15484299650669e-05,7.16889925410017e-05,5.69079679493595e-05,0.000239678477610999,0.00032716115913671,0.000865100618236552,0.00402640363003185,0.0472849278355733,0.0993854477636493,0.269965040255448,0.00529260597312281,0.0232493310534102,0.110852177873991,0.626122504931757,68.9893486021651,61.3276646060675,51.7019173663605,43.9631192205985,35.0572474659183,23.74983541825,17.5640041429241,11.1708888997425,5.59879154992183,0.420730919649458,0.33492219100066,0.295208670306334,0.278822806633757,0.315075446442597,0.366811752254264
320,360,0.269184502465175,0.987572144532019,0.091032204895458,2,0.0432011477912204,0.0183385608237224,0.0171332752655368,0.0173022317929882,0.0172741669174946,0.0236740710149231,0.0258725514614499,0.0445112924697821,0.109282870321054,0.189131110012726,0.000416932144362781,8.97018937641159e-05,3.688401402321e-05,0.000150190336598194,0.000109630014594131,0.000174511558108058,0.000289754012954742,0.00101977859240795,0.00388768205254896,0.0432745393393749,0.171808022436601,0.651386682867373,0.0328789156846641,0.0132496554055437,0.129519104593466,0.634583530740205,75.2038765112884,62.6162185743956,52.109558727838,44.7741594955755,29.7953717429883,25.3119808430202,16.723354070336,11.5956793294368,6.15653172706724,0.418574607392453,0.34114069691104,0.297509678474605,0.2853875228966,0.286577032328351,0.404338692567146
321,194,0.281329810847731,0.98661545391284,0.0931658754122005,1,0.0553399692768742,0.0132736467144208,0.0154522935325496,0.0171236305770604,0.0184510754035505,0.0230041667196936,0.0248690823380379,0.0446015103125251,0.105644849711129,0.186977053763549,0.000337846072036836,4.56885933434863e-05,6.75835801726802e-06,9.87904630647423e-05,5.9773851093586e-05,0.000196784984757391,0.000386335349901034,0.00108375032712656,0.00533686502535517,0.041894478720564,0.142703140613888,0.496951545243363,0.0195118208674261,0.0264817129484015,0.0564461987374541,0.580090284488884,69.5077617142072,61.4595387085291,50.9437272641398,43.3752091909484,34.2553524982524,25.3706556019909,18.3956379307332,10.5365596254119,6.26941700906082,0.410748919439528,0.313824174554511,0.294870082282856,0.268489720766927,0.303092666773225,0.357177020857388
322,678,0.252321229152282,0.983497208254124,0.102352143511533,2,0.0463311411105464,0.0133542746555313,0.0175663198574743,0.0167040513337383,0.019575817759051,0.0243869614060539,0.0287761160150164,0.0452105783996431,0.108588672705334,0.18529463385743,0.000513075543198019,0.000129705585447731,6.97699821060236e-05,6.84779243148494e-05,3.33731953480576e-05,0.000169348032356377,0.000414404132355576,0.0009902070300783,0.00312177076887688,0.0569989083838676,0.134180714349708,0.256040911204419,0.0248602018340706,0.0211555952126871,0.133060783480806,0.587381039405533,74.3046100380528,62.4544230202614,50.0075589572555,43.1125435763834,34.828961575237,26.9544927515729,17.166537513783,11.073942404714,5.99409173906028,0.457226620656971,0.347398533490753,0.296530127773897,0.279831182985999,0.278157910417442,0.363260415824017
323,181,0.291396734923718,0.994764778107688,0.101543450504669,1,0.0433311073354196,0.0185552252443077,0.0167763511719411,0.0176124154263359,0.0179322881996721,0.0223747329495606,0.0256552702147292,0.0462632260124268,0.104698255839811,0.187118536149563,0.000287964409308257,0.00010327537281957,6.69534100683067e-05,0.000120780706936715,8.00568722582138e-05,0.00022550231207808,0.000276867786230539,0.00088963127420926,0.00488809649335337,0.0550479585053354,0.11206134248541,0.210035183018088,0.0308958510211216,0.0131318995662715,0.0979091038995145,0.55106276375706,74.9499372869286,57.4467532144707,53.9964003011084,43.0398964016547,35.769523843411,24.485372712162,16.8273929504205,10.6190314267077,5.97885894140163,0.386962197320491,0.338599483528308,0.296056908001552,0.275666281150598,0.296027929146963,0.388153214625839
324,907,0.369030551275456,0.981677859805478,0.108218850650686,2,0.0520949220447414,0.0142666971542828,0.016695093960032,0.0184125998540403,0.0192053845159226,0.0231863529208407,0.0270972097392554,0.043909165386812,0.110485577640975,0.186595670805633,0.000268229988334781,0.000172313508972138,9.15389155502893e-06,7.35058488708813e-05,5.36441909268947e-05,0.000190593690332648,0.000258086811771087,0.000735965590820318,0.00393723377392237,0.0533661489965707,0.13143358182626,0.218047528897635,0.00926022241410958,0.0304229680953016,0.130706720135946,0.543862278847057,74.9780587845733,59.6471800147945,47.9373138244894,43.3692500754751,31.8616682162353,28.3807537844019,16.3939149032068,12.4908280160497,5.90688388030256,0.425795421804925,0.341784522081422,0.295491451025935,0.273052003889595,0.27757703365764,0.369775897764648
325,225,0.285302025186386,0.965879527441423,0.0972179167453912,3,0.027591694838277,0.0186463783255018,0.0167729306565336,0.0173734662155577,0.0181707066842782,0.0244216683145784,0.0272953079116607,0.0443902277046139,0.10690201421291,0.187960650987016,0.000336346789817043,0.000116371837438484,6.0538682976902e-05,0.000107054782622359,3.39628328413828e-05,0.000255004213530434,0.000343323822487584,0.000727956721773981,0.00377901361364157,0.0756690207171036,0.1100663598615,0.305295565795186,0.0218903651321502,0.0106848912775265,0.238040902640512,0.487359059048665,71.4057612731958,61.5621443779093,55.7768818586161,43.240146800203,34.1447185303994,22.9027126155916,17.4862333835472,10.4484478807028,6.02356468936439,0.425966082284606,0.348679714595659,0.295674226413075,0.277476617920769,0.295529323897792,0.383713501438235
326,364,0.311709167696372,0.991840197183022,0.106276293566405,1,0.0376861642337768,0.0165214591166256,0.0136012922755242,0.0185233730767959,0.0191338543267507,0.0222431426488853,0.0253306691139402,0.0460195160597883,0.110576906985486,0.184556018117927,0.000236908785247051,9.79236953136945e-05,1.58115824671258e-05,8.43432673914498e-05,2.60592413376434e-05,0.000151641554591186,0.000355736284776168,0.000818179316165706,0.00441726511952757,0.0461051527722737,0.162408694931473,0.263346844694905,0.012760136448275,0.0306141442935623,0.150820956882878,0.496728613043297,69.8347277465042,62.4731912329922,48.3954605639088,42.8378671339545,38.2885502074936,24.8457209330587,17.0661034068885,10.3963872661771,5.63642210702605,0.422234192054692,0.357638542261089,0.293249713580271,0.278333519100556,0.307928417366556,0.37539071411224
327,928,0.338950917758223,0.98589510604177,0.0971745105267439,1,0.0408379655221268,0.0213242126797807,0.0151563856852282,0.0180490525975167,0.0192211737120007,0.0229572669358473,0.0261972438678181,0.0468779636315872,0.109259537496719,0.189054414126758,0.000264813940455355,0.000110360924858427,1.04857256387088e-05,0.000141235185424239,6.01209069592324e-05,0.000265294632121763,0.000260840556781121,0.00102153239932646,0.00364040393444787,0.0408132784685446,0.150760992135514,0.337487531643789,0.0180160863884872,0.0268288681743769,0.0760215402382202,0.572489544932793,73.5581604208006,56.491236475251,51.504637181897,41.8070908489445,30.457635022084,26.7977099231662,16.9722616661478,10.7417105168743,6.01756980654574,0.437838482969189,0.32623410943046,0.296244624153609,0.278074861041974,0.293739858306223,0.378412941356838
328,700,0.317895730218305,0.978708698022311,0.102298295137518,3,0.040475219018956,0.0122976408161325,0.0167862676837774,0.0184146227940138,0.0195327020162631,0.0233231373089224,0.0279034430902034,0.0449033663505988,0.106565931097126,0.190886120939002,0.000235336508277877,8.62370880437342e-05,6.1832189463798e-05,0.000157034150005318,4.17829849680407e-05,0.000213794443254706,0.000362064950430574,0.00109079682309561,0.00437948518239701,0.0558334447107096,0.121718507737343,0.229027492295674,0.031010986222877,0.0593501845007594,0.0727647719700586,0.564487319145192,66.5202307958092,62.8341496741401,53.9855188902057,44.8321927394641,34.4598756307081,27.4233108420018,17.6415344586924,11.1367035055842,6.0218363435414,0.399459998402102,0.348286994015833,0.29534379965427,0.27681774233705,0.283709798968723,0.367298989028068
329,4,0.251824731106623,0.985418807658111,0.100275646937935,3,0.0411770548735777,0.0197340059424288,0.0181533270418244,0.0171702240258794,0.0201917992331615,0.0215052975400133,0.0283099746621719,0.0439641409106617,0.107349956976668,0.185837104105187,0.000443253284839447,9.40827075653863e-05,2.49882576269201e-05,8.50961743036269e-05,2.66290112973598e-05,0.00017069094049237,0.000316053151405876,0.000729170930968833,0.004211179763426,0.0461889189735911,0.138127197111559,0.608021684021688,0.0196241462540747,0.0282683929592759,0.0588623083459525,0.494813255096967,73.6943736520082,65.3480914325205,52.1459235227825,43.1330238416437,34.9643762831871,25.5563243676847,18.8877336169905,10.9629034186922,5.85365557097041,0.399520891453389,0.340516009870592,0.297430476706788,0.268686398017276,0.288302307461132,0.381828651644509
330,198,0.322604860908806,0.98704890034434,0.0965832695135156,3,0.0379350775435792,0.0164720250839937,0.0172372231367544,0.017609342098324,0.0198793487931557,0.0219841075750041,0.0289408949332586,0.045854555472286,0.108358526044782,0.188668523665218,0.000152551527681068,0.000176888762601254,0.000104550593171692,9.89866390529272e-05,4.96661714153935e-05,0.0002094404722632,0.000441693809835569,0.000683036890311508,0.00330517972064285,0.0531180353057196,0.139655731557407,0.171776136199435,0.0114370326054415,0.018940196989058,0.0942393398454889,0.452080494590504,70.3498040979017,61.0202831674716,57.4107005376005,45.4161487885648,34.5657903270048,25.8284241491966,16.9880555561721,11.3060269970173,6.17147596639986,0.398379558952337,0.322214070233123,0.291995697095421,0.276680975242829,0.274348479350478,0.375235800053794
331,225,0.452630027358761,0.984758021815291,0.0937960541965549,3,0.0444543031981633,0.0172870257396831,0.0121196893955735,0.0174669633157041,0.0203987298087217,0.0250137424322446,0.0263981238980504,0.0466717410547602,0.108152725936087,0.185528719633412,0.000336031493208404,0.000138947911450706,3.83631336283599e-05,9.05212673064067e-05,5.47039897877393e-05,0.000168698878924245,0.000295319021879923,0.000954169065079914,0.00365384298667373,0.0385987434264258,0.107338412258255,0.273087778217817,0.0145717045044076,0.0500218884697796,0.0585754333993707,0.550746813059181,69.0738297598381,59.227940887439,49.342883637306,42.802472808379,32.0816742346256,28.0164318871046,17.336957979969,9.92866403041557,5.90430255121894,0.442596809931385,0.330763086265015,0.292119141823816,0.26980518122139,0.279038081963124,0.361808120131303
332,326,0.222518211030186,0.975373470246332,0.0941537716966657,2,0.0378756725448537,0.0145246942571955,0.0175465739659869,0.0176634379306692,0.0210998707705365,0.0224743450344974,0.028399255409343,0.04593741128155,0.105201355436055,0.189861145321357,0.000423614593464855,0.000110585588820896,4.63083644182129e-05,7.16027957770847e-05,6.07219459973442e-05,0.000221436286771033,0.000355043860864164,0.000818945875229886,0.00350633676175092,0.0474144767676908,0.127673529082296,0.470668978237535,0.0169918109057358,0.0481709488019144,0.112569343281776,0.503318608462638,67.7489205220576,60.6307544295373,57.7794172926778,41.2589106480208,32.3025222559193,28.0704694312639,19.0924479432744,11.6490364904973,6.38627885476336,0.406178645350308,0.340123100471649,0.296725174072744,0.276601429940224,0.288081414859903,0.37441279953505
333,255,0.369584569611636,0.976213384646774,0.093419214358696,2,0.0489763390122105,0.0236569256396663,0.0140970301806313,0.0193093699949374,0.0202391649870715,0.0228502613557324,0.0272831686965662,0.0465964270105792,0.106248536889273,0.18885625604263,0.000402700019839862,0.000230849437304955,1.66777590318875e-05,0.000135518934840579,3.03603087282475e-05,0.000178215392763617,0.000323031979768964,0.00105759689267536,0.00353802040355678,0.0502893413916925,0.0868698098060882,0.298805252685965,0.0407409050090058,0.0570767122271197,0.0655847941086287,0.545932003275825,73.9584121703352,62.95337432474,54.7255919625429,47.0262860567587,34.5359611599866,25.9034190619898,18.6204118551595,10.6897618267884,5.72712942962029,0.389227038831614,0.372122001580181,0.293024232225703,0.278649268319824,0.288083824683226,0.370318690829345
334,500,0.300027798536248,0.980139073491722,0.0999840316113375,1,0.0331227793013168,0.0183890466994876,0.0165619212579567,0.0160808622810281,0.019344742198527,0.0233958761808905,0.0256786849854638,0.0455815739225693,0.107067405821746,0.190588482807334,0.000310105779048298,0.000164985445540265,1.85075950263175e-05,0.000108852498074251,6.85696863111783e-05,0.000188102210172586,0.000501119976975955,0.000971012283970198,0.00375064800407935,0.0531906504825715,0.129835280547358,0.280697317599154,0.0216933540526387,0.0676446144848356,0.129043169499366,0.522282210383414,66.2894383040656,64.396460585485,49.2637413887913,44.0842700094526,35.5984031856759,23.4261914059587,17.4015699282852,12.2210695703182,6.69499026734979,0.429279639982242,0.361317536071079,0.296110150025732,0.285947327059803,0.290666024485747,0.374293006080665
335,719,0.294027696673776,0.993159824298011,0.104676323617254,1,0.0301293735224249,0.0154946883969792,0.0144821251114203,0.0193300923386471,0.0202224469479626,0.0235193289066434,0.0266143542492779,0.0470672081886514,0.10806637096962,0.18769001572601,0.000375219375931143,0.000190371706190128,4.28683577406738e-05,7.39848873589825e-05,2.83616206682026e-05,0.000208492513502504,0.000466974609367815,0.000919317950973272,0.00341560927570227,0.061550117985791,0.166417550839823,0.358938999174881,0.020792961363324,0.0126698316223891,0.0883726520604511,0.498578529636728,68.577093206438,61.6380581168065,51.6168388082791,42.318652345793,32.7411375818464,24.5614715177977,17.6294280291023,11.1160070166529,5.96045798114892,0.380145055419731,0.339984458612623,0.297422264655572,0.278347168758573,0.302709086010035,0.387990667793185
336,549,0.331044625524106,0.975676208521177,0.0970658484754763,2,0.0378560790114753,0.0202342349487014,0.016445806256415,0.0177602778815284,0.019526263132448,0.0239141340237197,0.0277764183714211,0.0457764073145619,0.106241879417212,0.184766091332736,0.000305830974745474,0.000178054136534317,4.7942702011754e-05,0.000139855489800207,6.73220545571478e-05,0.000253859053850716,0.000322257729264737,0.000877412288859264,0.00413100531547361,0.0422712867750136,0.12774483864823,0.215202677604801,0.0159239996815594,0.0209615062155823,0.111173792370733,0.512491167836164,72.4625484790377,61.8162613716527,49.4682465740009,44.7920066012281,32.6079564926569,25.8668925491278,19.1389363635737,11.5009328311287,6.25149110885455,0.417171343777489,0.333743921208569,0.29411708183554,0.278931442041776,0.25912627401461,0.392050811023776
337,18,0.270296594473232,0.98988598924456,0.10361126181191,3,0.0403071040719218,0.0143160344439244,0.0152555527942848,0.0165689358654875,0.0192797415711472,0.0231341692206527,0.0253863053646436,0.0455193609549666,0.107026002520539,0.185274763025466,0.000397833381307445,7.80979335796956e-05,4.1445356993298e-05,0.000136182592422574,1.36010312629081e-05,0.000209233825700616,0.000274452984841947,0.0011835985963106,0.00413303079199296,0.0542441802068925,0.12667442642861,0.440242833221899,0.00995138208022202,0.0151825467541963,0.118369145002447,0.506136309077415,71.9970951992934,60.1379206073417,54.6441100731793,40.8496914786081,33.3569860325246,22.2805627390402,16.6943747074072,10.369673760593,6.00113016186067,0.421360220319563,0.339022188729967,0.294349461812537,0.268965477420507,0.287315933901979,0.391974840760431
338,346,0.287246725128345,0.989276956064224,0.0997858060155016,2,0.030941614876963,0.023072815528611,0.0157818591805415,0.0167276892339597,0.0199873263880794,0.0219685816648561,0.0264474911098822,0.0460726101306702,0.106420839834949,0.188162399842035,0.000244585970306284,0.000148440525145919,5.13732506751904e-05,0.000136795080045571,5.11228108371202e-05,0.000224455196923819,0.000310518171497296,0.00133311395601703,0.00490407326809033,0.0415075803823568,0.11882395264744,0.157253678821347,0.0290601002426817,0.0123225368326777,0.0726123728294825,0.555627266517098,72.6138563931317,56.3192649377755,55.1959245816125,43.5432608868241,32.7718106012618,23.9488492415483,16.4153656959242,11.6184879405296,6.57851777028737,0.414379671626536,0.345079118958412,0.295654322195642,0.275627786944527,0.285695327845525,0.360790676416019
339,348,0.324440962682331,0.988748141729412,0.0916122205714349,3,0.0415209320349422,0.0222747245225661,0.0146082736346298,0.0171636708156249,0.0187559424054723,0.023489282714847,0.0252209642560162,0.0461674224103891,0.107983041573844,0.186438887831482,0.000435161077536104,0.000165315949530282,5.95904950463772e-05,0.000104680020937896,4.69474778296825e-05,0.000298122981257547,0.000383671126519336,0.00119817092860909,0.00512353319699664,0.0640085905851558,0.127188489562334,0.390228125766873,0.00451204839812725,0.0265286921465818,0.0605019883579899,0.642822196234594,74.623367683076,69.3866900967751,52.1834872514207,44.4544198915471,33.649146667975,23.2231210863927,18.3322890020182,10.6014911501869,5.8827420112992,0.41643593236652,0.349149343226524,0.296542722824212,0.280679129672183,0.280288690493072,0.385760384197905
340,539,0.366856873586318,0.95047168024207,0.108510744729488,2,0.0327851968464932,0.0216301197823745,0.013562851308039,0.0163566013445742,0.0191320752367141,0.0231837263821118,0.0279329075808831,0.0467077635936433,0.105872794212019,0.189092095945898,0.000163582712313137,0.00014321813456131,8.48034408126455e-06,0.000122837313657967,9.12324048882807e-05,0.000262074377876969,0.000343773472545094,0.000887410133848463,0.0042631899612401,0.0471573727094544,0.0869983488988402,0.309503960351332,0.0157469194545706,0.015442398996072,0.195900612280978,0.562329912683418,70.2427745364235,60.454648546832,57.5678987270134,42.1048238736764,32.4070394541633,26.2849119086014,19.561698706334,11.3712771503957,6.31499726228499,0.425749369507502,0.337311438291599,0.293842238996724,0.276853078961375,0.295692568901055,0.369769166105805
341,743,0.389571682168156,0.978492760178449,0.101784999931826,1,0.0433171686687512,0.0186117407397177,0.0125365323422469,0.0175957736805511,0.020607929947987,0.0224048134791363,0.0281213572897706,0.0452356899028205,0.105619305364618,0.189356977614397,0.000375557013834425,7.70374151710967e-05,4.8700932635053e-05,0.00011606975752411,4.85948975183273e-05,0.000203234556915843,0.000447365375212267,0.000774593043801385,0.00404407338448178,0.0506961294012638,0.152945902232549,0.172223184240729,0.0335350064566156,0.0663055158949784,0.184382343273814,0.524033279482015,67.152166815108,60.3990498161606,53.2604152832164,46.8131092241016,32.4167520160849,24.6812841616227,18.5767556467402,10.8180104223901,5.83532791778676,0.429241934612047,0.323655083641116,0.296651414390277,0.281698550981504,0.275784775530446,0.390092440378521
342,12,0.306151676036074,0.991743782849698,0.103503005678183,1,0.0393537082232351,0.0152988706603646,0.0157690556867712,0.0169086115556243,0.0183301621408793,0.0237732423783674,0.0262986558937924,0.0456082450797819,0.108074520503388,0.186164135085216,0.000495685397667898,0.0002019085818685,5.59143414724701e-05,0.000108728058710179,2.43056508355091e-05,0.000234112151753045,0.000340930436359363,0.000845429592743594,0.00345375945057857,0.0458282370422875,0.129932830735023,0.167087207580833,0.0142400361984358,0.0155152527013917,0.146788818162465,0.526114162418268,70.4572735259533,68.2270904968185,49.0783959223983,44.816138156527,31.343908825769,25.0456810782186,17.5742134838171,11.0440216262845,6.21626716857138,0.408141102201923,0.341249488857413,0.297172299415199,0.283891019567885,0.309905652481903,0.382605514268309
343,120,0.432553232606891,0.992959186443015,0.102096183667513,2,0.0396930409776805,0.0197506737142371,0.0160757907062351,0.0175013582239598,0.0192975738178784,0.0235107009661988,0.0276061827210997,0.0447898044990601,0.107096281232326,0.182713006846726,0.00024150057237671,0.000121338970864969,1.4054153282163e-05,0.000104513428704996,2.44067281205261e-05,0.000274981539117542,0.000284066078854335,0.000862995847830422,0.00483509283162813,0.0788128311427521,0.149365077327504,0.293453261353319,0.0117415223560657,0.0168052498576597,0.0761723527358938,0.569402459603265,69.4644090248464,58.0014705770213,50.6968411374542,42.9838326739884,33.7091775444301,25.6770127472873,18.7706896911521,11.0935507241064,6.34723605822062,0.447476944732294,0.350471197839575,0.293689954432434,0.275107728763251,0.281248434769291,0.378505586762413
344,721,0.3926298902478,0.990725086601697,0.0956351322108581,2,0.0396684360914999,0.0207512896352852,0.0132744894444382,0.0189644567914161,0.0168023569794985,0.0240405122640206,0.026423678370067,0.0474951882049643,0.106572383566414,0.185597465148293,0.000193646655546522,0.000130517782587165,1.09417199393312e-05,8.98811082936402e-05,4.08109386173059e-05,0.000156170044468526,0.00023936471912269,0.000969887790644273,0.00489273052012761,0.0348439729136679,0.136351635245307,0.203404678980767,0.00703248496001693,0.0211996443870558,0.0969450986944066,0.568083655564299,72.4866989153932,56.6285398337056,52.9744052673143,40.5258362417208,33.1782460705868,24.8262501015562,17.518630442383,10.2082910613853,6.00102498953285,0.400622693281287,0.362599704235612,0.293301104279234,0.282590855260376,0.281920211110956,0.389038709023588
345,768,0.226851336265265,0.98830455769503,0.100866899090322,2,0.0373811717549636,0.0185646408524256,0.0134136510812604,0.0165536949670571,0.0196304718792728,0.0231064781149006,0.0256856645866318,0.0466482054644548,0.109137955076351,0.185406244111298,0.000451315068230401,9.46206758605731e-05,1.18011740893626e-05,0.000107007995729661,7.18928109830093e-05,0.000182550364970956,0.000513563329092208,0.000716282154430191,0.00355733635849066,0.0484984392728486,0.0836382848918733,0.33430259204445,0.0070214761675011,0.0333590711764178,0.0573408571612479,0.541735076135733,69.6827595963035,57.3592534219674,52.3419671750883,42.5578789224169,33.205965318672,23.5021968805737,17.5388346810445,10.5399291682322,6.24532642342488,0.397070603824601,0.337704475344449,0.292871683462362,0.282800980129829,0.266519320828126,0.380119119084425
346,76,0.401347415628005,0.990917213385816,0.09653353940635,2,0.0462445733645396,0.0151962250115703,0.0140690515013922,0.0177855369412419,0.0187662911320893,0.0242397274904308,0.0270642366141666,0.0476699426839622,0.108008868677424,0.182545765189126,0.000437019770607721,8.87053236512176e-05,4.68339395651724e-05,9.06472272254403e-05,3.70855673869645e-05,0.000303300251704197,0.000386639224363604,0.00100157090030797,0.00395420300998395,0.0427258993169477,0.166239989515012,0.586068389898538,0.0254108965758192,0.0198844007416493,0.0839129084599431,0.516521161411487,81.5349554836215,64.4598229926014,46.8246407619185,47.9856698914024,35.5882548584771,24.5878391164397,17.1785450333073,10.4429212267944,5.89751096361654,0.429913989900317,0.310753556932006,0.296033797075866,0.270431677988531,0.279793052301328,0.402299297205183
347,644,0.326268733552978,0.973840407679547,0.104844109096869,1,0.0393964213717625,0.0193807468046953,0.0133278493010671,0.01749369169343,0.0188507189570333,0.0250611001819183,0.0285901199760301,0.0464009933030698,0.105684762302499,0.187434917431473,0.000238327847497167,0.000105699252180465,1.78186179020529e-05,7.90741162706896e-05,0.000103422833745947,0.000171993102952581,0.000496047772985746,0.00116247290707939,0.00385609397743489,0.0513049859137716,0.0999035844441307,0.169159696268935,0.00916802255225688,0.00884563693564231,0.135885879018813,0.475208163166972,73.7386633747266,59.0883661510887,52.5161894650343,39.0519486192375,33.3288264498249,25.7941546518677,16.7978180191304,11.512432913798,6.23095360762648,0.417654223322179,0.354462966391766,0.297284283729586,0.278083135861094,0.284036585987376,0.380695786136348
348,662,0.333811859381405,0.988343298525873,0.0973425213941281,3,0.0444921136366426,0.0220137572449969,0.0166481628997255,0.0183026667039466,0.0209476867752226,0.0237555591245242,0.0262719938650112,0.047784573631601,0.107966995115866,0.187666541836692,0.000297616583685509,6.59091470337555e-05,8.21033665777727e-05,0.000173496556372075,2.71536552124096e-05,0.000182297107717167,0.000368311873079955,0.00108809815246289,0.00475655489493869,0.0491290942668044,0.157860245836592,0.557258319774426,0.0139712588247871,0.0152728770605313,0.0575340736551788,0.629940996244173,70.7159397869191,63.4526549718885,46.2905457623827,46.9577745106539,35.2866329848453,26.1305649698928,19.3129051630878,10.6303304212877,6.33313954715107,0.431610244859193,0.344704410036718,0.292819136197734,0.279473957710342,0.304549358622069,0.400702639344119
349,524,0.302565692796241,0.991005819007521,0.10328007945339,2,0.0384834841210365,0.0173560236419362,0.0157968631674215,0.0180236475337959,0.0188854753637571,0.024552239546877,0.0278673442465465,0.0450271927718266,0.106201950538168,0.196047557196299,0.000240459314252751,9.11825208921341e-05,3.10297409188067e-05,9.68898133431469e-05,7.26925089229938e-05,0.000233323935246774,0.000283792926697761,0.000748596585147654,0.00513483594042343,0.0342995222608403,0.137678477629468,0.261858266308535,0.0134863729246801,0.0285276254248129,0.10571384620622,0.440100729863469,72.2727925492078,62.3843152357127,49.8506438311567,42.9895930874072,36.4546152338212,24.8768539407328,17.8405486645459,10.9093391200651,5.78276693470667,0.422840089085613,0.348721489374577,0.294845811159843,0.280332718511638,0.291611337376648,0.384629372549372
350,552,0.298361548089912,0.991619837863686,0.0953897822406299,3,0.0340034785576275,0.01977923574916,0.0155213454877805,0.0171013299864357,0.0190559716691726,0.0226453175832447,0.026977681539708,0.046038303578572,0.109881089976619,0.183903254885423,0.000222881739961436,7.9012881570414e-05,7.15819641412172e-05,6.02821843190194e-05,2.48775997914184e-05,0.000160252068397844,0.000432251550207225,0.00109264832189897,0.00556584026136935,0.0543077725393289,0.124240412360768,0.27143623730585,0.051144216631319,0.0183063782965564,0.120999681247669,0.544704450516157,80.6821479485417,55.9597018223973,55.310256006618,39.3054400247772,33.0815680905303,26.1252622186571,15.8490040341387,11.5875484265493,6.61663078222806,0.414951916463908,0.361898926132288,0.295437732326573,0.274658069187045,0.284244360800185,0.363385655074649
351,239,0.312322541667399,0.98426467399466,0.102010681825817,1,0.0370590126481429,0.0248210759237991,0.0179986466461644,0.0177210999174881,0.0186661868449266,0.0233738464373741,0.0263610499861645,0.0457159108016597,0.107193766474926,0.183802794258936,0.000188065367006014,0.000124831960321099,3.58770830835606e-05,0.000106645921901413,3.49429554710756e-05,0.000207123568254379,0.000195199494471402,0.00106975355641977,0.00364321056737709,0.0447458152912718,0.116345005297043,0.130673934079008,0.0509692546527295,0.0179153649366461,0.079474550227723,0.622103693591783,73.8234615817876,58.9818699962287,49.0966409385513,41.0613116535969,33.3399085532812,24.0458226108056,18.1308361657557,11.05945920991,6.102123401002,0.41007671367757,0.345887382531371,0.295030474447046,0.278249495137492,0.284941222310325,0.386464597192841
352,413,0.309363316574868,0.986016131772611,0.100523525881542,2,0.047012265064066,0.0196193183500832,0.0166609731810718,0.0181967687495368,0.0189009931184346,0.0242653483343036,0.0275829826436402,0.0444602750969049,0.106436531875728,0.186444113904937,0.000252319399159094,0.000149524029278241,4.09059557943835e-05,4.61519036614087e-05,6.30297692437665e-05,0.00016396368562374,0.000381587411523673,0.00126112183216532,0.00317462516927075,0.0578365891484478,0.180464867110797,0.360609068608247,0.0273654145703955,0.0339107450087244,0.0956504487544469,0.537585890092054,73.7062331907205,61.075737909329,50.9768383282146,41.4532217349564,33.2286434635349,24.6908082879215,17.9642456673534,11.067069662091,6.25798298097851,0.400863943014796,0.364366057783667,0.296063933122296,0.277515595082592,0.280669191401218,0.38945769725373
353,689,0.365672531671709,0.989067713491798,0.100897723408821,2,0.0423463638263809,0.0147812511924675,0.0172080572766975,0.0179472327191526,0.0199826291000577,0.0242985662475712,0.0272448458135247,0.0455018945096027,0.107665815118509,0.186016893648434,0.000238868048891783,0.000112520375420556,6.29496619427453e-06,0.000132537131616696,5.50820059152175e-05,0.000157395289505577,0.000332386912706127,0.00103964671066371,0.00462814473059976,0.0559489615714908,0.151005337374623,0.186116730088755,0.00838910486514816,0.0303359644855653,0.13795972498571,0.593656377287453,71.7789963934198,58.448901118102,50.8465113040528,42.0064370442259,33.8789393795919,26.8600975970846,17.3110664148957,9.94459081241108,6.43378287432315,0.40250410412937,0.365869212842236,0.294916942800188,0.2764434486363,0.273190648891548,0.366801650921766
354,702,0.377594548541117,0.987882165799435,0.0967027536367836,2,0.0374652591580105,0.0164422838892585,0.0146800434855116,0.0173513847333829,0.0194668904706952,0.0229690152689802,0.0281875274284512,0.0446753305844698,0.105779744570358,0.184306315489542,0.000461067879477963,0.000132332706499612,5.47154990185209e-05,9.28078773331249e-05,1.81594676661872e-05,0.000146065480674713,0.00033334964317278,0.000782255945210358,0.00323475998385105,0.0428636422139232,0.115478591371963,0.288083510805045,0.0106511754162991,0.017290469588996,0.1274292141882,0.4756082227669,67.7767167692369,58.4871335505458,54.6562639810782,44.2557498621976,34.6015411677044,24.744688657343,17.8966400354034,10.2128004722659,6.31727549825177,0.40875921540863,0.341315594271718,0.29455974503091,0.273592696857381,0.290951903965824,0.393320754162707
355,904,0.285909741425511,0.969185174961663,0.0973901713944175,2,0.0379131134559539,0.0166044174333967,0.0130850870744859,0.0176893497015889,0.0203261607080177,0.0233127798587769,0.0274748723312648,0.0439787104659847,0.107808698943793,0.188253998234351,0.000300972927070645,0.0001553355255116,5.8314913298717e-05,0.000190376102514472,5.96297932736198e-05,0.000149808729034091,0.000312277708505237,0.00101814257224338,0.00474195651908175,0.05146077694965,0.160022392022935,0.386110345141794,0.0111580344702605,0.0273567240706455,0.109588496197842,0.597880700927799,75.2206903551496,63.2485161155105,53.3238794828947,45.8048066943104,34.7665167139241,26.4953027321346,18.5641430962546,11.168118414636,6.28077522918721,0.408692595535461,0.358598078903545,0.294600145172821,0.276975214291152,0.271048121416895,0.366559968570673
356,605,0.252744807662266,0.992140358878405,0.0995781864639558,2,0.0392073989835773,0.0136533996443063,0.0169526194771614,0.0189588806447224,0.0196905232472065,0.0234701293269746,0.0258863733413625,0.0457313894626886,0.108003335049042,0.191333468428545,0.000200261993168744,7.35615533867954e-05,3.12293106635907e-05,8.37196514183111e-05,1.49882949645947e-05,0.000175983618654381,0.000344627290752102,0.000925364321358274,0.00412427246063749,0.0674286497586369,0.121282324840419,0.495636858385186,0.0302106566963979,0.023496161369613,0.0912845786791112,0.496092299033529,74.6535068373105,61.7546454136008,53.1198123569217,44.9631094528384,33.3321122864019,25.5081893504341,17.8438765028922,11.5543935637816,6.19336305469009,0.404406243087194,0.332810037554784,0.294498576104515,0.27859592600589,0.282512349302299,0.382973219161322
357,516,0.201621293399783,0.990091644771345,0.106039087155881,2,0.0528692419439385,0.0184931241743169,0.0138722159638313,0.0175230080314663,0.0195001426712312,0.0235536444966478,0.0281771558217975,0.0455903052862888,0.107506132918973,0.186892327998111,0.000291290685097413,8.93133797752625e-05,3.91268973213431e-05,0.000109749831320901,3.73850248649672e-05,0.000166882279115007,0.000487337066403521,0.000850830389846191,0.00461041960254718,0.0614082095151135,0.117372137562462,0.405385831752421,0.0197760221660606,0.0364720892190107,0.070927581307454,0.490122641927978,70.7644670051769,57.699043777098,55.8717174406324,44.8048660487019,34.7133791655499,25.3738049658614,16.5008669664584,11.7233123279699,6.05837065336,0.438296636453416,0.334196406265497,0.296363278954964,0.271791376254675,0.297057768140101,0.369729104014968
358,329,0.263540068007706,0.986974209149887,0.102164220059176,1,0.0307703580737693,0.0104180626078447,0.0161882531803818,0.0184991179541883,0.0198325887199191,0.0242005744970787,0.0264748706507269,0.0447417939550735,0.105661969736319,0.189106531107382,0.000263417983203024,0.00011746530318522,7.04495203708553e-05,7.78442157087885e-05,3.2118100426564e-05,0.000202483522662168,0.000440283000823731,0.00111499575412823,0.0038664218744934,0.0378812591180097,0.107567850328023,0.239669738101351,0.0131752241744913,0.0243844064784812,0.751280220001629,0.553807371929837,68.5651638591942,59.8479933588521,51.0494409522607,45.8545085643303,32.2564591288932,24.6964888373357,16.2149440995909,10.7565401982009,5.72112829360104,0.414153480972596,0.351046913716339,0.295445023762746,0.276767486114918,0.285067024900842,0.420869851137208
359,323,0.28187596860062,0.976398010418521,0.0971573159834946,2,0.0456958643242096,0.0203053565057941,0.0149311779322363,0.01872446686768,0.0193902900335693,0.0229663987008221,0.0283024162170992,0.044480938525816,0.109160322262834,0.186100628173401,0.000277663632294369,0.000131049336911336,2.74543456537089e-05,0.000115515890431003,3.14292191727182e-05,0.000155135490747928,0.000493658836391121,0.000792767601937574,0.00348766073936345,0.059548206039274,0.104877113385125,0.283663589798236,0.036375141315982,0.020566953357933,0.0734838344618559,0.550840554167151,69.4977319833,64.5834599558749,52.7812812976854,44.5326079966258,35.0348916770844,26.1498615023278,16.7268424901712,11.8908370828866,6.93618399438576,0.411569025864043,0.318376009466685,0.292105841207397,0.285804186376771,0.286691118750421,0.375489358110563
360,642,0.350443941920506,0.994949244750938,0.115938150284058,2,0.0399053414764221,0.0225333138090446,0.0144708349697302,0.0164925841949129,0.0196454488184529,0.0226252752734302,0.0268785390917637,0.0473775455430931,0.109865051466309,0.191043070178873,0.000382040126771843,5.41761366819063e-05,4.72873677907077e-06,8.35737697351191e-05,3.1715377351567e-05,0.000186063359383045,0.00039126985115562,0.00110078602761548,0.00405334173389079,0.0508386501360842,0.140787742316608,0.221565859009188,0.0122311530306863,0.026603852984806,0.367770907931889,0.54279669493621,68.8849348866313,63.6230730936044,56.8374414139235,40.3817654701753,32.6510218346585,25.2908101062167,18.2044508350941,10.821041513179,5.7926044809098,0.4530798125019,0.316072591261607,0.292779798421683,0.267302766832652,0.299690893714215,0.370129162854227
361,47,0.204331251339433,0.995326917529889,0.0955395753836879,2,0.0456721814114496,0.0182987989193234,0.0159126948274597,0.0165499576561832,0.0199686845405258,0.0227991879588066,0.027099903509314,0.0460136199488966,0.105424540029664,0.185182853449584,0.000219000990040991,7.997642515451e-05,5.50997839796291e-05,8.40982367502437e-05,1.50977017365828e-05,0.000156323797813916,0.000398231177976847,0.00098942867549072,0.00413480105179147,0.0500101473442328,0.150278473242631,0.297253799020216,0.0320688327565301,0.0148457033947196,0.170570665520418,0.519721841954915,68.4578899402743,61.2606655602295,52.7506707401057,45.6522683990584,34.2637319921206,23.5852231243148,16.8495085649003,10.1619636412401,6.29054415196449,0.399632362761773,0.355161236679847,0.294680463447543,0.278406284782848,0.296870278895517,0.381479249514835
362,128,0.305081169296131,0.995041762096695,0.0968489816554405,3,0.0387341779767068,0.0156163606185506,0.0149478584695836,0.0178095578390201,0.01875397815636,0.0227579697862456,0.0281331563992299,0.0444062527626014,0.106111523269294,0.184249251797768,0.000256660716324045,8.37156119090773e-05,1.9081277900471e-05,0.000118184541431083,4.323617927186e-05,0.000163334555531115,0.000348830667161073,0.0010375527514891,0.00333353183364565,0.0480033275659848,0.161310466354077,0.462051200132817,0.060279268776307,0.0223504266475498,0.0669612364491724,0.518842368193068,70.4271874433641,63.8774328710847,53.8580007510776,42.9455139602052,34.9215912636802,23.0280263267318,17.678968066104,9.76974253914745,6.43185251159636,0.416269329403501,0.341880849767097,0.294079400365905,0.275970293040293,0.27750346211929,0.387022249589227
363,4,0.24311064109816,0.987927675571904,0.0995346758617746,2,0.0356733901350318,0.0127017007191236,0.0172762283133012,0.0174787858440291,0.0197729362605108,0.0242509243129296,0.0271800021009765,0.0453069448806838,0.107641020958823,0.192042907032409,0.000462641789956846,0.000182166377054816,2.53875728315176e-05,0.000110267163982941,5.57991056706863e-05,0.000294489353127747,0.000395062661125876,0.000890647424966567,0.0037212580565323,0.056488494689561,0.112374540804511,0.290052804441792,0.0261269562654553,0.020175228069671,0.0565786490800966,0.484098229276777,70.4831643277162,58.9710990272662,53.9579677420311,44.8945017299842,35.9778626051267,24.3846584645282,16.7660494060818,10.2505418638299,6.56728548343702,0.404034797084519,0.346107104787255,0.294537006103682,0.268587362473586,0.297568262668322,0.380358573437192
364,409,0.335310779703928,0.987629273464844,0.104140599181518,3,0.0419310858146709,0.0183091079614085,0.0148065947464746,0.0161546739457094,0.020350418757666,0.0246125702556573,0.0275085378497993,0.0439355645559416,0.105528663102718,0.186939676160445,0.000313741400214792,0.000104599688018495,2.15723020585527e-05,0.000111865198983626,3.24522567934444e-05,0.000181907824850805,0.000354135693417779,0.00105150288867827,0.00425182454320198,0.0497246011171933,0.123291322758737,0.390659228873204,0.0255961703559575,0.012163379425087,0.0922836705663468,0.543612507985613,70.722413049056,57.6440191810957,57.4727663837606,45.5609510911177,32.0610287842469,25.0363903589022,18.5745378947341,11.2262245694298,6.23254930763504,0.42302669016983,0.320594025763138,0.297131474097726,0.282976351149723,0.284066355283599,0.365459398835872
365,84,0.412124518728403,0.971416007408938,0.0957262021803452,1,0.0427800107711808,0.0188545286485488,0.0141430342336569,0.0173984675429774,0.0191518210372001,0.0234789561374381,0.0274511923654204,0.04412985783006,0.110844136367428,0.191856786367788,0.000385214231615305,8.89883108400598e-05,7.28060087808926e-05,7.89707284005836e-05,2.11007071851011e-05,0.000218719616461791,0.000349446144884368,0.00106867305834908,0.0045590602505768,0.0715620483035853,0.143009039608599,0.335013558759402,0.00928210794945339,0.0262525661200821,0.0504177176148211,0.549349979143647,73.8113270262444,62.607033260211,54.8688718853817,41.5667776757306,32.7681790962977,27.7918733698938,18.3285551225344,10.8537424907051,5.5219417649515,0.418843792316478,0.351437443239762,0.291459078873009,0.285061196802965,0.276384090632555,0.370099313642485
366,127,0.318825970397686,0.990825156114839,0.10268730128733,3,0.0397261383901664,0.0150358394663612,0.0167323448067268,0.0183405522983457,0.0188598555386819,0.0233466317847315,0.0256458518813312,0.0457009584262579,0.105267737162354,0.185339722503238,0.000537503480338126,5.85891788234687e-05,4.23668673867976e-05,6.3377506724446e-05,2.66895944238019e-05,0.000181080174968483,0.000444124852188858,0.000763351029844839,0.0031908589581752,0.0467196226629978,0.155326692834485,0.0579306734421895,0.0176151954639891,0.00961398072877103,0.0383602648373349,0.522494303161095,70.4018394621845,63.487039350723,51.2062021082067,39.9607700513671,34.6928615518169,25.681470165745,20.1789181465605,9.89629307062748,6.36806645393693,0.400723144483082,0.313620167157377,0.296260670063049,0.276908426316048,0.269893433175594,0.37464355283174
367,69,0.233755319146122,0.992816033097729,0.0899779095144128,2,0.0325795431865139,0.0157534268196075,0.016197219836793,0.0192166686238097,0.0191622789182155,0.0231416601271855,0.0257346901457735,0.0435414112678768,0.106460348109384,0.189653558358764,0.000323957275097969,9.78381105907726e-05,5.93304620912709e-05,0.000147677111816852,2.59149805935252e-05,0.000205666607533568,0.000293983044375535,0.000752103986180421,0.00333024924138975,0.0509756899593587,0.169049651333598,0.208887514013491,0.0238197211283966,0.0608994522139695,0.0622163178688834,0.502620512888311,67.1094595361833,60.0544746232488,53.5299866055235,41.1456165858272,33.105959554997,25.2719358368148,17.7342133560108,10.5196888742001,5.69345574414035,0.448054020755949,0.352237658403702,0.29324604729852,0.276451380387939,0.283371321181321,0.371359963189014
368,169,0.407605245870808,0.992971245857557,0.0984208870386628,1,0.0359326239110588,0.0164851338778301,0.0166760793075633,0.0174485392412869,0.018136228610342,0.0223781896918699,0.0260388937770502,0.0455875668099622,0.10823754179048,0.191964420726304,0.000256154798348494,0.000107403069369108,5.28415671152517e-05,0.000114343378965604,5.89766097937827e-05,0.000105666318401595,0.000429573380881368,0.000900088052862744,0.00394064567553219,0.0426252106676432,0.152977899235891,0.338695012554324,0.00950503387675911,0.0284267182645529,0.0555219541262393,0.563675262544621,69.5859201468803,55.6629684775435,53.4778196956646,38.5147945322811,36.6184083715931,26.9649598610404,16.4719260081564,10.5739366149819,5.53197365105424,0.433390953905296,0.343128251744013,0.294152996093514,0.277450468897968,0.302260908874058,0.361167362626849
369,515,0.328811147192168,0.975421543730106,0.092322457537863,3,0.036763588728182,0.0202688956990064,0.0152246196644876,0.0173202440132308,0.0182760991232442,0.0232810523897375,0.0270762431055036,0.0435059102573234,0.106599463638922,0.189879816625509,0.000285817233233205,0.00019516171915671,2.0513651658215e-05,0.000126913815018199,3.71930478521528e-05,0.000231611379077653,0.000325646662983918,0.00106802943157009,0.00450072199089207,0.0331225184034998,0.125369560085813,0.308969724038239,0.0090382410165116,0.0533546812824665,0.138464875008618,0.627351058496866,72.4028384433327,60.184379321625,52.7305996573344,46.3493529027768,36.3760329959887,25.5363527491267,17.4129119687921,10.7516129005334,5.91906235974615,0.421432351405139,0.341351511996051,0.294988251788744,0.275551577088064,0.294741974755174,0.377064612845908
370,838,0.366261583309687,0.980322186436503,0.099802016365505,2,0.034576459318935,0.0218124209955906,0.014863044523273,0.0175765199171473,0.019086712653586,0.0237440174480754,0.0268760212069958,0.0453508167820312,0.111302882743634,0.18487790357701,0.000400881167760778,0.000124612920351752,1.82486490187273e-05,9.27147689509048e-05,3.51329313316908e-05,0.000153232331216221,0.000358992302657841,0.000874924607105092,0.00455001391385428,0.0649595863154308,0.144712877802148,0.41523324970191,0.0206869596446084,0.0226224394258749,0.091627198042023,0.545554090998116,66.329755400542,63.9006015671905,54.0059941966083,43.8510116589104,35.8280741968266,25.177798137074,15.7532309637405,10.7936581234264,6.02809824567558,0.452147833299533,0.336814305686855,0.293162513809057,0.284817191018005,0.295013285756634,0.385711822600483
371,324,0.291800294678023,0.97902427703341,0.109320461238409,2,0.0339019594949191,0.0194831585438473,0.0139966762736028,0.0192227297109105,0.0204696347759173,0.0242961665430659,0.0268939814586242,0.0460002930372964,0.107468291962018,0.192320558439284,0.000201963566700936,4.23021885888209e-05,2.20549141811357e-05,0.000167915115583311,0.000101250316597786,0.000326035906263476,0.000440663569898829,0.000922407494399627,0.00407237086696773,0.078067811875104,0.158385532355182,0.254131845295623,0.0110696379192739,0.0286953710574262,0.107199351928478,0.598334164815613,68.4337581599193,54.6596950381866,54.3653145872821,42.0985075601502,34.3697025714928,24.9911821622478,16.9462233016194,10.7012558387795,6.5349642323984,0.42488616256713,0.363160197131205,0.294723648802754,0.278493408242067,0.268810830553872,0.357921928771968
372,743,0.304173305280022,0.97923841288282,0.10331670172253,2,0.0419600570571826,0.0174010982076623,0.015022915423292,0.0182348193111427,0.0198941504769157,0.023697709296584,0.027753838720016,0.0446306825320568,0.105364246110884,0.187402565612957,0.000311387878522609,6.11674366127673e-05,5.48486923396364e-05,0.000115812302043363,3.92131696424974e-05,0.00016809026232986,0.000233339200822796,0.000907902448534346,0.00400622927872282,0.0508030741363031,0.134090453012111,0.116811331065431,0.0165161398071648,0.0297650596398459,0.0549303376895692,0.581167422813112,71.6446697445051,66.3218256355403,48.4901368126258,42.051969084993,34.7052243200275,24.2267879979036,17.7284948183236,10.5055496268365,5.98735661459064,0.429741514456612,0.347201574455439,0.297726644774916,0.273980214392937,0.275565564662346,0.360603516804746
373,868,0.342363533002266,0.989684662612032,0.101793599254728,2,0.0358758741541389,0.023850536685608,0.016025179651082,0.0185499050033752,0.0189735738607724,0.0235769232811782,0.0264618104080567,0.0459262725176516,0.104874148829133,0.189793769423543,0.000481256878956455,0.000270915975510761,5.57598850807692e-05,0.00011587006248067,5.68602186980816e-05,8.3270507477645e-05,0.000274013084081879,0.00131267740994953,0.00321381809200432,0.0576846101845895,0.168249035494379,0.356471572311753,0.0100801226536462,0.0317716897622045,0.0507659469327541,0.580317534356592,73.7649686696575,62.4844500638134,54.5939613207941,41.3013422771558,33.5797809639459,25.4387036702403,17.6211320602446,10.8964880018593,6.42044879842204,0.409690747864672,0.368798381523047,0.294143982035941,0.277258106613476,0.293892880870942,0.386194448023757
374,709,0.292410105561752,0.985722712230662,0.106117994268142,2,0.0381162487003941,0.0182349868967256,0.0155302820968627,0.017881635471014,0.0194289343642597,0.02188467724754,0.0260629677220553,0.0452942102807591,0.106652030641227,0.185373331188214,0.000404223110660067,8.9615768093784e-05,6.63923354012778e-05,0.000261113101159188,3.3494911895607e-05,0.000174714400741895,0.000446945631357477,0.000676903174560297,0.00386130756252164,0.0396826606640148,0.147926032488368,0.23531259710257,0.017682238857563,0.0216280828198841,0.166318969658003,0.571052494916142,72.3392853502216,59.3145165914848,48.6152569010736,40.6641123598282,34.7096389253763,26.7435718057077,18.4251610253894,10.3598098144276,6.46863605986284,0.41425235961135,0.349631575602912,0.295094089157397,0.265608561440017,0.30200992017159,0.374888614981306
375,440,0.30812502690901,0.968265964690142,0.101442379459836,2,0.0315105195684255,0.0193345768854845,0.0132285581805372,0.0171393399959751,0.0187037819705327,0.0236894693690475,0.0253364679811656,0.0448643848172737,0.110526064653084,0.18715083782636,0.000557582707305575,0.00013543145441383,3.21642856294684e-05,6.88176907578166e-05,4.01574310595919e-05,0.000250753165332773,0.000270837430007113,0.00138417114688333,0.00382637516340628,0.0476798123882014,0.187434491155219,0.293125250351593,0.0151406536548949,0.0317482278937116,0.231771683056378,0.55255692945859,67.8450789097791,62.7005852172935,54.9009535034025,45.8300981880123,35.1032988124746,25.7354999816701,17.9287250007108,10.8314333385374,5.96433767755609,0.410390948170626,0.354127099471967,0.294200215731488,0.275963401312642,0.278649100653225,0.373819935979394
376,650,0.251598734047558,0.991212903536074,0.101402568259639,2,0.0313468653977954,0.012165792237205,0.0141659945294463,0.0178411932001086,0.0191552722488511,0.0235755835722418,0.0282928861508153,0.0454121314793934,0.107680265869197,0.188752608407297,0.000175796764662521,0.000147643601742214,2.33005731641459e-05,0.000117031534232244,7.65314471268445e-05,0.0001486720413641,0.000482495901993124,0.00091585548084883,0.00422352405228017,0.0543934520197122,0.139108780765473,0.0600626355110427,0.0232185741403926,0.022018700655925,0.105450106052409,0.607493492291605,65.7227566597373,61.2247828146591,49.1352405071397,46.2507118572622,33.1870268355998,23.0823352198465,19.9629369884432,10.720571664327,5.78503902692123,0.424783931612894,0.345325837397333,0.292687744504914,0.273691687792069,0.300693054779624,0.386733698693425
377,375,0.390684662683822,0.97115813042014,0.0961068867831961,1,0.0397548483218788,0.0215491484166385,0.0157891824432204,0.0174878855042094,0.0170254269085742,0.0238362307292292,0.0263310959821076,0.045067120101908,0.10640299930376,0.188645379590333,0.00036226272682833,8.0373335055478e-05,2.3832725419344e-05,9.9965043746081e-05,4.13105473804672e-05,0.000198722949034613,0.00031115879719081,0.00102381287418715,0.00428547348002237,0.0470639281333536,0.182741369833968,0.241284644690919,0.0138641037716355,0.0248608645010631,0.119272972012939,0.523357712797752,71.6559286514633,60.796523299064,50.9731230122755,42.1241094727392,33.1909967173243,26.4187475151865,18.658680316647,10.2591424829486,6.16946341325596,0.415455053273042,0.35147906250271,0.293358758824284,0.281522280113585,0.285177402235559,0.37345117644467
378,45,0.32349097987314,0.987764439964817,0.0941074825169894,2,0.0332173993461123,0.0191487910263942,0.0155507918189951,0.0170125530662201,0.0186082119107399,0.0227653403416011,0.0277074595463744,0.0454579515149785,0.109007578439219,0.191888834166524,0.000312934228314184,0.000131594824360123,1.713842149831e-05,0.000130638230901773,3.83913916569423e-05,0.00024658343994669,0.000284721752540656,0.00113341856109047,0.00331358632826452,0.0597848835438096,0.143660694834202,0.383573961937568,0.00976532308371082,0.0187927376505822,0.12022438200716,0.52052211415969,72.9167305064041,60.7632727821056,52.2458549320193,44.1530374777713,32.0945104228072,29.0691755744944,17.054149567215,11.6204495895541,6.14650145582489,0.41087690003475,0.363017118896914,0.292940098789739,0.281177182373117,0.281967252582185,0.37987730569998
379,477,0.215708086064774,0.989796685238585,0.102871042360215,3,0.0362901358673399,0.02039347781834,0.0166707146249828,0.0186162227535539,0.0197944471328318,0.0234196609242813,0.0271143858566849,0.0478963313533601,0.10826675945265,0.19107705113231,0.000343905988702239,9.82515521199606e-05,7.65292683254192e-05,6.55564371162378e-05,5.66955688426053e-05,0.000220140565094176,0.000447673451491667,0.000753987888119324,0.0033796241130018,0.0681683976668273,0.100963405654748,0.229873486861087,0.016250790143593,0.0173185122704805,0.0757700139903121,0.478966440641473,74.5627744655573,63.0295683848073,59.2468474772825,44.3324067497305,33.615517570107,24.620446958821,17.8052809823739,10.7288411525756,6.2561049912225,0.420942211681365,0.319472227972529,0.292227861011226,0.266055253421389,0.292327064170865,0.38396549896828
380,144,0.289185672236617,0.991387713043131,0.100744319453116,2,0.0356339736927701,0.0172423398763592,0.0143615383118686,0.0192912866324246,0.018104775162696,0.0241795910330788,0.027387894760447,0.0473406198888492,0.107879194607646,0.190507923548952,0.000218532994434972,9.34634865304416e-05,2.52438402075822e-05,0.000112086029646867,4.90120278222818e-05,0.000150214455088628,0.000532517430879101,0.000837989031861141,0.00423480112227885,0.0416192676764496,0.0993437944824423,0.347342598799692,0.0171028986414899,0.032880303411803,0.139480746168115,0.549561842673205,74.6127740018862,55.4762240003728,54.0816541590594,42.8165115722901,33.8936998721295,25.5318457446698,17.3076180528944,11.6887709171479,5.80456640956658,0.399786785361772,0.335006015614118,0.293867238730578,0.278382293878643,0.28092047908707,0.36089986883686
381,317,0.34099704326508,0.993460473413566,0.0929339159537044,2,0.0407414377139829,0.0176391936083248,0.0156396327894387,0.0184049941695876,0.0184657338091168,0.0229086074369486,0.0255618600523997,0.0472832903392125,0.106945249550731,0.187017923716108,0.000612708977788364,0.000133477142931394,9.39881066752264e-06,9.78539284066012e-05,4.04667925838469e-05,0.000240561581986304,0.000385034608179169,0.0010823574295799,0.00377426466924312,0.0469277534294652,0.12209807373878,0.398647409596138,0.0136402580454486,0.0181320068563265,0.0994485397669159,0.56404794061606,70.5689795807374,60.7349114725493,53.3697667297177,44.592798904213,35.5553612302578,25.2287935644507,17.6354692075413,11.797078641148,6.15694604293051,0.429208507104699,0.345221596999546,0.296675239840475,0.280246828708729,0.282884366930562,0.369502446273181
382,639,0.325578771220122,0.991102883812475,0.0967903081336148,3,0.0422788010629346,0.0185313418204525,0.0145070292556886,0.017568756480923,0.0185238589110439,0.0242192401281698,0.0280486685007137,0.0485498584865577,0.107840284322502,0.182326608973538,0.000244702057718979,0.00011726955834615,1.50291957707022e-05,0.00010090342248423,5.8288636401075e-05,0.000184971844379207,0.000412286578641737,0.000931970980984237,0.00394277834534611,0.0556657006785557,0.106406741479664,0.270776556636662,0.0120703561386878,0.0474017488800924,0.082897959587296,0.509381324454968,74.753338320645,61.946089855366,52.599481967612,45.1273054761682,32.206717744544,24.3659535328345,17.2350135236768,10.6947194806957,6.37501499180632,0.412597273803293,0.336904083208127,0.29732554452825,0.273544682977694,0.263364099922549,0.384002286586202
383,483,0.300189315922932,0.990271993489821,0.0915783954332763,3,0.0368603703348509,0.0177722387461702,0.0130752621669637,0.0184772612031951,0.0187851003795269,0.0240837422490446,0.0293507741281289,0.046022869258815,0.105881847320806,0.192896044962104,0.000245197686680129,6.40243482773897e-05,1.94287196024242e-05,7.24928907128087e-05,5.88083252033344e-05,0.000164132517963705,0.000314418109788298,0.000894514126780859,0.00384922524728273,0.0517045964232006,0.181386381252889,0.248869561977762,0.0373244901708905,0.0157235395550656,0.0676655688692822,0.580646386518778,67.8012270692857,56.4044394065075,54.6943623295871,40.091388660493,33.3064175837946,25.4117870760369,19.7301538978245,11.279697697597,6.57374798103164,0.431131127682656,0.333517587555385,0.294553449432237,0.28186735537978,0.287939183423392,0.378257459524614
384,13,0.250311645695665,0.990690772729457,0.107805071620507,3,0.0513426090478186,0.0136910165671698,0.0166124639905767,0.017921308727135,0.0176670275020291,0.0223306338415145,0.0262590253452672,0.0443386259210072,0.110498113410923,0.188965388075381,0.000309790498112969,0.000158238321575154,2.97130957747504e-05,8.09698006414129e-05,4.70061059192602e-05,0.000223817015971837,0.000324596874274209,0.000701357326777496,0.00359650425431285,0.028088462931577,0.157724160431224,0.240195173235221,0.00877070506002336,0.0242180068148295,0.276988467593131,0.578581028336504,72.6380842836087,60.1138934505977,50.6092612325714,42.7027051664994,34.4737281292174,25.6647269767889,16.7767847783855,10.8101106129457,6.31357497921383,0.40944234217438,0.367845516922037,0.292644776236202,0.269024412012465,0.304769349178323,0.373475099671429
385,20,0.314993712517389,0.986273656936532,0.104863705081849,2,0.0428808989213261,0.0170905260701522,0.0160903175362374,0.017336367488119,0.0200106895157542,0.0225017619642072,0.0285202959516262,0.0461909028676434,0.107717350019982,0.18787009093566,0.000373300150400462,0.000163170383056581,2.5702246009688e-05,0.000140615586629764,4.16961617728292e-05,0.000239438750491863,0.000395982078259542,0.000627111943143977,0.00434766151711385,0.0499202654275294,0.182344574718484,0.402868437974447,0.015122693411802,0.0175589012004478,0.133692943476464,0.569982528894233,69.239307623989,65.8409132568095,52.0862292142888,46.307795968861,31.2442020333667,25.613449818168,17.6608499111517,10.7561065757917,5.69737826122161,0.402691925690616,0.350793875571108,0.295245494602549,0.277809234526322,0.285666822505682,0.364473050670329
386,367,0.272366203513736,0.968606233857491,0.0930523264028091,2,0.0483051837735654,0.0174182604100096,0.0144429492429866,0.0174139366186552,0.0192317921010059,0.0242866270175816,0.0270240514372122,0.0466596587227723,0.108639071199515,0.182754736468971,0.000334656441597907,6.84989641051111e-05,3.82299919425877e-05,7.23312960778338e-05,2.13793446826372e-05,0.000204682706835962,0.000380905119442666,0.000976698893023266,0.0037946638067596,0.0466599661343157,0.116040384907121,0.271000587348003,0.00652612028797566,0.0103658003636231,0.0813027316614351,0.600062379852345,70.8216276401096,67.0226742792407,51.1128523305775,42.1325376997231,32.531769008532,24.4999513329135,15.6455257171709,10.6732812644852,6.50295676194228,0.416279532729692,0.313444509475106,0.296198254614936,0.275016100361527,0.27368462579306,0.393097368044933
387,675,0.285251078654133,0.988458943538957,0.107973142050303,1,0.0396816058024465,0.0163187393730705,0.0151845896448836,0.018410831732245,0.0197629455948717,0.0232435561141824,0.0266784620515709,0.0456501377865606,0.107444143139347,0.191755747726398,0.000317940277937584,7.58348233300897e-05,2.79189457986091e-05,0.000149195587064177,9.74268598244436e-05,0.000100081304646401,0.000393796062841837,0.000997526634817763,0.00410359828975908,0.0460782384698194,0.11077132498353,0.333359685402808,0.0156377935915434,0.0175004963536608,0.0436957335048796,0.494173154321641,70.1731471149497,60.4956580468962,54.5034613929962,48.3463305188397,31.4029258157304,25.6315716036206,18.5299920742205,10.8009497605776,5.87273141811127,0.42428446697223,0.336507688240338,0.294824621282785,0.27523231420343,0.276263726392489,0.39850379775018
388,18,0.272022187417859,0.962752354845447,0.104622409214499,1,0.044552663533609,0.0197978655125136,0.0158933231318222,0.0174196650296691,0.019616991037298,0.0220396482579943,0.0266647932895557,0.0448740188252021,0.108559979190988,0.185963639708897,0.000240341246425117,9.84355995093716e-05,2.46554845715087e-05,0.000101767163930898,6.14633153654394e-05,0.000185390192443446,0.000291602656984152,0.000923697518867879,0.00340881869556445,0.0618369368334617,0.156849306381568,0.233466572112055,0.00905990525479227,0.0160936254816219,0.445092675646596,0.545139301168813,71.432473369837,59.9212622503875,53.8984837397574,46.6773472865903,33.6342590277473,24.6414818522644,18.0616005958801,10.8551006006505,6.51574569604404,0.418469231362128,0.333226529300236,0.294782497180479,0.27489521117423,0.285200548158954,0.373711964992807
389,713,0.339211301256569,0.984563695630556,0.108689257186117,1,0.0421283834413169,0.0139070255738263,0.0174307473492765,0.0188256693107383,0.018399380576068,0.0237886003575406,0.0268999816825229,0.0449219799429814,0.10791307460166,0.185746100277822,0.000274645018981603,0.000124335953090215,2.63542310633013e-05,4.00756573931664e-05,2.68152218944554e-05,0.000204622017829587,0.000315368352591252,0.000803755854324135,0.00416799794610411,0.0519142311154391,0.126207755633446,0.280397328554275,0.00883579138484591,0.0208582345774687,0.103564819342573,0.5111578680613,68.9532988845638,65.125016070291,53.6177639478905,45.1029136010135,35.7393520926287,27.160355043226,18.0454087747739,11.2789651550944,6.04016069642881,0.40831934188512,0.338493707345498,0.298226105459249,0.281307507080231,0.283464091794665,0.365552439724992
390,232,0.3148134668716,0.988213687298348,0.108443964792907,2,0.0404605778145776,0.0201469973508138,0.0170538116318973,0.0187047180834007,0.017424323493315,0.0225654131369975,0.0277265611372393,0.047062592548605,0.106977124912917,0.186162603630059,0.000250846230100784,4.78406577822899e-05,3.4184932316457e-05,0.000113788647790476,4.09940203678612e-05,0.000228094954841843,0.000357351870150289,0.000858709292415277,0.00247152162972198,0.0459620558181606,0.107847258416528,0.17859088472818,0.0104754947580612,0.0225087084758327,0.1963508449578,0.481172254762194,65.980734330202,63.0461138131517,49.8009886336872,47.6176502004182,32.9303966319825,26.0217620382559,16.4559061832705,12.3803870996329,5.57647219696221,0.401549091735793,0.349836487231493,0.29496094102977,0.283434155831659,0.284936144444924,0.374745819318236
391,407,0.290623856548942,0.991310480817687,0.10207395346387,3,0.044947143278882,0.0209542766709014,0.0159496902069114,0.0172333366105401,0.0192568908574561,0.0213694958413615,0.0267346496092096,0.0452581938804117,0.106712203213871,0.18596017552712,0.000348527961794259,5.46020308205552e-05,8.71316644308581e-05,3.92399933995065e-05,2.6270589372272e-05,0.000226779039165063,0.000316817459656218,0.000631529279412787,0.00380948812902714,0.0450434089237954,0.123038769883829,0.350304143475947,0.0118821530432065,0.0197470828709345,0.091846127943963,0.491036439813939,64.6982358576269,57.4758743406979,51.5376266769831,44.0306166200211,32.7774419817,25.3046163486179,17.6934274814362,10.4785625527542,5.83867607368243,0.429618595237716,0.346325109710511,0.29443038094213,0.271630937545515,0.298120458599445,0.367420609897555
392,787,0.212540524071511,0.980881505589187,0.0939147281500367,2,0.0318166483624628,0.0205921202625534,0.01500159672887,0.0179173981831928,0.0197752906349387,0.0230683163954557,0.0278095787579566,0.0464242628680434,0.111209549156591,0.185684838357726,0.000222547872497612,0.000114949758497675,5.37010684606869e-05,0.000103330749860385,3.1863686384449e-05,0.000195883525863192,0.000468706248607938,0.00119290196166847,0.00335129371773792,0.05840240817181,0.189220238474944,0.430111654110999,0.015729479866561,0.0176212928786191,0.0817175073938677,0.558622420620307,70.4287024287777,60.0302272524642,50.642684147889,43.6655892035726,31.3209797858641,27.2690005872688,19.0160356700779,11.3173126740498,5.37578860415624,0.424027016465137,0.33000480856838,0.2984774104812,0.281931809823926,0.281734515383962,0.406774406992536
393,903,0.269768826873644,0.991700506935017,0.0914648388079834,2,0.0368089485919875,0.0158218314254124,0.0162189215872593,0.0183724278038276,0.0183618314283087,0.0234985394670008,0.0246487562429056,0.0438941478011178,0.107064302279145,0.189046378757214,0.000533936958747798,0.000118381421185869,1.96563043278294e-05,8.39370715297147e-05,2.14567796026843e-05,0.000251938612847121,0.000243669467965089,0.000769878607665203,0.00281141626486747,0.0464755511888249,0.1499980534189,0.360097242865018,0.0224212895507786,0.0237908269143005,0.0694498996182217,0.528572254194042,70.4454548000566,59.7439304698324,55.7033356665147,43.3340480989024,35.3057039729326,24.9219926129692,18.4540284234072,10.9397020680408,6.491789861621,0.417065456283195,0.343036720846522,0.292408604016758,0.281026258329371,0.294320228607768,0.384248690781569
394,194,0.166123852846857,0.968946511504038,0.0953533157598086,2,0.0385808157482596,0.02011892459135,0.0125046791383077,0.0171194673080343,0.0177735230199983,0.022981629735205,0.0273709438961571,0.0439972644267139,0.109041485854375,0.189065092789528,0.000298982795271702,0.000277088763557127,8.02919944041614e-05,0.000111501874640389,4.1434856736467e-05,0.000365246046356019,0.00042486446920583,0.00103353086098342,0.00392984551598974,0.0657592730635719,0.165040637249095,0.490726495946428,0.00462146547454687,0.0204904143319261,0.143944278381524,0.516728060229792,67.5838185819942,64.3621993520045,56.2094522444645,42.9706596874961,33.3444867847668,25.5341550948635,19.1509415792831,10.5971284950395,5.58498878724289,0.413098679349555,0.343541223591204,0.293492108859217,0.274342560372254,0.277517956394937,0.375413917384473
395,136,0.364133893555362,0.995306451397366,0.109880889775604,3,0.0309847953528034,0.0120910533867028,0.0162239858335814,0.0172600835521547,0.0185931499521729,0.0235372817734205,0.0267827969570276,0.0453815160228304,0.108287596430046,0.185453371951974,0.000183536905129883,2.86078639303493e-05,6.4232034844802e-05,8.16879271438816e-05,5.05142325413058e-05,0.000244993027475783,0.000402466412069265,0.000999456087633419,0.00445310543232504,0.0539679316576981,0.117701294244939,0.102508887866281,0.0347647138969177,0.0235908671982836,0.137298335060128,0.602346391045033,68.2424921795376,59.8083950313889,58.5112544044748,45.3943274397565,35.4700164923818,22.9576612280472,17.3168772735839,11.025992955516,5.98258198082266,0.428339485832819,0.332890152422416,0.295310637494549,0.274871918648474,0.289295724099247,0.39665033332907
396,380,0.323928745330078,0.964957481551776,0.103905858424623,1,0.0386749514222977,0.0187640663352441,0.015165273846881,0.0175198494469538,0.0202410647640607,0.0231156320737909,0.0264935765487526,0.0470354242982222,0.108150744088132,0.191275177448989,0.000317238815033679,8.68567327536217e-05,4.60001924446712e-05,6.43032697701213e-05,6.52095547111557e-05,0.00025521371558499,0.000341121670019045,0.000973221245288909,0.00400374160428087,0.0551883989980647,0.0813282040039056,0.282000422897812,0.00952199592975417,0.0363235290983736,0.182056142196212,0.486234596606336,68.8776494438061,59.3371254807187,53.6336692557638,43.5130978295976,33.7937778803438,24.1472549751735,15.9835685556287,11.2226238358792,5.63488903760433,0.407939087754163,0.328334737762507,0.296095371387112,0.280115167802273,0.284304170996824,0.384164884424243
397,123,0.364521081256949,0.977846863035999,0.0982370279654989,1,0.0364480625829557,0.0231908972637802,0.016574792030101,0.0175054404205006,0.0181406040400864,0.0236294439785897,0.0276232556637928,0.0462761433407812,0.106234327683563,0.187311387914182,0.000287409884095484,0.000149357096010294,4.20075195638289e-05,7.29051184387638e-05,2.30495493576468e-05,0.000199625756870149,0.00035369124932492,0.000996116528061273,0.00295493434347893,0.0433970269206555,0.133748672063848,0.467437951563336,0.018914588886563,0.0428730648198521,0.0480944777818257,0.490674974495713,69.0014293639741,64.0854383126387,50.4767495140514,44.5407884674421,31.7111454402672,25.9386563714972,17.3869577544104,11.7832363154497,6.99256715456819,0.407203254771118,0.342322404425403,0.292076072036182,0.277402879764674,0.294167710437682,0.357168705216252
398,700,0.314552267820005,0.986913511475076,0.100030516885288,2,0.0453047387521097,0.0143101129840427,0.0139192390463477,0.0184372234276841,0.0183070397888869,0.0220137951821695,0.0275884516677969,0.0451691328024709,0.10730847504921,0.186558933777347,0.000245462960085491,0.000126454445613417,2.41178948331202e-05,0.00012532911172989,4.50667822117544e-05,0.000162382259548746,0.000397836012066235,0.000994340386570631,0.00371378572278416,0.0549877523857999,0.134483115046771,0.320020260116495,0.0192398782743475,0.0283583390871071,0.132835296592785,0.629728208314418,63.9478168310395,60.872021271621,53.0168871222971,44.5205291435398,35.6488007177902,24.9613108721115,18.8814102112768,10.5535215891633,6.3090273264163,0.453044425989347,0.336641465330275,0.293414657414277,0.274246824015849,0.296528600343173,0.373073651240899
399,922,0.338281542840101,0.991414814539268,0.0958287671570539,2,0.0527876253981376,0.0210829939933224,0.0164590658517001,0.0184694973633156,0.0185995471597638,0.0241130305804794,0.0245327517136129,0.0454142755398121,0.10912473810449,0.188487895553552,0.000293717044641828,8.30134072277527e-05,1.60698215610247e-05,9.12988257364631e-05,2.38254024806264e-05,0.000267569120423747,0.000237115302588454,0.000831057563103696,0.00451728697125449,0.05660335793612,0.105714235710594,0.32750557370814,0.00636286170955667,0.0274427232071373,0.0803308237666796,0.515223432128371,75.9635731745405,67.4688058855093,49.6208853423251,40.5994664847052,36.1278241040802,27.3566237936973,17.581375059983,11.347772077086,5.94972203277961,0.41458612550416,0.348495637887596,0.294785798187922,0.274453680419602,0.291468620417864,0.398110522593747
400,789,0.23239895349638,0.986794475851376,0.100638837005911,3,0.0415883365162781,0.0148784500983241,0.0169550545321315,0.0169175544945098,0.0196265651904216,0.0227514797052819,0.0271477418437719,0.0440759496966177,0.106699804936854,0.18483969256653,0.000375076175977464,0.00014301860303157,2.02840500454982e-05,0.000195680047267782,4.60925655503435e-05,0.000191846889181501,0.000317411687575818,0.000947550692021952,0.00562460806601959,0.0209104121069115,0.169803607850541,0.216600323721413,0.0118240517313216,0.0192160546331863,0.156475703134643,0.576538360487353,76.2255917488525,62.1161198767294,50.1858793919966,43.2196197409631,33.5176773871576,23.3449422614202,18.6020272202031,11.4788241387377,6.48904642808089,0.395698838015177,0.339921506403614,0.293767233096615,0.269373965324096,0.290506709965723,0.391660211043834
401,66,0.297299507206002,0.98948134888589,0.0991489354334233,3,0.0396539508003502,0.0137908650270954,0.0164851668992689,0.0188418607652453,0.0188728615526099,0.0230344906683196,0.0270441599579252,0.0462130589897896,0.107073061562618,0.185795290950018,0.000413127292204534,6.74029437470894e-05,4.32459984557923e-05,8.07955911994974e-05,4.2844985705425e-05,0.000155619260335904,0.000360467075618327,0.00108118501417244,0.00456071542295006,0.0478939650246758,0.11355886252387,0.198228202134341,0.0262658834138955,0.0195818710056486,0.148550645539017,0.496382740723543,63.6581076997472,64.3245516169143,49.9021281963221,40.7395326829566,30.5892241813675,24.4486913680617,18.3150263203166,10.4357778111519,6.02594499407362,0.417548174286686,0.336582044464588,0.292635344189778,0.275595422029958,0.295008867140946,0.370549166245338
402,806,0.322520751775695,0.992190891663875,0.0950838342284313,3,0.0423867502446141,0.0188377780492291,0.0149023955388138,0.0173887462064947,0.018678847786046,0.0216592086054636,0.0278860288291941,0.0456902368373684,0.107222630734588,0.18859249569478,0.000216850289313612,7.98672417989106e-05,2.13584258918778e-05,9.80143271694396e-05,6.12331951946466e-05,0.000197121213502023,0.000308293514544955,0.00103716342858508,0.00355177193332059,0.0477175061108234,0.229895053246503,0.242913362720767,0.00708026949839211,0.0452106163633248,0.106394084922301,0.49985042847785,67.8338245194088,60.8685142055626,53.5013128612304,39.9018898040013,34.8821919619459,25.8620829063103,18.2336428103143,9.88228015514004,6.50100836185735,0.42876365475907,0.346201349245097,0.295801032258043,0.282487456162061,0.285671773422907,0.381469836383139
403,731,0.268733687681669,0.979861656005486,0.0956618097571737,2,0.0496443552196533,0.0178742457792254,0.0170245496468476,0.0180837837478037,0.0199426504383878,0.0243855716381223,0.0283932536695769,0.0443425760103794,0.106791010666009,0.187334059828616,0.000522347108567086,0.000168964393370638,2.31340051856109e-05,0.000102494885586359,6.1031592406219e-05,0.000227707280452087,0.000424267390993918,0.00087710544678122,0.0031561568322519,0.0547783077698335,0.143416530164683,0.361176429902167,0.0306606181966451,0.0435363097785289,0.116573229764919,0.547162804669595,70.1902194660863,61.234078114817,50.7114687711509,41.4763811281598,35.1315751222383,24.7594711621401,18.8347258743618,11.2439049621485,5.68966357049557,0.417215537684942,0.333830566953087,0.295248944138041,0.27272989658749,0.300103214019191,0.360597888221957
404,212,0.296101380868282,0.989167281853504,0.0890461967264309,2,0.038591758712057,0.0145712164084275,0.0160302494496621,0.0175321090198261,0.0191804025122797,0.022928373240354,0.0262255021424465,0.045577633955844,0.108600355616138,0.190044220606791,0.000205729456429884,4.96969405945798e-05,1.54830635609439e-05,0.000116163793206027,5.38890811413986e-05,0.000326494957154057,0.000394867827237882,0.000914008458495321,0.00386982011845239,0.0489598891599699,0.144386032081283,0.225580233206725,0.0101404991640086,0.0349656678693623,0.150532167695262,0.524439738749783,72.2226062783658,58.3209058610128,53.2279064404888,45.388791471336,32.0450491441634,25.5191569853527,18.2183996972227,10.5790461009462,6.63510429630629,0.415971080890745,0.367637203178399,0.292448806253331,0.288034410449445,0.315373349932483,0.369737158471243
405,531,0.305465026201952,0.974281061199499,0.108384962978898,1,0.0440297138104329,0.0149099373734393,0.0166680378849068,0.0188726921595737,0.0190478370194732,0.0231941808335817,0.0271814738668832,0.0463068005480759,0.110764442109662,0.187465516537809,0.000471856534587183,0.000145054841574827,2.60202085632908e-05,0.000130310342313124,9.61070721133553e-05,0.000112276104471856,0.000485371670612472,0.000892011377961883,0.00483992215769337,0.0505085561767643,0.15812523399507,0.245453809208066,0.0382955605283825,0.0155641789234478,0.27240217137103,0.491795275393971,70.0868539435282,59.1315470148447,56.8556280002399,43.669438994125,34.7923722766519,24.6262235872106,18.6312036159458,11.222978137633,5.88178195493877,0.405658250795616,0.328124496290088,0.29507818909571,0.273612381587342,0.281809947526071,0.379827405658072
406,69,0.289666328597501,0.99122285081731,0.0993843523097751,3,0.0365116527328563,0.0149954875663261,0.017042364183062,0.0177749754835988,0.0197029154252563,0.0225444055724828,0.0272655329306007,0.044538951168974,0.10570327193996,0.187707392859411,0.000447692736921708,0.000111985156262366,3.68027430175409e-05,9.54847315336034e-05,1.87095835345986e-05,0.000231817670660285,0.000355819511253362,0.000915971582048307,0.00266034295557611,0.0434252163540808,0.123758747763379,0.381886817017539,0.079408761135889,0.0184557295156658,0.0475586270181329,0.491970884903593,71.2359465563256,61.5982055885818,50.3561429434844,42.3704849193199,31.6727250085875,26.5938026181174,17.9867437791367,10.4942403743185,6.35218425599861,0.432115581895373,0.345855329875115,0.295413289498074,0.275930876577517,0.266939705340223,0.386695914341772
407,672,0.361140980908468,0.978933355650643,0.102596696581054,3,0.0460797104924219,0.0159433386843855,0.0167602389641143,0.0193945957354911,0.0184671856179945,0.0232823386291455,0.0277600064850455,0.0454395513362197,0.110111595396708,0.188269034453541,0.000262978543778698,0.000148867571976348,1.44169507787072e-05,7.2693125142156e-05,5.60852633008008e-05,0.000157692467803783,0.000411745605236742,0.000737358246827752,0.00259851526358997,0.0406004837720572,0.104724441565402,0.439706641338242,0.0112865431625997,0.0290304250661586,0.0796383094724428,0.559838640451483,70.2549240728424,60.7390985031494,50.4945641652528,42.9037452044776,32.4903250107303,23.6986489019647,18.1737845578741,10.7453031533463,6.0491861896124,0.438748354397148,0.312172681747701,0.29648304886827,0.284995747925389,0.289979804799077,0.379621053147588
408,746,0.27378207489325,0.988993687835294,0.0988499972720541,2,0.0411706948878101,0.0156921816763519,0.014910937706051,0.0177866913545648,0.019756460727926,0.023636931131243,0.0261857591264578,0.0440704676907851,0.106081381562914,0.190739475427103,0.000326216304384841,9.76120365443983e-05,3.57747016707189e-05,0.000100154340114314,6.71556550694283e-05,0.000194363202349184,0.000255344726963214,0.000953551686053571,0.00479551824666165,0.0487833458153156,0.0943077671581922,0.215584236130022,0.036945971025836,0.0440631973574851,0.125117301868827,0.565885735937843,72.7096302178987,60.9449032751018,50.6460152711817,46.8963940913771,31.2002852102453,24.7956866971692,17.5507594141108,11.0982510999472,6.44585632871137,0.442227599392882,0.352035052610964,0.295951974397402,0.290068054538812,0.284094575032567,0.385344649793871
409,669,0.323688324536241,0.995976640723635,0.10212367314192,2,0.0354497787140934,0.0189589392853388,0.014922724910008,0.0171486008241232,0.0194070634433986,0.0225581480403344,0.0263965197190181,0.0451316760044301,0.106713399653412,0.183153063288321,0.000200586522126698,0.000121548525948173,3.79380950470039e-05,0.000106722684134964,7.234494551426e-05,0.000208866682834367,0.000319568694178048,0.00101064165781789,0.00455432574666259,0.0593622059377253,0.132774234783516,0.14652004885771,0.00824171851841279,0.0185218808667963,0.0499962342302601,0.557297477225051,71.5586165458099,61.9015434114263,51.0073449118523,40.1883471156766,34.2786648648162,24.5909318990851,18.470473085443,11.1131764799565,5.78581430364236,0.438923074705343,0.355897204101316,0.29711126700891,0.287361078743489,0.296252790103845,0.368899563772453
410,916,0.298071036124409,0.983562079760332,0.103648351326998,2,0.0365799149459206,0.0140400839199997,0.0172042835083454,0.0188446574441282,0.0212410200987114,0.0233050766751303,0.0256751314137968,0.0454160625856808,0.107453913767153,0.194360742973457,0.000491467727320976,0.000174579568088268,5.42012079251056e-05,6.74354628411155e-05,1.89550736868502e-05,0.000228743196849456,0.000301347453573981,0.000970731489506663,0.00511604739872316,0.0556310665587624,0.149651655845325,0.163907908087899,0.0280006732644724,0.021844705101015,0.235297108336199,0.547743786454505,70.0135067768757,59.8717897157212,52.5072162597279,37.8369342748692,35.4268234649686,25.9138432826432,18.2780005359711,11.4720042019241,5.78885869790433,0.426609451962343,0.369677758518422,0.29153047370258,0.276165978531167,0.267338251400191,0.367755840796397
411,770,0.28064492753845,0.991949922894436,0.105025723767783,2,0.0305270564987578,0.0224509726597362,0.0151719444088573,0.0192487646944745,0.0199743753748333,0.0218256517681414,0.0255476901906159,0.0466035248177379,0.106210909840697,0.18646198688975,0.000343621261121758,0.000101027789557305,3.32186843338067e-05,8.70429201594941e-05,1.82262221836578e-05,0.000186323325353176,0.000431447322330429,0.00135267726112467,0.00407004376492688,0.0521261465557963,0.116728907850993,0.214440756641725,0.0176405000020371,0.0198489199575761,0.108649421555711,0.45606678479066,72.0814763337063,59.4557299131606,51.3230735505894,43.2475166867814,32.0730631611822,24.7188005826348,15.8040455742828,10.023837869552,5.88872526694806,0.434534905029027,0.338717361507004,0.292995041485669,0.274209716432755,0.275595929255573,0.400831912305197
412,658,0.324851116081048,0.993246799982403,0.0857556911456795,2,0.0434662887713847,0.0166636892336498,0.0153397734735361,0.0171170041325377,0.0180342333418362,0.022978291122406,0.0271651194059497,0.047208400714696,0.105945676347493,0.188790265109329,0.000237345113365145,5.68813034827762e-05,5.89432940085944e-06,0.000128041992812169,2.47047931003438e-05,0.000180030496164118,0.00035957971376529,0.000898609344425033,0.00303613861633651,0.0506221421589897,0.135454961053826,0.575555560336673,0.00691881916293826,0.0193291215255724,0.0641378710238155,0.529426268243539,71.0445262571875,64.853819996198,53.2123152983551,40.8969418458265,34.6255221611775,24.7016902903347,16.0560809108443,11.9119258586663,5.70955208394176,0.41492315883606,0.325830037737559,0.295558947087588,0.267387845313921,0.294745301646099,0.390659736460797
413,653,0.279897746483409,0.982671835824184,0.112925628559518,2,0.043243489088874,0.0171389367722977,0.0148239616388684,0.018279877616368,0.0197434647182054,0.0240663422353384,0.0268313359062894,0.0443472471829408,0.105462977179501,0.193376916705182,0.00025003440502556,0.000138657314204762,4.6176773059103e-05,9.02313841580186e-05,2.53946619840383e-05,0.000273162796524407,0.000334874066956751,0.0010419444321971,0.00385866830282852,0.0415560128989577,0.152610950057065,0.202446993953944,0.0189418646181665,0.0185823062303912,0.123381526515166,0.488394248057507,65.9271576395194,58.5592698269551,53.3953042089864,44.3767061174353,36.1150809864302,25.3820071813052,17.6996251123293,11.0865856447331,6.24660584499693,0.433272993169918,0.364264040790954,0.29465995211504,0.279634516860943,0.282255641267812,0.37080752472832
414,485,0.373532672892225,0.986293031203967,0.105911937832177,1,0.0343633818114577,0.0187402278836478,0.0166382874863086,0.0183247160966294,0.0192199400093968,0.0224403413649742,0.0277033505731112,0.0433526760799924,0.108028711583663,0.18637099196805,0.000217273831874029,0.000103475200611271,3.92948185653063e-05,0.000123838341606062,9.25230254320344e-06,0.000172983650267986,0.000479814189610127,0.00100441859046786,0.00397268699331345,0.0537266926719888,0.143747785876808,0.504568759347816,0.00852755494103786,0.0150493126487705,0.251580961225939,0.50019825293628,71.2774036395995,68.5649007657359,49.5276014212976,42.347699943764,36.1645288930095,24.7134295861936,18.7325444403571,11.1529865447331,5.98523525529487,0.408477257129516,0.338350219518153,0.294045848681939,0.284320163007525,0.304087688971908,0.386548210624805
415,845,0.331495971528764,0.985857288379867,0.103461806562258,2,0.0353000216729428,0.02191580370296,0.0162614143218409,0.0199471476557495,0.0204199891950011,0.0237040234723384,0.0266191454342169,0.044114115639516,0.108019133487271,0.190098080054571,0.000346452623336762,0.000112205754738489,1.55026650729192e-05,5.58761480308542e-05,2.95965525157905e-05,0.000191064941681859,0.000437016849470196,0.000804762170671618,0.00493660120701977,0.0598267251527965,0.18584126282231,0.330205364848636,0.0169708536334756,0.0224166662984674,0.131893212986884,0.583656401506876,79.5423487058974,60.8390819351139,50.0988332347729,42.340781775448,34.2268981999188,26.7521698541989,17.378358178625,10.9487479501929,6.43016067797777,0.449686563831577,0.349347294777956,0.297560861287759,0.276351287067232,0.284797421037151,0.375136954805128
416,838,0.413731004908862,0.990061331360609,0.102907622819997,2,0.037544929748134,0.016228967593801,0.0132911550967231,0.019512336304918,0.0190314764594129,0.0239443506985192,0.0266516446009145,0.0454672223462671,0.109855714838625,0.1861505415682,0.00026309119729046,0.000190637525976696,2.25449360866845e-05,9.26862508411725e-05,3.84553509143646e-05,0.00017132444447651,0.000309824526648387,0.000891440580734387,0.00397948611143958,0.039511565475312,0.127029466655529,0.347112725954643,0.017987389797998,0.019045704078219,0.300073546279456,0.554925374810104,71.7212276043483,57.1092386652311,56.2434563038682,43.2815721412432,32.1627863159101,24.652016864961,16.5111286752541,11.9231980192763,6.42072064336016,0.444180318152165,0.341925328945748,0.294295059558289,0.279895991191105,0.282496615871471,0.382107580489268
417,859,0.316343787704819,0.979064277682982,0.0873914202560079,3,0.0372057626900122,0.0221144878640922,0.0158220761510003,0.0162787066131175,0.0179471120010958,0.0233528610539299,0.0252364825568105,0.0459643051136179,0.108841065318156,0.183705282861525,0.000338212835483043,9.26864934943567e-05,3.48788268410133e-05,8.15214424743602e-05,7.51917253627257e-05,0.000177638306525349,0.000307499062673096,0.00098523488934998,0.00349348021750815,0.0521235054856989,0.183929774180905,0.148193964206156,0.0271177252645988,0.0287134532072028,0.139111181450737,0.52666337198788,74.0738521658007,59.718719687352,54.074328438708,43.0965609128441,32.9398886529578,26.606559459639,17.3803037483094,11.2006974141258,6.21822877291838,0.42370539885156,0.34529774920345,0.295668464270627,0.286258698307115,0.281141418171511,0.3931569395816
418,488,0.335866167812359,0.978618626186817,0.101125690722957,2,0.0402662900019236,0.0117246338379437,0.0173035538987979,0.0171463092832933,0.0192459384525452,0.0230819071633974,0.0259515984805626,0.0453238918302148,0.107952410619242,0.19138913113685,0.000334401882169379,5.3680140558795e-05,2.67448954000187e-05,8.73361529005658e-05,5.98798375845283e-05,0.000220236341721709,0.000265415742027958,0.000819496190695087,0.00361057752609926,0.0647647336470522,0.109452888876184,0.179995929217391,0.00899741121044444,0.0316690049835075,0.144934621497508,0.523084751681945,71.4171766600764,65.5611390695696,55.8107588534088,44.4351001901023,33.951987626151,25.4773830688013,18.9306728569307,10.368960060694,5.83292615629612,0.416749668639151,0.357261060883124,0.294317488392151,0.278679145528658,0.281248879548301,0.384924910978025
419,188,0.306287482425489,0.985812532380154,0.0979265482311093,2,0.0342595069669876,0.0149779943858062,0.0157589665813284,0.0180348649435276,0.0200851857045915,0.02231855310711,0.0275266455397013,0.044775282630403,0.10553424232572,0.187613427359397,0.000279991285638785,7.59183438744976e-05,7.31335689844537e-05,7.43510539651356e-05,3.29547968235869e-05,0.000219856690364239,0.000546328570500861,0.000653870870949244,0.00353414353875486,0.055133603864407,0.143964317286704,0.336346077444597,0.017710596418006,0.0267634887416415,0.0730195513281672,0.457962211588481,72.2614764699645,63.9299203650894,50.4044567777568,38.7714562166351,34.7583773629253,22.8616541354902,16.821246284756,10.4577798624375,6.65953977478667,0.414452668073765,0.359880758763067,0.296715523996473,0.275462723551131,0.30558792146963,0.382044039918302
420,304,0.262174224298983,0.994809945748855,0.0998590452319642,2,0.0446615415335121,0.0246764470251736,0.0147601303938563,0.0167706496042649,0.0189158193333524,0.0245842047251589,0.026573285788074,0.0446527998057326,0.106509349035691,0.189766036708395,0.000140043719165297,0.000105324816839873,3.38035639490598e-05,0.00014361612613888,5.09558262682402e-05,0.000224829638176906,0.000372077755685976,0.000958259075289954,0.00383639794652032,0.0401413991614477,0.118761252706087,0.295239540530494,0.0105042099552222,0.0236159922251397,0.0273122562916276,0.512401167339119,70.6629108606887,62.0021633077724,54.2292636770662,40.2106136105153,31.8101911142539,26.7062336998728,17.4305488280238,10.34736547429,5.68281577131325,0.426069009150064,0.34129889955707,0.294754465882823,0.27950811242055,0.279921338478508,0.398069588984047
421,828,0.381973702010406,0.980205725985196,0.098914353969574,3,0.033405629553896,0.0218974332667813,0.0139146207910955,0.0195368935960081,0.0185374907726916,0.0232900619140626,0.0278668816794518,0.044118167935468,0.108031074836229,0.185925001035534,0.000329866277038207,8.21992224254509e-05,1.29012904297488e-05,7.93016802742189e-05,5.39311182099986e-05,0.000227243868298769,0.00032096334339645,0.000944047470717615,0.00391716417492171,0.0586039951802746,0.0921151346541921,0.165327593724299,0.0195922968859586,0.0141779366425285,0.135065856390434,0.52367431126819,71.946870592925,53.7860110875764,50.8559609121664,44.78526668212,31.5422544657172,25.8052388531351,17.7735965364189,11.3758418518049,6.42880986262742,0.433486270011126,0.353514354237075,0.296600377480152,0.280282376884043,0.287532635744777,0.39098636667728
422,386,0.378636041473661,0.97468177822208,0.104011353226812,3,0.0368159681528238,0.0166979098647278,0.0168298434378913,0.0164138049029774,0.0196335957376831,0.0246713289936886,0.0267128089545568,0.0470453581695622,0.106688358391234,0.190277075586429,0.000405865946225444,0.000101693328586686,0.00010709590134703,7.98251750620313e-05,3.07699384027542e-05,0.000173846950686341,0.000302138218741659,0.000884488532747115,0.00316072169674766,0.0613346241012868,0.0962783992101433,0.371210730045291,0.00914339542490033,0.0104352205856649,0.0893036602710694,0.524148721269839,71.3325352731982,63.970491211512,54.7959842167425,39.1501334061804,36.1722706348081,28.534058767617,18.9585267824434,11.1023883325536,5.57121684501948,0.420568966900374,0.34047645245312,0.294532651583561,0.273450703632684,0.2844480643921,0.385170558334441
423,172,0.273686932666636,0.983176804768847,0.0976939579076298,1,0.0418546074370222,0.0161344107404696,0.018507695669402,0.017280022833486,0.0183171310289229,0.0225971433330508,0.0273024746132132,0.0446655569843745,0.109190163817425,0.190608753046067,0.000239465211474318,5.8820338264487e-05,2.27631672237563e-05,0.00010825162913528,1.14930672499106e-05,0.000182859624663149,0.000324075299163073,0.000941064357719807,0.00385166061937049,0.0479102239744868,0.118985469679992,0.573851031203684,0.0141649340512076,0.0425167213551179,0.159291601744748,0.67788717311832,69.2039636095438,63.1407732579246,48.125025536051,44.6870653195625,35.2248826800388,26.4914643004871,17.8252765859742,11.2557657146036,6.15908785523562,0.418366967095381,0.350019748384287,0.29392067625035,0.284327103595262,0.277876491955361,0.386229611215157
424,823,0.259961797631807,0.989197949770582,0.0999332421387702,3,0.0466449962860591,0.0233204322011161,0.0155554300681633,0.0156690712447801,0.0196267681550922,0.0222577233279354,0.0267005719905229,0.0447993554394018,0.107384313622132,0.187888867869584,0.000266252587984272,6.68637104334541e-05,5.35196789756602e-05,7.68396175118167e-05,6.74308955309298e-05,0.000236128160008024,0.000365884589657407,0.00088557333995048,0.00352671083876401,0.0459083480204953,0.151670392021668,0.318648490026192,0.0160694000296133,0.0339854428195579,0.0900945167346314,0.57701490611299,72.8475164538537,61.1415293329415,52.9679614028084,41.2332205525856,36.0987005106331,24.4922941322533,18.4627840907459,10.5228339133756,6.10642335516547,0.414855904550771,0.363790532857839,0.293849298709984,0.269144243895091,0.269519634311762,0.384050146165676
425,75,0.259160500302495,0.985925873474187,0.102697301946433,2,0.0502176449948526,0.0200255429404614,0.0140834146569308,0.0186224099226792,0.0189447763118189,0.0236514742400492,0.0264766674819557,0.0455225223014404,0.107107580703415,0.187191934330486,0.00013361477753903,0.000109895616069079,5.19247516084082e-05,9.13744988233965e-05,3.86381536214298e-05,0.000219753583083024,0.000361720747230341,0.00101946033692547,0.0035043910963839,0.0704706440368121,0.134023349898531,0.073805212239942,0.0196879670289238,0.0200089736076977,0.0837055558678755,0.668225150661484,71.4247277375095,60.5071141461713,58.1622870598332,41.4300264631483,33.0583289822671,27.3049725761665,17.5279336035938,11.1062788941396,5.92095702734796,0.438409371752234,0.33601238866974,0.297336642285918,0.263460695621167,0.282940927718841,0.359258924368321
426,83,0.282149362138393,0.996115449562336,0.106719039860921,2,0.0535492869954454,0.0247089009292067,0.0154929827898824,0.0182292431900707,0.0190521679496186,0.0227947090395843,0.0255493824071036,0.047854217538965,0.105657383598225,0.187819366879319,0.000363272033362931,0.000102289694917431,7.29067635878367e-05,0.000107616076969624,7.9286448386e-05,0.000208252915875569,0.000373420230781697,0.00108514994739642,0.0036048714573529,0.0599942827661145,0.130485695931283,0.269300277637955,0.020656963039916,0.0377552154309669,0.135649338371171,0.568681635592604,72.6516048968591,61.5514501747516,53.5806419450945,41.8024346645666,31.6358860934829,26.5498640698462,17.933914233763,10.5130786416578,5.89525711193841,0.416687703019813,0.329493419108832,0.294844078640272,0.283470599213329,0.301933526028861,0.390019169033161
427,41,0.285654338287157,0.978445406705638,0.0909404127689132,2,0.0338725502301498,0.0210645805900967,0.0137079215714707,0.0176830935213165,0.0202915879087098,0.0240064791283954,0.0268471285961763,0.0431404028956112,0.103335074742896,0.191262701355237,0.000145344727780314,9.90942105295996e-05,9.83451275464672e-05,6.36050430612757e-05,8.01736954324171e-05,0.000212247585767119,0.000248332073475097,0.000733766469725165,0.00399998779030796,0.0608856580959666,0.135978842999023,0.499707805664645,0.0183627490513803,0.0180881105454546,0.0821693937762878,0.541181757560084,64.7424929602751,63.2722344512832,51.2922075425257,43.7109673321535,32.6915583179673,25.6514134976807,16.8983887241153,11.10446093091,6.24769555677801,0.432718314653974,0.344980236260534,0.295203894592926,0.285159163457278,0.263128290356724,0.382983885050326
428,863,0.289745655730886,0.989105682570145,0.0970241511100721,2,0.0417636349043506,0.0192993321140148,0.0170910465192121,0.0173645346284641,0.0185579511783495,0.0237861660775882,0.0256971345241591,0.0440256593120476,0.109331895796592,0.187511823309648,0.000309978365706695,7.72773908412995e-05,2.68521210597584e-05,0.000117583230744879,4.29564344706948e-05,0.000146432127534245,0.000456507872344969,0.000851856417431478,0.00452010033289833,0.0468295154325361,0.0955647706978072,0.220750846990294,0.0251556751593832,0.0271140794815466,0.130009853600308,0.520801217387575,68.1926679390089,58.149492748773,50.3463042141088,41.9975635206786,32.558609978799,25.6223669069895,17.4406615167644,10.4612450037881,5.7671334008646,0.37432942501832,0.347918723917087,0.29512198949307,0.276118062504013,0.302035926313487,0.378129678626602
429,225,0.243704769914162,0.986680340879433,0.094491618368715,2,0.0417862829415845,0.0148542901200816,0.0157503033687766,0.0185645999864509,0.0191066697754519,0.0229911740820682,0.0273528072144815,0.0458807158279907,0.106805250596176,0.187991069464678,0.000144189738110436,5.51679665854143e-05,5.07471071798862e-05,7.59665954666542e-05,3.11094268647864e-05,0.000209976074909764,0.000469401759167277,0.00105248799618875,0.00361273021722845,0.0579979611169722,0.174980264943311,0.30995462961062,0.0229616157911154,0.0105061058227485,0.0728792864294263,0.487591403507257,67.4848981192888,59.4747757890444,54.7791355501418,43.5908527471411,32.2240806684792,25.9744114028076,17.462311916917,11.3930189883351,5.8232295610376,0.4334582185031,0.315231317142476,0.29490000432884,0.27210435459796,0.289206572451753,0.391085404549503
430,356,0.19713676558055,0.9841513940506,0.100457203345377,2,0.0458714296463342,0.0163678636583821,0.0167108471054845,0.0179826126801979,0.0196612306555318,0.0239488106811562,0.0263414851648786,0.0475375231419687,0.106921729416474,0.181999378251043,0.000297748564348339,0.000149826266329159,2.29712766380446e-05,7.69250995808406e-05,2.62541139363201e-05,0.00017393283910754,0.000409960045873654,0.000788064487381404,0.0035128419609823,0.0332210676546221,0.125722258720534,0.250121095190321,0.00857220398285569,0.0306582405622083,0.109242347484557,0.559530995488742,73.8621547932994,62.0957503910985,47.6430324056565,42.9112189520598,35.8027157802489,23.9271595751188,16.9424730232124,11.7664539416609,5.62383069073657,0.430070910622962,0.361199838481771,0.29417325549084,0.274716326536429,0.278626483165782,0.36463581786431
431,285,0.288908304651248,0.994569033593357,0.0963547733288189,2,0.0358441940817265,0.0151357896780426,0.0167984243435857,0.0170950280170529,0.0181342614747248,0.023957419018983,0.0275431075663156,0.0436357023767867,0.108370396780761,0.184687356654311,0.000358049994798482,0.000165146082612526,1.51739439511648e-05,0.000102922414748738,6.32518165649318e-05,0.000203324605698739,0.00036405659862563,0.00102624579939306,0.00274886181461533,0.0493788980120227,0.144451943881695,0.329541446851957,0.0233811527412199,0.0218907610614502,0.0401042207904863,0.492785448734236,71.8451550391804,66.3862525931115,55.1278925711403,43.5261168699157,31.5584278804305,26.0146899068062,16.7420954308246,10.8883007399986,6.30044493669663,0.410507287386049,0.348164152226391,0.294573851397294,0.278997785963911,0.293517393092084,0.393701683315284
432,358,0.313108163513319,0.98028253246477,0.10080611842598,2,0.0325107530687192,0.0127280820669882,0.012469907162658,0.0194574202938852,0.0185044856871602,0.0240953663061747,0.0272101490302146,0.0451981331695012,0.106583863326768,0.187426228798078,0.000294648949151705,5.75779831231235e-05,3.3288405665964e-05,0.000129120203097166,4.09066847978445e-05,0.000160848466789476,0.000285685543086069,0.00100605302806993,0.0034619269926585,0.0452870381629043,0.130741195338661,0.324762093952906,0.0129116693996422,0.0189938391994295,0.103861888253696,0.584581531689884,78.971554294358,61.4423783043332,49.2841922169435,44.9852361476785,31.1886240636298,24.6498886353299,19.0689473911829,11.2922195762941,6.45427466524865,0.388721943526292,0.353973512528557,0.296567914986183,0.282912287955727,0.298406010523474,0.390126767581117
433,529,0.237842464606151,0.993135189367109,0.0970620344437205,2,0.0411231312046526,0.0185343040879004,0.015087855523121,0.0189822762691361,0.0189120045337238,0.0228344024703965,0.027823163950624,0.0445681892710945,0.107413007556717,0.189339047666564,0.000251195749465416,0.000116470042902326,2.45410419762572e-05,0.000123987662903705,3.38159999777842e-05,0.000251571144767292,0.000353156102871004,0.000772814457558954,0.00403087802272266,0.0502717845278485,0.0722181765161221,0.502788564080018,0.0147142000245429,0.0200361584323783,0.227822670693137,0.579478280138011,71.6613762622323,68.1067905166403,47.3392209276843,45.0889181766551,33.8558810747795,24.7240370448082,18.1587164866287,11.1628961491467,6.30561884562696,0.412766933918142,0.326175977061694,0.29618919247302,0.270870613262463,0.283941258222138,0.377099931123633
434,154,0.287007828743941,0.991931866630516,0.107606182113732,2,0.0432169657773341,0.0152125519272759,0.0149550910174444,0.0182387200642965,0.0179181641580113,0.0222452428621087,0.0251431499584129,0.0461811928354778,0.105479659034702,0.191162415846361,0.000342048251583778,8.52960266646988e-05,2.5990492958618e-05,7.28536260943304e-05,5.52157857416023e-05,0.000278741903940582,0.000268180645847092,0.00097036952238719,0.00310186693488077,0.0344265996385282,0.125982881302456,0.400312190370974,0.0175354151564203,0.017204838795715,0.212238026928935,0.503634890291723,71.7635303793034,63.4389809652528,50.8870868937715,41.8892644459893,36.4636671972966,24.2152727717579,16.6655313147086,11.3221284669981,5.73270349839262,0.413790200883247,0.358303827454539,0.296002266136595,0.279549075783411,0.275047655700423,0.376914818547023
435,110,0.223275071619112,0.986468794929869,0.102133568660926,3,0.0384630991729983,0.0180649996319971,0.0144474165748046,0.0163708604846177,0.0183853453457373,0.0246356034485014,0.026576953124497,0.0462469468452401,0.105690303116323,0.187133288050269,0.000414347891950643,0.000161980595138974,3.00062952613377e-05,0.000194520492926973,4.49793427647972e-05,0.000154201091479509,0.000443448072304469,0.000785374936556939,0.00567766599046413,0.0749625263403485,0.149801137780601,0.385535373217922,0.0269786498555549,0.0190615541889305,0.075817522914111,0.507385852897899,70.8568749180335,63.7899422846823,51.7642011422902,45.2859140178704,34.6358811632078,25.8852465853841,18.5086881001767,11.1731543544122,6.01552418680124,0.428388164448866,0.349917258343504,0.292899309713559,0.270618340372621,0.293828626813414,0.389654257630727
436,395,0.192483963859642,0.992344598205666,0.0969848417187478,2,0.0442877151572548,0.0212153618056948,0.0172235252220612,0.0187143001438694,0.0178031310685501,0.0222958680203247,0.0281045190113445,0.0459148370403282,0.108045220703459,0.181499191128756,0.000179458486555537,8.27429158457991e-05,2.73841230536245e-05,0.000100582214819882,7.25453548549763e-06,0.000167812452451261,0.000311845310182218,0.00100565896927828,0.00395788687192375,0.0484065339572686,0.112157086198847,0.389487370424652,0.0248892495483695,0.0550873372777895,0.0394287936798467,0.508397165725981,72.9000888769258,61.3302652334569,52.1685773311837,40.1795358715288,33.4732479523494,24.5749774825429,17.8248492213663,11.0170956976589,6.41144998350895,0.416199729450122,0.340330536737501,0.292332761655801,0.280059061406383,0.284811604927394,0.363361015197476
437,887,0.281169543273165,0.978380228947891,0.0996917631626733,1,0.0431895976793994,0.0169756646586886,0.0167950533879891,0.0185097048811245,0.0188581799400202,0.0229145829267912,0.027176864477431,0.0446994490164811,0.106388345409108,0.194207543938717,0.000371870408922662,7.34655373280149e-05,6.03884637358776e-05,0.000138288467150755,2.5863724823582e-05,0.000181999320734885,0.000186828521479848,0.000790937424832081,0.00332590414325403,0.0394613102330512,0.137031868115928,0.345396526204617,0.0289814796526797,0.024622334672671,0.126840744666266,0.616178736197132,70.3294164032141,62.8123181403867,49.2771121151862,43.2985277119249,35.4771300507694,26.2155386941713,16.515944890299,10.3500444575506,6.55170050669556,0.418736392139702,0.35524690593105,0.294004875263668,0.277788271072819,0.300240144154578,0.382701982871762
438,321,0.23018720035156,0.985985005753129,0.0923620270910488,1,0.0424852698328236,0.0157764270627334,0.016384178549783,0.0181404273223714,0.0196676814680118,0.022697009359658,0.0256157383592996,0.0451482164923774,0.10812133174513,0.186845743525029,0.000189245831423524,0.000105542203028531,1.91618217037814e-05,8.63808942873297e-05,5.77674802545616e-05,0.000179162775113085,0.000376121971122612,0.00104225751185162,0.00364120477297501,0.0453648101242233,0.132847395709481,0.234787326068258,0.0433244835588271,0.0211779719266826,0.101293878712894,0.524182249789145,74.5171856442822,67.2301732632539,55.5187677545931,40.2691198232149,29.1393196500036,26.3221031649093,17.5672618469662,10.9638801595393,6.33107290514613,0.43078404836316,0.351276288724493,0.294758776451868,0.283389521869735,0.285468982136622,0.367166192116745
439,29,0.383382656821699,0.989264866396493,0.109523261113364,3,0.0414162901017565,0.0157167659220737,0.0156275908982796,0.0177251936298135,0.0197154603213119,0.024373433863029,0.0267165329626151,0.0450431248928983,0.109384683438171,0.190526586081878,0.000381056091602131,8.91210304552332e-05,3.85419744589691e-05,0.000113438846702273,7.09474408271747e-05,0.000172807637862173,0.000406156216874104,0.00106239237332651,0.00343275740148183,0.0481647329145943,0.0979551454628688,0.182242176095924,0.0274876878532983,0.0250673359957131,0.157915376852537,0.552941598742234,81.1194463895183,64.7638457735088,48.5524904302342,44.4688448715307,35.9218640537945,25.4861517492869,17.4904124945541,11.2527228254849,6.25968231395335,0.413807690061264,0.375062459249852,0.291399444589612,0.273430349180886,0.289879529937841,0.366557901219328
440,669,0.290250994805395,0.993689523424082,0.0877262576713195,1,0.0330868584794537,0.0206164101150599,0.0150203580143847,0.0202161268311095,0.018101721596,0.0233952520600968,0.0273330043490694,0.0465618088864391,0.107470528701721,0.188054284700282,0.000437589205387462,0.000108355538153776,1.77675521339111e-05,9.24606211017108e-05,3.99399795981672e-05,0.000230115913082532,0.00023899971859272,0.000805699742273039,0.00297004405532693,0.0467156240171602,0.162703279134423,0.310632842072836,0.0372387133314006,0.020451369861762,0.112463747275506,0.526426892749905,71.7871304807748,64.5313959417489,52.7153597034601,43.4794946361161,36.9971584915132,25.8672699818678,17.7420974371587,10.8379657681772,6.22515784285107,0.43225078642164,0.344597183843752,0.297184031219515,0.273479716750993,0.321891907367214,0.364015652920409
441,694,0.277213043288844,0.991146094351017,0.0964668259280751,1,0.0359131612144194,0.0166528782454134,0.0177134768762233,0.017143037694508,0.0206600120307009,0.0248514840351254,0.0249992798344046,0.0464495435454545,0.109422905527071,0.186773799938717,0.000215051036202702,0.000155039649977475,7.0250818306907e-06,8.51891883979077e-05,0.00010296131969807,0.000222280341568861,0.000305437952713209,0.00123745148799088,0.00302723574366492,0.0504360915858738,0.129022463688426,0.195441147783468,0.0136893885091558,0.0443848766961373,0.193250331948658,0.514070217981209,71.8053296058393,63.298814556963,55.9827712762884,44.6965836731084,35.6194229045712,27.0745342096778,19.4680958366816,11.0026612100898,6.40368557904697,0.432920761274196,0.365576032215151,0.294698719932034,0.274514468155685,0.285499765746308,0.36214363070924
442,848,0.255744881262175,0.962139400156161,0.100400284568722,2,0.034683562167505,0.0155519021689531,0.0165475521952124,0.0175631239939912,0.0196236007501046,0.0241920606492119,0.026500317013931,0.044965877014696,0.105395030721092,0.188951784970658,0.000366546571047758,9.23805200335503e-05,9.23353780506457e-05,0.000105656439551923,3.90339713014208e-05,0.000234795541622749,0.000418022601440261,0.00111976800709749,0.00423343084106426,0.0424015846854178,0.153917439995338,0.269001507810757,0.0117661698819667,0.0233682434369484,0.137189992712298,0.540203088854703,68.5536545192747,63.3347910573991,53.6393479489452,43.6032936806508,33.5371464410156,24.7539680151043,18.3733601315767,10.3109766317289,6.22709028493818,0.446512640735597,0.359408370349577,0.29584414111833,0.278281125984947,0.282040691106369,0.360697773632767
443,206,0.318641911160849,0.98540231073895,0.0924941177891702,2,0.0367450684362224,0.0211516929771358,0.0176399351548066,0.0190048439768687,0.0181737932807272,0.0245451095892507,0.026963841541722,0.0470896849730669,0.105968990746766,0.183691538228229,0.000153948501027425,7.38287828697175e-05,1.75494878350529e-05,0.000230626475858376,6.93441171298219e-05,0.000266739958712593,0.000505512492877691,0.000848674506977263,0.00505344140252398,0.061882069371546,0.13064307674414,0.278722679979891,0.0348832751645834,0.0241019242306541,0.0735988790908975,0.509569115680043,72.284015786038,62.215426932935,53.2942670715394,44.6116259359799,34.0161285557199,24.6395214300238,19.3007716034281,12.3569847600929,5.65866431905788,0.41160250021429,0.348091744578332,0.293083837791299,0.273675150955255,0.301776180074359,0.397144963592447
444,706,0.300897265736908,0.992577100056647,0.097425984772869,3,0.0374136721394205,0.0173693556127866,0.0161475205427343,0.0199039374322472,0.0191465294330717,0.022176862687577,0.0255120262085374,0.0475791236810755,0.107721198418657,0.187904909461393,0.000316186928906468,4.85145505519607e-05,5.05634365559882e-05,0.000154239019192428,7.90555883288942e-05,0.000296036237020161,0.00037313106470862,0.000944885870476077,0.00301218127344902,0.0423012998523314,0.143505687300094,0.226087883680642,0.0156246635518403,0.0276074267036179,0.0490365809865553,0.553347748802228,74.1302685423553,56.9487132483221,52.7126780670794,44.9734155034805,37.2193159476222,24.7502736780252,16.8102374716589,10.5299942088912,6.09675925517554,0.405326859265124,0.344228957988018,0.291412871978913,0.280981292730286,0.310834121262105,0.379340067843083
445,127,0.279520512695282,0.986395926184724,0.105953009857218,2,0.0319976019117274,0.0181487163467513,0.0182965620328842,0.0177005991056275,0.0188287337679621,0.0229401987034398,0.0267627363394211,0.0455589176394162,0.106780141719479,0.19429326671494,0.000378780354403192,0.000113179453647075,2.84615921792821e-05,4.83962025160627e-05,5.58698379656601e-05,0.000107460857945453,0.000296209850056853,0.000900674120203465,0.00381280570618351,0.0667651464518405,0.136774583719333,0.316130263607851,0.034117039295533,0.0208169321968535,0.0626354624439084,0.518491857703217,70.3434923328755,62.059288484559,54.1654827836266,40.3698391037657,34.8965592222237,24.3549461814089,16.921632347114,11.2391852686498,6.13330006041736,0.430262816468172,0.339285527587635,0.295538433805095,0.273799430568652,0.290473452173173,0.376127118010656
446,868,0.384293390813588,0.991051471647482,0.0955799375719765,1,0.0474032022373686,0.0136168282815965,0.0162741348710854,0.0175484778866032,0.0188679776000205,0.0237524617552374,0.0281420098484906,0.0480835183421227,0.107713592891746,0.189443974971418,0.000223363179651135,0.000102983981468165,4.61350591303043e-05,0.000103815506256877,2.06168082990523e-05,0.000183537649637054,0.000345978217320349,0.00126534645697246,0.00506802950359467,0.0570438018324332,0.150653383141538,0.285642888182295,0.00884230352990898,0.0251138291511648,0.173023623162226,0.482328403966975,69.6196391287068,61.6889054348637,53.3101404366571,48.4795436729663,33.8201740011254,26.049296468451,18.025871675128,11.2368861601557,6.73255970759687,0.435804308849486,0.329808564695234,0.294386867732507,0.277717530272472,0.30200460514709,0.402653956499277
447,438,0.290763287518182,0.992845369182277,0.0894575593550469,1,0.0341821203542717,0.0147715906488637,0.0134850617584499,0.0174894480675972,0.0180152622557446,0.0233545590620085,0.0266089040369048,0.0465855785003394,0.106910252170369,0.18893628174009,0.000357137759203016,0.000115890201043081,3.11478485552707e-05,7.96251893131524e-05,1.94983712605112e-05,0.000216825240386017,0.000302369928571011,0.00159779638171745,0.00444377860750821,0.0440412747511205,0.112821482685372,0.132193029484333,0.0145461280947723,0.0159602766777387,0.130217572820383,0.495734614855909,72.7351009870624,62.0391673683431,56.8748532883647,46.6523341013722,34.0060446519946,25.4186216963971,17.3665789103199,10.9052979770077,6.5920256317852,0.406130968279741,0.355240127884867,0.296850644721845,0.278982004260874,0.293978824784692,0.39007007772921
448,380,0.357124810577101,0.982863458411128,0.0940811888880849,1,0.0375587500774024,0.0217835351269228,0.015906242830875,0.0184634657714804,0.0208371259246056,0.023963462111264,0.027504182239001,0.0467776314730749,0.107822484614199,0.189464080877602,0.000379657308116848,0.000142643915970346,1.39867140440044e-05,5.72362237378122e-05,1.42147358839401e-05,0.000237518033660916,0.000356419551470239,0.000820716091886842,0.00478208051649567,0.0312003134318454,0.103086520879295,0.468234355894634,0.00839957196064101,0.0156190083320948,0.265419931396231,0.550514895974536,74.0820100721514,63.660522382508,55.9993555282247,42.7960052116072,35.4877027244471,23.6937826223687,16.7729469226648,10.1800611883718,6.02329153774073,0.419225532950184,0.329123793666421,0.294906467313119,0.275858042392406,0.282048462903912,0.397886809210107
449,99,0.315430998578831,0.977153360227943,0.0958836890473093,2,0.040242490908453,0.0167974858703453,0.0152414691888968,0.018226148821418,0.0186819357164899,0.0226293216487228,0.0262139190626042,0.046406941202787,0.104459573401976,0.18801220038301,0.000324245956662863,0.000152023024213428,1.1594627226076e-05,6.85715334627274e-05,2.78325466099268e-05,0.000123590162027231,0.000340666889442165,0.000823193446429931,0.00441844574279292,0.0490628997129681,0.135653304808854,0.313875934739479,0.0331442866973373,0.0367141004167843,0.121205323208304,0.529526714981953,79.3647988433778,60.5886198388693,50.2415117165889,44.0655315845513,33.0048312722784,24.0787694126275,15.5367561435491,10.4415572566236,6.17551286780423,0.406224221257295,0.333873335779235,0.295845935697174,0.284583714794994,0.285360131298383,0.365882015756651
450,947,0.315282097786551,0.964726977163715,0.0935163149149606,2,0.0363113834905813,0.0155202460791875,0.0141470298803749,0.0171872341074243,0.0188882374729174,0.0229096757272817,0.0254045426251824,0.0447430741468256,0.107548337248711,0.191123652943044,0.000360964525971317,0.000124529165323113,2.9486944600852e-05,7.53010646335984e-05,5.59920222825359e-05,0.000192073539079881,0.000409055667442337,0.00128803886374499,0.0042378272750091,0.0552550570874546,0.109141065053892,0.530435102329264,0.0108672047009025,0.0290605637710264,0.0650834446746505,0.539995560854529,73.5146217794689,58.1966295516882,50.9355308528824,42.8671295238897,32.3036867426486,25.4836670632157,18.0832170902699,11.2886084884972,5.60644513148967,0.401352601252821,0.355458388727544,0.29428717402021,0.277237424103116,0.281709013360313,0.391492135437338
451,472,0.422629679190912,0.979487160461766,0.0942297232751293,1,0.0341451299259474,0.0156220861051866,0.0136664546862299,0.0192678801028016,0.0200987959943723,0.0238026624321362,0.0280614464001689,0.0443962535591463,0.107659262692167,0.185706412709425,0.000406961171419252,0.000112605681260467,5.91393759830068e-05,0.000113557940434115,3.03843399770124e-05,0.000159970328258164,0.000331410325500189,0.000955771001528355,0.00459777700643854,0.0558715932059962,0.113642033260343,0.380896491689855,0.0179145795345808,0.0189105132537321,0.139423692151747,0.5359074471387,79.788360992332,63.5641346694671,52.7663384691101,42.525499963261,34.0053160287252,24.374045615314,16.6131595611482,10.6639116422635,6.06373613644553,0.390955464766607,0.350120002774008,0.296173332750436,0.278632051858601,0.29619031728006,0.380752508251036
452,273,0.301735923500602,0.983727460157583,0.097461170263834,2,0.027937726193343,0.0234612498787617,0.0158351428746819,0.0177982569463128,0.0197394427122598,0.0222061724411403,0.0268532958766526,0.0466891002801562,0.105006823969061,0.182381856916093,0.000242276259761642,7.54849257484436e-05,2.49585562254087e-05,0.00012072793900069,8.30884776056049e-05,0.000275501747127521,0.000359624783484595,0.00082597978988932,0.0033148810534352,0.0728048598434623,0.180972480941864,0.194592397351951,0.0146967601865379,0.0221131259401268,0.141801236449118,0.626843535997452,70.0759754623902,59.5714719259996,52.4288490742505,42.7325873395187,35.1023384605233,26.9951617253409,16.3654013737298,11.2716568866335,6.01358786881276,0.464690461626728,0.327449668565038,0.293668164898092,0.278802904216093,0.27418764958932,0.369232932359417
453,371,0.339990407240863,0.973684858319248,0.0987183275169274,2,0.0377363444083208,0.019252988940779,0.0149950712657213,0.0186271005518344,0.018899689876085,0.025169658524552,0.0254830568036831,0.0444019813258203,0.105506739371522,0.188197640775742,0.000255061110068095,4.35766989499823e-05,2.78828128631945e-05,9.22997645694506e-05,6.76794762892069e-05,0.000201367312930947,0.000247060683714331,0.000920271694706346,0.0032386647916058,0.0402616383570329,0.13712710414486,0.306976851440835,0.016780350000189,0.0385112643542717,0.0997691716671304,0.609341015460722,73.6301816567006,66.2217667324462,52.065200299016,40.9009768870768,35.5316664057507,25.0875584974712,18.0630736895026,10.866225044751,5.81758894356303,0.445706202681574,0.328978484972462,0.294237957380457,0.287390144644064,0.28643503200985,0.361975488215599
454,873,0.292540431618769,0.992083858822411,0.0943483757999447,2,0.0344272316842967,0.0149232141438709,0.0166436930572084,0.0170956975458921,0.0175007113947789,0.0235802391356492,0.0275463720356349,0.0450879231045945,0.107492269793811,0.187354311703557,0.000254457448673236,0.00019194214056406,2.4847757110751e-05,7.09538673345875e-05,2.65011758582377e-05,0.000199737692777229,0.000407073975859948,0.000522750196435629,0.00403015784408015,0.0503781345546711,0.158637079090241,0.568610642377358,0.0439051315334255,0.0226641260901767,0.0518281656888515,0.528899057157183,75.5003040328812,57.2780306750991,52.2959382289277,43.474420153739,34.2938992064223,23.3531859005003,18.0132142194705,11.0646801448542,5.97722309151193,0.381768294402814,0.348546832308518,0.29100986501293,0.282851548136187,0.286747867769419,0.370476176405304
455,380,0.216265818246089,0.994467174085441,0.102406339865843,3,0.0395002407764218,0.0215674892306859,0.0161760676379086,0.0179297877106519,0.0186934454505412,0.0223967097696553,0.0263574053368907,0.0449516100254006,0.108361678784327,0.188374518017923,0.000331907430980541,0.000108615806970431,3.61936346959882e-05,9.98331878961055e-05,4.32675954551643e-05,0.000163698048042157,0.000459955772542677,0.000716086287220106,0.00429425183740362,0.0413026928958613,0.0931769302424664,0.38611932584107,0.0115262269072883,0.0235245596979375,0.134906554885515,0.548187867774316,70.8703133871476,61.9551978850334,51.8719421821839,41.0946279521757,30.8708720515045,24.4500123411416,16.8898692858248,10.3666863623371,5.49591857178128,0.408810220798843,0.348299953331733,0.297083828005051,0.268042264145584,0.290046998903811,0.403748124787149
456,953,0.24410533661755,0.983997830007097,0.0994273845035865,2,0.0485877020330803,0.0188121352977112,0.0163953930926023,0.0187120890647062,0.0198562852580052,0.0230998509923067,0.0257830169962199,0.0448520804087971,0.104650427166193,0.187864124425373,0.000472779268850266,5.95224617305203e-05,2.18471466345141e-05,0.000158454759232061,2.68571118389648e-05,0.000250008856661598,0.000284528715783808,0.000817406698729351,0.00547288343013589,0.0528517731101853,0.115736027355951,0.350637135596464,0.0239712237555258,0.0298223047693476,0.0947276047506591,0.468472801316139,64.0757102939351,64.512236271853,52.2073844705904,45.0326710278029,34.4623607815665,27.9648234583318,17.2602909308303,10.6063257888577,6.33513882083161,0.415890323475511,0.334688138801046,0.298581894398338,0.28252707388738,0.282663215542723,0.366059415730053
457,218,0.31356967478314,0.984835771539077,0.099136625729585,1,0.0303318168181542,0.0266839868089729,0.0157863174046642,0.0179008882878517,0.0188007933279174,0.0233382653263211,0.0276581621442267,0.04621549765446,0.10801116194062,0.186696353516825,0.000309191402305497,0.000101372063270935,3.69704352964428e-05,0.000134426578856776,4.76826908424419e-05,0.000175245108847505,0.000528092985410849,0.00106394371614302,0.00453701384240041,0.0340863783841798,0.133937291548583,0.453549437569238,0.0188900357542552,0.00870747204407869,0.0795762522968139,0.554502899201716,70.9539352456397,64.1765539164941,52.7711391868263,43.1199112305552,35.3446186736473,24.4348321118525,18.0565311352361,11.1806327712552,6.35881450533013,0.442092555634857,0.335628013858294,0.295617271511202,0.271484171819429,0.285284152078265,0.361432705281163
458,44,0.291254714283073,0.982790392922389,0.0984081471477132,2,0.0348258303964279,0.0113498667468421,0.0156041119642445,0.0179696852756451,0.0189497574597576,0.0227905442046464,0.0267856529149456,0.0460277619667768,0.105958793227807,0.189157303826451,0.000332913733516864,0.000112800257478808,2.9343366558325e-05,9.63931503838748e-05,3.58670397049634e-05,0.000179420544626792,0.000567783548618249,0.000959827478084817,0.00465777101002824,0.0335382078702184,0.150111040914936,0.481020787275841,0.0111984198645708,0.00788184652500967,0.157127570675754,0.57054368392846,72.7963090029255,62.2973761353552,52.0517724482553,46.1547251482688,37.8877479562445,25.3252837687593,19.1593500551037,10.8136931086122,6.14924451666148,0.419864814250897,0.346007835276766,0.29335374760851,0.273233407973795,0.279070486888286,0.389167600030522
459,737,0.305204728968925,0.990206227326623,0.0934422319651126,3,0.0421226949886736,0.0189431249177833,0.0168179547536242,0.01773440872679,0.0197868390655872,0.0237073604900542,0.0259720266747914,0.0461071097844898,0.105094318036319,0.186093506923448,0.000252826798879993,4.71446870422694e-05,2.93343406174495e-05,0.000150538887637285,4.49957108191736e-05,0.000177756274553099,0.000380281771321178,0.00097858223287616,0.00417078703788135,0.0441829449646865,0.15175909899938,0.265542067309823,0.0100459543482906,0.0196535307695319,0.118767142496131,0.529710480649368,67.5212835273135,65.1360816394327,53.4686073309956,43.2672860337655,35.4513576262138,22.0489465396631,16.3613872529629,10.2623186550019,6.21303626509457,0.392984966737629,0.343964758543324,0.297024136124233,0.281654772477041,0.286855586559451,0.373145337066221
460,990,0.238753876526735,0.996768457801566,0.103318032546625,2,0.0360728247407068,0.0183315837804086,0.0134964938738984,0.0181349290277142,0.0205436608011168,0.024259297738418,0.0275716790138028,0.0445837219263263,0.109877185549168,0.188916044240556,0.000401310709121602,0.000114129497870433,9.47720963121849e-06,3.42241549226649e-05,4.15525363290863e-05,0.000247233655323508,0.000309951368532051,0.000794645093278227,0.0029482202562329,0.0545438607083815,0.169534726404561,0.283449075984284,0.0221185208957413,0.0217701610145722,0.125604001560052,0.533248797610895,68.0642446115129,66.1110580017258,50.0231449571617,41.813849251825,36.0804946634024,26.3791346738712,17.5838536122987,11.4599307637488,6.61235743917409,0.442416825409736,0.345641148630056,0.293605203435906,0.281785809957133,0.293923757459158,0.395526778617851
461,403,0.254288480002083,0.989366476161066,0.108818967809016,3,0.0402599588649496,0.0133241724615531,0.0160065635434534,0.0165266030391606,0.0186386989063899,0.0231562295221637,0.0258004628706195,0.0471159887523104,0.109575372599315,0.182443202650423,0.000316592966129847,0.000112442686316062,5.02553469844824e-05,5.91501805540416e-05,3.66839047493619e-05,0.000227346259098896,0.000343111185496964,0.00103661961104101,0.00420678909277979,0.0412351966475531,0.141034014288245,0.17957512902266,0.0235052791036857,0.0206515012315174,0.155490851833323,0.620239986579126,77.156433813623,60.3160523776666,51.1597762690619,45.5089359035445,31.2051913293854,25.4604075886913,16.8173330081052,10.8458900379215,5.98227368674122,0.431451556825665,0.341717639455798,0.294223988100485,0.284574314425078,0.286065163554489,0.38853666492068
462,534,0.344812535660001,0.984585884727622,0.102363299578485,2,0.0449196297684106,0.0181853028324669,0.0148518442538604,0.0179052408388697,0.018225308025747,0.0224626790899552,0.0262513469072747,0.0451607848713206,0.106571394370588,0.186984753581328,0.000463828857115883,0.00018751948797425,5.297280312785e-05,8.65907765459049e-05,8.97993075540274e-06,0.000159611501239947,0.000261963757411403,0.000691780280719828,0.00433293119887441,0.0451587842947629,0.136449275783819,0.25715341326504,0.0197399382704615,0.0331445338299321,0.168861517805173,0.512976009054674,68.4156577439169,61.2169839528039,48.9802749763463,41.5626613031211,38.178344469162,26.3688229450112,16.8928345983889,11.2069198985508,6.22998823414943,0.444611504685246,0.342821486648202,0.292518231632112,0.279052966232036,0.296070773355884,0.381925688361855
463,780,0.360914374507566,0.980649716359381,0.0916980958301697,2,0.0406025324463043,0.0235326966669045,0.014972161738958,0.0183463084854765,0.0191002934889439,0.0259033961791578,0.0254510443354003,0.0441664895143353,0.10962514908728,0.190400564065596,0.000241822866114609,7.24286648723661e-05,4.97445845411008e-05,9.09285312924478e-05,2.24009051088257e-05,0.000141836618553074,0.000400835620429538,0.000694026954066902,0.00493234853954422,0.0453934011264063,0.113945112997693,0.164663843419934,0.005989380589954,0.0178440752287351,0.0785726060578302,0.464028178302535,66.9344196798898,61.0306841457688,48.3137988063516,44.0028949281829,33.0939195438071,27.2476537339762,16.8135235877206,10.0887978954133,6.03169988628121,0.420995467819642,0.348200794758405,0.293420366552379,0.279436172225601,0.293941951627789,0.41234298248853
464,825,0.332539545894685,0.973310075824472,0.100319497591576,2,0.0467508693574576,0.0216138879374843,0.016883231513895,0.0182113198532098,0.018149840894344,0.0238625358482927,0.0269015669893043,0.0438579932877162,0.105603508369799,0.18741242373426,0.000365003745795824,0.000166934802280517,3.63812299716078e-05,4.72438930081068e-05,8.40539512584249e-05,0.000242201362232771,0.000440745698241378,0.000658613683570736,0.00494526217489265,0.0512003233679984,0.119257353780918,0.177487413485503,0.0218153694591898,0.0214566454868047,0.0417964598888066,0.521419825144049,67.4363979648001,62.0795739338967,52.3286024381088,43.3437536993207,32.7028397996241,24.1560899942738,18.5212363025201,10.0974879605327,5.89371462071379,0.455899888083378,0.33724268073782,0.293745017504792,0.273279536643701,0.282251082841856,0.368302467169476
465,656,0.391475691831877,0.986890883834275,0.0996383936764268,2,0.0371648891872885,0.0172765073901301,0.0168077340522997,0.0175780974893901,0.0183362906299278,0.0218724922677888,0.0261871999237819,0.0449881272801185,0.10655656567434,0.190791243390419,0.000389047694742015,0.000168455326014542,4.56935057375204e-05,0.000112914698794778,4.3376957704111e-05,0.000145491719012594,0.000293468087616572,0.000926331645947238,0.00403552260500644,0.0505797475753277,0.134196224298356,0.507906518663971,0.0334681819981899,0.0213406462840784,0.025952476894186,0.51062632442949,69.6789962048553,61.0834194745893,50.9150507565502,44.6071268706571,33.9861517272987,26.5163112090875,16.8740270244579,11.029458727516,6.73544974673834,0.422286834991171,0.346340652488501,0.293871560222169,0.279012256676605,0.286475007639044,0.374453996686366
466,813,0.316768082979414,0.993725803977705,0.0950868612705995,3,0.0340352741856981,0.0205248179796533,0.0152660077389529,0.0181171696727102,0.0184808481747109,0.0234852371294171,0.02656932710891,0.045104694257531,0.104727620348604,0.185235699415932,0.000301258961387258,9.55406772233047e-05,1.74192053137934e-05,0.000135950379080697,1.07663909078608e-05,9.25939732345144e-05,0.000515650702195461,0.00114271798005695,0.00432771248251906,0.0398183073817647,0.120781530700636,0.341754126709146,0.00644189247597551,0.0274781385562791,0.0385967179954229,0.555751017657471,74.6650204804454,65.4456183839421,53.7246385771114,41.5738309655741,36.4891194448877,24.9120988864553,16.3091017883585,10.5415797152823,6.65694811717485,0.416007180210281,0.326508843735167,0.299136274914895,0.278625197280096,0.307868954471814,0.362274913296231
467,271,0.267001552755815,0.990777208522588,0.104767071330284,3,0.0388990508456342,0.0181110522070492,0.0193542848051809,0.0191264186680294,0.0193946395396426,0.0225269385953486,0.0254015079902868,0.0458712798888545,0.109045848545259,0.18768661800886,0.00022404101057475,0.0001398118105069,0.000102478922024155,0.00012344320380735,2.54880274365775e-05,0.000272495704352165,0.000312908223967688,0.00117374532354908,0.00410928483234534,0.0411565290692029,0.138396816642978,0.268743608509425,0.021931910449971,0.0242046370785162,0.0817895999930598,0.561310612642321,70.7111003773895,59.6703516366788,57.1384164405817,43.8156869004418,34.4455044093171,24.336773680659,16.8569485097975,9.5150490429775,5.51402820436988,0.412338026323288,0.372004178853083,0.294049951923853,0.283736540588536,0.282771507639846,0.364537711475803
468,537,0.337039557177224,0.983244863595324,0.0963967079645651,1,0.0432412165260023,0.0162613958921798,0.0176749391870492,0.0176393107479429,0.0182972351878787,0.0232010811644948,0.0261251050608849,0.0451257626381199,0.106576970722104,0.186852928824686,0.000494186372544462,0.000129323821787871,3.8118858768921e-05,7.77654589274247e-05,1.65834270719719e-05,0.000217502256904397,0.000238064339449768,0.000876817865370577,0.00396530288015115,0.0528069225854694,0.167012295230964,0.259967169592288,0.00586485234330452,0.0236905618845608,0.0552165121923388,0.489698936337917,72.6737615812837,63.5978150419901,51.4309659823911,38.673948873688,34.6690626029002,25.2847018815369,16.4267694629822,10.0957422959982,5.9186774771253,0.43748651046328,0.326618281605577,0.297373325378167,0.277269680964797,0.293905402513132,0.36796267505863
469,593,0.197672592016159,0.9916808790548,0.100361237602833,2,0.0386033162972198,0.0155765204322027,0.0183646778005228,0.0181040057376917,0.0179427785042168,0.0232224999449855,0.0273064161171108,0.0443002895696459,0.107848573463717,0.186507801962512,0.000273238031487439,0.000170554943268651,7.82998696332808e-05,0.000141770111458173,1.70368527484826e-05,0.000269801389764775,0.000345870724629635,0.000927282686056465,0.00432144285589763,0.0444703020547209,0.111977523258726,0.217702587719067,0.00818067031961191,0.0265704220555192,0.148809724242385,0.502454090733796,75.7653786483978,64.0584617184218,49.1534944504461,44.580197071495,34.1730727829991,26.529479973052,17.2523819364058,10.4305702554764,5.74081522291483,0.423090110977231,0.354553794853858,0.294800143585677,0.274987619220824,0.280215113373801,0.371866704436314
470,318,0.230015308877856,0.995408588420855,0.105626589822059,1,0.0310634437463399,0.0224753275658994,0.0162017830891359,0.0179419282682387,0.0178796364474548,0.0235827115625218,0.0271666767638409,0.0459012319992952,0.107301919901011,0.18756883335087,0.000354246395270091,5.2590482285194e-05,0.000143444489740085,7.30826201304654e-05,3.93149592755168e-05,0.000193412517668954,0.000271682321754524,0.00104654007476937,0.00411934050641,0.0456209270093657,0.169943715311207,0.45237225745466,0.00738165046248434,0.0148910757938503,0.101303477418972,0.5004262507272,73.1219844349184,68.5195884091999,48.9243789891861,41.6881806241176,35.7046784618728,25.9987401049413,16.7872876629461,10.7247435742493,6.04340548556924,0.445259625140543,0.335095334085663,0.297150782695189,0.278037632986849,0.281008164023748,0.356001028763017
471,793,0.341889366506285,0.984807075837132,0.0953170200446055,1,0.0377218216141108,0.0242389152880934,0.0158606281673574,0.0172095164817542,0.0194750416615573,0.0229176483991412,0.0259582766819694,0.0449357340491874,0.107393685311175,0.191522063772281,0.000243508765307527,9.43419908003463e-05,1.51565030464548e-05,0.000111130389688534,1.53873515343962e-05,0.000134599942684312,0.000405476642726811,0.000920885636535764,0.00431584814718487,0.0375104081715204,0.140893377361891,0.559764105425605,0.00774909433557239,0.0534639513169285,0.148201945708348,0.605882446846581,71.2210462396234,58.5852205587615,52.5361895808908,41.2231533457897,35.0552477201792,24.0114915052478,18.7635833965145,12.1393875226942,6.63386792001467,0.442042054512703,0.347982738151239,0.292757701510164,0.285749377668603,0.296068787578533,0.375858502849569
472,633,0.286956695109065,0.982595696590212,0.0967370677424417,1,0.0387517205495065,0.0211220572567857,0.0157061818527927,0.0194762288624503,0.0177134561774549,0.0234967368810337,0.0277707918491049,0.0451813686312526,0.108105753621208,0.191132134332829,0.000278933586616105,5.12479234338789e-05,6.54212482822173e-06,0.000129609228661305,3.48438148409477e-05,0.000203893092149797,0.000345259529690125,0.000986346365882558,0.00341111540625674,0.0364451501950412,0.108772983430834,0.141871594659606,0.0137810479237311,0.0190140777241476,0.144728052937582,0.46577397468889,77.3847054020574,66.665845225705,56.0785538600171,45.2441567825851,32.3246075727974,26.1533635243266,17.1935499056905,11.6681916468688,6.62225876559858,0.411690909835906,0.360745953699462,0.296322291425589,0.276947848094862,0.271542628081331,0.353343858973489
473,510,0.265143267539419,0.978333293080326,0.102974323044866,3,0.0450097130136847,0.0169448793726621,0.0166168224505657,0.0171822931654405,0.0184252573648527,0.0232494587952238,0.0276364494981385,0.0466310212386981,0.109486531310787,0.188827199698986,0.000213557196367408,7.49490127712289e-05,3.64853825062639e-05,6.24723466112086e-05,4.68044171549968e-05,0.000275175274203703,0.0002971666519189,0.0011276873090365,0.00454239416731731,0.0581227881547709,0.147603550847536,0.08135020245395,0.00981700902193762,0.0173577858872251,0.13342324384105,0.471819369750638,71.8689464522497,66.3620923045298,49.1741596241284,42.8347906236827,33.096922590557,24.9704221257967,18.9839159630678,10.7652325189546,6.04569986807636,0.44933042986978,0.322642776079271,0.293307763795452,0.277980833026839,0.280841211839398,0.358062516848083
474,615,0.237247698408145,0.990985846530459,0.108129458812573,3,0.0441014988742253,0.0166972819012225,0.0140853950579755,0.0172419390589815,0.0191655062873312,0.0230198273116742,0.0261342245672865,0.0456743118751518,0.108618642823873,0.191484616094774,0.000342369825005235,8.72276384673266e-05,5.70812198603628e-05,8.81319009383104e-05,1.98570682769328e-05,0.000278356983234596,0.000264620170528442,0.00066999330396761,0.00442477760988946,0.0529449896293889,0.128096263080104,0.219810360700582,0.0342500913026607,0.0360718494691175,0.0805777702885947,0.515844722273474,62.4771911688958,65.0150275573361,53.1049332294165,44.5450276003867,37.07862299919,25.1539782235672,18.8590920837791,12.059222476813,5.7444492550264,0.419045458569218,0.323209024132818,0.291737920016862,0.280025447462249,0.274199342855346,0.375934865659663
475,288,0.213050431318747,0.991990714655116,0.109210084319661,1,0.0405849379697144,0.0154993076053267,0.0178169236776823,0.017892594686475,0.0187974499518302,0.0239823711744418,0.0282074362441238,0.0443180248387736,0.109724632038534,0.186172767709275,0.000182866561593307,0.000117060856484781,2.83734493409163e-05,6.30469400963259e-05,2.92008168626654e-05,0.000259919374931339,0.000418615757563708,0.000937455337822496,0.00439746614223569,0.0530014065677058,0.146425345407415,0.356765844800911,0.0240330435816191,0.0178230986486759,0.0955740011830155,0.542101442372629,63.1896851166817,60.418526690333,51.7948169521566,44.7249636369939,34.3801021040272,25.5906764831279,17.08966468044,12.1220822207827,6.40217520777167,0.441818235732084,0.330129997828668,0.295772340146162,0.279725670490305,0.311162434033926,0.37868453531184
476,567,0.303441701519137,0.994864835111402,0.104255767398359,2,0.0312731732725443,0.0135990861124548,0.0163018410105942,0.016963978562952,0.0186561156169846,0.0226225150695737,0.0261504033470767,0.045396441765764,0.10699665032623,0.188466699785161,0.000315245646496852,6.45521542467344e-05,8.62593120734457e-06,9.31440240651372e-05,3.63347738427756e-05,0.000168638606243809,0.000362135207909695,0.00133567574016479,0.00305900843482765,0.0400646784488592,0.173850273157374,0.0940928770196472,0.0124696065618233,0.0165618516779778,0.187827186801203,0.462913545710972,73.7882241810578,63.504864779756,49.9408641246132,39.6600518604714,32.5420593229076,24.989644100873,18.3615939077622,11.0633491362074,6.44473027606726,0.395822475397634,0.325075420505567,0.294270869918845,0.274916518804707,0.290425341825593,0.362044538330891
477,55,0.296841515307516,0.99065354663989,0.0982023064653576,2,0.0461901153406086,0.026196841227709,0.0153737965432976,0.0170818134833015,0.019158446266484,0.0232163626691896,0.0269222619282048,0.0452945518641855,0.106064992893868,0.189518082854954,0.000231672449680445,6.0423065693943e-05,2.92207417017889e-05,9.00331760233969e-05,5.97147471687853e-05,0.000257169276945735,0.000360083257227111,0.00106606592282971,0.00389768746486944,0.0330475793239187,0.110365988142295,0.22605169441446,0.00602092984826349,0.0276248967570882,0.0558822895449227,0.496622704958137,76.8891767442059,58.3780095086804,48.9325803837051,46.3232271259029,35.7323064871568,26.537487361078,19.1792319852998,11.3264880417482,6.84226721211024,0.432019860106358,0.347782770953089,0.295152630060465,0.285218610704626,0.286321642537659,0.386595894249052
478,180,0.353415866943456,0.982550076120722,0.0908544294809589,1,0.0351249594837554,0.0145494631643968,0.0185464733325509,0.0175217914988894,0.0186518446518303,0.0239053290405449,0.0279539856480597,0.0467961427333697,0.107951826869629,0.186268763388073,0.00026668589582385,0.00010037226459397,4.57492767439832e-05,0.000140949347151798,0.000123830851039971,0.000270690038914089,0.000297630657942253,0.00105624170535842,0.00414595628977823,0.0572629020670472,0.144995681910171,0.359828568495523,0.0144666308050902,0.0201294135906132,0.15170245637041,0.573687599740287,73.3914659243775,63.6480749626419,57.694129302873,43.3529746824469,35.3576815080129,25.1475664015903,16.5806937988194,10.9500393979643,6.52438536117984,0.396807807315374,0.361807620699579,0.295230803186198,0.287793562721151,0.293491793140348,0.367954221796139
479,302,0.284904606658508,0.972841307697733,0.104141478859892,2,0.0505802449973025,0.0168455681479673,0.0162303766194597,0.0182730467109923,0.0184452680260965,0.0217956641950384,0.0277347469060374,0.0470000936585538,0.106978163589209,0.186488504661881,0.000178765148510024,8.23624414238834e-05,2.08274526277735e-05,8.49135332100832e-05,5.93262481713223e-05,0.000192274277149214,0.000399605589516598,0.000681934315810657,0.00350215031115816,0.0637382940335357,0.111537221537932,0.484547862632991,0.0253970271514282,0.028407866948649,0.0989297593167079,0.545314746922404,68.829351216957,60.3250113816733,52.4551533649801,40.0277894459576,32.5749744974169,24.9141385780663,16.4869699034374,10.0287137680472,5.94714371085649,0.413237816999047,0.321837571936708,0.292653022320083,0.280438757488162,0.298286070267787,0.37014520433592
480,874,0.343335149322928,0.971566026416058,0.10359740344583,1,0.0510310186612576,0.0121438526814425,0.014607508832584,0.0190940233274811,0.0187213804630064,0.022391658682622,0.0273644921539814,0.0465961866571422,0.104600627216615,0.185171111911537,0.000241322306728053,0.0001171469815558,2.14505314815637e-05,8.42071838048511e-05,8.73312339072557e-05,0.00023125059799273,0.000228036618167234,0.00080222976381479,0.00363775437186004,0.0265991092237566,0.125219235829074,0.331714794971881,0.0131889862484531,0.0154125907425529,0.0675264791635325,0.505100756917901,72.795368047701,60.5606971585288,55.4291421662253,38.2002678236114,35.1582663246276,26.9464476534283,18.096572249757,11.9412652051833,5.97301335731095,0.427670957355279,0.363271322873098,0.290782280010686,0.282949952459022,0.301523929844515,0.37439376469608
481,349,0.2157851606285,0.993343463101512,0.102840187138609,2,0.0414883640225385,0.0180399337915141,0.0139043646377952,0.0160132132892869,0.0195023925979787,0.023287031176708,0.0260943750404121,0.0448653872392373,0.108294612825565,0.183124573395122,0.000482002309275431,6.09886920543074e-05,1.54280662704591e-05,9.79973116885287e-05,2.79406123932394e-05,0.00031028844459263,0.000294215390407054,0.000991407998637636,0.00340617014758903,0.0503495573077419,0.104120641706649,0.286066780913388,0.00820566332923702,0.028503535286897,0.0808694927310644,0.530938284740244,76.1456539457768,60.1647605885968,53.0241006949118,40.3420233150524,34.41304615593,24.0761414231046,17.846258872356,11.1452797661291,5.90319699755591,0.404566274994699,0.346223366056595,0.295755590172668,0.277438503641302,0.290928153508897,0.391381561592944
482,70,0.236459433985086,0.990428402052301,0.10088157761376,1,0.0412051934209924,0.0204722137117147,0.0161738109950034,0.0170080415517396,0.0190248019912354,0.0225543989919682,0.0270778629728277,0.047420726552503,0.110538781267086,0.191179388970492,0.000199968174604435,0.000143939497434465,3.26495757135351e-05,4.98700049735139e-05,3.53214439492322e-05,0.000213904143338378,0.000387074277855125,0.00107386431025038,0.00461951752129074,0.0421296629923149,0.106494700778284,0.267855166935354,0.0165246120491539,0.0152600463316595,0.0740619743702605,0.547735798522012,78.809190989874,58.9578524648197,49.1081435436593,42.0774984498288,34.3317205381551,25.713942856852,18.2821532908374,11.5484119414275,6.49826882027143,0.418143200334794,0.366978017251113,0.292618520508907,0.282076021660173,0.295886908128955,0.398858701594409
483,166,0.395547477137493,0.980943209780519,0.0952129997634639,1,0.0382035135911576,0.0173222377157626,0.0157172307080549,0.0181434148821397,0.017344423641824,0.0214277409310583,0.0253215795732412,0.0463335046819259,0.109636459542531,0.188214592493134,0.00041177138966758,0.000178688358209216,4.71799922845351e-05,8.15173800544602e-05,5.47893313015429e-05,0.000239036913865923,0.000410923511642877,0.000870103109646728,0.00468677507517167,0.0711085378194438,0.126515109556276,0.466227131403331,0.010101472730191,0.0197041024691711,0.0711794945154463,0.521276281863371,74.5933648916302,63.6127003764736,60.2480965994705,45.5470667493176,37.1085103857957,25.3458683048744,17.2432186061847,10.1550941033032,5.9857812577593,0.432269934195021,0.367205085562944,0.295621945752112,0.275677483072888,0.284359888107742,0.369490055625136
484,33,0.339621309100014,0.982745153171727,0.106813937122007,3,0.034078778726539,0.0149523357175075,0.0145604219762264,0.0180921521554276,0.0193749453785984,0.0239774314632548,0.0264729328636291,0.046105849551816,0.110274279686969,0.188326874424342,0.000287152530118425,0.000127724659833542,1.19398814568958e-05,8.08764348069647e-05,7.15411766239228e-05,0.000167171469880473,0.000329207484629505,0.00103601204815946,0.00315330406377341,0.0384933697624806,0.0905607110560715,0.200916209413134,0.0332337640355321,0.0336932722433396,0.0824508313348937,0.578218765381064,69.157954121825,66.9415873081345,50.5970795446454,45.4301855801031,30.9910926422824,26.0614529130854,17.849112568849,11.3019429358529,6.20316496774373,0.42954264183161,0.33751065899925,0.294924068409198,0.28427390639967,0.286630101884306,0.391396412433575
485,30,0.361990128667762,0.978050180797547,0.0913681597699499,1,0.0497785540970954,0.017326608942912,0.01338211319194,0.0196089516382228,0.0187251019856976,0.024281865827676,0.0276968515526206,0.0449494955994697,0.106297702413866,0.185738991077911,0.000303829803875709,5.98701230145607e-05,7.71759164556847e-05,0.000110783917996606,5.71558095982341e-05,0.000241385834210029,0.000271163548904312,0.00122857048046256,0.00467499277484148,0.0413243350574964,0.121200031015282,0.296512776420849,0.0116620719430164,0.0355711262914548,0.219589367367154,0.56918087597847,76.155889820141,62.9040707534179,56.5113154351316,39.7650733038244,33.390251792542,26.3459170644085,17.9877139768231,11.2701705293896,6.72402317457283,0.39538057391558,0.352930556958364,0.295035810246679,0.277319350471583,0.278833455321456,0.362436421151175
486,509,0.307040638580804,0.978101761264078,0.10736310209912,3,0.0324120506294994,0.0183528016022281,0.0137890099945078,0.0176553894476596,0.0194947423205589,0.0235620120410079,0.0269563352142091,0.0460043076269961,0.105585497410979,0.187384972114908,0.000410463994193021,7.45477620478744e-05,7.56851461633863e-06,8.17854385309382e-05,2.82917262443313e-05,0.000187167778356909,0.000356760713978691,0.00114617187030287,0.00409757806855019,0.0482893539648498,0.147140597423652,0.508586879704672,0.0150629970437273,0.0303887545629147,0.1464663030701,0.566041113497557,76.0253292462226,65.6402577964832,54.2685619605893,44.2443171621071,35.3744300271578,25.057612796002,17.9616814391019,10.1679074216668,6.25058134193625,0.410039236648337,0.361002238597729,0.29884601516249,0.271198013140599,0.2984052088511,0.365323606822799
487,436,0.294430311620055,0.980848445016974,0.106966074183091,1,0.036577530903643,0.0166860234478041,0.0153723991290627,0.0180967645801425,0.021429056199499,0.0232630089590146,0.0256390683720851,0.0471990684446243,0.108327956676325,0.191561557371737,0.000503705419987573,0.000104319165422569,3.8616082430007e-05,6.37667297639506e-05,8.64833642408782e-05,0.000206056511698963,0.000442154222824681,0.00125021078219486,0.00424556244988971,0.0541178756421022,0.0924037024804636,0.304975685485274,0.0129302257222471,0.02179657070257,0.11679568016582,0.599778424455321,72.3814716053768,63.8098756227756,49.9672838143713,44.2008419906417,35.5152658925408,25.8995904847269,18.185041453233,11.27442997082,6.45005361173545,0.414036744691202,0.343671396207641,0.296516528006476,0.282819716966218,0.277987779480111,0.381516690868916
488,775,0.338457157337612,0.964311096998245,0.0969715356159689,1,0.0399619368148375,0.015204483814601,0.0172522152358663,0.0178464512702555,0.0210564488514567,0.023849665338961,0.0272607668857141,0.0456983880927511,0.109350947832658,0.188406797050331,0.000264559082079519,8.59254760956787e-05,1.61642015213292e-05,6.78175897858515e-05,5.16313542489287e-05,0.00022332716460582,0.000244074999183875,0.000878371468346168,0.00406697112412398,0.0545410764004011,0.151115959773071,0.17603212356453,0.0177657705282026,0.0372672611353745,0.0361277075959452,0.563580593452226,69.3181503320994,65.2150019370736,51.7187298257473,42.6175179543675,36.1883747493723,24.8034621884626,16.6246081789075,11.6268804704471,5.65606862689134,0.409734749593695,0.342708982375288,0.294413688048462,0.272752000668138,0.275947367771216,0.350094889576608
489,71,0.326376121164526,0.989942114772077,0.09730206197709,3,0.0341016715652977,0.016987906328179,0.0173087010874324,0.0166730357416578,0.017574035538103,0.0235659919542506,0.0270687533615475,0.0453030982575184,0.107127155730544,0.184523355075729,0.000232656235985829,7.92841354079916e-05,2.92484438461726e-05,9.08339974781787e-05,4.52633774890661e-05,0.000205911294106607,0.000268310464557897,0.000820005204376239,0.00359078110638248,0.0724776204709682,0.168691566301771,0.160926626241748,0.0615794147973509,0.0277942846779251,0.125241013124308,0.470451333060499,72.7653676433854,57.9454867996581,54.1887459637181,37.298182700234,34.6313287638192,27.4136128896076,16.8221100967863,10.5901710449405,5.76865951206598,0.409873828423204,0.332209975895414,0.29774643978377,0.270790111344441,0.278308225401867,0.384504434950586
490,446,0.327603817340985,0.981902732031445,0.100919294367017,2,0.0404175799480242,0.0225828680553021,0.0153833673726476,0.018148179651702,0.0195208411939796,0.0228560481854884,0.0260607962717383,0.0456787786038018,0.105834132922343,0.18878141095862,0.000126774075124591,0.000177490532913261,3.3378122703424e-05,9.22955805795857e-05,5.10712514378094e-05,0.000215476694266211,0.00027911889725575,0.00111377719089186,0.00417273172445085,0.0532837972033814,0.123686485585579,0.292342793673697,0.0191745654299345,0.0247925267448762,0.0588910118002247,0.481726937531505,76.003201044892,56.8820259169323,47.48144407184,44.5556864654339,34.3733801229381,25.2369917777302,18.3762528630402,10.492233610618,6.32366269884899,0.431271326867799,0.334671113029282,0.292729920525606,0.275821458413725,0.29642066036525,0.370658079369286
491,636,0.353690205626235,0.972573795008429,0.103579891498721,1,0.0406929724787587,0.0204224752135278,0.0143395458491288,0.0182075924136456,0.0182428301062591,0.0221172200256434,0.0269668567089488,0.0451827088829798,0.103959812428855,0.190428975090658,0.000408640902998906,9.63053119353656e-05,3.07507705138972e-05,0.000151480390739287,9.77887073746301e-05,0.000208985849185148,0.000346386817768081,0.0008787708957324,0.00486860620382109,0.0519802706275984,0.135528992424496,0.266080235616406,0.0254777478897233,0.038824364211069,0.0742657133445601,0.414551279492468,68.6900218465252,56.6807789331566,52.0818979186208,45.5235182028988,34.0225095303667,23.6652104909624,17.7277178984311,10.5024811496566,6.45917695747168,0.440486338660348,0.364193647624554,0.295947304279695,0.280520634189886,0.276711288445926,0.412176067138484
492,898,0.354824310797246,0.991825470538137,0.0952727602371581,1,0.0373070154839927,0.0166612704433159,0.0145246544560561,0.0191916417338603,0.0190195941312502,0.023569137264064,0.0281156543396126,0.0459629656707227,0.106670661986946,0.189750282065981,0.000466410919860291,7.98219314253079e-05,4.22018056747232e-06,4.89175075218561e-05,3.33575558617516e-05,0.000261096908014588,0.000244732026740442,0.00115608324053874,0.00481517798833475,0.06226727102342,0.138302490483135,0.299377557575205,0.00963836683449674,0.0322096311701837,0.129940148506762,0.509235630661988,71.5320398715207,63.3925445881515,51.7087896568749,39.0281727928868,35.9618940805664,24.1137614835895,16.68364892927,12.0546065807979,6.42734892371792,0.427827990976541,0.359011543673192,0.295569124487962,0.276257298938146,0.310676258438673,0.350721187187178
493,278,0.282498245834924,0.990870468613293,0.102331979784007,1,0.0420966797413704,0.0149651966003039,0.0179385311500734,0.0176065754104342,0.0204561042663585,0.0231201223718403,0.0267949576133817,0.0440418008007295,0.108646387492096,0.186916567153323,0.000330730718725561,0.000159825168647263,1.52891531678527e-05,0.000136406510952784,5.74085238488618e-05,0.000215872184559676,0.000252598731446576,0.000987180979566651,0.00365146809644799,0.0343626464513403,0.140145681145864,0.345777821267145,0.0398505898077154,0.034221839488879,0.0887022245579298,0.502263321743666,73.7989549931148,57.1980254806737,51.3354089118843,42.6421657622317,32.2173064768219,24.557355155698,17.2654960703123,11.3491974291494,6.56115981013462,0.42181547315966,0.345729897785246,0.294121453520546,0.278590847603683,0.295959480965475,0.369510849894825
494,936,0.349353330172571,0.993901413776579,0.0988644251023559,2,0.0478262197409385,0.0209663691178933,0.015211488000604,0.0186000481253548,0.0176366730598161,0.0228374586558088,0.0266868901481089,0.0454788640534326,0.108423582114878,0.189310711763423,0.00020972471578241,0.000104518734112772,3.40559799812712e-05,0.000125624020929032,5.73869518021435e-05,0.000261335965641714,0.000564801276758191,0.000871341789577836,0.00407801140839972,0.0746885600070637,0.117938124916273,0.270521278599351,0.00923201432760335,0.0203193498848255,0.0921497854529045,0.570781688684675,73.9876403268857,59.2784525892279,56.5540548470203,46.4924976614888,37.483999782796,24.569762667914,17.7688214462592,10.2407894602201,5.87780773099828,0.407782979394937,0.322527449428425,0.294545226438274,0.280743819252837,0.285296058681361,0.369235522671621
495,276,0.325832361558998,0.972318366252609,0.0980756242828234,1,0.0372942488381347,0.0207252108605261,0.0140319949086082,0.0185940123387793,0.0193341868469348,0.0237781763898325,0.0265384940242801,0.0450962657193669,0.107430459416362,0.191002499145366,0.000271094923492262,7.29452824321142e-05,2.58747304069532e-05,6.3896651963482e-05,5.13975081166894e-05,0.00035804103072285,0.00058764372360643,0.00120673623948847,0.00419273473747725,0.0430023327849039,0.164427961833488,0.317441115441837,0.00418353583465571,0.0122781403168855,0.152601802249765,0.519487086765976,70.0523281427422,59.9654333079292,50.1521912171804,43.3129336260292,36.9056618261419,26.255690888164,18.5848818764592,11.0855395890812,5.98706995089602,0.428913219829862,0.355024413511787,0.295489838989232,0.284869711407179,0.286655133112608,0.387810700786699
496,70,0.282904101875575,0.990948193917934,0.102248578375067,1,0.0374576350228252,0.0177968726480278,0.0153676076484408,0.017326686473901,0.0178690167983735,0.0227344463802828,0.0274296415594695,0.044668843579404,0.108510591386525,0.187942395454215,0.000258355514052949,9.63162925980445e-05,2.97531958770585e-05,6.89811918025959e-05,1.44822404327775e-05,0.00019142643649472,0.000211658391307323,0.000961887281890628,0.0047686293149251,0.063293784170206,0.155792920260741,0.304753090267616,0.0202027350966753,0.0170006416084566,0.0908922321328237,0.520011894308712,67.3046615980444,58.8434912552259,53.250924934599,42.4764198680642,30.5023636107854,27.0207340134418,19.6078277317028,11.2324171624761,6.14039009890304,0.417269376232617,0.340079676408689,0.290920391182182,0.267494221815849,0.290948270737482,0.376356637223156
497,22,0.272809674814474,0.990602686363408,0.102616207659908,2,0.0469455717095635,0.0181022238368848,0.0150847609188071,0.0177434280855994,0.020257190528678,0.0219222712274601,0.0271184438450516,0.0419600675185953,0.105592761535835,0.189610560207914,0.000322791768948169,0.00018457359913151,5.14668479204128e-05,8.58798557949123e-05,4.34578168760642e-05,0.000217789026096593,0.000385354945168069,0.00124779433516101,0.00501240213873477,0.0509232793422625,0.176706618239619,0.433031957364986,0.0217327061358548,0.0311706434980989,0.0567928096989291,0.612320026468563,73.7315086425475,61.4163050895267,51.9879686869648,39.2747756185338,33.6807255024961,24.9983173295736,16.6620591247529,10.7186714709296,6.44201538647772,0.45081466506446,0.376901355973136,0.296305507520181,0.281155706553052,0.284871188547828,0.365406689269532
498,397,0.257733795784208,0.990316011046611,0.107401300420555,1,0.0437520965626592,0.0135949016486072,0.0159593871965114,0.018851027908018,0.0196561134404234,0.02243612006774,0.0263584560782609,0.0458020348326483,0.109596200987657,0.185281257833101,0.000328693620170639,0.000178546780034784,3.36270752044732e-05,0.000123667289646858,5.83700553299916e-05,0.000181508620746291,0.000537803234971234,0.000836239047626479,0.00317651254090528,0.0612364894924482,0.159033106725845,0.39506924526822,0.0355530291006375,0.0203509606182894,0.206364195592421,0.536303596385274,72.3954648132269,61.4358695940388,54.3015055042618,42.0471920051551,33.8666968709349,25.2309468582661,16.2802103556712,11.0842500756239,6.25749132315558,0.415781604291044,0.309315560975283,0.294018957428131,0.272289565810214,0.30299666983536,0.353632633522099
499,812,0.224967816394515,0.987541822034539,0.106688384033173,3,0.0346359824014527,0.0208203546304548,0.0136550345583575,0.0168340317837615,0.0189435982782448,0.0228134421643771,0.0270723449362646,0.0470763548005272,0.10698609101588,0.184988755789946,0.000211348194293481,0.000119113120609059,7.36755689338836e-05,8.06218696587809e-05,6.70208796318994e-05,0.000149321604713375,0.000246159027420732,0.00108024959404176,0.00479763123568509,0.0631076230000752,0.132121592194321,0.284698690883086,0.0116724204221256,0.0279115689940863,0.146180283066343,0.507711076293721,70.4864167557815,62.0683735027878,50.7447581989935,41.723660256513,32.4668851948746,21.9505346935751,17.2901954119038,11.1614296796228,6.20640721094937,0.409056884905513,0.331118313669878,0.294336709996052,0.278226446900254,0.305337940760198,0.371107236321738
500,46,0.287794471778549,0.974432692257966,0.0988414664360393,2,0.0422376555597807,0.0174613706835458,0.0162897022548333,0.0178121209895069,0.0197547263355821,0.0229963546714043,0.0272054478433883,0.0462410296229194,0.110614875443887,0.184085448732256,0.000284964378337296,6.99061043877474e-05,1.33624324261402e-05,5.19618999601725e-05,9.45505831815452e-05,0.000200181241601142,0.000276534982917696,0.00120109527942598,0.00442122322225852,0.065646900737218,0.114671176391124,0.291501910379747,0.0200118405430087,0.0188565211629555,0.0685358094480358,0.567329308156788,70.6152129920194,59.6223817127076,54.548365666145,41.9016049266007,34.7004777543927,25.671263164865,17.3268017776015,10.3455771858498,6.814862541511,0.415180185039346,0.346653311081162,0.295477080453296,0.275422013560957,0.276278558930076,0.389059086518812
501,187,0.244042597466714,0.983938946437269,0.0981053756343876,1,0.0428083336824816,0.00801232668475836,0.0150438221165412,0.0191805984495024,0.0194480404873872,0.0254838323450485,0.0263464057829878,0.0456040721884761,0.107074959121298,0.190807710847016,0.000277904911911901,0.000119653093030156,1.73072870746052e-05,5.86469705965132e-05,4.82773391955055e-05,0.000186394375307638,0.000217428254465254,0.00104957611564396,0.00401310152470013,0.0590495852592184,0.141397091543449,0.524151635564339,0.00973777622945452,0.0247439890723196,0.104795438634538,0.512281797092689,75.6690498641287,59.3022869736425,54.1204318270266,43.0109198926944,37.8352387182615,27.167829879883,17.5415508728417,10.9764314539987,5.89702834815523,0.418022866134658,0.330463779379183,0.294777887438424,0.275285304420877,0.287271014816632,0.360413441591024
502,377,0.32849552170499,0.985873870256104,0.100338777867297,1,0.0316908762399628,0.0144484487648033,0.0158732753498805,0.0178374600084921,0.0199326131579798,0.0233336692637373,0.0262870414683471,0.0447677161584379,0.108441471868854,0.195420139483425,0.000372590570336879,0.0001115762541989,6.29410612784388e-05,9.20245823723035e-05,3.73053554258394e-05,0.000258777703679226,0.000392649399743471,0.000807794589730153,0.00500274354822733,0.0422657727355259,0.105978027000179,0.356330157728651,0.0825887443617047,0.0517869895392182,0.10274674197387,0.513831030174754,67.6648758055123,60.4385617954245,47.5895907552163,40.4136171355864,35.1911985661353,26.2494134873254,18.179397813335,10.472116500247,6.48145081832395,0.396213955257953,0.352547210924378,0.29423237371231,0.275401804845693,0.28318708296933,0.362293898738372
503,506,0.312679651985123,0.98201472609956,0.100719039862085,3,0.0389105563603495,0.013117314657552,0.0140559464270745,0.0176725493180687,0.0189622602326785,0.0238722889681109,0.027081443421888,0.0456424459175797,0.107869313009225,0.186418195610841,0.000369918507217982,0.000154620367832728,5.74906771276594e-05,0.000105406704166755,7.42033179540715e-05,0.00026834304224943,0.000303987003240084,0.000895981675343347,0.00509385867274196,0.0309418531335657,0.110451865992901,0.286268481769561,0.0192712298430995,0.0384056889234137,0.138386826632461,0.483230523840112,70.1985223647309,57.4325217469723,50.1480542570592,44.0619902415969,33.3156365320508,22.8795566033879,18.561848869852,10.6832507374058,6.0570689945862,0.411319105148995,0.332685841774816,0.293372972789877,0.283861080619073,0.269210937265694,0.397224802453315
504,446,0.213759293527257,0.988422805362019,0.106762068569981,1,0.0369515927609976,0.0181712323618057,0.015440136509724,0.0170542736185478,0.0201389025175299,0.023670428401662,0.0252031630277506,0.0439515279062326,0.107247714358725,0.189379319317972,0.000412404405924847,4.54025077373239e-05,3.50439323140359e-05,9.63146390427411e-05,7.25669799492488e-05,0.000184530778523192,0.000243116363489792,0.00122655642704367,0.00480354041412058,0.0502047779926835,0.14249045540303,0.31342870306843,0.0241290116595196,0.0353175815937867,0.161219343351541,0.576319878417709,76.1256300960096,61.9109751118771,54.602342701668,41.891166845097,33.8239167191543,24.5857196387499,18.007094208594,10.692683142052,6.58328613802071,0.433684697950494,0.352408871521909,0.290838450770239,0.274771576528091,0.280261614980623,0.371862909100267
505,235,0.268228775222908,0.979258201223787,0.0954421977123746,2,0.0340689932768531,0.0138579296169666,0.0146689343494067,0.0179587347270291,0.018946880286218,0.0229755707369573,0.027594719147444,0.0448448644063785,0.108058747988387,0.189302638096164,0.000269942699848886,0.000174260090698584,1.5779064551937e-05,0.00015305710315751,5.85291907129321e-05,0.000249512569648426,0.000261501494742594,0.000665496391277822,0.00304576345048952,0.0361497761047585,0.11182504941565,0.211385113734468,0.0241656057972403,0.0334032468470863,0.0616457647505917,0.597550795002623,73.1876763472251,62.1822339102586,58.8383176068846,46.0653620118844,33.6899402739997,24.0707732091912,17.5922039469902,10.6238148005335,6.83847221359933,0.426799130147719,0.318235640813357,0.292742788501831,0.279309337317686,0.268267160952662,0.382790545300337
506,419,0.370873998220271,0.995531250673219,0.0982155483189817,2,0.0407167610240121,0.0165433059182735,0.0142044510658894,0.0175610183210216,0.0186507098390347,0.0230058962244179,0.0265979130517934,0.044571554247003,0.103766643414471,0.185646396470022,0.000372130934545409,0.000173828701600525,3.77069763841184e-05,4.93189998186621e-05,1.97714598996539e-05,0.000167633852295697,0.000560317655330298,0.00124293462887219,0.00510889699778637,0.0430484231833444,0.0887985488104482,0.403652372313094,0.0166062616174913,0.0196106499734563,0.052707691213177,0.478873572508474,68.7871461109832,59.5138349880072,52.9982179742592,39.4970133115967,31.8401723381733,22.9962304693509,17.244131376052,10.318950420969,6.80111476491141,0.429849075918276,0.339145627724947,0.294510823147413,0.277959425672315,0.300510813081831,0.381880960461662
507,792,0.426126926878869,0.9699645037104,0.103022388825225,1,0.0446449424568202,0.0233083730790569,0.0144356670736285,0.0179245345017118,0.0173833192985298,0.0230974601076405,0.0280170207371651,0.0465169570177721,0.106042905734845,0.18983645664181,0.000157945287095917,0.000102074871618117,3.29625569256698e-05,8.68257948901036e-05,4.61674861914391e-05,0.000235805538129123,0.000535551741012739,0.000998023227891446,0.00445641437422515,0.0566287865913621,0.118207615715463,0.313232832397042,0.0184387703471481,0.0199106666807893,0.0777954808530263,0.508269482170819,73.2519802885172,59.8987934055051,51.3676748278533,43.6588266095991,32.8908383218026,25.6091851062734,16.8690361911649,11.3968690766484,5.80029704083552,0.418959351342802,0.354494516564214,0.293981161583255,0.27525684715523,0.287079274117664,0.376382780346123
508,703,0.211059916973166,0.990793269535212,0.0924404125923343,3,0.0516223714723389,0.0175177317207874,0.0145865396397428,0.0172130886120504,0.0189679569342467,0.023072929945521,0.0259461475782643,0.0463809415923571,0.108523828978347,0.188686932764987,0.00025539590464815,0.000125248583616902,3.45042560813122e-05,0.000106815390834698,1.05251988421484e-05,0.000113722788317467,0.000478596066616245,0.00111624630986813,0.00416077069417151,0.0414548127594155,0.138670518897393,0.457887464303835,0.00892178426415589,0.0204966255333399,0.0950713964255622,0.594983743802751,71.9422165955428,66.1059584538647,55.2123642287402,43.5125456576989,30.6584373732494,25.5230058887379,16.4979133442951,10.0079647574829,6.24264026349884,0.412877341094785,0.325767395071889,0.294747401245935,0.276095301996685,0.305740136980264,0.370254515330454
509,509,0.267396057886166,0.988927517918671,0.098551723606039,3,0.0362253794397493,0.014068522743353,0.014620173065198,0.0170172574682459,0.019113589208591,0.0236650727440285,0.0267660679371288,0.044895083752781,0.10551651050189,0.186375266572386,0.000194814699994078,0.000106375634232847,2.02736074559154e-05,0.000117944909465356,2.17288048170833e-05,0.000213046956963213,0.000396861760920187,0.000767316425677265,0.00356398317530846,0.0826052408633697,0.172681784301843,0.216475438077209,0.0304112586866553,0.0161772430766348,0.0858050668498302,0.58951458143856,69.9957237039243,57.1665088437639,52.6513304132751,37.5319985270521,33.4468820212196,23.8056537501052,17.7968933865112,10.9103515769936,6.10858512302336,0.414182375389937,0.362292881905795,0.29507546957754,0.281262844671604,0.282526727431911,0.374985260523181
510,487,0.335992055995581,0.987529958873145,0.107225506243893,2,0.035977709727151,0.0207937471057423,0.0157291255970956,0.017882746779476,0.0178902474822504,0.0225305401597187,0.0269472096351104,0.0465791904287762,0.107654593091889,0.191579620559537,0.00022305780736701,7.94689057068626e-05,6.66906369813074e-05,7.06169793281171e-05,3.87050612455324e-05,0.000240216630186383,0.000300187388519986,0.000911347573532223,0.003518533553129,0.0559189869099753,0.149435314844758,0.218649462569334,0.0246444048767516,0.0644521489176545,0.0932944750963034,0.533906811608196,71.574021037155,64.2057002225221,52.9528313141102,40.7973523205168,33.5057974677273,25.1039514741679,17.4875703107278,10.108762926783,6.12978693637521,0.42053355813801,0.362195982101207,0.295541856125471,0.278548617215853,0.285224472811357,0.358190379613239
511,442,0.297483455256081,0.983536092257187,0.101204304525669,3,0.0598799452179118,0.0165026829146585,0.0148386717605317,0.018251021901084,0.0193546924600059,0.0249406191733453,0.0269409995066864,0.0473547302332735,0.106443233180208,0.187586143905706,0.000298540097655938,9.94672746566073e-05,4.33852536163254e-05,0.000172252288277503,4.39040407147515e-05,0.000138011002145604,0.000307220120239401,0.0013137899681749,0.00421260827952819,0.0473297499737666,0.136802581553997,0.495434525140732,0.0172454410439899,0.0192665804692231,0.117095359816167,0.658512248841618,69.1950959279321,58.8566331272218,55.7698296978231,45.7406591436346,33.9273161735476,24.3467111786596,16.8305268229434,10.5089884870879,5.88942835625245,0.422983038160156,0.331852500202621,0.297143912304129,0.271988641978367,0.285849973526274,0.374593491548794
512,312,0.362562192484177,0.977618761726484,0.101828917499142,3,0.0450852310314473,0.0158749471283208,0.0140267582259658,0.0186131696791643,0.0187452780459548,0.0224895918389327,0.0273442869158625,0.0453228997253565,0.107019977298399,0.182938874707136,0.000429009648592708,8.38341050432684e-05,2.24536120883273e-05,0.000105790257359493,4.00107873520455e-05,0.000201591818609945,0.00034923782948824,0.000684366769969064,0.00382743151229859,0.0524314539535197,0.193558673317678,0.579391967173322,0.0176631555728097,0.0202353651388155,0.0724570706104356,0.567859338997601,74.2264642525947,60.6509722016302,51.3727058227645,41.3236274381447,35.5929135434794,27.1243168486335,16.1426398625651,10.2790467611423,5.76451469093767,0.427951962168597,0.339691480224879,0.295171273114541,0.275188196954766,0.291677761652532,0.368735405452516
513,119,0.258854424377322,0.984167179219818,0.10017333192672,2,0.0494305079956338,0.0171769465882687,0.0168928271878919,0.01869889947937,0.0190090927294789,0.0234459186566358,0.0247497265850429,0.0433083360094602,0.10676792947245,0.187580022140325,0.000274946847450717,0.000125679219592763,1.10053765627867e-05,0.000117280247828573,3.84820689650869e-05,0.000166238654367185,0.000226706244290545,0.00105058088738314,0.00400336654196032,0.0560091591522149,0.105589100962237,0.34471693235326,0.0159933172303216,0.01298776170077,0.0481690182381835,0.554106680963565,71.3066574264015,60.305747476909,52.6049329647349,46.1878952062834,35.8340077543164,25.3072474751185,17.8427145927699,10.6501473913487,6.10955536634081,0.418694524261554,0.34075844623929,0.296730282600193,0.28070921937446,0.315486534980615,0.369509314841517
514,29,0.312398304495663,0.992524682777704,0.0992577157885403,3,0.037194156123611,0.0188876243383207,0.0170146630301771,0.0170320849240283,0.0185493999739139,0.0234347849631111,0.0254419679955187,0.046311927104138,0.105904006136496,0.188929043629601,0.000201810910918401,0.000111105212753474,7.96860363309366e-06,0.000122126846484017,3.81407443978401e-05,0.000230272101238298,0.000300669578601137,0.000935921963941036,0.00342274196947296,0.056961563838721,0.098785171523968,0.509996556635788,0.00910093091311458,0.0285675721359098,0.0462586469243195,0.549233982458531,73.3165473405816,62.9839196438562,54.4141612674111,43.9012595134791,34.4352552073949,27.8425094209847,15.5836655394115,10.6683813235149,5.49223801571057,0.434003343871144,0.332948545176506,0.294712446557962,0.279902034799468,0.27484687749431,0.365455866806999
515,432,0.219362796300173,0.988209795202816,0.0987273254075555,1,0.0462039451556214,0.0194470549134838,0.0169320990793671,0.0191529164928773,0.0198758585645989,0.0239136968933259,0.0273989035976075,0.0468765647858461,0.109028234888064,0.190640970680698,0.000257401266282969,0.000161749315206127,3.92787062817455e-05,0.000152008473056013,4.7881942618693e-05,0.000294941664147644,0.000518500501033991,0.000972195945185791,0.00375962583889201,0.0411068037652787,0.142848731130817,0.25128951614272,0.0349265791467883,0.0246460990933682,0.11518060047961,0.533019933482688,73.9027601470459,59.867067161788,54.6854308070871,44.3858304166754,31.7229134575383,24.5438208636326,17.6553391913453,11.7317127578686,6.2416747590209,0.428174279905859,0.349408431128839,0.295839644411244,0.280296407817017,0.289574421542312,0.379176635556077
516,815,0.307361959117613,0.99293165914794,0.0939097241312668,1,0.0318724359913764,0.0174936916579378,0.0154233053840733,0.0173835950001971,0.0200627638869494,0.0229232882642929,0.0261927393659779,0.0459331036234464,0.107917299219946,0.186865742193544,0.000450437952039353,0.000137579478310197,3.58381844220271e-05,9.56626720070292e-05,2.13249759188868e-05,0.000213549243336375,0.000378126409229214,0.00120921380226614,0.00411794295633896,0.0426000534333565,0.152865192424833,0.321027854653503,0.0216008239681446,0.0143041258819251,0.163095687605305,0.519924471353321,76.3222367676193,65.2215777818955,51.0620468749754,39.5798178207547,34.1650249271327,27.5509200364851,18.8418093798915,11.2665421184514,6.25520419750617,0.417456067755708,0.364985450557865,0.294565499029969,0.276472312266533,0.274946355287246,0.355396368700643
517,222,0.264454260471691,0.993717870617645,0.112281389179548,2,0.0404829898421193,0.016855035563737,0.0147007453210473,0.0168260465645402,0.0201609049783663,0.0222775219841844,0.0275351319948441,0.0452060611509289,0.10935692548115,0.185214250768179,0.000350478894579296,0.000123759332094606,5.84665350415983e-05,7.11434703610925e-05,8.8117005388725e-05,0.000196966696100784,0.000302887545513831,0.00076819281167893,0.00421627607696061,0.0515216403704055,0.104281280163609,0.26944533231052,0.0104121708851249,0.0177018392294959,0.250077812238914,0.514901772359856,70.210376232085,59.9329571888223,55.9246639733066,38.9919266491303,34.8701651941468,25.7321193561168,17.8019606240902,11.2420899677422,6.46044105886928,0.447235909546625,0.326291094545486,0.29965853509331,0.28563357793219,0.299476891501455,0.37756097306371
518,828,0.254702463827151,0.97855428676849,0.105115145919842,3,0.0428642221977066,0.0208499617217586,0.0143757013810789,0.016823677282975,0.01774859411759,0.0216281770665206,0.0275185963513271,0.0458412659274686,0.109839301264777,0.188342298858671,0.000340887609841084,0.000214617623537281,1.12599980276655e-05,0.000142933122570216,2.84669604811592e-05,0.000202462206447549,0.000307003255311714,0.00120732446149437,0.00347146976579912,0.0542076406801184,0.163725994125657,0.341426984906706,0.0170609324715235,0.0250922657271926,0.160351153647478,0.521537193366875,67.9419924939463,64.5185148239196,53.1711595632322,42.2573043491816,33.5410979944554,25.2822069679772,16.7326601547737,11.4830108027994,6.71509626473069,0.452343138205356,0.355415618545698,0.293091370061315,0.274148065859464,0.269676788216924,0.370091105072315
519,121,0.210867171119087,0.996192228310468,0.091850421402686,3,0.0370763691434942,0.0157367458461711,0.0146492855153206,0.0178577182837375,0.0200284555318748,0.0238586715491821,0.0276278680566663,0.0461156027926787,0.105221785903628,0.188291755668836,0.000380997708867801,7.93867196820794e-05,4.98230455694905e-05,0.000184070340128409,2.86240445380429e-05,0.000223629616356076,0.000404256718277372,0.00096721691431339,0.00418907241327922,0.0630244480430588,0.13244545789311,0.636626237529545,0.0150385609987644,0.0205892841347202,0.131476995049704,0.499934059374738,71.5161557925794,61.0982899834742,52.3606404860194,42.0096521925328,36.8670575419262,26.2110330973979,17.3255546449637,10.3979105653599,5.43182599560628,0.409786974836836,0.327969033574415,0.295053364788447,0.283975468088479,0.283528226889923,0.386741397774027
520,396,0.291532140286567,0.992762850409817,0.0938321170635134,2,0.0405014656088687,0.019525967041315,0.0145644090507536,0.0168425750055655,0.0188948005721577,0.0232483468596008,0.0274340550367217,0.0430897571279446,0.107693091162456,0.18985163877826,0.000379210190804874,0.000141546897567222,1.26340292210954e-05,0.000118391579271645,4.72408586829632e-05,0.000226385338477562,0.000282207173221411,0.000797607971595037,0.00421791471711868,0.036662449665198,0.160477547334429,0.526179456426316,0.0213349123135308,0.0397440410621062,0.11077082707362,0.583062728240958,76.0698377169197,65.2671169349249,56.5352835133051,40.3314530836526,31.6803587429493,26.8732313306929,17.7889810225813,10.9301530302329,6.65425820603239,0.421835938909315,0.344408301953904,0.297604153600773,0.266543500462196,0.285309065861498,0.360143944803484
521,728,0.234146942581997,0.989969480125439,0.108154962083952,1,0.0385258737029092,0.0243605584578613,0.0165350646165531,0.018289188701007,0.0190055635370526,0.0237922643662054,0.0262187096939424,0.044662712548502,0.107607166268432,0.192074416601643,0.000424755153833365,0.000227230415119898,8.45765119070734e-05,0.000102133073793695,5.75529872271982e-05,0.000146892410451259,0.000288031324346381,0.000983970939164563,0.00326413690841287,0.0448517670229923,0.133714628991828,0.268266002345399,0.0263597611758475,0.0322403202824503,0.202352625293651,0.474173773904677,72.0381809195702,59.3596749460653,58.5801334040657,44.153470730569,33.7484089514886,28.3158028497927,17.807600891498,11.1337859520081,6.62632095278134,0.438179642559561,0.349660023652307,0.29491334214336,0.273934570184647,0.276468406220562,0.386507709880423
522,770,0.247240628949467,0.986055785959273,0.0963394653449224,3,0.0398361234712998,0.0162547396649658,0.0172168991771017,0.0197843184411526,0.0190358063379386,0.0223370162752914,0.0244312633625285,0.0456938803834387,0.106694084975794,0.189031197768322,0.000555640138888284,0.000157340530876955,4.10739871347153e-05,7.3058632975908e-05,3.13873716320775e-05,0.000148264407019669,0.00036879514394385,0.000873593372458458,0.00393506485547206,0.0664938685358901,0.129612733573138,0.379035196863169,0.0123140967753455,0.0337515857205328,0.154045759866408,0.522111180134542,80.4520692290779,60.6748662432284,53.2806717437892,47.5676456545432,33.9822497033041,26.4560053778095,17.9658678005627,11.126488711168,5.87364753384469,0.412418007543644,0.359360916849884,0.29504709267148,0.276541499503745,0.278030699955383,0.404262429264924
523,872,0.338972544319174,0.984876085570483,0.104315293411092,2,0.0412918317107793,0.0187306939677196,0.0162945702727243,0.0165615732617225,0.0190811443296273,0.0228264883657611,0.0276729717982115,0.0452324393797112,0.108478996347116,0.189038862820665,0.000261214180806836,9.88409866618628e-05,7.23976739942748e-05,5.57248062274944e-05,2.39235209835188e-05,0.000170348817580106,0.000549118965103079,0.000882047237977494,0.00401818522848518,0.0837558820686278,0.133317505172111,0.423337302129609,0.0104842242941016,0.0102730260034715,0.0915163270437738,0.51605466464603,71.101718308168,57.8021282055538,55.3049045989962,43.2580128753997,30.5750791432204,25.4205622975341,18.2544635754881,10.8709221551406,6.5966300718523,0.435719060807315,0.353817817871421,0.297249778758438,0.271609915968575,0.279106276052323,0.370566895565106
524,302,0.36794948498975,0.993948596637768,0.104689723715812,2,0.029103887040493,0.0183578260105191,0.0151959363557106,0.0179747897681264,0.0192308757407339,0.023733019002713,0.0255319071337546,0.0458251376668406,0.106991222895329,0.189785111029298,0.000286474049370964,9.575732841357e-05,1.84788852440114e-05,9.6640403430189e-05,4.91703614083674e-05,0.000202817668346896,0.000457234768056108,0.00123657243007712,0.00418511061840995,0.0345046209267996,0.145944840846635,0.327213993285354,0.0210996330763381,0.0332600600230464,0.180480300347518,0.450713320838378,75.4089465344524,63.9144167944481,53.8102189237518,42.9484357587609,38.4273325925105,23.2863603800197,17.2613234538767,11.5292697462485,6.77077909607292,0.418925965550059,0.341659772338824,0.296061967454671,0.282158249893161,0.27722260356992,0.367505605895376
525,607,0.307658114581791,0.989648288032812,0.0993440634783794,1,0.0404531324382851,0.0145584357190484,0.0149986128034666,0.0181121405115029,0.0189199608529213,0.0243460304950365,0.0274982711046791,0.0454715734332975,0.107886152935161,0.186543002165747,0.000253131350109553,0.000136306069244125,2.28385434634812e-05,0.000179698217803288,7.39102587236444e-05,0.000122835947370523,0.000379464854688324,0.00090888654530147,0.00325597096814821,0.0447007583955409,0.159226774754281,0.223749296657021,0.0114453886645515,0.0342823528080306,0.0497786157207383,0.52456891250254,72.246559410086,58.9219126430736,49.8261333679473,41.1783550362125,31.6138423213653,25.3167408680177,16.5047445754546,11.0802908750332,5.95575936262162,0.431501951894141,0.354758093621731,0.291637367366595,0.275294518438319,0.292050397394897,0.374859119917042
526,957,0.2901572297746,0.994906551865517,0.0958448941685911,2,0.0401239019913695,0.0169949911256932,0.0153473463108091,0.0200913955733708,0.0185519128594591,0.0242247454057215,0.0278554915459696,0.0450567600168745,0.109072242577863,0.184937951035235,0.000249580389131511,9.29320557052554e-05,4.3949913123976e-05,0.000130124332101169,6.75867308700053e-05,0.000185120715917291,0.000395443402085433,0.00115591075254631,0.00390924303366001,0.0394136918880343,0.0807329198802458,0.25380775788597,0.0126512121117327,0.0153626288563537,0.147903379043527,0.559716297009308,69.6383241605877,63.2318016359033,51.4771056856246,42.5818825845953,30.6839008161692,26.5555654417695,17.3675369706428,10.7965280150595,6.17467554321248,0.426750409795635,0.360804141639494,0.29612409703534,0.279756538376992,0.296978643948829,0.381566861412656
527,215,0.316951394334164,0.986788871444624,0.100608450834693,2,0.0329559911982727,0.0201917925699517,0.0133762419707139,0.0168031792259235,0.0198599801579308,0.0244350109583276,0.0285651828184984,0.047138116138481,0.1111143129817,0.193056592138968,0.000310491405298377,0.000103096522336487,4.51189955271818e-05,5.11271227070324e-05,8.90666545549656e-05,0.00014280694646053,0.000313240397155219,0.000903688263260039,0.00488439984474277,0.062194442622401,0.0789262133661125,0.452727241374123,0.0174789025022057,0.0329764478313096,0.0591737715285253,0.515679708516228,74.8594966162052,63.5256300082455,53.3915419128947,40.694890723473,28.3360608446048,26.933717131201,17.3505980399875,11.4673460468889,5.9399341720814,0.435241356279447,0.320081872068751,0.292341163010904,0.277831177712059,0.304393786603778,0.389738710616328
528,277,0.291644723948344,0.974172357928298,0.0957461247976516,2,0.0413813134179525,0.0169277120116429,0.0155684164183709,0.0197480896651349,0.0186593110003329,0.0240170312256234,0.0281647957553978,0.0469675219445259,0.106017125008619,0.189445372130395,0.000349860462408738,0.000104038228248806,1.21724719522638e-05,8.35378215048158e-05,3.68916779956527e-05,0.000235623934800589,0.000374119298387054,0.000897591522458177,0.00362008395756738,0.0634240151922241,0.136300932842599,0.339989174195736,0.0318539288198341,0.0312042554306695,0.154688366218673,0.602716247781822,72.0616775455042,65.6015254578466,51.1198262417231,45.2365452096525,36.1168267731813,26.8126321223821,17.4200810053488,9.88991185867019,6.29323043773893,0.400253863541374,0.353220061103238,0.296348039383603,0.28508252862167,0.295432022274358,0.371635590864867
529,197,0.374858309451732,0.979581606662037,0.100393562624087,2,0.0403707281002265,0.0231965295023541,0.0129080468240521,0.0181262731117166,0.0188519859319665,0.0226158894815967,0.0262500388959,0.046387658133205,0.107818371077755,0.192025632012982,0.000138452910047665,6.18553040272517e-05,2.12208350922922e-05,0.000114459907194183,2.06569930700422e-05,0.000125811755166833,0.000292733776320557,0.000963289334822658,0.00397506916250611,0.0359064299233716,0.15207910536114,0.291041375550209,0.00547745858303709,0.0180298557774204,0.132008187766565,0.526509014040136,74.4792771978441,58.6157690323013,53.9284986220891,40.0113012081533,35.1257848062709,23.6558668697211,16.9390048558055,11.4225891959063,5.61936686555883,0.423947009298763,0.337962618321212,0.298617189475541,0.274123789932056,0.298358383534547,0.357687718770921
530,986,0.379280492929579,0.983406765746127,0.0988796189652225,2,0.0450473476029269,0.0201080786338761,0.0163210679731185,0.0188962663543388,0.0193234775365951,0.0229881999876224,0.0250317728458995,0.0429244628690877,0.104368161479874,0.187212570286533,0.000368479231070301,0.00015047668978843,8.40190015258776e-05,9.68287678737638e-05,2.27501223988385e-05,0.000282765497107591,0.000333170617270117,0.000720537819440108,0.00451369032583015,0.0538989510795582,0.142175031808983,0.279659710237991,0.0264176729373917,0.0194838500565768,0.0320841293464827,0.45000291953911,77.1885503955683,65.9959500111117,53.71020901305,42.8476468036877,34.439475176758,24.0250143658698,17.9443809659104,10.6785431000044,6.27406654456138,0.428990089277391,0.322053633220794,0.295193556340585,0.274444620854901,0.290921062397095,0.376814276880936
531,41,0.279206261032885,0.989630506611047,0.0962039125110374,1,0.0351916889344671,0.0229009036103729,0.0179295274714267,0.0182018924230096,0.017815917422184,0.0226792487180191,0.0277000922888228,0.0437261626564497,0.107756491252657,0.191707974171959,0.000398172218255791,0.000129902352364348,3.3228566965759e-05,8.31803058218014e-05,2.87397344662755e-05,0.000203091851256618,0.000404062106076308,0.00138182125851857,0.00350068480265266,0.0537346212623109,0.0972045199669876,0.25247500403073,0.00619736759879087,0.0320954315239806,0.112029474501093,0.438670283879251,71.880604329467,65.5041901632508,50.7890336333847,39.3966505354305,33.3746352410238,24.0053995977393,18.5251617992119,10.8443810590729,6.68176787634016,0.42500464779802,0.337374549670888,0.296897474293141,0.288366700116724,0.296119335051167,0.368539402973453
532,933,0.293238077464438,0.98675719696416,0.100996958649906,3,0.0407226805326805,0.0137588690371715,0.0163167845491499,0.0167617726041069,0.0185150693515276,0.0239341080114445,0.0280402843707661,0.0455995138649895,0.108253568050825,0.186394000417078,0.000320281914357934,0.000134742885955854,3.01061745469823e-05,0.000127004985657261,5.78537030591462e-05,0.000256877542803103,0.000345608928572349,0.000793979823357972,0.00371159970544085,0.0355661003259292,0.113800738334464,0.226884814609723,0.0251282486541771,0.0145465343250535,0.140039063393614,0.586348921183257,67.6319872273113,67.1305767230531,52.5631718929097,40.7797747632494,35.3807819165709,23.6785845614679,17.2318692845334,10.7744268030212,5.81212426654276,0.431348863332784,0.330436504141424,0.296225289762372,0.275656186209125,0.293417013755746,0.351179863293651
533,315,0.346287103920134,0.9920407296039,0.0931483522046276,2,0.0284799198050681,0.0196975542824024,0.0148988516666524,0.0168913375264746,0.0194250384683997,0.0239274907558175,0.0258088960214979,0.0460928115619914,0.109722643364293,0.192244821853951,0.000279562340969072,0.00013406957871285,3.49151260988006e-06,0.000114593387264706,5.09135870967445e-05,0.000192898962352262,0.000330231782884965,0.000810282264190962,0.0036094181833802,0.0645946890925443,0.107051293695224,0.175524275075406,0.00319768388298422,0.0187352769516967,0.120929289803787,0.437415663285642,69.1629453617304,63.4195163575947,47.6911349179558,49.4723570253416,32.1038492554676,27.6581611296364,18.293973691114,10.7226208642648,6.66893559379471,0.418284461783859,0.346668783847877,0.289143687861614,0.281796581925178,0.2895266882082,0.358619152873629
534,611,0.293106437305987,0.982044318214579,0.0915365035786594,1,0.0321683323579223,0.0254897962929719,0.0174532023773404,0.016724849895772,0.0185958870275434,0.0241583788531269,0.0278449564776617,0.0455420192877356,0.108427950588107,0.193472290351414,0.000221855769649493,8.57192233844716e-05,3.06397952441439e-05,7.60226583816286e-05,4.22970526282787e-05,0.000229336901793308,0.000448092976426599,0.000879831611849113,0.00435172858199822,0.0447690778955814,0.153971708272421,0.204734124155899,0.0205957739875119,0.0166788515856239,0.0370854042396574,0.525358489132775,74.7853967721484,69.5032018860381,48.8356619709225,40.749401434842,33.6394166539487,25.5760754504927,18.1936801983394,10.7672002588878,6.28500679224313,0.439142720183007,0.342681705835713,0.295178287260563,0.280648456827984,0.298344571696321,0.361869440108708
535,51,0.369249375836459,0.994373131068327,0.100702478643617,3,0.0449722273451394,0.0222454691250609,0.0159984863324875,0.0174239150518822,0.0195549292921878,0.0220737006417483,0.0261757700926308,0.0467434325785038,0.107047513819833,0.185104216942829,0.000473853923532397,0.00018646456343458,1.273781604413e-05,0.000107923670218203,3.76443094127225e-05,0.00014848578338941,0.000432446053269641,0.00115262232937779,0.004060650919304,0.0516627853850927,0.124529691187945,0.466861929692172,0.00430987302732692,0.0390408855385841,0.107770648095783,0.574551338550443,71.1515128239966,62.393507126304,55.6304433740081,44.8496037003028,35.5715899930313,26.2448732862497,18.4930427911362,11.3255348450311,5.93189315153096,0.442785340150468,0.334003027342944,0.292318213361696,0.28977246881509,0.287970770115326,0.383674629404487
536,660,0.201016360084018,0.994636990447888,0.099202183044203,2,0.0407842933272297,0.0217111403828558,0.0163494780632829,0.0187600337339888,0.0182224327844591,0.0217797975374235,0.0255937687041649,0.0453701079352625,0.108996155815071,0.186947140829348,0.000156188838829083,8.27108658863524e-05,3.22616418263547e-05,9.39478576340768e-05,2.72735794128308e-05,0.000178674948820972,0.000433719051712028,0.000847596774157079,0.00502540763757499,0.0648461928962705,0.133065966983392,0.383088206338999,0.0158291471138364,0.0232937877924898,0.0849467845816512,0.469273414256265,70.373430260343,59.0498960153077,55.8581413658021,40.7253892494641,32.6746011988006,23.6232449971422,18.917379217972,10.3803067540952,6.2404153154772,0.440951343977319,0.355133477139148,0.296387791407416,0.280377042954879,0.289198042084543,0.374465277331866
537,8,0.240205232988026,0.968789601064444,0.102728025499356,2,0.0394664832740363,0.0154505954156001,0.0145005366173999,0.0183812230369886,0.0187518843708164,0.0229203997935014,0.0270530955483476,0.0451413971053335,0.104351990391004,0.184915078065664,0.000183458005556324,0.000121728917566894,7.4045686178298e-06,0.000120045553215269,6.98036219352608e-05,0.00033421919550032,0.000318044457538977,0.000749910756257318,0.00371540036905134,0.0669870294216082,0.118516482092846,0.413136512932512,0.0119865949383496,0.0323808992546888,0.0502428125036934,0.480826121109054,73.4394446222496,58.1684045061244,53.0824899495189,41.8679496093456,35.2119967064403,23.6749536001911,17.033239386089,10.4214614318466,5.96130386149535,0.422114965522979,0.342257085253728,0.297118429251925,0.279541587730654,0.288339510151342,0.381566683231589
538,291,0.336709376282687,0.992232934536341,0.0994475662101972,1,0.0425073797386097,0.0152347403105768,0.015281431755211,0.0174600803357415,0.0174739968465906,0.0244457931961491,0.0257691297284158,0.0467539065056543,0.10947660058225,0.185413241745586,0.0002211694150932,0.000131752814211233,1.83560369332092e-05,0.000132168230758364,3.82815311332965e-05,0.00027361298057624,0.000331685314229382,0.000948765732059939,0.00432513037080093,0.0478179336128465,0.114582521014102,0.35775158438005,0.0242760863715992,0.0221013458761724,0.0807076903678986,0.611335520766851,71.3464764108576,60.7707965875956,52.2187427035389,39.4665058530557,31.7358888654605,26.1682748366562,18.1892235869476,10.7685652966748,6.43837087604856,0.413606843838603,0.347577343326585,0.292701383446617,0.276205199818985,0.277238733171557,0.385546949164817
539,787,0.264068712605259,0.993099675097887,0.102153111607775,3,0.0383631256450929,0.0249651248651204,0.0168624697037301,0.0168807628677975,0.0197190694927568,0.022326035517195,0.0263867600713237,0.0461243631906659,0.109694384477461,0.18585030099927,0.000231078545158667,0.000155602642914804,3.75926201546348e-05,0.00011911787500912,5.28265467984399e-05,0.000227921067019423,0.000388252347039268,0.000884293119699302,0.0037452948490218,0.0546287840093874,0.165164469657852,0.31212139886951,0.0101656083154979,0.0274978759386501,0.142658790510426,0.555130286809978,71.1371784073893,64.4130909786924,47.1356732305405,42.0935554256363,33.4217042199596,24.7644446857074,17.4042032530141,10.9607109200053,6.37556268415102,0.414763689299997,0.3054916469201,0.294347530819683,0.273911062816869,0.296267495649197,0.3669376147258
540,596,0.239118603436418,0.988640750106911,0.103521553693996,3,0.0368338011307902,0.0207320892089304,0.0137452274727529,0.0191645691498479,0.0192745502425246,0.0234502558460938,0.0262231818495524,0.0452459926866877,0.109095820511881,0.184059400853111,0.000280451732525363,0.000127248305698638,2.6512858947211e-05,7.70475069850019e-05,4.41635837738542e-05,0.000180951386695458,0.000265245893860287,0.000941946307258529,0.00425479497802639,0.0494137577057427,0.131254115945316,0.264373335671845,0.0479238077275853,0.0186747696546321,0.0587410862546848,0.498309566336873,70.4725276641091,68.9895173497767,50.6577666681379,41.6017950324446,35.6082946317813,23.4064238316604,17.6891401186553,11.476097733892,6.05780123397787,0.393353631936117,0.328866759702891,0.292245264903865,0.2777817268157,0.268796796189062,0.381152353377948
541,998,0.382404849962991,0.988817344767441,0.109679904521069,1,0.0347852651075389,0.0137777285805366,0.016631420521229,0.0187736145707947,0.0189414469213558,0.023007747723354,0.0258072666535268,0.0449566917341754,0.108658843550993,0.187622371713918,0.000453396244139221,0.000118532068817271,5.38642018117336e-05,0.000164351953318869,5.91127141178411e-05,0.000319646078967277,0.000255248430335347,0.00112310334149867,0.00448772030039735,0.0403204194883637,0.142626726347875,0.2410154991252,0.0138983401999743,0.0160049418539414,0.17163457349805,0.562505806172516,66.0483671689605,65.3297366362601,52.903774665939,45.0659670089282,33.408342830815,23.8747887838015,16.2410131382009,11.3856720475516,6.2949356160147,0.436404231172573,0.317506764557201,0.295410968369395,0.278672098551064,0.28168366090094,0.380991450346291
542,961,0.304883879249283,0.993438704287052,0.100014414011243,2,0.0436306656023328,0.0261237350428698,0.0155252574416397,0.0180800120392073,0.0182579718795199,0.0245090951222104,0.0281280261928266,0.0454889161014144,0.105991704243578,0.186356834050985,0.000382719406287172,9.26104704028751e-05,1.2407156197028e-05,0.000113616001390039,5.20025075430911e-05,0.000200367892655307,0.000229321788078808,0.000980362788453442,0.00300180357204033,0.0766271390437906,0.0875720277435338,0.405481717774788,0.0132680982217182,0.0235713224471203,0.0582938987134196,0.540650117851177,75.466909038397,59.332066295983,51.8451871197183,41.8642257775646,35.9398192046344,24.2860424819577,17.9707317331418,9.852970106032,6.58985108502378,0.424811937081652,0.355735290104283,0.297306052723001,0.287551762800333,0.291638458767751,0.389619806364891
543,676,0.341480692453021,0.985846231050014,0.0974882306347849,2,0.0339206406791864,0.0210143508987256,0.0160986895048199,0.0166475495574264,0.0191752890808755,0.0225811219874119,0.0257901351161378,0.0461471547168365,0.107463015390419,0.190166536859549,0.000222071868668241,0.00016672805447208,3.95349125027584e-05,7.91946980166059e-05,2.21420345383491e-05,0.000165032945260766,0.000382534950706204,0.000790550502627139,0.00347707920812387,0.0442327764284777,0.133336141511889,0.518037915070462,0.0201271678825222,0.0340423979917883,0.208494692611222,0.543208312913599,76.3109245564572,60.6972374936879,49.5080881338113,42.6138209336978,30.536008492719,25.0542178016376,17.865713899081,10.8236864070215,5.64596032827517,0.424204246338531,0.348004831093077,0.293673161084955,0.282466268930161,0.275139558476444,0.383470699122914
544,664,0.264220980431639,0.982410067412008,0.100587456029147,2,0.0403974719787135,0.0202832693521631,0.0143888623752102,0.0179596857179266,0.0187192534066759,0.0230928544290377,0.0269329403724157,0.0447881062422561,0.106149658931899,0.185502167963292,0.000320441945956695,7.4584938564127e-05,2.87646927803109e-05,6.86903038245556e-05,3.73405902102366e-05,0.000143037681850426,0.000357861231055196,0.00122138053739607,0.00350952495093432,0.0643274671177213,0.108073431071827,0.417103860755387,0.00870738560693915,0.0244606665519662,0.118575888600757,0.520741211884155,64.592318660612,62.6903355015103,55.0024357433174,40.4755512828079,33.2947623164669,26.908084697865,17.4815049191035,11.4400168537354,6.10066975306184,0.419634617327073,0.347761084748,0.294342721118231,0.276841739209603,0.292721165883656,0.364718727593845
545,148,0.252497948130872,0.98005204825192,0.0996256746540379,1,0.0356847433265195,0.012440054866506,0.0153313628491136,0.0178433009596343,0.0178194337850441,0.0238761622635945,0.0250888674909845,0.0455365027981033,0.109248879096198,0.190363486694884,0.000676751697581921,1.49488845614809e-05,1.24912148643842e-05,0.000101188366830221,9.1851664535801e-05,0.000204096950975958,0.000398933643604443,0.000899565644889615,0.00392085068847372,0.029664071964162,0.154812191944044,0.227471916604638,0.0120483569153966,0.0219302877069708,0.0702177806915414,0.506871188143929,70.6040741456789,65.0463648652976,54.7589297426494,41.3353761944122,33.1947353525989,25.9839083919501,18.0220078020521,11.1236720444163,6.54609882615727,0.407983115474281,0.357328505174556,0.293352082275228,0.276699732424139,0.269112225752765,0.374717868173327
546,775,0.269992526161041,0.991662788077937,0.0999974085297213,2,0.0411919862898039,0.0151519502383723,0.0138438676286276,0.0170292265786212,0.0188055575849147,0.0230831098234538,0.0275223957620028,0.04461558715064,0.109594262929045,0.187985115343971,0.000318351612862441,0.000106129746214031,3.78178007758926e-05,0.000169414326930319,3.98695219209446e-05,0.000201075860359224,0.00027609444552019,0.000861122705018274,0.00384904279808619,0.0459913833652136,0.10011494441558,0.181553404762048,0.0178231014841962,0.0144718391401105,0.114250461017523,0.48691468301196,68.9117543022977,61.9543318463379,54.5156247702143,43.4033794293322,33.0710098877901,25.2053343796702,17.9826347939021,11.5440253243205,6.10983991988664,0.446045061282641,0.316919841147948,0.293994392903949,0.27594691952898,0.291009545268579,0.368473999877907
547,162,0.265015114848774,0.990572836323364,0.107075099362091,2,0.0365570642966504,0.0200549493538499,0.0169763610197108,0.0194061879710025,0.019227683025382,0.0230617324580187,0.0283679450201267,0.0449381428895273,0.108982303755837,0.191423695759774,0.000262285174157907,0.000109143200501894,6.27861860873341e-05,7.73606308547147e-05,2.1930485547825e-05,0.000196931446402156,0.000350324477110467,0.000868146140114697,0.00334612689929009,0.0330032562421635,0.117210307032344,0.422890544645564,0.0057507004609977,0.0213698777017522,0.063830180577556,0.494248673125349,69.0079422289038,64.4308275782639,51.7534805124472,38.6393051700325,34.6149336538856,23.9403872917006,18.7984944814553,11.0389171300225,5.80983145982704,0.435964495980106,0.373179480857041,0.29160856285476,0.272141964795679,0.303998007924002,0.406447479651604
548,738,0.241901235029141,0.983042265109546,0.0914309285296692,3,0.0407757327073037,0.0171883324796166,0.013118273118286,0.0172231414069372,0.0184487145804667,0.0231710057760679,0.0277111427456517,0.0468088131049038,0.108575222539866,0.188976101334008,0.000148896542765999,4.39007694904148e-05,2.59251936598555e-05,0.000142685672667664,1.55419285752481e-05,0.000249720700972705,0.000403361962093778,0.00109832155501613,0.00468353624709645,0.0494374531582689,0.153412332433127,0.253668807178912,0.0120339017139554,0.0209809733459401,0.0982649988591863,0.529298478197387,68.7177128796677,60.8094954635066,50.5633965145488,42.4117041198894,32.521537435228,25.461678122948,18.4304200154293,10.8153569768631,5.44611395790301,0.425885182760656,0.33168945192332,0.294280914202366,0.280050887347234,0.284622742591514,0.379743758126597
549,664,0.306675150542028,0.963743198848772,0.0954772492745472,2,0.0416481832275764,0.0117495248331845,0.0152687184416884,0.0186560037660529,0.0181868104845528,0.0227321583115102,0.028602567328013,0.0444866425619652,0.105410601315782,0.191361219217217,0.000200829366974478,8.07260252170977e-05,6.57155177884022e-05,0.000138880021737865,2.98003359220096e-05,0.000172713795730376,0.00024536603338002,0.0011054714098883,0.00378415299878519,0.0338238861095414,0.119312500943789,0.331039467901244,0.014031383839227,0.030122481437851,0.0861168044214334,0.588102817751125,71.9848355861559,61.2972325590242,49.170399520352,42.7728379826886,32.1479992821783,23.7701946975777,16.8853064934248,10.608027331891,5.7601993075335,0.426294581509098,0.343179171508627,0.301125585249417,0.277893735483502,0.277222095998911,0.381082632018799
550,151,0.306862059796564,0.984769410164933,0.0904616312077249,3,0.0365300908342133,0.0218622378786756,0.0152918008494725,0.018934571387607,0.0193269159869642,0.0253928364930153,0.0262580312202974,0.0457489713547782,0.105637250156708,0.187928450358169,0.000207624783585629,8.55182379798468e-05,8.31536224720509e-05,0.000120550251926519,3.64609843510157e-05,0.000178463530541806,0.000415255759778668,0.00116634980925867,0.00437639898096573,0.0713652166998382,0.0795123212350573,0.236776831720863,0.0126008967996115,0.0335302042438005,0.11194618493093,0.544884432552995,73.5482345694719,61.1336404861279,58.44893351652,42.6882441323796,34.5548421071119,22.9278878000855,17.7866231781663,10.3024756463858,6.1252257984398,0.39369016040737,0.346129975537151,0.294518869647509,0.2729573368428,0.289307510105317,0.374583401191072
551,620,0.258886712033,0.983481479064277,0.0918921734709486,2,0.037431049619242,0.0277653274532245,0.0154135262127841,0.0193478255021019,0.0188474187708416,0.0232746598773107,0.0250498053933114,0.0468406525580615,0.110199413992898,0.18901786091352,0.000526902773932633,7.26852007865539e-05,3.56478595977069e-05,8.40211467747687e-05,2.04331406035314e-05,0.000145286932846366,0.00022434514481743,0.000882655711999557,0.00390171580133489,0.0419944306064075,0.136599427118865,0.30432622628396,0.0137320567503754,0.0275549346277113,0.179684379369728,0.442234573969881,69.51307157653,60.0430621746293,54.9705483031064,43.8064760471227,36.8087550787767,25.7034590243369,18.1870541354015,11.1320728418738,6.4968042330943,0.421641401746981,0.355362505170885,0.29371869694852,0.277569968817642,0.300747772660135,0.384981599904469
552,418,0.262025339892793,0.99320100036354,0.100428777382186,3,0.0379489730016141,0.0134189078855886,0.0165956655363285,0.0185603413325243,0.0179869241407405,0.0237997925905628,0.0272424177161844,0.0472275481295575,0.10909058444478,0.188550510866007,0.000169984378977361,0.000106236392818898,2.03360493608643e-05,7.03355348436216e-05,3.34478115183765e-05,0.000214386565702464,0.000416568742124442,0.000963622762442646,0.00392513098695364,0.0471760916198414,0.140756399891724,0.298629948933423,0.0239017655753765,0.0131883555349676,0.20535372068079,0.541982951938507,74.0245965155027,58.6705071819578,51.9067319156576,44.0787925633504,34.5187104656415,24.0912683567565,19.2446350918119,10.3512780615616,6.13844428241894,0.406986477383498,0.360554817661428,0.292427086696098,0.279523479195649,0.308267397458563,0.360592916246647
553,867,0.255628033524476,0.993368496457429,0.100852099108423,2,0.0406183720849861,0.0253443698833336,0.0173977397987307,0.0174968553425811,0.0178642841770081,0.0220504182445667,0.0262450836702733,0.0461546268912826,0.108133249469806,0.186345126220505,0.000566709140510988,9.04512857868066e-05,1.29908020678903e-05,0.000164684548412942,1.21429488596575e-05,0.000131904333557696,0.000324979263719963,0.00118695778877781,0.00400151332986803,0.0545793178019217,0.0917830853192201,0.37979318086565,0.0118754471858447,0.0245495675627993,0.172153751658355,0.574373698920828,73.1256196918285,58.0793180526092,54.6779042498276,43.4328402048869,33.3708526281767,25.7379449098782,17.8772537541026,10.5863124350874,5.90213386719674,0.393870327518806,0.328066564252164,0.292555631901903,0.277123726483905,0.292700307951728,0.385995883476598
554,354,0.333140289869038,0.971882219089468,0.0983515926862667,3,0.0349182931141147,0.011867466492129,0.0152888023736052,0.0169496836192318,0.0188411659565022,0.0220533840213715,0.0263358606856741,0.0450559511452315,0.108806992302748,0.18384194941109,0.000221116366953474,0.000131185985033975,5.24505172882355e-05,7.53785639034159e-05,5.82212902024928e-05,0.000193620160762756,0.000285994530579952,0.00102082577083743,0.00365614641587083,0.0392614578231909,0.140624255977915,0.432127848632121,0.0491917549014003,0.0382836035372277,0.221053670132954,0.522135250345262,68.8197065624229,58.7682442745018,50.9583370782674,45.9853136696411,35.3073257494933,26.1939823927905,16.0416603454985,10.4097933207606,5.88421963308477,0.421714465264374,0.323530893099575,0.295856084135427,0.272235683812469,0.291710359287398,0.384191508950427
555,591,0.27961334638639,0.994407266053633,0.0981838842765419,2,0.0380787520563808,0.0113186236949347,0.0131550220151283,0.0183880649865398,0.0185637258734276,0.0237106005395677,0.028497198921963,0.0436967970452161,0.10655203188482,0.186251691637634,0.000322523432547626,0.000167611589873887,1.58782625288647e-05,0.000114369668457276,2.11826614406285e-05,0.000183326309188567,0.000330972036018407,0.000788915891404091,0.0042319674033565,0.05342346320735,0.169299243321971,0.370559724303036,0.0198329187901313,0.021241303890983,0.105853316268891,0.544137508704976,70.4537933185408,58.6504778408314,51.314266318222,42.0415344057186,34.8641579691803,25.3948637113329,18.6053552420116,10.2841770906159,5.80685888994582,0.390796957017195,0.332375755971009,0.298874344689084,0.283923094715466,0.283473636371189,0.394227546292313
556,273,0.308638726582913,0.986448009709356,0.106018999136854,2,0.0448446924428803,0.023394256870364,0.0156504514610656,0.0183116524677351,0.0196762744836556,0.0226555781738608,0.0258433550560871,0.0445488735047971,0.10705938263598,0.188923573003311,0.000213901870601742,3.63271352412278e-05,4.18495746287655e-05,0.00010857230654562,2.32843712454353e-05,0.000210463604552767,0.000306193409984464,0.000890257755239296,0.00261886313762957,0.0602005161919613,0.126050521294133,0.371535120967227,0.00782096861649726,0.0305605462836657,0.0968401083422264,0.560601869392785,68.5168216889418,63.1104151541467,48.5727032178959,48.8220875777583,33.5223091737313,25.2470016954744,16.1521086027615,10.4154921883304,5.9352323848418,0.418080277455295,0.329866241067047,0.298313530525492,0.28220086829205,0.265980169824166,0.363818010677094
557,106,0.302253333400909,0.984247193029503,0.0990166615909779,2,0.0314221282154139,0.0169089891246575,0.0129894308326663,0.0175427698141108,0.0194087930325876,0.0221638525605492,0.0280089873053216,0.0434233793474703,0.10756964218438,0.188403009734781,0.00041943932192857,0.000179512611703172,1.08524524927968e-05,0.000119874062328965,8.48957488274046e-05,0.00017780797503883,0.000384453721968924,0.000948035324556661,0.00294067975835789,0.0308430388032607,0.16431050690581,0.491723652136278,0.0300333243382556,0.0282226843958895,0.0624146833353942,0.503571083945193,66.217651811655,62.4443045527342,51.0896791680168,39.8329157557067,34.9718724235749,24.3199725346761,16.1697148573848,10.7807972067684,6.27770719200828,0.434920205469468,0.344772422473876,0.2935236123575,0.274586319608569,0.288948354602697,0.361482981001927
558,249,0.395234669453007,0.987782553729395,0.0966538933088926,3,0.0448883591845699,0.0255470010536109,0.0126930918790067,0.0182049569719851,0.0192000803149033,0.0233113783453288,0.0272235119897334,0.0455137072617092,0.10725614971857,0.186794890022814,0.000340139888022714,0.000113912957112021,1.28240894493931e-05,0.000111517764227338,3.63900333707767e-05,0.000231112554180664,0.000506719308403435,0.000739721708851066,0.00430597405633232,0.0450738426006724,0.13833999405789,0.326232034376319,0.0506188333858972,0.0226956042678993,0.075696062629751,0.48377794092014,70.9003128904319,61.733348149372,52.5753674273883,41.2005139244126,35.0205724158841,25.6858431966001,19.2390341433984,10.7706060538447,6.1898925486746,0.395619008923426,0.356495707871624,0.294255638231566,0.279874092550741,0.283107522206622,0.366450769575558
559,138,0.239821077708058,0.990340381189452,0.104178455237731,3,0.04007524332654,0.0216399850983061,0.0174662559181648,0.0175461801535746,0.0182409624784908,0.0225003553767091,0.0264845970402507,0.0445168138584122,0.108721035281581,0.184380078096888,0.000504851577768232,9.34521670007515e-05,4.86011044030648e-06,0.000146634105740904,4.26320467749404e-05,0.000203868559542338,0.000309270750132037,0.000902710962922044,0.00327909656682605,0.0629646061637785,0.173061522839283,0.219011599185823,0.00674190021886847,0.0215263554257993,0.131294247803132,0.582669768129294,70.3556724801656,51.3673756059053,55.7465321739855,45.9756733994131,33.9783083087563,24.4037041422451,17.8291394860418,11.8468953538266,6.21725713356648,0.413575816891607,0.358207613864285,0.294011812382733,0.279319611820364,0.289658741998844,0.391175977906775
560,528,0.330901650646976,0.986433900375916,0.0922432070514237,2,0.0363815274305455,0.0196541066977238,0.0144941024479979,0.0179934380585099,0.0185469680336492,0.022530049951127,0.0267024945122218,0.0452145513920084,0.110039798467986,0.189535695757739,0.000331768014269687,6.95573199278654e-05,3.10814712891791e-05,6.07745938618287e-05,2.23296605292405e-05,0.000139830598103032,0.00031311130671802,0.000993565140775068,0.00372867440671266,0.0439981667932787,0.123484733442886,0.417763420487498,0.054484640864105,0.0160648094272028,0.0497507265438342,0.48701859881835,72.5923546715056,68.8730077234338,56.260874023223,43.1722414594141,34.5560559561492,24.6054259321785,18.7088061033702,10.4703175754597,6.17830938077615,0.430354427071296,0.343856372151871,0.295420537648859,0.275754795302782,0.309672056952076,0.373962283934086
561,864,0.253810138443382,0.990229320804892,0.101672598306922,3,0.0350665789513727,0.0182463459712618,0.0134771172355695,0.0183558423002054,0.0190433145178845,0.0241943614101645,0.0273362984979569,0.0441033361336382,0.105385967544528,0.189380732831828,0.000215523973949493,0.000164635539990368,6.92148656621724e-05,6.57602515455648e-05,6.87080523181688e-05,0.000271262720614365,0.000470662987234913,0.00115114462501778,0.0033211550914201,0.0510438825768124,0.171169593329948,0.528723222648594,0.00808969748325177,0.0398765850186584,0.0698255943999013,0.512085272229325,68.0106084335199,60.7789461504332,51.9448483940289,41.3985838227991,38.5645028847356,27.1847940818466,18.2658553575577,11.0196208567383,6.12086321853023,0.403989325369317,0.336756211560223,0.297986658127232,0.281233947389571,0.270720411305544,0.382437275094094
562,573,0.317352652615386,0.992161485685056,0.0993268014441736,2,0.0346418930835296,0.019451795305695,0.0174778950773238,0.018284889790219,0.0185199916657028,0.0247821565288251,0.0269999700676657,0.0456875666238714,0.106907517495933,0.185876017487939,0.000310632282582971,0.000102811249923685,7.458019115394e-05,0.000145261919129313,7.05498032739284e-05,0.000236861286563878,0.000339347626940787,0.00100781683659804,0.00414441178573272,0.0611519284603008,0.140303850187408,0.446479563480397,0.0135842985623052,0.0113384296629518,0.27004955075424,0.614831444511614,64.3729922339207,64.8668395297217,56.6837188424196,42.9968687425027,33.7630263679765,26.5092492241906,17.3987704125213,10.4509278862579,6.26050310944504,0.403709318008899,0.346373430686732,0.296824224815044,0.278794505963496,0.294574953376214,0.378173061208902
563,789,0.231777227515065,0.96772178852823,0.095954186853061,2,0.0334194687047884,0.014701165149824,0.0148811157940388,0.0167842372157549,0.0182330416324861,0.024021187556075,0.0251739985416467,0.0463322059340173,0.10776230342301,0.186555466038767,0.000272725216976452,4.45463033659793e-05,4.92958770238927e-05,5.63093947627358e-05,6.48702803842592e-05,0.000227493616068759,0.00036762855665527,0.000994614304344678,0.00340702688582563,0.0433368981176988,0.108988377202364,0.380260935246333,0.0111184683624053,0.0207395384037619,0.164658344208864,0.549737798716035,68.8680280899625,65.9191861606916,53.4568332969236,40.9178378041702,32.5891558436468,24.7201427990602,16.679533029973,10.4854356560746,6.77425674148729,0.401061539585948,0.352611605944598,0.295155280292258,0.271526164335247,0.304637114545715,0.406024777702027
564,579,0.29415530706169,0.978937810346385,0.0964853213739952,1,0.0410418233400641,0.0167063483073115,0.0156326654289478,0.0182880874885222,0.0199448457179863,0.0231495734526963,0.0260132868466607,0.045091959405856,0.10727017281254,0.18607721810532,0.000508481104689669,0.000156430501607395,3.76377856536222e-05,0.000148488802627391,1.90772360924473e-05,0.000131114814347011,0.000370793679327873,0.000709942316699443,0.00460331524995778,0.0560548732534044,0.196934855744221,0.173006221290891,0.0362958956391604,0.0178733490749588,0.145571993268286,0.535854056864215,68.605669636851,61.8777666057043,55.0362453030509,50.2589502995567,36.9292452838135,26.0941668726819,18.2300504008059,10.9589865175191,6.23474157170462,0.415737344979552,0.356268777772023,0.293581555147737,0.268196723963884,0.285090334709847,0.380007501319941
565,247,0.365212244074197,0.99330227044801,0.101179620637467,3,0.0410934555481134,0.0178228633215805,0.0159646396814491,0.0174154595828026,0.0210525742045492,0.023941335813413,0.026845369795305,0.0469810829985804,0.107131377827214,0.186498113834022,0.000325466680336543,0.00012982728173483,1.86283854360595e-05,0.000109249685393934,4.18727871201217e-05,0.000147547632110757,0.000366490981216737,0.000811645336896384,0.0043858284568822,0.0561750853706735,0.117294425174239,0.0768542096636994,0.0149796098061438,0.0165153711689629,0.0986086216054089,0.569500602972792,66.375931318544,62.6857432311347,54.7647217258671,43.1825485181427,33.224024861802,25.9465806224567,19.6493900153515,10.4408103640942,5.69874527621873,0.406073056752951,0.33081445345157,0.291819354685356,0.275317637946772,0.276954412290866,0.384168125923301
566,39,0.352732603592505,0.989388650112522,0.0892317495199236,3,0.0388444295800698,0.0151043306326366,0.0142395796865561,0.0188328278597027,0.0186854813739594,0.0214721554034459,0.0261335561193732,0.0450862296845032,0.105131978135935,0.188635417445962,0.000344974917498391,9.42268750835879e-05,5.74020913106385e-05,8.18763798567044e-05,3.43507229675626e-05,0.000159177301738814,0.00029436638227841,0.00136584740079167,0.00371965997841955,0.0456882141079996,0.159727463330428,0.477575062123721,0.0242546376795386,0.0296620804873333,0.160026516719866,0.533734866326926,73.7719067699034,58.7562977925709,52.3699855018947,43.3489083263112,30.7562860974329,24.7468346453536,18.9998095940548,9.68876151947231,6.05595170999796,0.437978111781814,0.319907032980775,0.294550187960045,0.27702119606708,0.290313315961029,0.36174591678953
567,167,0.280730955483159,0.988500483540612,0.0985668610435693,2,0.0319249683992606,0.0189001266539818,0.0144550623844577,0.0183968128159616,0.0182469881085951,0.0222373160489826,0.0266627283170754,0.0442175145345247,0.107123714951919,0.189934678149646,0.000274124631435545,0.000111401220806802,7.21781663437456e-05,0.000132016748344426,4.10792172553537e-05,0.000259693108709439,0.000332957389779223,0.000987532833815721,0.00484330834024033,0.0409032993314851,0.140360777531167,0.237087835871683,0.0067907266214599,0.0246075151440346,0.181090777539897,0.556253680459453,66.8624872304449,66.0378493639653,52.4503083626642,43.1263622719478,35.4804129110896,23.982434330292,17.0074017816394,10.7597081250637,6.21416077875518,0.430993294730679,0.350316511787701,0.291226334768437,0.282634768036688,0.294951344531188,0.375940214718988
568,447,0.229684364215767,0.983019442194528,0.105215701528162,3,0.038329869300758,0.0154388825553506,0.016298972121041,0.0175064623729958,0.0209903913950533,0.0248949552588685,0.0275808143142652,0.0449808640503305,0.108303742331957,0.184429666049221,0.000253739471351091,0.00011288770578089,3.13510696229024e-05,0.000119313090785432,1.79733189727201e-05,0.000132348532453846,0.00032658803376699,0.00141599504223338,0.00373793158658511,0.0540696721475814,0.0939191062165813,0.27223574430595,0.0115709425535714,0.038238740156228,0.168174566919213,0.535728113268621,73.3559515885405,64.8018108480978,54.8471668754547,40.2876233942354,32.5798951482526,24.52348077435,19.8954752965727,11.3662904415512,6.22444653037136,0.411897936960541,0.353456639388351,0.291511543879258,0.276365976012368,0.282185766060597,0.381610566871862
569,430,0.26351150797203,0.977956025193493,0.100754247536952,1,0.0489092057553548,0.0229199985083394,0.0167379581641629,0.0178337390580968,0.0190589300099279,0.0228911347668591,0.0267729179210674,0.0442864400281524,0.103455108597954,0.188519092367331,0.000339199652516627,0.000138171662315048,4.2175291792961e-05,0.000124645347495812,4.77167398594985e-05,0.000183972485666195,0.000258863216108474,0.000866278858186157,0.0043487798346897,0.0386909232567903,0.125291617416065,0.472050561542524,0.0393598322474577,0.0159081591945011,0.287389936146257,0.57327419871941,72.6954466664326,62.4055239711287,51.4596010132883,44.7393276441197,33.4833469454052,25.3794228160827,18.6609718367893,10.3992463257644,6.5046214105216,0.427187850305194,0.341548830395452,0.293647601889849,0.275002910858718,0.282049498346729,0.373941342204662
570,337,0.296218338979883,0.960264557476003,0.102995050151094,1,0.0454601641016906,0.0180898246485492,0.0156089783558455,0.0173390393808351,0.0194571989532398,0.0243514197778795,0.0274648750512345,0.0442814053017984,0.109400896781254,0.189507253411695,0.000284353636821947,7.20470708269413e-05,4.05744429800147e-05,0.000161335767809227,2.70965572874671e-05,0.000124260685446005,0.000306533210248089,0.000892601922357284,0.00277976199213608,0.0472641715608186,0.142792625937887,0.201008764926226,0.00596076874221264,0.0121915848022706,0.0825490587252601,0.443174283307157,75.0747512705445,65.9360101861248,57.6235922176233,43.9169239798982,33.516163482777,26.3120431532707,18.7424295345609,10.770348780267,6.3575924590167,0.398744170575649,0.3442565834469,0.295102923181951,0.270129096438946,0.291544733119559,0.349239460385312
571,460,0.359835592274218,0.986362062641854,0.0988243358228735,2,0.0465599117244702,0.0206043180723269,0.0163388849381899,0.0193846459291357,0.0191231782200276,0.0230190390675249,0.0275675600611224,0.0447778001551335,0.106497018553113,0.19181435638908,0.000318658294770222,0.000137296115968299,2.07745907726213e-05,0.000110746753801886,3.83148811766566e-05,0.000221827415943893,0.000464336804831062,0.001027262112961,0.00381719605403966,0.0562084798362327,0.172326550637444,0.327022435800313,0.00991963163770386,0.0241170430078924,0.0529441276470969,0.563911807226148,67.2920662585011,63.5610911333045,52.5445656562089,39.5470079844339,36.6524804651962,25.300282054226,17.6325784825207,10.9130386827258,5.84768488901829,0.450470719613429,0.335911137087849,0.294328469915595,0.285268711825895,0.292588093004635,0.365524618643823
572,590,0.332068920953588,0.988847140016316,0.101366311753176,1,0.0391619037651654,0.0186412915135032,0.0152929996268685,0.0166696645033944,0.0184068373025909,0.0234483939098482,0.0259280279034231,0.0445255530792858,0.106240307055592,0.187255456034322,0.000363677558999081,0.000124261077552758,4.09690095024296e-05,5.04971210891943e-05,1.47537119816701e-05,0.000245076146655715,0.000449955514894319,0.000737878547236464,0.00405794323178208,0.0351190658750982,0.145650087985234,0.242616946696187,0.0282173817102502,0.0175848005047463,0.104191781438449,0.539882076648877,67.462558565228,58.0481728928846,51.8925284285604,44.1930363285172,29.4755307059082,25.7472098822963,17.9504446344304,11.0968456889639,6.0050323104455,0.430796779633207,0.352707813078813,0.291850363198209,0.272576039288741,0.270689419612981,0.374990269792829
573,225,0.255954337852067,0.980170478885006,0.100691870621352,3,0.0471521197049787,0.0174061095633957,0.0141098673907138,0.0176768018348198,0.0183317354039994,0.0218986306818534,0.0267887953510413,0.0461843897957481,0.107831730731533,0.189489509766784,0.000415414490427728,9.99499615077999e-05,6.09019198575226e-05,8.57992861244558e-05,8.9794531314551e-05,0.000313705700295674,0.000484478101271926,0.000778573101495657,0.00447765550247152,0.0512937596814423,0.103271734294187,0.249116729229475,0.0103110116105346,0.0267042924946604,0.161783646804693,0.544571994395887,72.1041381309113,61.2562539359225,51.1823245958086,44.557678120206,35.4484450551887,25.4788478003112,17.9688618347973,10.1646543720604,6.23559766183697,0.421893490578112,0.32944895864391,0.293626269764928,0.274926700042617,0.283763754980998,0.360980673164621
574,14,0.307479432652989,0.989914895887956,0.105124493493191,2,0.0545885762515784,0.0171041413283801,0.0163268462385013,0.0194389947292564,0.0191110921215829,0.0222696554429022,0.026749670678395,0.0459303913348892,0.10767907586135,0.193568235436974,0.000256946246908286,0.000120121425572456,5.69875643430404e-05,6.09772044806086e-05,5.57079406295064e-05,0.000140686247259715,0.000249285397852573,0.00104565466144901,0.00432329614637613,0.051272220454929,0.137823314205374,0.450400367835058,0.0206165228625767,0.0171381955485707,0.142389532764718,0.517556365258185,72.4447159852796,64.6206430667618,52.5495692245027,42.4003134939624,34.3607333120529,25.3319685913866,16.936180278736,10.89505820558,6.97071165874872,0.415101580520581,0.324524323267043,0.293750772870056,0.287164517641495,0.278916435567826,0.376096843263182
575,367,0.347232341150622,0.983709016158217,0.0997156017483427,2,0.0434933397838482,0.0146879780312451,0.0164536155648723,0.0164436286332261,0.0187147798344475,0.0225766355198962,0.0279441570373645,0.0455960263032625,0.10735548980976,0.18782416019342,0.000322026094319636,7.78871479829972e-05,6.93909790460731e-05,7.84554722772001e-05,0.000117803874853269,0.000143396690245575,0.000377231687744482,0.00101750608911981,0.00449155032793973,0.0504519316235679,0.14612991798852,0.625767663893217,0.00791419154337791,0.0331810670961539,0.157943057192067,0.577405647912535,69.3067778209084,63.3478322154706,53.2898429207991,43.3581427908913,32.7192169827383,26.5600149520316,16.6221308988225,10.3780120651385,6.21978907648002,0.400162648520738,0.356006804229623,0.294715940387434,0.269575123965293,0.28934354765068,0.36604967202161
576,463,0.231289351379875,0.984529772995269,0.0949250966975253,1,0.034531087098504,0.0158407744051413,0.0152289012528675,0.0181862550950445,0.01934778254558,0.024143059652187,0.0269913918224932,0.0467238057591718,0.108548923684258,0.194906242585062,0.000293838041759583,0.000121128935096674,7.97515794728401e-05,0.000126339195802891,1.95569129079534e-05,0.00012465252532509,0.000356027899340709,0.00090253339832116,0.00395032529362651,0.0540335305579225,0.141979703489183,0.44487750916999,0.046877440534588,0.0239094914474301,0.0422576412095473,0.561969179513686,73.2861997424258,63.7147044708797,50.0368978518544,42.4184281789314,35.5107581236464,24.978813260188,17.7066659645159,10.7093913183114,6.42405737305237,0.412530128820274,0.372711324145288,0.291471460596895,0.271724998629269,0.271462587605477,0.384831706238607
577,81,0.348865351099683,0.976027023750556,0.0949498515518847,3,0.0263411844608459,0.0179773143410538,0.0164675956846125,0.0177104669962049,0.0194840435128437,0.0223888697737205,0.0258346389678898,0.0464373229181136,0.108550422071492,0.186116180602892,0.000392367224782392,7.96606890492456e-05,2.72751456710969e-05,7.88460940792854e-05,2.10401260166004e-05,0.000252880815956102,0.000403056410882128,0.00102895070219239,0.00326952559889113,0.0510596578090419,0.10519038068201,0.310228320543014,0.0168027190878603,0.0223804463988445,0.0727266625506077,0.606973997675682,75.7017098920401,61.0017502869574,55.9324158879356,40.7085614795624,34.4316744131456,22.5629002772256,17.9366261587865,10.9297352695251,6.02554804503086,0.405464386439005,0.335377330252453,0.295896816518617,0.279036548347652,0.272996815870618,0.36874091196864
578,918,0.2658257682461,0.984952463283948,0.0987916376333171,3,0.0422079168124674,0.0176750630887969,0.0146743236506491,0.0179861974047256,0.0199545368876318,0.0242131510834022,0.0274173364116647,0.0455302831536275,0.107266613285832,0.185073709611037,0.000268881944711992,4.99656910640819e-05,1.93502520241e-05,7.8754495561984e-05,4.80513310798051e-05,0.00028415720489262,0.000315300836046735,0.000918270979455937,0.00318445005440863,0.0392302755285044,0.123563302059653,0.175200838110154,0.0145231357394617,0.0176830370428467,0.152959242082923,0.527134287255531,68.6347371000786,61.1921933410929,52.6776161726249,42.3066146990073,35.4108642802825,25.0915251119134,18.0648409953824,10.5622033155716,5.54642869717883,0.45661187801909,0.353123565395617,0.295738841974102,0.271903144741886,0.285492753031755,0.373138996854423
579,229,0.351758367233494,0.989233855616594,0.0994240162450082,2,0.0351000118168367,0.0140850072733783,0.0144112263323445,0.0178523901867679,0.0203028506162423,0.0221399683744478,0.0279165206218893,0.0457062451578052,0.106156244501995,0.185787638229616,0.000356887852924887,9.6091466213538e-05,3.54892896045078e-05,7.5901369879993e-05,8.37973552971073e-05,0.000280800247608423,0.000400613682392338,0.000932937225566527,0.00337472133684092,0.0690577262466682,0.146865655656348,0.249648050270387,0.02968080424866,0.0196728396620326,0.0732602670137886,0.493453298931068,75.4012174121041,63.8599919334933,46.1138040886796,47.9139042865969,35.0044624903326,25.0986462804443,19.0827569707335,10.1097590027168,6.29693571239593,0.444980536833763,0.331630678704431,0.295643103720375,0.280300897981989,0.278086524080648,0.372678101343388
580,943,0.283775242320853,0.990304700519274,0.101464777395367,3,0.0439455341379515,0.0194053338990172,0.0162025602960745,0.0167080270763146,0.0191938465146085,0.0223536407884778,0.0260435920087676,0.0454366679518579,0.110026036075319,0.185677516026861,0.000281538755339137,8.02392022822929e-05,6.46844416751315e-05,0.000116681523366398,3.91859051058762e-05,0.000170870961827846,0.000262649653853687,0.00119493937939547,0.00391421946595438,0.050857899369469,0.122559623778688,0.416252928134723,0.0135484958746292,0.0312376558067146,0.0697614334786884,0.543602414502193,66.4499450529185,66.4392582876954,46.5462708244775,38.8166586842077,33.7293499646301,27.5029732300651,18.9051511638205,10.3371080878015,6.27248337287126,0.411647844224685,0.350762647376857,0.288620287233256,0.282324155056164,0.288869773500186,0.38675810626561
581,587,0.356768654943743,0.982299347990244,0.108766363022264,2,0.0423303973899047,0.0168039264057407,0.0141345729221825,0.0167494624160332,0.0198485779469556,0.0245681508904613,0.0282004944343712,0.0453596076705167,0.106362086912747,0.189179515536046,0.000245671608555093,0.000130780619063989,7.10758339810572e-05,5.97766455826655e-05,6.39111323423917e-05,0.000209773869977266,0.000383419116671149,0.000695970886262814,0.00507566551698107,0.0407555002064537,0.147019231884387,0.166187329242171,0.00410769936299646,0.0133346100697062,0.133290609452546,0.563004367818926,68.3082422600808,62.2367507618373,54.3390394554232,40.9255562702213,34.2060734096589,25.923602927416,16.9554859588855,11.7878552026418,6.18403331380889,0.412924384386818,0.337330828791367,0.294524553762252,0.276523572940261,0.292007832678697,0.354482318800133
582,392,0.294575660889984,0.983809237484112,0.0966830559852251,3,0.0383164741383917,0.0173418450826626,0.0155016792932221,0.0182670755335264,0.0190599982932189,0.0243567013241616,0.0272260223912525,0.0457638054298422,0.106099543840629,0.186618020061492,0.000307317894191794,0.000205011171562049,9.34729816614807e-06,7.2553178825973e-05,3.12248654853227e-05,0.000177483068470994,0.000468207266596144,0.000824219287301597,0.00302928413680042,0.0636316183923239,0.138183106980112,0.448958481558983,0.0126328433684349,0.0324520353982215,0.134713783660547,0.495068575903542,65.2989715305049,62.0532253004847,48.0031152923717,39.8295177579404,36.4227937202448,25.4099806416304,18.2103427035553,10.9543264285807,5.96947234477573,0.414982923895957,0.340683005613328,0.295931895666983,0.275441836675719,0.273244931692411,0.37427778129354
583,116,0.315633361902155,0.985591340346776,0.0949813121042964,3,0.0347611699516489,0.0150041862015864,0.0174249118796586,0.0175933805158598,0.0180577927213087,0.0237307863946655,0.0259954891864203,0.0457368781046927,0.104050297614355,0.191199722063838,0.000378866875578537,0.000195718990308978,2.94569588722256e-06,0.000113933065968489,4.47979696686678e-05,0.000125364894247677,0.000242186919111515,0.00108667366286366,0.00427024305073615,0.0531553513916183,0.151274305753505,0.457650946056922,0.00911465891683621,0.0312508360697386,0.165366176056818,0.541318165226094,71.0521314543258,63.4149792090328,57.2309575164467,39.6865854183731,32.8527193618783,24.8745788828369,17.3540675455368,11.7385468002649,6.2959991493718,0.421121903176679,0.361424965197621,0.293706070059451,0.27394651881323,0.270188520302918,0.370431485000291
584,584,0.246644660230011,0.973547464806861,0.10162383147568,2,0.0417750438281198,0.0192120115041798,0.0168137525170458,0.0190161444093988,0.0182513632072338,0.0235851905150257,0.0266845986454331,0.0461984361324388,0.107257742314699,0.184502032266902,0.00035413092656894,0.000139337343701728,2.09360647308392e-05,0.000106268060972746,3.82035180583643e-05,0.000187637673305435,0.00029572660501127,0.00106306966335859,0.00458362125080276,0.0416063108523968,0.160111341992303,0.272804066292832,0.0231195684922309,0.025931464281734,0.113100071001778,0.529971388479133,72.0677544847174,66.2574841354941,47.9633340061108,41.6672331440999,30.9412796829247,24.3260717963244,18.4140334194188,10.7320985598546,6.03827929523203,0.436065111939212,0.351725293525408,0.293987752287441,0.276142035718218,0.275604315242109,0.38319519633314
585,187,0.231571302380127,0.979299892838571,0.097521713311816,3,0.0436988634798205,0.0177301428094163,0.0167564874600762,0.0168168086095853,0.0188456661296262,0.0249573783989416,0.0277183823359356,0.0441418578354315,0.108165235839072,0.192411827094788,0.000181760780586161,6.60175135614842e-05,4.29755516353454e-05,9.3547305449924e-05,7.2851339785102e-05,0.000229997595588394,0.000341621137697302,0.000913409097340602,0.00403329949351428,0.073700186785578,0.147086106539386,0.447831658819525,0.0283940882587951,0.0365020891543274,0.108941776056302,0.530819092457784,73.6175437333445,58.8375858695942,51.7298455008093,44.4229995819646,32.1303085188804,25.917931612823,18.2682150120544,11.7254321487977,5.6092832569673,0.457485253204261,0.347811455337974,0.29329987825766,0.284515794311164,0.27242886709459,0.371990478590657
586,253,0.276652065142915,0.982500191158497,0.100478851987024,2,0.0342516777011854,0.0129574754179661,0.0178374539349073,0.0169889070484279,0.0195829142173246,0.023924251381519,0.0270084975448532,0.0456269125635874,0.106380504473758,0.186263284586776,0.000298285873411719,0.000108274450112193,2.7754069750366e-05,0.000116000810667891,3.01520931006725e-05,0.000282554853061956,0.000376646929950215,0.000827316668676212,0.00466122860287064,0.0399064151444278,0.0801097109540346,0.376638094458744,0.0107045653131126,0.0337892016474919,0.0679120928590773,0.551750473936448,66.6649525779134,64.8885736694004,52.0187483249034,42.7404812890667,33.8353740489942,25.5699204287449,18.4846288438748,11.5512016028181,6.19465520746337,0.426261561821375,0.351225943405843,0.29621287154982,0.279364016316962,0.264892465541764,0.380253895190156
587,80,0.298190312055279,0.987101956744572,0.106802217073343,3,0.0436824320170159,0.0162995445044771,0.0176317482589406,0.0189940673277966,0.0192242344106301,0.0234922616470946,0.0255803086152559,0.046240207077835,0.105545041092157,0.190116401230186,0.000306965857557594,5.49534485052659e-05,1.76409447748917e-05,0.000110926624776235,3.91214642512234e-05,0.000288025162414611,0.000347863472305893,0.000924956761477888,0.00336517306567477,0.0448356621684688,0.11350255177975,0.111308156237572,0.0595724403845683,0.0559182718694916,0.0826801461906514,0.51782667568971,67.6038870632392,58.4570787950267,51.6666805768299,43.864604155854,34.5617492959913,24.1355488684251,17.0833799689997,10.4187089400579,5.79378119979648,0.406540332051314,0.34947036440307,0.293598601495012,0.278437476043661,0.30331664189924,0.38401866263111
588,217,0.228014323874272,0.99575414228294,0.101342080887775,3,0.0430717110305116,0.0204528386730038,0.0150471795112418,0.0189451136159532,0.0193313521695828,0.0230703133948332,0.0268747663878026,0.0454769399619082,0.107053980475972,0.1880723756561,0.000208652080028039,0.000144409006142582,1.79574725552909e-06,6.19989013368905e-05,3.72332226472997e-05,0.000338051735074864,0.000378871591629683,0.00113027436611691,0.00389617381251828,0.0601074440165714,0.0903123733500674,0.278247630536017,0.0280974497732463,0.0284717608719261,0.193457361883187,0.448758386213375,72.3576102972394,61.5077350996771,50.450899289637,41.8469356760618,33.4286781469005,26.0549441046596,16.8061534115423,10.6259356777686,5.79097913907376,0.411070928301781,0.359541307741441,0.297036568769118,0.280005522828148,0.281537073321665,0.370068490716001
589,213,0.326060169478181,0.991965253807329,0.0978593327447483,3,0.0320394718972269,0.0155796430378539,0.0136175493093017,0.0152262007351712,0.0183407022141054,0.0226043098846382,0.0264520194041169,0.0476585791113963,0.109757736972276,0.183192417122865,8.35330136914038e-05,0.000203640259581065,3.25861916140506e-05,4.32474676237752e-05,3.78610873377531e-05,0.000250100802016178,0.000299523685769839,0.0011272568064103,0.00399378989213671,0.0504717822947641,0.141555316719787,0.233843349503319,0.0415462126710946,0.0282010641401387,0.0892548573042532,0.57971523163966,73.5684382335065,59.402018586906,52.1237999702828,41.782686940098,32.8373882818775,26.7833429513878,17.4725045437184,10.6407150589268,5.85029749048033,0.416458167514536,0.334050415513935,0.294168062306717,0.28310012199225,0.287995250425867,0.380105526780417
590,362,0.329875414177759,0.977511034440521,0.105528646946716,1,0.0499760339396258,0.0174199026678656,0.0154800705270358,0.0166396682689201,0.0197991277025874,0.0236025178061369,0.0273212614718381,0.0431667150739261,0.107842574876187,0.187526707411287,0.000189803586713465,0.000142863613644229,1.00817185491547e-05,0.000103725147411434,1.71588890641383e-05,0.000264589445157106,0.00052526946814956,0.00112958890355868,0.00396318281000622,0.0593175189993322,0.168057097547806,0.281851827643179,0.0110619122406103,0.023316204824287,0.189831726182802,0.476849747624344,68.7434903687314,61.0899072667686,51.9581525109657,45.9332263463684,33.8720453621967,26.8206650566921,16.7199769862786,10.4962490655692,6.13112573872537,0.389682054155738,0.327340208274742,0.296576285601357,0.295216173037267,0.287419168246926,0.391517872653032
591,965,0.206094004327907,0.984306995677218,0.0966357486484295,1,0.0376256552921813,0.0180216611732501,0.0175918424305889,0.0182167532568209,0.0187385079867497,0.0235949550775651,0.0277502892870539,0.04648948130551,0.103876303833948,0.187697508924624,0.000293060802658959,5.79360964023215e-05,4.42683492806567e-05,0.000130716151534021,2.76627392095981e-05,0.00018820006189509,0.000378396259408889,0.00105677420184439,0.00330055263755778,0.045475187598476,0.12062761898579,0.454264011538337,0.0190702838796426,0.0262064858141042,0.136426787727601,0.504912936464004,69.522079160998,66.1336269708639,51.5185646892718,42.3560665902238,30.815236625467,23.7970950524665,17.7160291141649,10.9986538334975,6.30765142358781,0.406623119724309,0.34726883259014,0.294832074109353,0.284226750014543,0.295351382041599,0.377605380909116
592,357,0.293854342108522,0.99103054808526,0.102295134148447,2,0.0415579648497882,0.0203639982195843,0.018747060580982,0.0176340009690834,0.0196885673879368,0.022858693838128,0.0282317345762383,0.0450528373801405,0.108730827516308,0.186302852612153,0.000271921083516947,8.48969306965651e-05,5.45495102899154e-05,0.000124144087014762,2.99303296647957e-05,0.000101249838556163,0.000490087396217396,0.000868721021999218,0.00393304998178618,0.0480470904898028,0.124961727094568,0.261085518089964,0.0152228683542305,0.0293758650908301,0.0913944441372383,0.483924252801229,71.5238473897383,63.9236860676763,52.1171643877943,38.4007808187047,34.1229106101169,24.7375869643368,18.1144047323051,10.343272917232,5.72944578672688,0.403087438082753,0.293808824388717,0.293155462997943,0.269914344507468,0.270363441322664,0.379632616853444
593,668,0.315243120155564,0.977097291787693,0.09066523521436,2,0.0421545080094159,0.0184140322707709,0.0153776263646213,0.0173711457608501,0.0187725913066954,0.0220332234337262,0.0266337374541377,0.0472950589914193,0.106219965583342,0.188572408339362,0.000347783764748547,0.000141323298271266,2.53945809594269e-05,0.000102322771966397,4.60383001419105e-05,0.000310957036003586,0.000364801062983527,0.00106087881686557,0.00526621887111371,0.0705827040436634,0.115333088115279,0.202596810395401,0.013806114078402,0.021605013929871,0.109508292106029,0.452763752891309,72.5807731082757,61.8455950137968,53.5111514310984,41.2866037368892,33.4366162240781,23.1692973434228,19.3304417257482,11.2967171672766,5.89949544087462,0.416602304682309,0.341734495038107,0.294742183259163,0.283325362558463,0.266370369095181,0.401057061535992
594,965,0.2660019993678,0.98692968181736,0.101493300926133,1,0.0454897368206987,0.0206658669504562,0.0132995011711047,0.0170867073867114,0.0181609934239117,0.0222214363664357,0.0263252751565024,0.0446231656059836,0.109395407562033,0.188060979771285,0.000332610041041216,8.94660924308761e-05,1.89571125242279e-05,4.17170576212467e-05,1.93541751313578e-05,0.000143893959470987,0.000369831387583836,0.000707723664358889,0.00442631986066516,0.0809204807910066,0.101835376428149,0.321455935412098,0.00918472852427136,0.0357270492090065,0.0690972182161221,0.526928217210041,74.1081779159462,63.4292154441414,51.2748584571923,41.4165167503741,33.4548379846637,24.903559635111,17.9465229918105,10.9893346497338,5.96177950038894,0.430464010394041,0.353396316154811,0.297219718495515,0.28454237179722,0.281319197196149,0.365351878833009
595,106,0.189467840275586,0.989985780457786,0.094659139609613,1,0.0383310639799924,0.0202063757425656,0.0144525978766607,0.0182917897069249,0.0186138551105131,0.0231910860196404,0.0259105245079796,0.0450412273952415,0.107619124409168,0.188017666589814,0.000380595413369507,0.000254451791149061,5.02640783312167e-05,0.000103009632084158,5.79501666088235e-05,0.000177222598291596,0.000314104673273035,0.00116198933223617,0.0044041767059998,0.0566723549656822,0.176315816298787,0.174323439410011,0.00648402476407027,0.0172535153045286,0.0801001588147934,0.58095861586604,72.748484183665,62.7201759070546,52.033740006086,43.4169653095642,34.8134206492011,27.5428577919519,17.2238744449741,10.8470482543634,6.20221625377954,0.399133862832816,0.323332383558268,0.293458866186993,0.278294869987608,0.283364738220793,0.382514569155932
596,509,0.268406006012112,0.994985827204178,0.0992189685733162,2,0.0542028587739352,0.0141881844444599,0.0149057089003509,0.0182414715093864,0.0189189165988604,0.0246469408517362,0.0269131514230754,0.0444516689006694,0.11018355743636,0.188984916400285,0.000193051460138462,0.000135070216937475,2.82505688288177e-05,0.000144066715204074,2.5314071846901e-05,0.000171179705686462,0.000256796583468668,0.00073013706485489,0.00391072137326653,0.0587634451952752,0.119414894137518,0.252022500663672,0.0136635182037038,0.00847190259784704,0.0809610335186794,0.552732796277933,71.5919751023908,59.6990725545304,56.7653228690618,44.2507133410933,34.2972684165267,23.107745700994,17.1589274821912,10.8167420685865,5.87125102746229,0.435176195759496,0.32488112728849,0.29593780694858,0.277372048574678,0.298738147937966,0.408395005202685
597,753,0.32691245679572,0.992283047340708,0.106615354176291,2,0.0343474799644836,0.0232742070300521,0.0159823864076603,0.0191183460983788,0.0185595885744144,0.0233810728878998,0.0268068209211375,0.0463015560070051,0.10933793010246,0.18525980156749,0.000202398266886767,7.16845848360991e-05,2.44910691118605e-05,6.09412187043714e-05,9.21859260161799e-05,0.000210959323804187,0.00056983973780415,0.000873067826458942,0.00353989068600357,0.0521563130753583,0.117176069229484,0.354882150743886,0.0112187181028539,0.0258033591747503,0.0675687935883672,0.534462308806018,69.3951184904587,64.0095365638423,55.7992510707735,45.5960909621779,32.1121633646702,24.8077250870902,15.9595009977937,10.2096895466062,6.6727784570593,0.399961939805348,0.337861559670589,0.295287155740872,0.279526399588103,0.286430697252457,0.391762701658505
598,949,0.366605598469948,0.974476988496423,0.100303088786824,2,0.0292810975569772,0.0144278960986804,0.0162801549519799,0.0172554464040368,0.0191776382163071,0.0234269295568226,0.0281066215339979,0.0448832643866388,0.106416349227165,0.187916707666605,0.000233602504929246,6.01009479853929e-05,2.71947168970257e-05,7.63277495705278e-05,3.46123581848905e-05,0.000176371746806385,0.000323716447418264,0.000857201267399986,0.00524133689528838,0.0305155797073839,0.148768854550277,0.378222153176514,0.0227456760419797,0.0125425322860508,0.194193071945725,0.574182745644377,75.6613211908829,54.1867648423596,45.4672916945489,40.2477763237971,34.8534498759625,26.1080254035441,18.2634198712483,9.69909520043295,6.07450474403308,0.417092341580192,0.332857365367568,0.292029213782872,0.280957598119763,0.292997472864807,0.387724521516804
599,868,0.351148017014635,0.982709061592126,0.101584020700028,2,0.0420482847000955,0.0178130215664899,0.0159908448200629,0.018219793021003,0.0198882837765461,0.0226100497345508,0.0259604734169203,0.044006565985459,0.107515972391352,0.186964467102446,0.000182233304897245,8.30932657585392e-05,3.09647081032248e-05,0.000132320484729611,0.000158237873091145,0.000211315866721818,0.00034198901175395,0.00129751597248439,0.00365991172876414,0.0496166239751304,0.100869979568714,0.296258207243089,0.0108797214505302,0.0238342597508414,0.113596284423497,0.436395200251691,73.5235162773059,58.9273229605694,55.9016459678361,42.748358448093,33.217674728113,26.296024246262,18.0148289863915,10.7797255505436,5.96323479276227,0.401290832672358,0.327437155811887,0.29631072427886,0.277343135317776,0.272779464617392,0.350916123171975
600,237,0.31002653713917,0.981807586484382,0.0969609133436116,1,0.0435749059613688,0.0143880404014523,0.0143139229388917,0.0169140339094373,0.018823352393496,0.0241528516138673,0.0268859540544648,0.0454829867030784,0.106800281004718,0.187230165993522,0.000269001958457492,6.63996960803361e-05,4.22060600451502e-05,0.000149790018492642,5.64492657635126e-05,0.000267065162334404,0.000265678979795856,0.00104150889474359,0.00464054389103734,0.0484334721624308,0.134300115708357,0.433462144663354,0.0226385429072426,0.022764819720885,0.07514917079375,0.57034989618412,67.901440481635,56.7556829663231,50.5127622543967,45.6631775737457,33.8598784932061,24.9434461024344,16.5980463325276,11.5912416945568,6.066988493577,0.419356402501638,0.334252172912117,0.294065401113508,0.279485613702087,0.286000621970437,0.373350827486528
601,258,0.261905251229925,0.99044827702358,0.0947994646216472,2,0.04680736115499,0.0199605766598421,0.0158712825277798,0.0175388803507073,0.0185611732509485,0.0239039798367583,0.0266916355229756,0.0465698172759444,0.107006845788852,0.186718913479319,0.000356351567128078,0.000125433981893295,3.27784306352881e-05,0.000118583712302389,8.25265494013497e-06,0.000219014777489081,0.00041384787286588,0.00096511419939109,0.00390481449803222,0.0335126845093978,0.106030630199829,0.28010820780239,0.00806695646546136,0.0202883874891002,0.0900526308610883,0.534831295435647,67.2693408628472,61.555235847814,51.138731810637,40.9357422025484,32.8997513627207,22.4801636617305,16.4428043972101,11.0884888734127,6.29446832550624,0.431229974342819,0.321401810455387,0.294279933377499,0.279718043971229,0.28143416434377,0.36702941474256
602,263,0.275195280136536,0.991518800030916,0.0902061265348513,2,0.0422638011204886,0.0214172736399328,0.0147584400218226,0.0166151691123729,0.0171168579167289,0.0223841687715213,0.0273046534489403,0.043086696042061,0.10838278518076,0.186192818680791,0.000341700749606921,7.28694125961226e-05,2.8707153140191e-05,0.000114940412031536,9.31798264225609e-05,0.000167963385778172,0.000409584825911656,0.00114461701090692,0.00516846867576716,0.0589363602021268,0.105426572791958,0.382281215873895,0.0438665007584871,0.016133368071792,0.128178786480616,0.532621997371024,67.395511484752,59.0222082533066,52.9206164780369,40.620160143704,31.7238530585144,26.9729664278949,17.7765310795033,11.0235493298818,5.73953090314063,0.419758362370352,0.36449881938443,0.293904748297243,0.27400633923027,0.307506977737332,0.379575105043123
603,374,0.25133005427608,0.981041064019672,0.0986213228273678,3,0.0351261256951823,0.016302985861121,0.014265978212544,0.0185110511696446,0.0190542919896528,0.0242558082853501,0.0266224616265541,0.0456635322440381,0.10617329355169,0.185384487516143,0.000266840797259142,9.21460003321292e-05,4.73716207489465e-05,0.000111699411279126,3.09227214736411e-05,0.000215244652530041,0.000498773014099989,0.000718965855249316,0.00444559419943839,0.0513734407152747,0.0780574759607703,0.428701236674789,0.0209137567489448,0.0341349143054046,0.0782540662292254,0.573925048771692,69.0569178998143,62.7952710194357,52.2550537784483,43.5819774368639,32.2470252896935,23.7766599840934,17.7943684196292,10.5853436156022,5.56433257004317,0.403923614625907,0.332760234891034,0.29615077378101,0.276569820259808,0.283788744536142,0.389353736545989
604,616,0.277998931262226,0.982184686214167,0.103564013414909,2,0.0451403989771251,0.0140885893715461,0.0155336805113079,0.0188978708003469,0.0188912864845111,0.024534194612437,0.0268152507564921,0.0467695955209031,0.106955022346678,0.188708847470142,0.000349168478847363,0.000116055366764309,5.42868652725966e-05,8.4481514014514e-05,1.92490842266207e-05,0.000134831167334486,0.000257266641325079,0.000943717923670566,0.00376747144374211,0.051867524834629,0.157964895745339,0.246926419086008,0.0154322173931078,0.0127241688816331,0.0973891715299219,0.503335751875302,73.53749537098,58.4168584523539,55.3363807984793,42.596550262603,34.5078484874061,25.4476391836801,18.1943267513176,10.3639176006431,6.11918739354635,0.412473432897591,0.328548472169249,0.293539283324868,0.282221097033238,0.286278158058592,0.382527500833406
605,800,0.267867404937322,0.987378760268715,0.100954860365384,2,0.0414588197663492,0.0143297075236211,0.0169194976440643,0.0172271074355345,0.019781826120773,0.0234160918793117,0.0273703146096829,0.0453401027409009,0.108813561151233,0.184650630991257,0.00036027524524463,6.153134648776e-05,5.22549478927661e-05,8.24458294707935e-05,1.99390014030233e-05,0.00019551605217454,0.000374874399877738,0.000777367366719223,0.00352237835933141,0.0449088007859526,0.121971574645254,0.244156106197241,0.0202401335303107,0.0433125704364038,0.073686755541168,0.558148756730763,71.6160843314237,60.1471130630162,55.8211465994231,44.3518631236962,31.8278684098041,26.0678862480289,19.5253884489246,10.8028733602818,6.42522381554259,0.410698462508918,0.351670274517081,0.293497058947714,0.276106523665389,0.300904257989392,0.387199150438675
606,728,0.266408378827821,0.986197515320553,0.101608016334603,2,0.0420601869466004,0.0197217765382247,0.0149167406077545,0.0180631668629099,0.0179722104624973,0.0230610521967893,0.0279812288458917,0.0461668953205199,0.110098082992845,0.187072047587612,0.000312380469856252,0.000153324867451338,6.26784990241508e-05,7.4492195403848e-05,3.44346426750284e-05,0.000170478469882432,0.000486996333058275,0.000723778087258398,0.00394916730960013,0.0505322839972457,0.162273602961541,0.284080641410697,0.0246977105690301,0.0215063658805057,0.113920481621887,0.550042867731434,75.4518929725819,63.5191475114862,53.3833695819571,41.9889354115307,35.9549285520338,25.0227629039633,17.0443611164063,11.2618757532906,6.39445103383426,0.432386018860504,0.329773437997762,0.29678161106116,0.27356016069627,0.286757005072935,0.393480207351862
607,137,0.296379773165855,0.981486216800523,0.0992473527116243,2,0.0480574479177628,0.0150220554068968,0.0167295776352966,0.0163301893227658,0.0176595488656448,0.0244157140156266,0.0270070477878684,0.0460488174649218,0.11099193735186,0.18687850244982,0.000224245234283146,9.67693407994809e-05,8.16797826524176e-05,0.000101436546937132,8.07953789684635e-05,0.000194290428007919,0.000405652567895793,0.00107854076157428,0.00422175767831064,0.0413621024511405,0.125674301817319,0.300445966504984,0.0192026295282883,0.0216865835593246,0.112145506393514,0.492594886284974,67.8799801548328,63.4569261926943,53.2011031408594,41.1314854544705,32.0322506047502,25.4658828288225,18.3669452361372,9.95814351250268,5.88582174285047,0.382934215173912,0.34087909394371,0.296535931237755,0.275156799103303,0.299627265681137,0.378181136485774
608,820,0.322831143927389,0.988311446436243,0.111323086466263,1,0.0410032905960384,0.0188052507318867,0.014926053241376,0.0179309214953869,0.0183472892480627,0.0250228021353893,0.0268707797001654,0.0460543609489069,0.108100936809533,0.184647134672331,0.000249104126259943,4.75682838598055e-05,4.99975815594636e-05,0.000170164998391684,4.95183313770486e-05,0.000180411338239034,0.000422727801892182,0.00101114881190353,0.00498514148116749,0.076420867500712,0.0922571486284357,0.265660623770336,0.0209772563426406,0.0164192600379995,0.132478836333344,0.699030113909871,71.8199543023039,60.382313000472,54.2476249551995,44.7090438603472,32.0061825014063,23.7683327145093,17.226120319824,11.1738579273742,6.01910252114623,0.408736775230542,0.342905160564205,0.292041160800804,0.275122040540322,0.262630389224173,0.364003830529182
609,705,0.314356958994325,0.985017760301381,0.0957643857066553,2,0.0461534727611917,0.0199025580258718,0.0169998355923046,0.0177325810782336,0.0208749990324024,0.0231956738332746,0.0267480869182312,0.0468105635768471,0.108438971049454,0.1902129963519,0.000254306910195326,0.000171035728738615,8.05789019051856e-05,5.50007481688947e-05,3.19156790524893e-05,0.000202135824508628,0.000368465533341481,0.00109190701725784,0.00378195838380282,0.0557772757858019,0.126695373845271,0.425403916663388,0.0181232053983571,0.0314004623416323,0.0930193578842925,0.447897028422172,72.158664784993,59.4912339814892,50.3751067000755,45.2062883311525,34.6592840843967,25.3758326996953,17.3144182043572,10.5491963640897,6.1471620585136,0.410834301508664,0.349121815123725,0.292377265514307,0.281054912469055,0.296606852541188,0.370185817190764
610,853,0.363251584022598,0.98983985443483,0.0954217688907535,3,0.0456100979416867,0.02349596558613,0.0145933582052297,0.0185855975326387,0.019855117563402,0.0225411396863061,0.026407067435239,0.0444851674730605,0.106587645051418,0.18447235635335,0.000365731115312364,9.51390054397219e-05,0.000100737263635825,0.000121243688279656,2.77895223541647e-05,0.000240453387220153,0.000263561306049647,0.000966395879292523,0.00391342552432148,0.0358651590078688,0.113283545572039,0.299608441857599,0.0140959774819522,0.0192321556152319,0.0665936329941868,0.504594877732864,70.0251944656299,63.9953250993926,56.4396618664691,44.1626107794032,33.9687821794942,23.999890663478,16.590316412875,11.6303813181907,6.169018025498,0.427695890068207,0.337595114299917,0.292138792109996,0.281851886590202,0.285345499727137,0.387647568873844
611,480,0.287368619239278,0.988290066047456,0.100650035594793,3,0.0495338657241703,0.0279011770080912,0.0182015433401638,0.0176984209243397,0.0198465650262161,0.0249066216308932,0.0258798331306425,0.0444388009047879,0.108222666393364,0.187415189403192,0.000261006989151368,0.000168753635246563,3.96106245739696e-05,0.000115213718741129,3.97812271689795e-05,0.000149143608925732,0.000408068377284476,0.000878084313786383,0.00383918233747268,0.0499523523730786,0.136700799805656,0.259669661029295,0.0133239215385915,0.0193001881250476,0.207183822327205,0.633139608042175,69.8891540656603,60.3630529858914,47.4315743705782,43.8207383852269,35.7482006814609,24.3164540304634,19.0418923127926,10.1968493264139,6.37031061455878,0.455012603963863,0.344190085266611,0.294058895308695,0.266894108223782,0.292601242033213,0.377185678335276
612,323,0.276317497649495,0.996254130048915,0.0924801810436059,2,0.0377303451639954,0.0194921971532996,0.0151098590782312,0.0173867040162912,0.0197883587661498,0.0227448479214467,0.0273447308115603,0.0458510574187789,0.107699352336599,0.187169681575662,0.000170913270615804,9.492702482509e-05,1.70997089997372e-05,5.79883115759624e-05,3.76752843348675e-05,0.000207004970183456,0.000491531976071104,0.000934983681930905,0.00436223829504826,0.0346533114572538,0.133152589926082,0.372103244278677,0.00799861599297794,0.0268074349675389,0.058024574343948,0.504408719333382,75.4782804573116,60.1929974825716,48.5943855187885,41.9117319563907,36.6005941802474,25.1372927415856,18.6636675707621,10.3175658291485,5.9285945281975,0.414301071318992,0.35054403735305,0.290175572059276,0.270643064003309,0.312570425625208,0.382817609838032
613,630,0.247578573109217,0.9797741384013,0.0998995167664935,1,0.0330054779587425,0.0119614014171783,0.0150617822584909,0.0171724191359921,0.0189296310831837,0.0239363453222353,0.0262003315926555,0.0444765477376335,0.109645244124233,0.185511183941358,0.000488719213144828,7.53526908253475e-05,2.84210689246666e-05,8.92848342411505e-05,3.20036195499479e-05,0.000186698240552801,0.000386524096938674,0.0010614564235173,0.00399102942960174,0.0405149921057382,0.147835013081633,0.205389013757748,0.0124979099211918,0.0280463342686239,0.10066676309855,0.544489580349313,68.5984039642005,58.9685455503471,50.9319692116461,43.7710688083341,35.400394754885,26.5634618389701,18.5156437663495,9.4617318097199,6.39608989970019,0.387780536561166,0.350609130944947,0.293790080580502,0.283219993578931,0.26239710501151,0.3778595157379
614,480,0.269344525902018,0.987082155012182,0.105550592914409,2,0.0433061897480114,0.0165087057845513,0.0132553562401731,0.0175550084248924,0.017697956539872,0.0225064957782529,0.0265198592947281,0.046524714942901,0.108778787227486,0.192273816812779,0.000227279729770546,8.4177562857769e-05,9.60874270541756e-05,0.000121084768769056,7.3187803730694e-05,0.00020021853788046,0.000315917803569117,0.000888453963604897,0.00430462304656161,0.0474507128841943,0.102729940328988,0.106306606550994,0.0181822179665469,0.0147142494915759,0.178300861009517,0.510568227373695,69.8697530329738,59.7705665911151,53.6075679546751,45.0427906236043,36.0689892283886,24.8414964494584,18.7107898981156,10.0512966346367,6.42667947169071,0.405621235455326,0.352832999778119,0.295448967386303,0.280088099518797,0.281079575494216,0.392990371922651
615,539,0.340132543364457,0.990184390939472,0.101503762628706,1,0.0386989090277778,0.0161823637826845,0.0150290827620384,0.0191374989228772,0.0180053727463463,0.0241252557877151,0.0259698732967264,0.043682473507256,0.105435794830788,0.183547532954001,0.000219605326522071,8.2101547144462e-05,8.99832210064865e-05,5.25500250163377e-05,1.02642307203795e-05,0.000196448160908587,0.000337730979532892,0.000775455983021878,0.00332890861303841,0.046603383226829,0.156146457089259,0.135856137301288,0.0258490466141397,0.0545983626204007,0.203657180067954,0.506356791132535,68.0907794342756,55.1411676658023,50.8944247677495,42.5190823952585,33.7340640094006,23.930753530353,17.5530040806382,10.8761682510309,6.32079725706114,0.413686807660479,0.339505691908749,0.293887329548568,0.277520727924609,0.284660322426134,0.370063375451318
616,986,0.31747494607554,0.995650079067508,0.0975026152707836,3,0.0378108521066742,0.0222219760231327,0.01734384591518,0.0186732033216812,0.0170999450235768,0.023377675192902,0.0289932852279975,0.0459985544292003,0.106753844335906,0.18991565772282,0.000246426734023793,9.81027526608585e-05,4.95577839706099e-05,0.000115387258015602,4.6706983498038e-05,0.000271351777544312,0.000436406191870959,0.000952623519861177,0.00612093022005439,0.0417463624119454,0.154332600703162,0.260211237010098,0.0106096212337523,0.0214469070658084,0.179986532082068,0.566089554897548,68.4480093390192,58.5228228273939,55.1047884902132,39.4209435360284,32.1802096929104,25.4275301598933,17.9085009696776,10.927968554386,5.6311434385978,0.397978542481214,0.345588586670419,0.294445605317933,0.270713604567139,0.281265002475269,0.377282086120677
617,622,0.313875289523292,0.973867128636474,0.0984334804433445,2,0.0426313910464149,0.0141701586414367,0.0151646359090872,0.0190335238546755,0.019035851197279,0.0223414251963498,0.0265113840372231,0.0458825019506357,0.110737578175631,0.189137114493868,0.000188297750401535,0.000110459725100115,4.77623780029171e-05,0.000168590723388166,8.68497470216596e-05,0.00024231301209642,0.000361316958526746,0.0012051393222254,0.00464172238493008,0.029853258841261,0.133441806743274,0.317867659688605,0.0222770717773418,0.0147307346922007,0.122087635912174,0.592061005235379,75.3510967239416,61.0629770989658,50.8785307448201,42.2302403066391,37.2596856893499,28.0107352250357,18.2508963409133,10.8831340232611,5.58191875863707,0.413967356465464,0.315599501211357,0.294901337365363,0.275519020985902,0.287505871760446,0.377736332769629
618,407,0.258410248601608,0.99173864890204,0.102064259597873,1,0.0442382601976733,0.0230003233886242,0.0142533301406893,0.017317063916066,0.0201190487587931,0.0225203004167209,0.0272616955700516,0.0441074256594376,0.108039087392634,0.184817769899152,0.000270486339713423,7.7002064928512e-05,2.1140389818548e-05,0.000141657966655724,2.61209078808324e-05,0.000268151035177712,0.000284243420599012,0.000830300906469982,0.00414054865433102,0.0451088886119948,0.147753221984916,0.451512672935896,0.0195792507299845,0.0149208603689812,0.0775209902538901,0.469582852650733,73.0214274048357,59.5922216777773,58.7017688133035,41.503807616782,32.1672903499453,25.8406700894287,17.0518292759172,10.8633364358469,6.34602008417961,0.432747647680709,0.331920270813111,0.295874885511693,0.279394021375092,0.280946427098468,0.398461803236266
619,51,0.332017822592046,0.99076004179758,0.103133284761145,1,0.0429813250480153,0.0186988080893457,0.0165424483359553,0.0176598850911799,0.0191061612773632,0.0244782616920195,0.02700507177525,0.044378322470532,0.108340024353974,0.186400979046375,0.000298884291922008,0.000136910548024758,1.82757538378935e-05,5.6952536339316e-05,4.93749913053238e-05,0.000193341154587909,0.000520623033639991,0.00105205441995321,0.00439241384028906,0.0407781275398406,0.146199462719739,0.284161437911648,0.00864884266568447,0.0230519073319129,0.0996385184476583,0.52507555985336,73.6028708082863,61.4055764911103,48.7189533794276,42.469984142469,31.9851784666205,24.5676388278548,17.2080931673648,10.9193525533439,6.8558517046464,0.434647760189082,0.326382826439715,0.292890518175177,0.285443912198337,0.284363193400851,0.380959575961083
620,47,0.301059830174658,0.99552303835333,0.0923934490982374,1,0.0402195988485954,0.0159335535052129,0.0147731281529921,0.0180719584584748,0.0178730736967645,0.0241838421098064,0.0267988245061815,0.0450941447580547,0.107370277608508,0.189563675769668,0.000498323835240852,8.69745653850717e-05,6.73112528073485e-05,8.03722994484266e-05,8.5733904305023e-05,0.000201910532646715,0.000351958388826176,0.000734333642651438,0.00434308667534979,0.0445858484478585,0.155917235191537,0.294997135425102,0.033778873369817,0.0490548825531223,0.0924768743190289,0.604735167948012,73.0893205242065,62.6778843553432,54.5505933847272,47.7223632501202,34.1049933477614,24.4426637282473,17.2003985213924,11.2615556292409,5.9428893262301,0.429358276014301,0.332182967258493,0.29164431013918,0.27747065768218,0.277549782882827,0.38316097266473
621,699,0.270585439005732,0.989615872650933,0.0993978059971405,3,0.0387827565930133,0.0178445941262555,0.0146555931505637,0.0161910273254868,0.0191856223966163,0.0242173758401887,0.0273803241589128,0.0455714790600564,0.108490402937797,0.189682113078732,0.000338961981626408,7.74035858654887e-05,4.48696822239846e-05,0.000129996832122178,1.86363486250454e-05,0.000110221427130508,0.000424009264526476,0.00109048130497851,0.00447418621921427,0.0563411084174202,0.135157695995648,0.397985672954159,0.0457319157991998,0.0240812750810968,0.103301888414495,0.569799240808875,65.6194597655221,58.9953928321848,54.8324299189114,44.7702365273133,34.9688151673595,26.4415296369307,17.3624717817255,10.753009979725,6.24592226959354,0.427316246995699,0.364832285969995,0.29418910891323,0.277680838510262,0.280372721037343,0.384705040211136
622,413,0.26531724410584,0.978883168083683,0.0989322281095461,2,0.0429400589261703,0.0206330629180894,0.0142699856806614,0.0190276292839797,0.019018231080516,0.023344418587409,0.0276076497099269,0.0466545037551359,0.106364943861719,0.184733915495695,0.000142343009783652,6.78552864896893e-05,4.00509842505859e-05,7.33009721673687e-05,2.9225347116192e-05,0.000217147915957869,0.000423416879246184,0.000760278900837725,0.00353563407648406,0.0620489207945759,0.122799796608809,0.235111694834342,0.010603507906878,0.0292480019142388,0.201172573258316,0.505597145158943,72.1292239882566,66.0793264322961,55.3600800956076,46.2234933861217,34.4276196345308,23.5981996830726,17.7930823070226,11.0516526429022,6.26261764297483,0.417337639627099,0.335947875360742,0.297187309490208,0.278183489902341,0.274248512019929,0.400543774397409
623,793,0.385212851718233,0.988668337360192,0.098301735969503,3,0.0366931684824125,0.0159712196389304,0.0139610164910024,0.0182512460193709,0.0200478254333616,0.0230541516948681,0.0271634747040178,0.0467724881121534,0.106926715438941,0.187296540877398,0.000388644360455228,7.6195268697379e-05,3.16940902044941e-05,0.000127341821581583,4.45752211987773e-05,0.000209480097664817,0.000280470909951413,0.000735256070275549,0.00330832701012732,0.0594056536260648,0.163584584590968,0.214897461739529,0.0103780417491066,0.0433023236903292,0.0963381476362723,0.544400154996831,70.6245334971242,65.2958889901713,51.9825841065496,40.7052386586158,33.8875382820747,25.279398258043,17.3923101685493,11.0960588827258,6.34388019796967,0.436840501560421,0.373439398336563,0.293711651522163,0.279002121021969,0.271780098778687,0.38947116545474
624,122,0.364847069986182,0.976626046800366,0.0947695499343214,1,0.045749797513835,0.0214635517262464,0.0157807604067797,0.0180283962038851,0.0186281606639922,0.021142334329018,0.026919593370009,0.0457625560631907,0.108615406639861,0.187857779703296,0.00024928591465344,8.25427501559436e-05,2.14890515989934e-05,7.9501677317399e-05,5.99681521061746e-05,0.000223607120538786,0.000252010606313533,0.00118132973072057,0.00443397901833139,0.0568357377572357,0.120284845273794,0.151726312419586,0.0249922289410467,0.0315394259732113,0.214433597425246,0.538094350920044,73.0109028843256,59.8831327033946,54.7852298845994,42.1384555800062,34.684876420785,23.0673424259438,18.8432803765202,11.5841762368059,6.41287052962558,0.414648233861438,0.332489227566068,0.297591490439688,0.281163916106865,0.276984759940785,0.367166188549184
625,358,0.271074175302694,0.994598411607291,0.0974533175587018,1,0.0377496836956845,0.0154284236055119,0.01575106665665,0.0203526736424376,0.0199249572916076,0.0229751120276322,0.0263279916059092,0.0434778322419853,0.108676940478217,0.188584678112587,0.000359232916720266,0.000224216329090743,3.03840533395809e-05,0.000166562464115695,7.78913751562373e-05,0.000189849735355196,0.000327665003299054,0.000939868950214117,0.00404099095952345,0.0509000795824922,0.135636131241811,0.444783724995338,0.0549795457705506,0.00739385194234571,0.114371111516765,0.624816666164769,69.0975119853671,64.5546907939456,50.8118265882655,41.5349536979222,32.840235897636,26.8228326381226,18.0949411354368,10.9385933265991,6.1342390634594,0.415149087085098,0.359291681358456,0.29365576403109,0.273018590261793,0.284700564683634,0.38197822326943
626,567,0.318138264742727,0.975274510865542,0.100160189922034,2,0.0381320099972629,0.0128824822650115,0.0155746985635518,0.0183528027113968,0.0185700657470691,0.0237381097946252,0.0276302503350674,0.0467265724692147,0.107726316988058,0.188990945752603,0.000198472877850517,6.84617564682918e-05,1.97545436133311e-05,4.50534437661649e-05,3.68200837693924e-05,0.000175635302284237,0.000414003138979321,0.00126902613466832,0.00446922092630111,0.0517898088415079,0.146034557950947,0.260622931354944,0.0071241911927342,0.0127320067182223,0.0842909638944496,0.43271045797449,70.592958974753,61.2419476756533,50.8414692613093,44.2311615360857,33.4635142563089,23.5268007734077,19.0531297354702,10.9651312539077,6.02999461647363,0.39652753813228,0.330301340794813,0.296836076300542,0.274861326123169,0.292799885088495,0.389206690821745
627,949,0.275701417770361,0.974268343497353,0.106977607250428,3,0.0348737821933445,0.020347196064964,0.0137796779863465,0.0176522288393739,0.0188658574733026,0.0238658297591072,0.026776456349452,0.0452645986965862,0.107208286815457,0.185333098283523,0.000247334160300018,0.000146984308540984,1.94670497842861e-05,0.00014865585263282,3.05834941258338e-05,0.000189992699136288,0.000319041753520963,0.00135942747449676,0.00390673901264807,0.0655226621497299,0.175200602146709,0.163024340107181,0.0148854741405489,0.0313402038595193,0.0859641497632851,0.539370686282129,77.7905926573307,61.4787015871826,52.9958622418846,44.7344451766118,37.1307774126772,25.882780829845,16.7493778579803,10.9022076759754,5.51503139539219,0.440138586234982,0.366397322354624,0.293230253549996,0.27294982576425,0.267264494899289,0.374500688586692
628,304,0.25737378552828,0.985082161489526,0.103969423354495,2,0.047705392641805,0.0171864227924982,0.0144183994300815,0.0184855349918346,0.0185761819313915,0.0249270942646345,0.0270627237883314,0.0447490542032322,0.109897146662846,0.183938279840098,0.00032234618083679,0.000132437658304266,3.25408357639142e-05,7.38626897502237e-05,5.46429039354445e-05,0.000268640447159147,0.000373031770785037,0.00065686960152988,0.00424488846702985,0.0413944636306148,0.174847558447203,0.54635636919609,0.0421189247946795,0.0401047025514483,0.107108689095697,0.455361525288014,76.0945365456787,59.5771579434872,55.2894560453496,46.7746972472651,32.7944100844122,26.0441016869344,17.1778397054486,10.7265994366506,6.36705840742853,0.431828183145773,0.376574983649966,0.294354428549893,0.275685679613119,0.292614876232049,0.38184667963384
629,198,0.394109709172339,0.993271529410177,0.0928289257739977,1,0.0455351459687737,0.0165495137567783,0.0177740370780882,0.0165213985184425,0.0199938678603726,0.0231469249385459,0.0256038709305277,0.0459814035784613,0.109021402718591,0.184289241435693,0.000351468249719947,4.50775731504988e-05,3.41513892305851e-05,5.22586833447351e-05,3.61815547226957e-05,0.00021722272713551,0.00038858333756941,0.000904432987775203,0.00281436327961086,0.0695844697930671,0.0950091000219202,0.377845974462837,0.00866162639702665,0.0186019263242582,0.163569135697376,0.490359290119028,70.8427287162298,63.7004212386053,52.9612336773258,41.755422769495,34.844150310276,27.4397841138884,18.003239216611,10.2723164762166,5.50408912903062,0.438022149205229,0.347138221447671,0.29551347622561,0.276063688802976,0.295341975348037,0.404208745978837
630,871,0.287740592885092,0.99128253513809,0.106525195129946,1,0.0339780874441509,0.0177435612949724,0.0165304065592323,0.0179721533036726,0.0188564648405171,0.0223968312577811,0.0278973706555267,0.0458710602195116,0.108579616342332,0.192746668171622,0.000259783854231012,3.4496010280269e-05,5.18849612569515e-05,6.98631865445727e-05,6.42223055282021e-05,0.000229466185397243,0.000446668231206225,0.00111233097677955,0.00574918665208005,0.0347113730271204,0.109700768374426,0.32379785197823,0.00467669260234273,0.0317036978694551,0.156704777851611,0.632186583128169,68.529661978926,61.6922007722741,49.4196607270283,42.4601689596892,31.0824765658874,25.6048514580679,18.6395214026406,9.81923756520862,5.89066459372492,0.387156551213899,0.318933755232408,0.29405511012374,0.286128397603731,0.287976981914904,0.393831181900739
631,702,0.377022450885075,0.984662693034934,0.099349518957024,3,0.0295461760941202,0.0123657198788485,0.0170501001224181,0.0171520679182914,0.0186735070528017,0.0242019938451121,0.0261527128090667,0.0474433875204092,0.110398319605352,0.184330630312666,0.000407324054502828,0.0001192556823039,4.54847382071116e-05,9.50537737924593e-05,1.59129892597451e-05,0.000184749041191326,0.000273789978154057,0.00095782695911937,0.00373102547975247,0.0561440894573998,0.177780177404825,0.364168433996746,0.0255153673408191,0.0232750741131696,0.102778639441387,0.469231648683811,72.8755286035081,58.4736876817945,51.405423721838,41.2219319965173,32.6235983543399,27.0940831125415,17.2290963505564,10.660549582818,6.75570887670078,0.385481369658726,0.341861252044506,0.293404271373264,0.271048970999682,0.286094498353591,0.354233427845736
632,935,0.247990812927747,0.972647661743987,0.0921846661225352,2,0.0362972808835694,0.0174611069498811,0.0134585895193231,0.018443967660579,0.018567792177408,0.0226118043884603,0.0268196620284091,0.0458987679929371,0.10847207341297,0.190290890774905,0.000361679751410857,5.63929440533173e-05,1.21063620144551e-05,9.81796578207031e-05,6.15330990170712e-05,0.000133987707867705,0.00045135667843612,0.000916667325887872,0.00498952684901817,0.0567183829690774,0.118322177290967,0.368272563401476,0.0524581098476212,0.0259738691231771,0.108512321610741,0.511473298003953,66.9536212332151,57.9115318179174,50.2887842534051,41.3760512910066,34.5944386396852,24.7684859349608,17.8933604593775,11.3413137804925,5.64715369018734,0.419992371558894,0.359508060423918,0.296076515650515,0.279608661447279,0.29361074459475,0.376857864930207
633,256,0.259775029684387,0.983907810292123,0.099286268889167,2,0.0503631289923757,0.0176652523771496,0.015146850587067,0.0181571661019114,0.0181906698857007,0.0240648142247948,0.0269437268597589,0.0437757309186652,0.108016064895395,0.190536810034627,0.000296314323108049,0.000100106359840418,1.6834950601956e-05,0.000146809165251013,6.47460966406732e-05,0.000173650442855712,0.000461343089759381,0.000897281740659828,0.00425269006081399,0.0391733372965894,0.154118415321996,0.330934144027842,0.00727236855145078,0.0257277989901209,0.0934056708690712,0.471179795622256,72.3447210755154,69.6999090655669,52.5780802242363,43.4498701328652,33.4356484341234,24.5033753696615,17.2764308360781,11.8126490995052,5.91143617775747,0.398657339787551,0.35710887410915,0.296505264095523,0.280173338307246,0.283929104741864,0.390035557144297
634,824,0.233572251805186,0.993022639307964,0.104924523394459,2,0.033937223667768,0.0172633177550306,0.0164054334948508,0.0167785111613487,0.0190697938518167,0.0235347349639943,0.0263113862657359,0.0464419452655283,0.106206302558172,0.186243774778141,0.000396220051151762,0.000136001398909193,2.51814151186878e-05,0.000109227991071098,1.60040050004412e-05,0.000231910901170922,0.000424575490078975,0.000774016419413858,0.0039971863700797,0.050970331891577,0.151412905121066,0.287073509851306,0.0391799414930208,0.0205577240265102,0.0814142051065776,0.534181450940831,78.9199002892078,60.5523235895989,52.6138661319677,43.197895390411,32.2669361216817,23.7903625255894,17.683071813694,11.1919413264865,6.2769291892664,0.409111471220516,0.351638530882528,0.294686621826698,0.285673358373264,0.28436555970087,0.378821047573129
635,369,0.249318619795983,0.991996850198651,0.105233592802239,3,0.0348494443805865,0.0148398573117375,0.0151404971147038,0.0171268616164865,0.0193091209315049,0.0243285848632695,0.0277883264951222,0.0460097874097547,0.107033098470983,0.190104637658617,0.00044793161875088,7.30216224901956e-05,7.94963426594942e-05,7.17198348788389e-05,2.64278047783837e-05,0.000283311419542157,0.000481680042297422,0.000769200179264551,0.00441030886011967,0.04818483786922,0.142450040949033,0.285067552909891,0.00696509537047101,0.0197740409108708,0.157487643472785,0.526292496471918,77.6541025604867,61.9956835527285,50.7282447993241,45.5476560511261,36.3495039838645,23.2478930630877,17.1742778098305,10.6836938597551,6.40594520252684,0.393070288394174,0.327207259234153,0.297087131535047,0.273856672733073,0.308231317763348,0.391020241530696
636,944,0.263706163531276,0.987653869300174,0.101479786145862,3,0.0390747847741814,0.0200672306581187,0.0142608661278585,0.0177051619392425,0.0185104558868727,0.0217544219690525,0.0266321720921055,0.0482356478542394,0.107190939405136,0.188043045021056,0.000239962205458456,9.20806436775178e-05,7.77333508535519e-06,7.70204286642154e-05,2.19931830687315e-05,0.000412604791669168,0.000257768250112115,0.00109778861142439,0.00308327811060664,0.0637040120766625,0.138016977179388,0.341914111650059,0.0207346392974199,0.0210633380700703,0.166874486619017,0.513946289910437,68.9650760036062,64.1315573769192,48.5773368046801,43.3624771749192,32.726839413513,25.1998405968102,17.9818859284373,11.9394091320231,5.90102626227617,0.425660155161236,0.306938231624984,0.29955445840546,0.272396306938104,0.275813088956855,0.403659117976039
637,571,0.282114057128922,0.990202313130727,0.100466377783863,1,0.0353502672694884,0.018757178163709,0.0161215285627226,0.0188838349532556,0.0185892985877731,0.0233001640588688,0.0266798177797043,0.0453919167034991,0.107734178363622,0.187089644111767,0.000328136962440215,0.000142208442987283,4.84541491803619e-05,0.00012168034605258,1.60779155407857e-05,0.000235875098422096,0.000469923882202058,0.00130178168144754,0.00379828191486236,0.0532273959968638,0.106194550736388,0.13407476412633,0.0224027972570684,0.0343106917493847,0.0612281997959641,0.491590107930301,69.1163734534047,60.634258221834,52.0906623549228,43.5050301389506,32.6122997688455,25.9077752386845,18.4771973718999,11.0449656573698,6.89915448502536,0.411302343007183,0.378191197505547,0.294652646615816,0.277850298084757,0.275828334451645,0.357245025569494
638,405,0.271718046478893,0.984965200468042,0.101805368184487,1,0.0422132069856357,0.0190291114631842,0.0127219337053345,0.0173683162358801,0.0185330292850447,0.0228468429866457,0.0262287381870875,0.0463561562869449,0.105495554707583,0.189556832590494,0.000204716103735887,0.000108740314136533,2.02276831585599e-05,0.00012201843366106,3.77719654373092e-05,0.000333179971906687,0.000335876447556722,0.000842141489497641,0.00438765711431709,0.0553262845095803,0.146671672208999,0.139641149915617,0.0113058854070133,0.0194511480327389,0.0754787327163976,0.55801288553007,71.3547467574886,59.4092319774179,52.5900022172965,45.2688714990869,32.6959180695154,26.83534016566,17.1995208336241,11.9713148464137,6.14983574120606,0.410931669763958,0.35393069694616,0.294070377187417,0.271400239253703,0.300632681657716,0.361053285832962
639,838,0.334491356493937,0.980812360655893,0.110697902294037,1,0.0397781761989697,0.0185760134313765,0.0170975821297225,0.0190644482460312,0.0194122967744997,0.0228632416998259,0.0274727499736362,0.0450500708795962,0.107162556888374,0.189541908638233,0.000225959444359209,0.000169622880836569,7.60016672926214e-05,5.43841005472243e-05,1.25908032637741e-05,0.00029706624312662,0.00043829996877244,0.0014301289155784,0.00340266941151652,0.0661632419465212,0.119058930008335,0.332784842256416,0.00850817548576177,0.021658626190869,0.0718936441850717,0.558416377860038,74.9688424414075,66.5165454307079,50.1334139857134,42.1145392859229,32.4953961628082,24.8558940057939,17.751429482301,11.0068587748021,6.34827092142163,0.415022336376613,0.347614225835823,0.298949287600059,0.281612675245863,0.28951202979408,0.378463031345462
640,166,0.253322920293051,0.994533210450152,0.0965988214962846,2,0.0378948745853864,0.0157050072251333,0.0152077475109025,0.0180395929670991,0.0181761515455564,0.0234854377936951,0.028229285253353,0.0453742209553753,0.109109297864942,0.191775093123239,0.000288114969941959,0.000103641223457194,3.02020876425131e-05,0.000119861722146749,8.17853601427674e-05,0.000258328059282535,0.00032850739469312,0.00104819580218601,0.0049093226571218,0.0368940561532467,0.0897854927449746,0.287276524960384,0.0228718355542543,0.0211277330080693,0.139763311207424,0.555570359681087,70.5232951762206,64.0410224572277,51.3061003824309,39.1475362180737,32.9622653908095,23.33619694507,17.3559841465086,11.4632710967804,6.48367842351288,0.428609454354429,0.344795021809073,0.294243864973336,0.28528402007275,0.29772738536995,0.377701082077596
641,555,0.25804324912923,0.98663116915819,0.095490053142709,2,0.0464051417418624,0.0144562759742942,0.0171590044617281,0.0178759261513821,0.0198374426868855,0.0220667340889011,0.0268949959747274,0.0463938187205805,0.107367399278927,0.185430164438754,0.000301633300192124,0.000136736181756579,3.61591099602587e-05,0.000153448721625023,7.43501541147876e-05,0.000164526143196967,0.000332084762518989,0.000936262804318938,0.00366867483818296,0.0578914696871206,0.0935686538257682,0.304207296899376,0.0153010178549443,0.0291879497713841,0.0988703787221068,0.537917011440308,66.2308331376818,61.656567035975,47.0865597075917,40.9683944549303,38.9184231007245,25.6422094953925,18.7737638537918,11.5413230013958,6.09240279925207,0.420796543148182,0.317660240533855,0.292271701805126,0.27468825965919,0.289357656982712,0.394029484091084
642,734,0.311497002042211,0.98512827552219,0.0989688487051802,2,0.042457890156783,0.0219939537331262,0.0179003112229827,0.0170199861573493,0.0187943065143122,0.0249847181351026,0.0270979415053926,0.0449188576756414,0.107277110211526,0.189279367247027,0.000299492645296435,5.17021164946208e-05,2.91768656997737e-05,0.000143699282610368,1.88317054773227e-05,0.000136131230424126,0.000321634025915405,0.00101691813720372,0.00383423239663513,0.0527335493340249,0.121899623953652,0.319559611355574,0.0203146582348498,0.0459282162167906,0.0687063464818887,0.510278642364558,66.7457595829254,62.8714182069587,49.0409349668336,42.2728253774945,30.4316574530256,22.8073527097896,16.6080415847457,11.1253347222522,6.26303697122077,0.424704622403369,0.329005808802514,0.294792626511183,0.280162700368301,0.294098271569781,0.354534283923402
643,115,0.290392973627571,0.984515123593014,0.105827651333953,2,0.0344536782850402,0.00952289434434235,0.016169471064749,0.0175529074240311,0.0203427328183472,0.0238119968705368,0.0264297293245973,0.0457288120643403,0.108300123873582,0.18929438727202,0.000347361778456981,4.84315882032951e-05,9.73312563400891e-06,8.85293504984141e-05,2.5748352510104e-05,0.000202627686642175,0.000263951046487869,0.00127293541745694,0.00401366654912498,0.0357084560352283,0.158316888499427,0.298145204420323,0.0269335373658666,0.0253827402280921,0.0654835346266901,0.515582132936715,70.3209828709656,62.7591861997594,54.0321174046183,42.7909031223363,34.9067544007425,27.8028613004338,17.5900447729206,10.8508729035802,6.18313710356495,0.433792394861896,0.351161932386165,0.293813988103208,0.272513953535196,0.297465154253647,0.362089150949575
644,583,0.274134479296854,0.980586712237952,0.0980800621992486,1,0.0427624567796193,0.0175677726194301,0.0141704818150945,0.0177987823618639,0.0199236049526248,0.0228811037123458,0.0265684159020976,0.0427336581820405,0.104824481535164,0.191298902618514,0.000707739502139898,0.000106636645607363,3.33936432778976e-05,0.000121000227776871,3.55306645255505e-05,0.000196532557473052,0.000342718736666054,0.00107611284576012,0.00457027778154512,0.0370278418675672,0.133863223156636,0.325458372641503,0.0143757385337426,0.0162585748926192,0.187402235296348,0.557803084909342,73.1960859195151,61.2470348746666,54.1332831643194,42.6320020975103,36.2608243133767,23.5514881253836,17.4425610062582,11.4447353622488,6.10775405112082,0.399380984541691,0.354845039513305,0.294516232671969,0.281469312996219,0.300137214557619,0.387124933025861
645,999,0.283397449880318,0.982559662450691,0.094928993494976,3,0.045862328692955,0.0144741240098627,0.0151373411311035,0.0178673525836518,0.0181154167430068,0.0236852430041389,0.0251792188564568,0.0448047823881599,0.106822940970393,0.189485854590157,0.000510938907493127,7.87873259324153e-05,2.15148404271532e-05,9.26028078191718e-05,2.41487299305278e-05,0.000189233741866374,0.000286201179729704,0.00108408879916771,0.00432920563455351,0.0366344705276006,0.131581783925955,0.552297590109945,0.018588383016132,0.0256500654838019,0.215761951509766,0.540106489234658,66.1450053707763,66.8225869775253,54.2896919482889,43.1266970876558,32.9594761799392,25.3233485042399,17.8037012043926,10.5185353478626,5.87651639177345,0.446677911473974,0.330347959443752,0.293020650153658,0.279940807854951,0.276906874763833,0.37100108876921
646,313,0.338203710505229,0.992730207172709,0.094758273088876,2,0.0470648259092101,0.0145126022568043,0.016450599537713,0.0185259665372192,0.0183983204921525,0.0234127786098515,0.0264272257220942,0.046943302773046,0.108717210293801,0.184030225824749,0.000451717783004785,6.34862257812531e-05,3.51587557041665e-05,4.15169554512534e-05,2.07859594038939e-05,0.000283949801062625,0.00021915191766709,0.000826368638532437,0.00450652968719396,0.0633721411637682,0.147659484053444,0.262454806240871,0.0119231132810448,0.0200796411050167,0.134513437797794,0.561871196940273,77.1089396914794,62.1673607790444,49.945230819918,43.6343961156533,32.0170845711239,25.7739066725228,17.735489164545,11.4737157360873,6.12947660333406,0.424438840190617,0.366602242813792,0.296037925771153,0.269759222483235,0.276980304260625,0.400019109223444
647,468,0.242656265618857,0.986235193118742,0.0982779559435527,2,0.035836347095534,0.017915365240726,0.0160140368703529,0.0184639240014436,0.0185858130771621,0.022454037484278,0.0265360238753177,0.0446794887917427,0.106682131963311,0.189552499953889,0.00040816729390213,0.000127828973635932,5.97409281164923e-05,0.000102616918135203,5.21017399198553e-05,0.000111788000086323,0.000296677382808876,0.000921368073616577,0.00419978763657729,0.0426466600387321,0.132883397922445,0.381099588664653,0.020353311053261,0.0174889419512645,0.101958656349206,0.5406356180198,67.6371057824995,65.7484658345023,54.5773908220426,42.980174216469,32.8008800514035,24.2236327390603,17.1904147957855,11.7737666498239,6.79163070013896,0.415858481282016,0.338910278687707,0.296421624560332,0.284416720927742,0.283127727738154,0.37484412511131
648,506,0.28908545909118,0.991643813404441,0.0975705494277953,2,0.0353200154759358,0.0141243196481792,0.0175205175845349,0.0175304179054684,0.0191701859694855,0.0219381251192805,0.0265635857553071,0.0470255891208109,0.108753407067255,0.188273237524873,0.000208408794378489,3.41003706164848e-05,1.23244143445989e-05,9.2103520980093e-05,3.29076665524702e-05,0.00015853768156832,0.000350426259144323,0.00117177401766918,0.00459522840195803,0.0691526556805386,0.127315121616626,0.352941203706315,0.0258817167972133,0.0163635110089183,0.172431013937933,0.548718030691381,65.7861795683733,57.7252920477725,52.2006211195313,42.9222464470344,34.5917387173936,25.4017994225613,18.5458023425193,11.8168995928775,5.91763679025309,0.422049727474277,0.345056448552233,0.297397360916158,0.283499259255963,0.286077121459992,0.363644002606866
649,223,0.232043614313294,0.987134856616662,0.0936554272587124,3,0.0361085279241385,0.0135532455330883,0.0154213357427818,0.0192312587347612,0.0182693797089586,0.0240529282310386,0.0274387112515623,0.0461732577288169,0.106756705333382,0.191011662432956,0.000228343868621483,6.3603401423208e-05,1.95751461947636e-05,0.000109881495575043,3.36097182435073e-05,0.00014366755654469,0.000299667694316784,0.000791732288762239,0.00423817678448137,0.0586368355130429,0.122923160100423,0.186852471486264,0.0317931972468651,0.0283854022569519,0.228536462029308,0.539348874939247,68.6472656805797,61.2716469877015,52.3086366808676,42.3822514009907,33.5986876649722,24.3544607686207,16.405224250005,11.4338055167248,6.04463062218493,0.43936525960245,0.314831562700285,0.29247024161936,0.271586935714418,0.290177297908186,0.397146843033974
650,359,0.358963242639618,0.99518487005714,0.0946015643952421,3,0.036788831966672,0.0167609955780528,0.0153268713176489,0.0187191180841821,0.0193079451860338,0.0229002142515514,0.0268053199693959,0.0475827621756691,0.108158373083277,0.185463820328265,0.000269648855869323,0.000109766654892354,9.98004012642956e-06,0.000100751344670897,6.45679719942095e-05,0.000119614888751902,0.000268938302082457,0.00104928942444421,0.00283696560166992,0.0478475993702572,0.13915269397301,0.183831349272258,0.0154036070045124,0.0172148233448981,0.106202529322193,0.501432044016464,65.492670917302,54.5363577583992,52.2484189296641,41.5992102361886,33.6986939533673,21.5958662635972,18.0432088733514,10.8874732438273,6.3360733905271,0.428557309046922,0.356094094630152,0.2980899554185,0.27598180561501,0.280502637675128,0.395791401190982
651,42,0.208662088072027,0.984360466224098,0.100252046828747,2,0.0383783533910429,0.016355123710062,0.0146949755942102,0.0182934420054991,0.0202639943026526,0.0240799139159634,0.0257607161016071,0.0439585842738071,0.107581570614569,0.181455501821049,0.00021167340382795,0.000154767865070518,4.231459779941e-05,7.20490133733973e-05,4.96263177688565e-05,0.000150745408148962,0.000363312531239142,0.000910525444106984,0.00513192751523316,0.046498675850282,0.121807025736274,0.185350878572878,0.0185594518230437,0.0394401790919032,0.0851760266040944,0.516902321775465,77.9498929980765,72.1182659325834,51.2668620630058,42.5143399302137,32.7988733196801,25.2100675665987,18.3444372059524,10.8289542806956,6.40769624904506,0.414330078061209,0.335498044484427,0.293586595737865,0.287033773457952,0.27796262232619,0.367973490639599
652,551,0.401833424112515,0.986215158639653,0.0972882636438997,2,0.0409618662936383,0.0135246588102582,0.013807995589355,0.0177264604527501,0.0185796653713189,0.0235182341464963,0.026897702716175,0.0446331244925584,0.107376414706788,0.18776059603386,0.000191227855915536,3.69183631657012e-05,2.7163366340837e-05,0.000104090065879774,6.33880191950789e-05,0.000152528955855377,0.00030437195144443,0.000757255602118647,0.0051043678828981,0.0571869407587889,0.126962517270255,0.26395166085866,0.0128098591545348,0.0288564908581025,0.121602710131341,0.548400393027061,76.5387164878512,63.1159290834999,46.1421422989462,42.261509151487,34.9876843277871,23.4572857641812,18.6778108600623,10.9815105803586,5.67669039308298,0.422322153671236,0.321257112154519,0.294737593183329,0.283763328009497,0.267507341139389,0.3905136796227
653,354,0.310313406462701,0.974995475198995,0.0892146978275993,2,0.0373943382181888,0.0220054701205012,0.0154055671339814,0.0157631263553383,0.0189084228044126,0.0236496883111248,0.0271264808403955,0.0444462211775536,0.107519528374674,0.184485207544487,0.000131266112941429,0.000150588960716039,4.84740214815417e-05,8.33993029291274e-05,3.48805337437953e-05,0.000150421861588101,0.000449442678263936,0.00109619671062225,0.0043450524796772,0.0492132939730366,0.141435743906452,0.245983002154906,0.00510907950083574,0.0354917064633923,0.0634292221158323,0.528172075548973,71.4488742267647,57.2449112645437,53.0134203650449,41.7765544573461,36.3185686269765,25.4303844681129,16.9750678122174,10.7364594349228,6.22902876754865,0.431320807248624,0.355785602078951,0.29781503663602,0.282429837777311,0.296536060777877,0.382385031845409
654,113,0.393250235027548,0.997728740579646,0.100577600628516,1,0.0466635596998337,0.0163985465855307,0.0172561983537031,0.0185966235883721,0.0185402199072806,0.0231800584745437,0.0291892398049217,0.0451111718518295,0.10779666792386,0.188695298984182,0.00035786178925508,0.000180376258324541,6.38024326843265e-05,0.000128176290165022,5.60142704871443e-05,0.00019622965049821,0.000363056747684318,0.001290227161421,0.00429967547752245,0.052763334169232,0.11437402187193,0.285454744483858,0.0109444654471807,0.0318696885525928,0.065734490719225,0.562137167894541,68.0244902989176,62.742424104303,52.4124055343301,41.1554374044679,33.5714041951365,25.7685142529864,17.3939187869799,11.5053138434738,6.08889252016988,0.395301506668349,0.363480914253487,0.296956534495752,0.276081984688916,0.29157309963941,0.396948823711498
655,203,0.355235170195,0.990705679309228,0.0999712406487417,3,0.0386284665131439,0.0151874074807717,0.014175207940436,0.0175291443316614,0.0184751140952679,0.0238335618891372,0.0279888634338571,0.0451371667528947,0.108331803217961,0.184994477231169,0.000440035601837456,5.58827977951307e-05,6.59209632726505e-05,0.000104352078517873,1.77007404368553e-05,0.000150279280968264,0.000359313219391655,0.00088713855152439,0.003336541909873,0.0591485256931169,0.11643821170335,0.543613853217889,0.0129544232334037,0.0354249191923979,0.119354174910045,0.499399353870022,73.322857146862,59.5055184485556,52.4211272050481,42.9631773986379,31.8761565615527,25.5452325697723,16.9692332908195,10.7436786691986,6.38982533035421,0.4280781538448,0.351775695357933,0.297014910552727,0.281321031583917,0.322186328937464,0.380201796213138
656,311,0.396709251602434,0.982774078121582,0.101688777659387,3,0.0394402587734272,0.0160730742948396,0.0159303267426668,0.0182446742977667,0.0190322615656121,0.0228254722828676,0.0274088665237029,0.0442594754407851,0.110005643018771,0.186630515416638,0.000174761519884446,8.06078376919627e-05,1.20405522494273e-05,0.000124987294746929,2.34045572886649e-05,0.000163637611224087,0.000432807533223742,0.000992354976033135,0.00417884858768695,0.0506408821675833,0.144839067868119,0.435968696217592,0.0149653176167698,0.0108580555456514,0.169564423144754,0.484212341356042,73.8502486840668,57.8549691408915,52.2910897026448,47.8592064294027,34.6464599221605,25.0139794690306,16.8859498838303,10.5706243000655,5.98378830259089,0.440557476827935,0.357977363742309,0.294214743192569,0.273381763836497,0.270175949871651,0.391854720754763
657,111,0.262927568036586,0.98772013422128,0.0963735328734218,1,0.038998582945899,0.0180346667369885,0.0153330580361681,0.01657426574439,0.0186900537527204,0.0237007511635339,0.0271318238581256,0.04603288999595,0.10660519588504,0.187328396495243,0.00027718770412674,7.64130729617837e-05,2.54713088610163e-05,9.65079970100297e-05,7.87945088423162e-05,0.000137265022820974,0.000300058712460879,0.000922100438941526,0.00364830385361454,0.0455635866565097,0.137700151457624,0.185288816182194,0.00853677511199908,0.0242692118759393,0.136154111028004,0.581508722602627,74.8962561809494,60.5948258560374,54.0404126809203,40.9148346274517,33.3500147028622,26.5775763147265,17.8516065562901,11.1296617247605,5.42317968740305,0.43698742246937,0.332615259800643,0.295462382046369,0.27202410280524,0.271020787802176,0.36978484309625
658,204,0.261415487562079,0.984044061745551,0.103807579300433,3,0.0433738639949668,0.0143991071814054,0.0170873561393526,0.0176011568799417,0.0191783514203798,0.023050104802761,0.026972772686535,0.0454435467780999,0.109207728456435,0.190688076680911,0.000438621876930314,0.000114934433924957,2.44595951221606e-05,9.00696899230919e-05,7.03119937805107e-05,0.000238830154512496,0.000303611082779872,0.000925910616392766,0.00332377850806067,0.0520967364397367,0.118464807418243,0.159021227297185,0.0168301812850695,0.0295835341604404,0.100002193431198,0.460572011352248,65.1446553254239,63.1678416362333,51.5719393503207,39.8859053220982,33.7506294093309,25.433933208381,16.6014331710206,10.4073070991125,5.6788217018616,0.396321600410962,0.344334107807355,0.29468798232788,0.274066072926595,0.281316452638831,0.353098050847676
659,786,0.240450144129515,0.991170053911661,0.0991560341164282,3,0.0355649654043464,0.0165578275069568,0.0158526535131664,0.0176446308927999,0.019605574964438,0.0221334864231625,0.0262893844620921,0.0464603429431878,0.1070391338467,0.18563431439036,0.000228742667735061,0.000100187045712539,5.05035371784838e-05,0.00013755939125978,2.51787950144657e-05,0.000250344597496458,0.000446365970367192,0.000766036561890862,0.00386479329945461,0.0287580621210168,0.115818142745024,0.370221933622595,0.0103019155978096,0.0239871858856548,0.141948789471733,0.496231398479401,71.6844879703895,65.7472439613862,52.661232649027,43.7930835431609,32.9099489026072,24.5556094939351,18.3185020546161,10.6560389179819,6.4856268109406,0.403151292065391,0.317876042866886,0.296210779883784,0.275731315935763,0.285580885005135,0.405905103535914
660,369,0.310531861365708,0.994089529317075,0.101740647764144,1,0.0355048086818124,0.0155101663485652,0.014530064667242,0.0180257312700389,0.0177912117390252,0.0215796462176343,0.0265614703085974,0.0432053475145899,0.105815036330767,0.189319340039791,0.000370890103960488,5.94418694529065e-05,1.03430836140709e-05,0.000150844220490225,3.06310123572727e-05,0.000234040265958727,0.000347600622905652,0.00070443981455577,0.0046295957841663,0.0597311389299054,0.135182732091472,0.23757355363958,0.0538608037191294,0.024697285488629,0.108026302541061,0.617787723924114,60.5294513094735,60.5273550958807,53.2317526608878,44.5702877514657,36.7721096156349,23.1273680911968,18.4892421987397,11.0203823746636,6.05634368743135,0.419900321855883,0.328184425655414,0.294162622172783,0.279739339224994,0.27186140715316,0.37567127102033
661,183,0.286815700682687,0.982105807724781,0.102582189818367,2,0.0414362120510585,0.0175525953440956,0.0130579780034531,0.0165997926306328,0.0187327358153884,0.0234580997794414,0.0266555366564672,0.0469537761397818,0.106477237077323,0.184747500404201,0.000350049372959136,0.000130014506452544,9.49520184730644e-05,7.74766842024479e-05,4.16381262111697e-05,0.000201630293219834,0.000295105420864041,0.00110230540336333,0.0050336113620905,0.0508831738915785,0.110466802578858,0.255534859317718,0.0200798682831051,0.0263257548610058,0.106580137138918,0.648972069872622,66.6462906188547,62.3360617427372,54.1962345802647,41.7144978931758,35.8804639563047,25.8774806062865,17.11534765581,10.2315687806533,5.67537354671343,0.413433779423133,0.349217738407347,0.292848875342986,0.274794955215472,0.274097482207018,0.386567799392424
662,152,0.281304618407674,0.992602576698981,0.102098055213385,2,0.0382940151807224,0.0178671801251017,0.0153244311619247,0.0181826827120489,0.0187166032326949,0.0222997733485065,0.0261800395643292,0.0457871241470779,0.106224753493674,0.183817931240095,0.00027869728961163,0.000141135697817647,3.46345768747315e-05,0.000133976811243242,6.95337363059711e-06,0.000171397302311524,0.000500219577503834,0.00102323228247548,0.0042478289112954,0.0557099085424484,0.213928496788667,0.512215641365989,0.0172618757390394,0.0119158071685502,0.0468467609409827,0.487711110393426,77.5796256251225,60.4869661664645,52.672320579916,46.6094963498444,36.5205114324867,24.6840243378483,16.349276644148,11.0359397654918,6.38810493365495,0.451665473216081,0.345376263315483,0.294437441903732,0.274613714873821,0.298054839137447,0.363060421686047
663,922,0.34608196208001,0.991861273661969,0.107942301470376,1,0.0328231683581825,0.0213357005444612,0.0162578846678251,0.0177144207667474,0.0195072247427245,0.0228023247880865,0.0269700444175515,0.044997581191759,0.1082457986502,0.191801410710848,0.000294219260031452,9.74044091247896e-05,1.17221050516429e-05,6.6947246665173e-05,5.30857114860978e-05,0.000187714663798304,0.000439900816244767,0.00103578344250396,0.0042829262820795,0.0467959764161465,0.164525292664185,0.478520839553139,0.0188576122553602,0.0189745656578639,0.102547508788191,0.552154291333818,68.2852721375735,63.7689801628604,51.0472366514849,47.0201158108941,36.851844982601,25.3534693096146,18.1177583096904,10.1740781584123,6.11561248842452,0.388951440612723,0.346167265453682,0.294973101972223,0.290624669799174,0.280470891987564,0.40577724178911
664,18,0.330492146226464,0.992066419549449,0.0910931709739783,2,0.03900873251293,0.0214721731776273,0.0148356500270554,0.0182771010258099,0.0198352322493911,0.0224386232332899,0.0273144835540835,0.0440490338977727,0.108827905870557,0.189638312022273,0.000291772274991202,9.06247324176693e-05,2.10642657077939e-05,5.9526961501273e-05,3.64276547273883e-05,0.000178080991092988,0.000353875628443532,0.00143872951987218,0.00410577928458319,0.0421480640566945,0.183591446500122,0.225260914650551,0.0435054031252685,0.019516101405762,0.0527993528739106,0.509093338587953,69.2917160843697,61.0434303461043,49.3195360444388,39.8710738071888,36.1543065843504,25.006368795877,18.1559578888087,10.1698947350843,6.21182854734348,0.40094681053846,0.323102182086662,0.295010772969188,0.282982224074942,0.291558200790999,0.404794588105356
665,240,0.268555241212406,0.987224158271661,0.105740227325422,2,0.0419814162187293,0.01304820570218,0.0137541941790757,0.0177898090816158,0.0192685742682168,0.022339138587928,0.0265550692023317,0.0459058554885085,0.108399862689871,0.189080581603825,0.000295612069127706,0.000169966720443267,6.53759418261848e-05,8.72742915333344e-05,4.48878929118732e-05,0.000138523908190785,0.0004457522452222,0.000911509929514007,0.00356902481809636,0.0438982135176725,0.161476939427323,0.361539994622141,0.0198461981772493,0.0183561776281751,0.048914709760006,0.537723593629316,73.4305940275005,65.5798341312474,48.1112503256133,43.7494409334597,34.0274630540647,26.6257921721368,19.5701206627136,10.836274415629,6.67724414915434,0.413356825498846,0.364078233040427,0.29332760017431,0.277061166628137,0.27896873048282,0.382033740331072
666,913,0.296550635819339,0.988077790200621,0.0991155777327251,3,0.0414501171351915,0.0171286024442925,0.0153150955533912,0.0183060163924262,0.0195467534305439,0.023209521889541,0.0264909935497475,0.0450309604211645,0.105731930019758,0.193898650973767,0.000230171233423587,6.27320217671662e-05,1.46392821148455e-05,0.000174326548606547,2.61697011287062e-05,0.000285757444029655,0.000299115712001241,0.00112560744922161,0.0042498879906346,0.0549028319391456,0.0968050343486085,0.469551916923994,0.00981385057652715,0.0496572813762258,0.118259402965618,0.594557784974501,67.2334165894457,65.0717937112292,51.4646510348991,41.6375005946622,32.6058782347087,23.8342538995777,18.6962398971904,10.1841840186148,6.01662637240335,0.427037297528185,0.345972665430295,0.296866961668953,0.277281983313053,0.293968389379358,0.363128374550979
667,914,0.234764199091894,0.987729106710502,0.097438718918387,2,0.0405101640106993,0.0162382514482034,0.0129405264285691,0.0184251343979541,0.0189961586076076,0.0239011009102355,0.0259055786772238,0.0460057380584479,0.1085831283884,0.190472830027494,0.000478360168689922,0.000101257139124949,2.13809988694682e-05,6.71143229975661e-05,4.56465561308727e-05,0.000138968514390575,0.000454769393890579,0.00117649376140417,0.00404727583974152,0.0537665751850648,0.143238194251169,0.342484226499187,0.0103319131237438,0.0225799216774608,0.0546378406076845,0.553421467353908,71.9595933592908,64.0960525962772,51.1903322394764,42.2219214836451,32.354194355109,25.6341961407322,17.127573305963,12.2166346538075,6.08582690143215,0.443763920557387,0.340167109125229,0.29356808566764,0.281108999438632,0.283461124552165,0.388745341329928
668,36,0.349884089878015,0.963958198412748,0.0977568830646051,2,0.0423268335818,0.0187800478327548,0.0146627379566546,0.0174799035155822,0.0202199762494965,0.0226325307729411,0.0269098301041402,0.0446951440714686,0.10652081665187,0.184811216680437,0.000165441449936957,5.62724798363339e-05,2.85230921691798e-05,9.94499891951027e-05,6.94016925883748e-05,0.000228484091987627,0.000347015258859937,0.000635114616788009,0.00427411607403204,0.0409494116773023,0.137258294679412,0.218412868671854,0.00606138058384236,0.0260119040874298,0.124734924609732,0.514185121841121,73.331295131033,60.7903169848889,49.5009562405192,42.5401397939878,34.3210118369938,23.9090877967461,17.2194053159382,11.2148023542243,6.10394715840706,0.449117983226182,0.329066273149567,0.295338664053707,0.27769765892774,0.284537808857672,0.383070188365366
669,54,0.304460241319139,0.974130354432449,0.101182063792102,2,0.037657987401133,0.0162110227580354,0.0203902801062736,0.0173956673323997,0.0194307147643523,0.0219943756201629,0.02718412843969,0.045613166520454,0.107250189898543,0.188333113351448,0.000218277106043063,0.000111223846960631,2.24239679607545e-05,0.00014965130695759,2.73651225336594e-05,0.000180326636298666,0.000426308485256884,0.000640701207570901,0.00271673186040217,0.0250666140340123,0.127537633010506,0.420379849327468,0.0182847455503226,0.0182110149228199,0.051448886988931,0.572191997464435,78.5693077308123,59.1532524819282,51.4558221232593,41.3102566900039,33.6467483146237,25.3507773477409,17.2829528838279,10.1945215635507,6.23404346948121,0.423159326193591,0.36535717966206,0.294148414719889,0.277190142806843,0.301384137166669,0.39463105981957
670,896,0.289518845968523,0.981981890251653,0.0899434587773233,1,0.0399254114661333,0.0150667749117864,0.014209960690065,0.0183367256508683,0.0185286878707312,0.0247992552952337,0.0260092496057192,0.0445308231225791,0.108070432778891,0.189110186130632,0.000644703894764339,6.54212206707093e-05,3.59043877171505e-05,9.32790894628714e-05,4.83956542211558e-05,0.000222949852711756,0.000242548827932174,0.00100376112819587,0.00356823552103379,0.0621482106368381,0.169472596475873,0.235677710810767,0.0236006737572482,0.0377050544843993,0.143151252173146,0.560122153687884,68.2195785055346,58.9479143839688,48.8094428529985,44.1885891878408,35.7140468141787,26.4741519849848,17.7139134212639,12.6179405517254,5.85692182490039,0.418386260976113,0.352162162607581,0.298366260919897,0.279414005992229,0.28039137951193,0.376626769081825
671,936,0.329003756015667,0.990163874728596,0.101142220440534,2,0.0357764657739303,0.0157293932866615,0.0135322483011957,0.0178635758091185,0.0209609781357114,0.0226057932702304,0.0259854804075632,0.0446728586572235,0.107805937501665,0.188021853937177,0.000512522257399386,7.8449631547309e-05,2.96672083062689e-05,7.36807462750154e-05,1.29389911793858e-05,0.000158867957752215,0.000375783811507381,0.00121675839904248,0.00320004971532394,0.0520043502821187,0.182987840292895,0.315759193073716,0.0199271674450166,0.0325901976770735,0.0946519101098243,0.57258836345051,69.1300776169639,64.7307864226678,50.6340589951987,43.7000588661227,32.6677947187538,24.6854947918242,17.4928673824422,10.8280857802964,6.43520390639574,0.420631710998359,0.354601404468427,0.295637902229193,0.286061277953916,0.296909140084129,0.362493483453834
672,393,0.220191913164319,0.984690381010593,0.0971512734514151,2,0.0323897004860059,0.0184513903657012,0.0163088041528276,0.0176971115204976,0.0196515044587547,0.0226493562856542,0.0261231668237518,0.0461189319771393,0.109955662866863,0.190871162471356,0.000220517663430688,9.71580707804752e-05,1.97215524226893e-05,0.000101941928130899,3.88501694020989e-05,0.000298560697334842,0.000445632756547793,0.000618913850833766,0.0049270966805311,0.0523457640099254,0.181568374058769,0.366560627267522,0.00742949722390355,0.0249513516477295,0.0712835246618072,0.517265548676605,65.4200254389735,62.7140722464718,48.753866269694,45.3784357532917,36.360661236199,24.5774368269571,17.9050044139212,10.4041872115414,5.97617922049743,0.445815195517184,0.351202446914627,0.294591206575224,0.282129881672993,0.284510928745825,0.377809561915135
673,69,0.311278044044312,0.987010682617566,0.104805671331018,2,0.0379734706581532,0.0158819711409268,0.0130101858986931,0.0183697600680668,0.0187427130991998,0.0228722627718222,0.026757348870447,0.044704725707838,0.109442185950626,0.184175287187371,0.000642535414679185,4.26636801450604e-05,4.18697990781373e-05,0.000157972898750963,2.0315177356868e-05,0.000120489306766489,0.000380141200325156,0.00147472361718819,0.00523728401787072,0.0389706164090169,0.0964472968312548,0.195087446976214,0.0074947986906832,0.0347218697619658,0.175763361559811,0.538735093249591,72.508476967934,62.145836430683,55.9569913355613,42.4405775139055,33.4859105456826,25.2886191403933,18.2115297292614,11.1486765132069,6.30693753515744,0.395006539579195,0.34445900623858,0.293141394364698,0.279112093714273,0.285869450048054,0.368341302738708
674,559,0.309870737607386,0.994341538239663,0.105451761450054,2,0.044419317043403,0.0181581588736649,0.015297680047108,0.0170434458644831,0.0186420734307033,0.0245938433051641,0.0259216100295247,0.0447507672927108,0.107178656500757,0.184755450684063,0.000440224369654586,0.000117849588203192,2.64543416884216e-05,0.000103622431259663,1.10436428079227e-05,0.000189531883689701,0.000459500640052335,0.000821596817726529,0.00370700011525235,0.0865671375667526,0.15602603164219,0.260978846596981,0.0101285103888836,0.0306391254744298,0.104257369177811,0.546826542705612,71.7292383269933,57.1268266288261,48.6724966812943,43.4896267369827,33.2137152875741,25.3989076182633,17.031204742592,10.7945957971543,6.3560173446543,0.421999232816641,0.311244745863267,0.295980046208219,0.281634117628158,0.291015992903712,0.374325245052261
675,93,0.341231664979623,0.977178180237323,0.102434786274323,2,0.036597006428248,0.0219280616859919,0.0166356875845897,0.0189881207165221,0.0185557672228323,0.0234427760109384,0.0269245287416876,0.0472619221703734,0.107496201319239,0.185440991149913,0.000350540718605256,9.05425438198416e-05,3.37388349219677e-05,4.5253537485805e-05,4.59880293225239e-05,0.000125248592548222,0.0005018108273911,0.000708727885563175,0.00489933855763204,0.0362874985482621,0.218926735089704,0.182700528943487,0.0184180830619602,0.037589970384292,0.06599437235172,0.509838807419984,66.1896499626867,60.982745881737,56.962623956192,43.761661021201,32.7579715977977,25.1412654371002,18.1695004676079,10.4280033931199,6.12731497584542,0.38339409018678,0.379443600271376,0.29720291606685,0.275042207446942,0.302182871541033,0.377381355522188
676,777,0.313312257330409,0.99247989340454,0.098012969699484,1,0.0311171799791296,0.018584568480311,0.0188794183587485,0.0187298230379559,0.0179690814220054,0.0223565169474632,0.0258280497410606,0.0453427447332787,0.110415638996157,0.185253007271235,0.000254813117882859,9.59680398672282e-05,7.88887108111914e-05,8.79678006102083e-05,9.35518499919899e-05,0.00033970529522979,0.000320331232954381,0.000950525351332947,0.00409195443930925,0.0534828160089592,0.12649231180186,0.443175051617587,0.0161864700199861,0.0161072417163834,0.0493189713261708,0.425405153472952,66.9883597966186,57.9418136554786,49.8363941320097,43.8444448996542,31.8502812619417,26.1662167194435,16.0864517310704,10.8654432073661,5.75797988814812,0.437465662473309,0.344953255743984,0.295806604830497,0.274300792141847,0.271325005055292,0.379515398550235
677,661,0.261008042859611,0.980760828839021,0.104275271445462,2,0.0344908685779899,0.0186615607623593,0.0128503158692406,0.0184869102956458,0.0188094120624752,0.0223137634355743,0.0263520426459605,0.0454571472924536,0.107324149364782,0.190038059163839,0.000312099277855386,0.000120981287586377,1.4577424814234e-05,0.000102412549022121,6.88747378589742e-05,0.000296887245191658,0.000333873187253099,0.000906218834315923,0.00386912759066509,0.0476318144887664,0.106384265892112,0.248199805023326,0.0124026593684196,0.027808755800761,0.124628318676465,0.520216094818547,76.9650497748534,68.4015728862586,46.908454362148,44.1039129535302,32.821755193876,26.7132684818099,17.9316519310211,9.17386339947819,5.81830550386512,0.41743595095657,0.338941699286781,0.296237320419172,0.27494917610226,0.284007330507231,0.383041487429486
678,295,0.316059271448038,0.981528444556319,0.104528199117048,1,0.039508238034473,0.0126687563563658,0.0171941665566842,0.0178168547140562,0.0188437532082932,0.0223004339405986,0.027015077403803,0.04623177148284,0.106786839693502,0.189989860271959,0.000430852134943012,3.20193924320095e-05,3.60391523775873e-05,9.03312279831798e-05,3.97481250977518e-05,0.000156465745815954,0.000388083428348775,0.0011584843946438,0.00418676767285867,0.0403963116795429,0.139783896790927,0.424842594113235,0.0298278560056369,0.0511623332636814,0.111782665673406,0.46556012017416,72.0052124823988,60.462198062731,57.5215430110607,43.1047644056869,32.4468701775178,24.1897743918242,18.220447366335,11.0218879212682,6.82797808007032,0.410658090282824,0.327700355432777,0.293784217811827,0.283781861039528,0.278801441493392,0.381973204277667
679,252,0.237514687522856,0.979670976154496,0.1036492502619,3,0.0447784939488367,0.0178300392955031,0.015586169294583,0.0189778746918917,0.020742467108513,0.0240702982283973,0.0257652807629617,0.0462039067497563,0.107924270905804,0.186336453293868,0.000263694383270078,0.000120042547559044,4.07818804439154e-05,8.97003010117815e-05,3.94641078303892e-05,0.000252728959465008,0.000443828238593752,0.000908206550763117,0.00446306980218693,0.0546906343791763,0.141093739943399,0.399240637121457,0.0136143349890678,0.0271640686259241,0.165223420395191,0.572315043473887,68.9258152980704,61.2943520065478,51.7587049457335,40.809551550931,31.9870411039283,25.6956067605099,17.8359649981854,10.9570410375648,6.08631073538527,0.40425975231415,0.340250883562563,0.298423895731538,0.274325655605721,0.284809295724978,0.362392633863313
680,137,0.327267910969596,0.987660766978837,0.103266748894606,2,0.0336281539289281,0.0254162602742818,0.0175810168936235,0.0168524967360432,0.0189976911377593,0.0250463384884445,0.0272516099398527,0.0459479432118638,0.106726049947045,0.185893037311779,0.000242031843240503,0.000113475399952709,4.12917292511861e-05,0.000101641137447084,6.67241326330359e-05,0.000286389166789586,0.00033859674773714,0.00102566036996683,0.00347055651430135,0.0440612532784682,0.179196126490782,0.348664713121955,0.0224765113858877,0.0224482343283251,0.0608913859104999,0.517059571612322,75.6022953798065,62.8619123642891,54.4799318201878,45.527992875962,31.5801157104533,25.0653550447121,18.1767521824108,11.8389076279868,5.84364153412344,0.417504931030898,0.350932980067618,0.292476874967644,0.283308930095646,0.268806384656228,0.375598445888031
681,809,0.319281263636995,0.982936052756151,0.107669244997878,2,0.040818687631017,0.0213076286325554,0.0169130139262739,0.0189029955408131,0.0195143595621396,0.0217293850092313,0.0268802329417891,0.0454619020381032,0.110231237112017,0.189207886393965,0.000315774478403326,9.62007388661629e-05,2.85549913752313e-05,6.80512880191396e-05,4.40076193060444e-05,0.00029286322334317,0.000414506339639184,0.000743518824116987,0.00462152832546085,0.0624450415609554,0.176792687469294,0.212783593794427,0.0447061736214882,0.0470763874138876,0.233353319663574,0.517980950887116,73.4877185781125,65.5384686350736,51.7893330014358,42.4891592015127,33.9238649569096,25.7123965687379,18.4019275570326,11.3561839583503,6.78501753982083,0.429476638867029,0.349968110198334,0.294442185586274,0.277834223921209,0.283021397571107,0.381269462745242
682,62,0.260258431249531,0.992619301500604,0.108675484927943,2,0.0356471227463389,0.0218356310477775,0.0181679967568807,0.0180860264545651,0.018391919954543,0.0243122795213844,0.0268029365249907,0.0437384339563683,0.1079400116395,0.182648735769613,0.000259836108928342,0.000171483283206903,6.127783292794e-05,0.000152375278208546,2.157769889587e-05,0.00015834612411063,0.000320767966842684,0.00100224413575817,0.00419088073522062,0.0488114994005108,0.201783330124741,0.192393987900265,0.0125370853983854,0.0261504292111676,0.0717319135932142,0.52682175119935,74.9917625939295,60.1104726798082,55.2827020710994,46.1754753091612,33.4974662364761,26.0029856748861,18.5685008385501,11.7587110436414,6.44747169721284,0.394661325583527,0.345652333945464,0.294039767620734,0.279785842189932,0.279747201300835,0.38569588679838
683,502,0.361731765496342,0.98533417121325,0.103008793932662,3,0.0412379684348942,0.0193672929676459,0.0132395404343409,0.0171014826949463,0.0216210745975918,0.0237589313414438,0.0262325313814225,0.0452172556191433,0.107549937605479,0.190056825542007,0.000272518436288364,9.29932829474385e-05,4.5869337764979e-05,0.000114832207163825,2.70087130313824e-05,0.000194659382573986,0.000403586596195653,0.000870893842501826,0.00361518088879172,0.0360393502240142,0.127138068319964,0.0999306153972294,0.0172175166972839,0.0281110059905035,0.0867958876610753,0.576638309799468,73.0423066929587,59.2416447886169,49.0280704193689,42.5363340498381,33.9376014483521,24.9964729757748,16.7821599828273,10.9078121375429,5.81286561583877,0.427158341123613,0.350702757290997,0.294093206578427,0.282938590588894,0.285342659335404,0.382633524167773
684,313,0.275234558674275,0.97957007260994,0.102477945844361,2,0.0493290512339893,0.0180807130531093,0.0119581912385477,0.0191447546199457,0.0203354716364185,0.0231755814459595,0.0279285729673759,0.0472386410715733,0.108726883036205,0.196781407919649,0.000192243261989152,0.000123452916398108,3.53460277912853e-05,0.000160288925339883,3.07003694034882e-05,0.000140900246306019,0.0002364480840545,0.00098581946495487,0.00499420291881028,0.0670563508071387,0.0936677498323289,0.391498253677916,0.0169438010631855,0.0169024755179221,0.225534832104736,0.49041674977792,82.977992185905,61.8699594376214,54.5604983486033,43.089885475549,32.9787502790838,25.1872482938703,16.4481244071809,11.5199248115756,6.60720661082369,0.437326733354157,0.334521608403267,0.295515762521413,0.281040257022066,0.296803228042096,0.389671954129
685,674,0.2898307574643,0.97980486040833,0.10104949915796,2,0.0407586827865974,0.0201564709810974,0.0147455405808185,0.0180321844852969,0.0186210137342395,0.0238135132642012,0.0259363105537372,0.0447939366342768,0.105767287511456,0.184967800082062,0.00029008153037203,0.000144931093394493,4.44192337751746e-05,0.000116479078760436,6.51254300212739e-05,0.000258039305827462,0.000442995167277767,0.00115247252540273,0.00482091376617888,0.0547900766678838,0.13155374985344,0.307605921718233,0.00763961288126048,0.0147638002177013,0.124919224716056,0.479281782670847,63.4808068161248,58.7110260814801,51.7782549422692,42.3779751973624,35.5504463889047,24.2678310490361,17.5943759233699,10.9164531133907,6.01978653979207,0.404106477323103,0.342204228482312,0.295013781242232,0.276191753412372,0.273420615101363,0.389755065853186
686,985,0.3584738170195,0.985256019608287,0.104351621729266,2,0.0304169752287505,0.0213567095641746,0.0152743675125604,0.0172685448253973,0.0186893481597987,0.0232695135340296,0.0270304123353377,0.0454855115934714,0.105578067289402,0.191636657585983,0.000292362626006115,0.000189261360478196,2.04998867495895e-05,8.90304181258621e-05,5.94433573158097e-05,0.000146775126062245,0.000318162316203894,0.00118958683291608,0.00299563165950488,0.0672202202516735,0.141320094546916,0.613863083388587,0.0294588021936334,0.0230458595440748,0.051122404983572,0.589979155171836,71.85140828721,57.4107583029743,49.6702346978722,45.7244416300516,34.2757258744478,27.1544463496437,17.6517107257309,11.4581731711475,5.62171597876262,0.431782547581935,0.346586644084829,0.295139341457734,0.278913538434434,0.287377877742106,0.399516157894942
687,919,0.313415758499427,0.99238763255264,0.106261845233583,2,0.0418673800772417,0.0274132001159781,0.0157205243470984,0.0185538233870288,0.0183462842195716,0.0231818970564145,0.0267748766704364,0.0451493864407813,0.104734764132698,0.182871491568925,0.000381488463624136,6.08056293717058e-05,3.34622461162359e-05,9.30613106861113e-05,7.69453398301856e-05,0.00026745265133605,0.000343596306968158,0.000951748894778497,0.00487351730635504,0.0528609553280688,0.133012804298189,0.397075109532844,0.018524171958243,0.00672032807766797,0.147719126972681,0.567117872040305,62.9600642817288,63.8254511579939,53.5657760891786,44.2835465677594,34.5335730809325,25.23463555011,15.9273807998974,10.3614683184004,6.49077599738341,0.398165373408811,0.335834710921942,0.294378772977658,0.278857321572008,0.264937025578871,0.368228298202449
688,358,0.273881799460361,0.984724247086227,0.0983348503163618,2,0.0404200342376073,0.0215872011191703,0.0134272074093754,0.0170689272500521,0.0199392016126277,0.0221599692399671,0.026402502048489,0.0461591901999969,0.108258929456638,0.188888697383437,0.00061524013978956,8.47227098585207e-05,1.53797482593454e-05,0.000138514085288101,1.46372651609969e-05,0.000180496544763482,0.000482850837984516,0.00123026451355292,0.0052035774357334,0.0316433225241667,0.132214705201296,0.25571180771598,0.014279885707077,0.031039261295856,0.136110129948111,0.554236612798703,70.1417712794309,66.7718382928139,57.9637007838575,43.6738109559424,31.5910019491306,22.6517808027378,18.7786791807803,10.9837487028474,5.99996107379882,0.415253958710107,0.319652004352341,0.296116597475207,0.273010775883004,0.303761323175935,0.38276538889924
689,125,0.358320764066841,0.990490008403513,0.106298919621787,2,0.0492157338212386,0.0161234212371095,0.0165191680427004,0.0161300839567873,0.0171697090367662,0.0217208473831804,0.0262026662705696,0.0458364161143138,0.106848950100972,0.188907829601988,0.000212187159449119,0.000148233195101984,5.08247032669205e-05,8.76079026288241e-05,3.5798301552548e-05,0.000277150619521508,0.000653192517358764,0.000755797319390727,0.00402791652022389,0.0466246480876229,0.140985477512822,0.331443080805021,0.0168622923857833,0.0224681836382452,0.0476953803150488,0.572800070341469,64.1103073736966,59.464572321462,50.5879323679342,44.5767965971591,36.3376642918052,26.4697715536171,18.5123547278563,11.0708173652549,6.37837319919634,0.413293054426898,0.34786423073591,0.296684640256191,0.271807195350813,0.303513489927462,0.38790174441631
690,503,0.270135879244615,0.97081825343136,0.0987928038074865,2,0.036736894652192,0.0159542836908186,0.0149355195717682,0.0175502384515109,0.0180611271265439,0.0229307383464007,0.028328501544221,0.0458597471644874,0.106479778628783,0.190201291483964,0.000300734538554689,0.000140319539220812,8.26715014998884e-05,7.83216849707446e-05,6.98336487784622e-05,0.000262707476871785,0.00035132565952384,0.000702067549547703,0.00477922865040729,0.0677071328479699,0.12247462556393,0.194269030588746,0.0107476641761857,0.0236538609191221,0.239954025067829,0.556905927675027,72.2135354302189,60.6023470911984,50.3131919001461,41.6558710880539,31.0631835640924,23.6414292227574,18.811680942579,10.5963621022069,5.92227595221834,0.414753485370901,0.348936519630188,0.294603338648775,0.281878022772364,0.282321381249886,0.392079508320263
691,558,0.255158973591641,0.983092841633163,0.107636256248134,2,0.0347246396623966,0.0143511257199931,0.0147759784371906,0.0184688313937521,0.0179227617300301,0.0231785162529835,0.0249723267846224,0.0462032475964333,0.107143209872528,0.185931491928662,0.000392885408801362,0.000156184877743037,1.88718104109441e-05,0.000123328277043931,1.85456619034482e-05,0.000138290258662871,0.000193312359241835,0.00144676139206756,0.00385245363833989,0.0536835386284681,0.130994265349264,0.407094187110237,0.00688394402568226,0.0267306946374109,0.0931231371546697,0.483562686338718,73.9458382036838,57.6669545887285,53.6538730500814,40.4250875666975,32.6539457475337,25.9478566988063,17.5770972564959,10.6758875694044,6.32196381825618,0.407459398367743,0.351105535953239,0.295379495108513,0.277969931543666,0.305012309832191,0.389955322835488
692,746,0.236935950158155,0.989313218469083,0.104902728698496,2,0.039328865014563,0.0197656649571676,0.0138148013964221,0.0162268005543393,0.0185873055781523,0.0225081348446704,0.0263915596073037,0.0461374932270299,0.108117649954581,0.19090524699814,0.000358751595227417,0.000100279952786893,1.11932741161575e-05,0.000115297109280159,4.41899036316142e-05,0.000130559288500671,0.000371613826549356,0.000975877509476436,0.00452829606264975,0.0514244055518209,0.150093707167817,0.437119179089389,0.0081136783480346,0.0351093893739863,0.0426823456554397,0.49490686059604,77.8969184757283,61.4833031409087,54.3229814089188,43.8317479996097,33.9498965890064,24.2042442872945,18.5005329831997,10.3323942046741,5.67153240130594,0.425557521411085,0.3318964496379,0.295157972597157,0.279762646354644,0.297622738539647,0.370745345565436
693,681,0.33877201992202,0.971817806895823,0.0950512271870582,2,0.0406367753548713,0.0115913800556557,0.0156525522822225,0.0187977457206764,0.0196070211648609,0.0230483602030566,0.0255215804084339,0.0449855463922945,0.10848339901448,0.187809956810621,0.000282651540936388,0.000111191357941956,5.25650808812419e-05,9.2960738075008e-05,2.37960528798073e-05,0.000133099632897592,0.000385687599199261,0.00117878796820271,0.00428483939397003,0.0436987136783517,0.108721958724671,0.525559277762411,0.0128703046512898,0.023455332105192,0.108253325741622,0.601838302546583,67.2080859912915,67.7773934395499,54.0720352401634,41.4068378781889,33.2669716208531,26.290673370965,18.0757761020615,10.9657250456037,5.73824800089611,0.391082214663746,0.343303476121056,0.294164534364956,0.279859543390678,0.291833043058686,0.372957029696248
694,743,0.331562715667985,0.989137653194672,0.10489898492993,2,0.038717135087014,0.0179675027369243,0.0190884802775941,0.0185890490968477,0.0195985442312795,0.0235495663666576,0.0266476608399756,0.0462519296386732,0.106808247397288,0.188614462284682,0.000306807503192065,4.17906396613778e-05,1.61239694002144e-05,9.17171707512909e-05,3.7589570625227e-05,0.000205435492995919,0.000380546285527135,0.0012318624082511,0.0030801449643406,0.053508904619667,0.140517425751394,0.47392659855955,0.028288644600301,0.0405708962759174,0.124255113107321,0.456511675892711,67.368351242495,62.5335861276909,49.1974911361477,43.8596329425416,34.4499402021428,23.9018122803057,16.5835891774586,10.915110809029,6.07976619535437,0.416834081434323,0.33923365018284,0.290621321706126,0.274428840795824,0.286222569113723,0.393879084632245
695,470,0.277936916011422,0.976119380233883,0.102743891669821,1,0.0410787092584888,0.0173029150472911,0.0150139393046076,0.0178040806520499,0.0187058467962568,0.0225748463020641,0.026644068347612,0.0461291877425393,0.106611681936998,0.190543812177682,0.000194267608822221,9.44587287080391e-05,5.26831908222643e-05,9.76043104076848e-05,8.46946384382534e-05,0.000258589322378279,0.000638931969296476,0.000933342279604693,0.00329546222269258,0.0411233164939339,0.107407293590896,0.355853275279287,0.0102700446129941,0.0216982425440049,0.107313573067627,0.610483247468327,71.0986437147189,55.9153306306823,56.5947077761252,43.9706527902912,32.4022947607109,24.0995910475933,17.0599780633176,11.9997688435803,6.20565515929102,0.413982889218521,0.345568356520986,0.295662278854484,0.274744895923679,0.284764511663749,0.369756428412473
696,11,0.360297686911822,0.969692571086851,0.112559095797266,1,0.041680868810349,0.0139151245128001,0.0138526018443172,0.0181011646061091,0.0204103569546268,0.0235236834791396,0.0267958487844825,0.0447368054426859,0.108466150617781,0.188395226714257,0.000244126823975079,0.000134339507451857,4.36857622358044e-05,8.66579307051766e-05,2.80760051459499e-05,0.000207382977054758,0.000371910710078055,0.000952237425683666,0.00336787382987804,0.0643884142539802,0.168893972308111,0.273580102423069,0.0117852070304317,0.0264167017575863,0.096324476508532,0.451261890791658,73.9103465492305,63.8666520536338,62.0703938851425,43.4409600493336,34.1790492205356,26.6085795304887,17.7669359489135,10.9856092940737,5.82196270837497,0.412864403083766,0.339092947888572,0.29368111237977,0.268818259665233,0.282531606624577,0.376786789689439
697,181,0.441093289364915,0.977030851040755,0.105927081007301,2,0.0416613093133095,0.0142426955629014,0.018222362743579,0.0169445420494709,0.0186701274719583,0.0221153947626749,0.0260885985938346,0.0463593255883196,0.108056485025612,0.188245718977155,0.000382252627314419,0.00010141179082773,5.62816268950217e-05,8.9181021502907e-05,5.80796671924967e-05,0.000194747028149644,0.000389641439058387,0.000999101986821214,0.00405907295180269,0.0450256668962419,0.154717739450185,0.302775054631898,0.0137102763267301,0.0256106411885322,0.0684769810764569,0.497532045138184,72.9685600024806,58.2758449524724,52.7385960241148,38.8446990181371,31.7578832003268,24.8372121140289,17.6529174538413,10.3533943072038,6.18447709248546,0.423573186362074,0.338037185930728,0.296890834132946,0.274608539314333,0.27373441224568,0.38046787912328
698,396,0.325564214371442,0.985383567230658,0.0863828593318277,1,0.047607643105628,0.0183813043321478,0.0161167972130833,0.0163943570049368,0.0186301255308608,0.0229167034432944,0.0279363178249514,0.045427034285425,0.107861324576237,0.190880169637802,0.000374005481807679,5.44594589867623e-05,1.29239767288296e-05,8.07028162651931e-05,0.000121267417366514,0.0002007939991831,0.000438783314236957,0.000938802226941541,0.00333998389990692,0.0544193906480953,0.174268272388644,0.566239935137061,0.0336644656252604,0.0203721597583762,0.0610507070836556,0.493531785316506,76.8793715904748,70.2348744289004,54.9580910770159,40.6397157326703,32.6400005057057,27.0035759158615,16.1672188986123,11.0036565584586,6.40973085770659,0.418103324670722,0.340203069466465,0.29354497482208,0.283988381043555,0.28429453474904,0.378673929971033
699,734,0.299586866183918,0.987806925418132,0.0906758579377867,3,0.0475762459733585,0.0173766941379049,0.0150360103629565,0.0171890631454546,0.0183838390230148,0.0238198212899916,0.0266497248199029,0.0441579781392279,0.110015569048534,0.186482405729402,0.000435906156552134,7.81883101554631e-05,1.47096007105164e-05,9.57812838095111e-05,8.708309457993e-05,0.000247619312178767,0.000428137274716247,0.000711715914807055,0.00368458599957266,0.0445943012651447,0.118594107461382,0.367609743427224,0.0134650998433108,0.0362879860984877,0.0345421980271108,0.453329079674543,73.5881343776645,66.9000485193749,51.6796760421054,40.0579418113406,31.4740727166665,23.0113256493368,19.1447296586884,11.6642216477042,5.907862845072,0.425239087086812,0.364625747160128,0.294098703667467,0.280347031848492,0.287335251181445,0.366089261847855
700,998,0.34950437162884,0.968461739775156,0.102425869688988,3,0.0439148368498274,0.0199854733137645,0.0155492531049573,0.018046299460149,0.0197343790241397,0.0226515533903206,0.0286755032104162,0.0452478556867996,0.108707070000183,0.182787651103141,0.000260417156782331,0.000112072890067666,2.88071118820454e-05,6.82304860821563e-05,0.000114665441622833,0.000225869825428851,0.000474128292310708,0.00129383936186096,0.00545203466334055,0.062376473431135,0.116623041862695,0.358114460623349,0.00298752968850439,0.0369808814421926,0.111004380183471,0.517666905978305,70.0392570251533,63.4056395846692,52.6345970775582,41.6495332200661,33.9120830206226,26.2692153375429,16.5512710543267,11.1117103059507,6.46577107050882,0.42329484921377,0.336212516727762,0.298146093709629,0.273524395162304,0.290192205027361,0.38201184219736
701,650,0.277141687777871,0.984104128908104,0.102392936908903,2,0.0405611369180614,0.0123969782357818,0.0183094592112825,0.0174344806687267,0.019912866174126,0.0228737906769145,0.0269981795279953,0.0446591157603236,0.107337245612032,0.189669999729147,0.000400026217300927,0.00012859490752758,4.93720888153908e-05,0.000102796213736088,5.2525788334457e-05,0.000144321922331549,0.000376842292998558,0.00107133262160142,0.00381555113993135,0.0481188327290814,0.124388028456708,0.276982928746246,0.0338788233230875,0.024239793384722,0.275053305081447,0.562604886332507,75.2463769221972,66.8035496938852,51.9324683348005,41.8215324384835,32.3412754697886,24.9664896753128,17.4248762223268,10.8059323412089,5.56095789777709,0.439739657005517,0.32881409571787,0.294632554086629,0.274551524474636,0.26502484942888,0.353829311255726
702,978,0.269544054904971,0.993603926003987,0.0959218634886369,2,0.0334620330245736,0.0176868049636195,0.0162654924554398,0.0199856279017702,0.0186988361570054,0.0225721131686379,0.0269304742201139,0.0455614640310689,0.108824520757181,0.187914646905383,0.000184024982225892,9.38856729986715e-05,6.23083951159221e-05,7.71698816159398e-05,4.73873212172834e-05,0.000141234643818109,0.000358790590494683,0.000773276610714199,0.00374323906862966,0.0484700378253734,0.12684431552789,0.314175017239514,0.0370336905876151,0.0206971541522266,0.164006618330933,0.480509895369513,76.5231020773486,58.525153557633,55.0877375084802,39.0743822665163,33.0149615055193,26.2418381036323,17.1200234307759,10.4532457388696,5.98462415798402,0.436552791126101,0.346885798855513,0.294421847317208,0.270479176129249,0.302993937179832,0.394899592968557
703,798,0.397075058130332,0.981296187315875,0.107575983953148,1,0.0356087688585973,0.0198479382303219,0.0158476944681348,0.016436071675937,0.0197078464326093,0.0234510922095784,0.0275776465916288,0.046029884916471,0.108209396264958,0.183766312338575,0.000444040436131117,6.30394206269907e-05,2.3440845810853e-05,0.000122606369509475,4.03276380467183e-05,0.00015992886477692,0.000332051985149328,0.00132331724628047,0.00375257768428866,0.0533791801834133,0.132178947419779,0.166610434187082,0.0063005400589881,0.0167057273990338,0.0594878667159534,0.507964783395665,74.6009806610089,64.8273774030037,48.2374483676294,42.8438559291885,34.4945819067828,26.4684523756565,17.6984831989375,10.7880951225505,5.89270288676777,0.425077381574711,0.323021042329727,0.295995374766029,0.276051943771261,0.295460881616363,0.366653521964053
704,443,0.320957068929014,0.985756860846546,0.106218274851093,1,0.0326705311224397,0.0108030717945937,0.0138314003754108,0.0182276846027672,0.0182299395653559,0.0222160749899227,0.0242441682942182,0.0447191626724881,0.109116183802134,0.191059260205789,0.00032527833498631,8.65442493720667e-05,8.24982337099887e-06,8.50721478753194e-05,6.90297954352135e-05,0.000218093760916517,0.000175116059520482,0.000940381645254012,0.00388505783400237,0.0568082691780748,0.154953557009624,0.190285107222284,0.0198793700335099,0.0279677570299264,0.0434279553831327,0.510174430646892,71.1274058739856,56.1855071685491,49.3940557832802,43.9295606515166,33.4034826622294,27.0641922281543,16.6739505964303,11.0820919675473,6.64359918207106,0.424504312049491,0.347683628815501,0.293378499577492,0.283607300760519,0.301767217449645,0.384913273995977
705,579,0.302777801154884,0.993077038573224,0.0946813474103643,1,0.0393718518244119,0.0204313951320408,0.015364897921141,0.0167557353170841,0.0180713541047206,0.0244649176318488,0.0271295679779288,0.0474452456863357,0.110084673332045,0.190479163751826,0.000521234515016803,8.66980229849581e-05,9.31110959174033e-05,7.73176331344633e-05,1.34642953278698e-05,0.00014573733548283,0.000305071751170753,0.000609038009214897,0.00474814413264874,0.0438077749970552,0.148167788536351,0.307922883813966,0.0164686486987964,0.0310875779120982,0.118984084442764,0.528956437774542,74.7193472327503,57.2256097153398,51.9149961715434,43.8957286515368,38.6451673161925,25.2550679770574,16.5321576724288,11.2300529424971,5.97248531048534,0.416359842686193,0.361658219274421,0.296974138533556,0.274499282672376,0.296221602198076,0.372686968771384
706,760,0.245083577179086,0.988262362035492,0.0978911951332087,2,0.0400158986322755,0.016316088081565,0.0172969972920058,0.0177915998734429,0.0193431107676573,0.0223466427834558,0.0257195143916221,0.0453457962173294,0.106856531678665,0.185898716237039,0.000250746382214977,9.18868207543528e-05,4.90814516415585e-05,6.47465994542556e-05,6.59159321213157e-05,0.000161266451912998,0.000391843560963021,0.00096040800826736,0.00427723148779414,0.04246640819805,0.109025148966945,0.162389674329281,0.0138683922210853,0.0182361625710872,0.149330244884821,0.571806513999,73.925538701353,57.33413462281,50.6845520082357,44.6639286483817,33.0086248252068,26.5104124454456,17.6482832899773,10.0431131297298,6.75813170331745,0.407821135443501,0.360168731639909,0.293465217338354,0.285530764971788,0.29663863184589,0.382495046086275
707,914,0.22107051343821,0.993968833498481,0.097269778336439,2,0.0384884129950714,0.0142498529406762,0.0141910581064296,0.0166632864432902,0.019487541958932,0.0227146294826751,0.0255272825122435,0.0458888254190543,0.108458629750008,0.188165804969705,0.000282736150810238,0.000105840190495027,5.78765843459897e-05,0.000119752235672776,4.23781865394156e-05,0.000174175870724514,0.000279488084251304,0.00137063006816552,0.00427164318765215,0.0590865171128006,0.163995124088532,0.32336104361521,0.0153159635348473,0.0222653843876712,0.0689044788435564,0.538195101787808,70.2807779054297,56.5956168188772,52.4933328286327,43.7401334343661,33.1519360266664,25.7422498232596,18.3197330941436,10.6400466733529,6.14789554263913,0.42380909870914,0.32022103129935,0.294362584527999,0.284708197088632,0.304695230878741,0.367720047517621
708,818,0.235582468762674,0.981740888102853,0.0884760719177201,1,0.0336406916355466,0.0146368896394129,0.0163326665896575,0.0187914690562845,0.0184177575580041,0.0241093968353703,0.0272990475363571,0.0462843494344238,0.109986458671366,0.191683389507204,0.000470898795472768,9.68827876659595e-05,9.86970001918593e-06,0.000111652900070497,2.09275147412304e-05,0.000135652466057737,0.000393642856920556,0.00112466121843871,0.00408096482968579,0.060819126067748,0.123227056750501,0.0438693338088684,0.0190348923798865,0.0234319276507107,0.08229093801453,0.609794843377244,67.8065349235223,56.5537914776409,53.9763016904182,43.9922867673595,34.1883366202157,25.7618417545411,17.29910947902,11.3088355862698,5.87945903815936,0.401443462543162,0.345110921727414,0.295727923614566,0.27999566728542,0.268797099734385,0.390625054677781
709,642,0.235216365416376,0.976928884871025,0.0880495484277069,2,0.0384219929746155,0.0161178632022635,0.0141599222909704,0.0183636122458424,0.0166708304500354,0.0223095142895858,0.0280988725408793,0.0440914677723946,0.106320040269555,0.190154187037658,0.000332717959709703,8.99763873144491e-05,8.91850255414621e-06,0.000200407926803861,4.25554188280347e-05,0.000196147511730048,0.000334085096385978,0.000571127069983961,0.00345726598328597,0.0702977606284153,0.0757640731839459,0.249439143919753,0.0111287017099046,0.0192763886433792,0.112759173943088,0.4977164775558,72.4207392234382,60.3701326287752,54.7353002801406,41.299450500738,33.3676733317606,25.549122424885,17.0210845985085,10.037400706144,6.09514901900666,0.410577989917431,0.347629449600124,0.295115699466137,0.284642341479644,0.268567001792589,0.380937124446229
710,419,0.344096885031507,0.982660237015154,0.097040848512319,2,0.0369117184924404,0.0149009242073107,0.0176910634141068,0.0182746344678948,0.0196367345765529,0.0227042580655551,0.0275308812415846,0.0443738359442998,0.108309612231135,0.18772556047982,0.000448703766265601,7.38671496309695e-05,2.76815756277917e-05,6.15644420736613e-05,4.88233790240578e-05,0.00011851120464207,0.00047189318557259,0.00108897018475449,0.00339164506453627,0.0614993797464725,0.132588298311118,0.480597390711855,0.0123450202424804,0.0130405560182951,0.0973504649151484,0.682790752653888,70.7839588092247,58.8246468274354,53.8678100160138,42.4043546267914,34.7313560606313,25.9359221531821,17.8822579159468,11.291004394624,6.50742345569649,0.432646767776119,0.33175630146395,0.292305009789613,0.280310973976599,0.286748703754569,0.368786054068227
711,399,0.260563922000471,0.983610931039841,0.107253879027629,3,0.039451033281436,0.0207681544280688,0.015573195154409,0.018670284576102,0.0200761151851083,0.0238411953572307,0.0265265711356641,0.0446412720094194,0.10951935860165,0.190978676926876,0.000250189081738369,7.56459182970003e-05,2.48132649007434e-05,9.43928379557651e-05,6.24956561097589e-05,0.000206942518005808,0.00043181725359121,0.000841051177489919,0.00458286782865966,0.0578018426554731,0.160265764778928,0.307337073940365,0.0114817602716204,0.0486928773363044,0.122586927892322,0.505489072582165,67.9585610168025,60.0172386920658,50.5896537536744,42.6770181629741,34.2696056550385,24.6625927555153,17.1013033114004,10.6767554830678,6.26154634587135,0.415370360096228,0.329703211252927,0.294819949837815,0.276962650999838,0.27951661262154,0.399803687323463
712,60,0.300666623665475,0.985230505505239,0.103927102229858,1,0.0296781022989178,0.0158979642807989,0.0131779942606234,0.018909162333655,0.0201795881275934,0.0232602622690222,0.0263837772124957,0.0462653372017313,0.105792053284767,0.187061439531934,0.000273786151312405,0.0001332948001515,3.98955766951407e-05,5.75182126857592e-05,4.53578053837825e-05,0.000235404291337118,0.000362318549004455,0.000861698696485488,0.00343504919027517,0.0339647173063088,0.0710575291419097,0.238637203081895,0.00986760023213254,0.0256734334120339,0.119728029072393,0.45957230139863,67.9704902529133,62.0416645771104,51.1526985885977,46.0888874281585,34.2885468000884,25.7834962131823,18.5047518983509,11.273738604585,6.24322712080963,0.418614967873358,0.358229095911717,0.296940296467067,0.274392896104822,0.308963264137018,0.373514078052623
713,462,0.278539260870851,0.990414329317692,0.102269607365285,3,0.044172324713281,0.015677321311772,0.0169939343637913,0.0175733332511912,0.0184330918618265,0.0222661419395485,0.0267190414582827,0.0445511169741067,0.106706147278787,0.186525580684562,0.000371245478320852,0.000120430820733679,5.10529106637373e-05,0.000210751242117761,3.60310809016457e-05,0.000214992893290412,0.000472371418240205,0.000809094737943923,0.00429258687889413,0.0577168303137254,0.12420225869461,0.142519237116942,0.0152522696390114,0.0144302567086819,0.325992873348689,0.515078529567729,76.4104330307352,63.7485413553335,48.3333622208999,44.3433163500591,30.2732830487576,23.6111028828481,17.1543890373457,10.464319927903,6.57643720030922,0.40926434554433,0.312965148713873,0.294362103728399,0.277568396769633,0.29181111758147,0.377930882616863
714,402,0.309157172301802,0.975924636482529,0.101529928048197,2,0.046951020168184,0.0145951849224792,0.0133485689784938,0.0178108178942735,0.020155720868119,0.0236404864540897,0.026971553980354,0.0451332740241005,0.107346196224511,0.189100673827901,0.000341073577565066,9.52147077879087e-05,1.36329918997493e-05,0.000133118366504022,5.33446194083864e-05,0.000342561870431691,0.000328730919451937,0.00116838904984728,0.00500537136514542,0.0376365220719936,0.124815509478953,0.329169297335959,0.0344755177594532,0.0233403980440965,0.111507568870954,0.575472904831847,72.6440781089351,58.1372110626704,48.3533335146622,45.2963932906084,35.4954348217459,26.0056219469551,16.9456750455472,11.1397620675001,6.06250925049765,0.433334720095372,0.330614909180214,0.297870510999718,0.276344352063451,0.28134919536908,0.384410248953312
715,3,0.321751180707037,0.980443542104556,0.108331431914131,1,0.0362696200701088,0.0265905051974975,0.0160838546065442,0.0180934374303928,0.0197815691923926,0.0255475915476285,0.0259635733600942,0.0461614090882083,0.107607463522309,0.189944854399174,0.000236227391590962,0.000192568494140294,2.78433167411324e-05,0.000113270089692621,2.49413443724961e-05,0.000191995024782778,0.000291683535938663,0.000982133183457901,0.00443643240750022,0.0380756659427931,0.154599208990569,0.301795871394019,0.0312436150433898,0.0385684473848967,0.186637190501295,0.555892181005571,65.9602525777638,61.6694637116042,54.2190491908256,38.4723893781665,34.941593452561,28.1853029700414,17.3043035170338,11.0318288982215,6.4156163485067,0.422720534868808,0.343115101064819,0.294130365486315,0.272827604595373,0.264160709151211,0.377734257235886
716,311,0.416789845239643,0.98297217389148,0.10855053924717,2,0.0370631682855423,0.0140072179424847,0.015192841289686,0.0169196450980174,0.0197109072414311,0.024161455214899,0.028149570120906,0.046507051062484,0.107282669642661,0.189740594061911,0.000479636073319862,0.00019801715627951,3.89710881391739e-05,9.93204616228354e-05,2.34260515551689e-05,0.000238102300939838,0.000448512043071114,0.000614195544903713,0.00417655015756624,0.0490480694374551,0.167628541393076,0.323991283089093,0.0204922673982941,0.0269467184523359,0.107530740199903,0.561659241088556,72.3724289229031,62.5980333592109,48.8234379529134,43.2943472619342,32.6591429080157,26.373413865704,19.2207101922673,9.91692272839045,6.27330745973247,0.40858863252109,0.333306697184507,0.293058099839125,0.275081224419482,0.275329647183986,0.384641540177633
717,41,0.301601618316582,0.988385093892713,0.0932411406289717,2,0.0432785115811126,0.0191158898646175,0.0146531926693555,0.0179149029563064,0.0193925974478377,0.022465375218581,0.0292190783524801,0.0448099741752155,0.108598091717252,0.187555941437772,0.000390864029748846,4.61850851539309e-05,9.7380973056688e-05,0.000131619826280808,2.14345765951495e-05,0.000185767669599419,0.000449154016503997,0.00125940733502679,0.00448879146571213,0.0562241444238587,0.165465333706274,0.247063125394257,0.0222212467251227,0.0320749255245977,0.177295137551575,0.48302981524831,72.9952125366763,65.5222202915846,60.8865136743245,42.0218148820313,34.0674048658205,27.2080253868636,18.3433944488421,10.4324893258008,7.04307773858005,0.405822702136866,0.347061824647516,0.294642093664061,0.286690213563455,0.29337967679544,0.371653036727963
718,920,0.230583646643842,0.981406618174563,0.0945112848103238,1,0.0374389765587681,0.0177902131847371,0.0163760004261774,0.0179953562973604,0.0188259978596382,0.0229622420029639,0.0258694809689817,0.0443066649720034,0.107751614147419,0.185480644108619,0.000545113702097542,0.000104177118624716,2.08671619505925e-05,9.75102447537313e-05,6.12978953624773e-05,0.000213104106578895,0.000400232870852848,0.00102034762197791,0.00452267880517787,0.0525586306908423,0.112634303273688,0.291121027134686,0.0454447244348196,0.0215591624281387,0.10365303798316,0.514954804706224,69.6525821861005,61.3826580711795,51.2167989614363,44.855817067795,31.9257622190831,25.5161570181673,18.4323847276822,10.6431367707149,6.37180336805483,0.407370844192589,0.350822191020392,0.297788586644645,0.282145657451345,0.298332517545768,0.380684578651634
719,528,0.26795586571679,0.976526949791057,0.104028475602126,2,0.0421678428472455,0.0133625364110018,0.0150766052650493,0.0191513542525845,0.0204418238226111,0.0244056531513657,0.0272712979025422,0.0460455003662905,0.107935112007434,0.186384271224832,0.000393974051528758,8.48663415283112e-05,2.51250855715563e-05,0.000129436860732515,9.79278181841501e-06,0.000183088451816164,0.000373560812065668,0.000869282531791071,0.0053237224855031,0.0545027402848842,0.137325243630007,0.332997036566721,0.0215252554615739,0.0162057208915492,0.120653320785567,0.566772364533738,69.0186525927304,58.1793562461096,51.5249540126986,40.9934720654856,33.2417998698846,25.2981897013284,19.3692734242076,10.4985466652614,6.1275973724297,0.425394450453512,0.33300794881473,0.291137921246876,0.275577468788861,0.30298717592718,0.393264240553034
720,508,0.291139514051068,0.993861752836861,0.10858460902419,2,0.0359518145032512,0.0160482110052962,0.0152041933563932,0.0172346869959644,0.0164311674969008,0.0236211173517221,0.0265642815690187,0.046082956987669,0.110665466561452,0.190955683747188,0.000394841916895864,0.000110861993254034,0.000122914612189544,7.49477283998343e-05,3.66619728564436e-05,0.000113199402621044,0.000421557964016351,0.000780570097865002,0.00428905370015785,0.0428571498668075,0.118007864324827,0.404101204845024,0.0339921693873052,0.047734658960271,0.29766311624177,0.532241539908238,69.3309029583053,59.729141464823,51.0406476227439,42.4797792000146,32.8116369260829,26.0759202754218,17.3816350077144,9.92488301107927,5.92618723727766,0.422004228419248,0.35099142892999,0.292210631939019,0.272586978000484,0.301742291342711,0.37523862079896
721,805,0.27438367545183,0.982886683156813,0.10411170406096,2,0.0420246019908981,0.0149405609648158,0.0167026497299334,0.0188691448272931,0.0189653040559157,0.0231593931165161,0.0268537887959273,0.0459672496628413,0.108642017424501,0.18485147313384,0.000361923012017391,0.000146874802632031,4.61037848868172e-06,0.000100342074351626,4.07411947377079e-05,0.000251221060437775,0.00053083810562674,0.000984505492599874,0.00404629616562225,0.0410672241673338,0.128642443108233,0.379430861346607,0.0183664872692216,0.0301074237405134,0.11343399449271,0.563184482586452,70.7961453551486,66.3459633808843,51.4937341912731,42.2326886197088,31.8984905980116,24.9089759122319,17.8730569092192,9.78128146397213,6.62812601936626,0.43722113902345,0.323446422963427,0.297679603154774,0.274015646258247,0.278172657638296,0.392131443637624
722,610,0.272231959454231,0.996625892967112,0.107496419156835,1,0.0435399855007585,0.0146449374933251,0.0177352118531117,0.0179642807747824,0.01788746756147,0.0236197745833054,0.0266008106162714,0.0444419877947341,0.105980606966907,0.186024844407344,0.00036445138970208,8.32174814277532e-05,1.69322307176221e-05,7.55599493392587e-05,1.58411025569897e-05,0.000228123244116393,0.000456018225293786,0.00119607368656194,0.00368219997500526,0.0602626584156551,0.134721549166195,0.180581640332937,0.0204341826420072,0.0250283110714535,0.0583115533807181,0.561634277710514,69.8989248600237,59.2275886808165,52.3005620521033,44.5064337264429,34.0747023049063,25.8928711968733,18.1235177996647,12.2944525578785,5.87060820868432,0.427490509719939,0.369857684221485,0.294583093485623,0.280890367246528,0.28474712565062,0.399410465258036
723,658,0.234186828428676,0.98671039196406,0.096888987329924,1,0.0425820382018782,0.0235762818215144,0.0177521138869733,0.0159832562326812,0.0193857352890101,0.0238093813830298,0.0279118631105439,0.0470974097630862,0.108407098610113,0.185999487515755,0.000275736194235184,0.000127578209625615,4.05031253710867e-05,7.46620763543667e-05,3.13517008832935e-05,0.00018216000297898,0.00043757550656556,0.00140713021730525,0.0043013042845607,0.0482316794324673,0.12039692088328,0.12185071088739,0.00523318934596767,0.0108400124419754,0.151643319094866,0.499685457996346,68.1314411890536,59.4171574946454,51.7480246910067,44.4431080090543,33.2013602424147,25.6972435047902,17.7721401320798,10.6728847036183,6.19950606448224,0.422556018976268,0.338852549052558,0.294967642587305,0.272710735457948,0.287828977851135,0.370218787089321
724,912,0.261734490404937,0.979739099245945,0.0919409193598072,2,0.0464692402673145,0.0207072117016989,0.014944354243428,0.0181718050370786,0.0178279050092564,0.0233207450397749,0.0268372939042394,0.0462934447672175,0.103634788661495,0.190830002586099,0.000542033105010182,7.65820021707032e-05,1.37245659614317e-05,0.000117174190529692,4.14121073726834e-05,0.000178030352616754,0.000426075430487294,0.000868380769767245,0.0031380486804015,0.0327991922507468,0.101343898053087,0.238205399091617,0.0121733290566101,0.020201281831269,0.0884701370827955,0.546597737336771,70.1283032951805,64.9946271699005,50.3790456343265,42.6269541148812,33.7314650792715,23.7368862730295,18.1805333928671,11.4284032742989,5.70861118176327,0.409837962862287,0.360649320127503,0.296130164791617,0.281552133373952,0.28032908585828,0.359970101400104
725,870,0.295121643791042,0.986649296729323,0.0962856719494324,1,0.039277913375611,0.0168927278822317,0.0158161588191049,0.0175847820642673,0.0179505735377796,0.0232679194120738,0.0270824474151525,0.0467387131570951,0.109826304489346,0.188203298035269,0.000319323814729692,5.82519989757511e-05,2.56250318134542e-05,7.6668689987612e-05,2.43426672150201e-05,0.000189595838629814,0.000427108996016279,0.00107328441365604,0.00371346366629184,0.0516041994707035,0.158833073686779,0.201721212155424,0.0061696514582522,0.0191064905589554,0.205978527897073,0.522409101088579,75.9718559412054,63.6711698848762,53.0662309901598,45.1008328404882,34.4831514916721,26.0809062968012,17.6137067371921,10.6165544698273,6.34504023413023,0.392102696097554,0.336845619174723,0.293607294834632,0.277386335795971,0.278174544187434,0.405842174488449
726,247,0.342184611409596,0.981114808521066,0.102651986357261,3,0.0482683702150332,0.0168266868958866,0.0145548586669576,0.0179902194117211,0.0202480034579737,0.0234182965536072,0.0261032563602148,0.0458859418516053,0.107541968901595,0.187161964261613,0.000184662463153258,7.858104258485e-05,4.88624503076813e-05,5.81594603732903e-05,4.42777547061282e-05,0.000141973505889419,0.000321457140969879,0.00118249790819896,0.00357233930583997,0.0471962725829405,0.11610696570229,0.308386073133527,0.0341332621510122,0.0305242994953383,0.173568385239362,0.500575078093854,69.4276998208184,60.909009811863,53.6911642358016,40.5849649376712,34.7759735541982,24.515164766135,18.6099106952871,11.3301956769756,6.19498867808851,0.426118632721624,0.328416006822624,0.292090340146247,0.282760018417589,0.288654732463069,0.395201306655324
727,341,0.252154179505287,0.987180064896643,0.0988133986373389,2,0.0400996503850745,0.0162078032907273,0.0144271314567043,0.018121859304235,0.0201988626281975,0.0224025870611984,0.0268116472674841,0.0481209552241423,0.108564231466493,0.185731306202219,0.000421990178590142,0.000147224029199855,7.03945217492674e-05,0.000100269791659819,2.90350282605268e-05,0.000226528474010714,0.00038595059357092,0.000698994622875949,0.00413625731257264,0.068329283860066,0.111180635543812,0.443013898418439,0.0155439093833121,0.016227480794289,0.055335929906524,0.496959178585409,68.463260996627,57.5384846323334,55.4391079796229,42.9558677905642,34.7471159972298,26.2990970878263,17.1063469149005,10.7302680878522,6.0723841470013,0.413417192542735,0.33654193135,0.295450908545851,0.270085344980801,0.299419446709582,0.370379006426039
728,246,0.195200872993095,0.988127396877334,0.102195119664391,3,0.0410593760866461,0.0169486192791689,0.0153069182572826,0.017431301929633,0.0187601459888665,0.0234644070853598,0.0276478974321789,0.046300214971463,0.106537872569376,0.193142780888163,0.000483166958833394,2.97436638141839e-05,3.98013709561865e-05,9.58306548364517e-05,1.75230016346528e-05,0.000246036629603305,0.000350556232337425,0.000648852537244807,0.00394627968464298,0.0564366059347478,0.142047805720348,0.35555517752486,0.00847025523322628,0.0220395379245946,0.108369767030911,0.525926403746822,76.772868183995,63.2065545722905,54.2994307423596,44.3161129341879,32.9537117278287,24.4877977445826,17.6838668084367,11.7781452424439,5.74241441149515,0.423522836007181,0.35064917662088,0.295355626190826,0.284459614302297,0.29388111398121,0.377522367759859
729,706,0.31914994880304,0.994307879329568,0.0977923356962406,2,0.0395329050049111,0.0226388710758593,0.0149427162122188,0.017937039363854,0.0183034204780801,0.0240571796858843,0.0274445078736871,0.0457560136397337,0.108194367634556,0.185091822022036,0.000289277845696721,6.5052211951835e-05,2.81745852938062e-05,9.65595627777448e-05,0.000106052078717517,0.000188550588163633,0.000235312024294552,0.00108450737588239,0.00448178770890015,0.0579233146860647,0.141726358182269,0.227852884239779,0.010904472626489,0.0348579955518382,0.170761839571712,0.5226805194042,69.2316541075188,64.3465211013518,50.2027534021107,42.1718419368809,32.7454636620707,25.5513681644899,18.2766806433531,10.6276903515568,5.74817028870404,0.418229671263029,0.342652946497412,0.295350591016342,0.271927203553409,0.29366293743926,0.384729681814441
730,999,0.28010397025285,0.991126710896039,0.10108862264604,2,0.046711162142385,0.013010790602142,0.0142975342574307,0.0178893116336754,0.0183019745308769,0.0235290920782347,0.0273906229993105,0.0451862808809982,0.108025372484182,0.190140612025483,0.000281353336658777,0.000130339347981204,5.68540012563145e-05,8.76635554771513e-05,2.31542962385153e-05,0.00012914911129468,0.000403142545013418,0.000930872480228935,0.0047003250735135,0.0458349302234873,0.0946273066471814,0.411969466341496,0.0358644909419613,0.023894829060761,0.111608333074191,0.531490323514984,76.9392528232819,63.4942103830288,51.2597274954501,43.555834423458,31.9380603856444,23.8978758349401,18.3089296130344,11.4293573440599,5.83104258224489,0.412362250440315,0.329334918712705,0.294311712515598,0.278067917477031,0.26747313470777,0.389369339013802
731,883,0.278460500438338,0.980403762282892,0.101311545535625,3,0.034573461162363,0.0168372719811908,0.0149787352664277,0.0164503564956425,0.0183333204535475,0.0227188495201059,0.0266107109943905,0.0450224938447082,0.109466619389293,0.193294590889667,0.000233274533605923,5.57405980434639e-05,1.36757556985767e-05,0.000126718997691465,2.77446353375651e-05,0.000289700160236694,0.000364966111462386,0.0010299030904464,0.0031078202921822,0.0550855979082747,0.123525035819398,0.463566494774926,0.0146828088767732,0.0281606094288368,0.0869495854206934,0.538895339786506,67.3482058402836,64.0660681986839,52.0065898062819,47.3674545960795,30.7135676084047,25.0180811235417,18.2268574728688,11.711880693723,5.77096966209188,0.39765290880367,0.34676363240886,0.292490481941525,0.273745327230526,0.283547431801486,0.388319741468381
732,909,0.343155296290275,0.9819515374676,0.102553664848718,2,0.043740015005597,0.022355662653782,0.0142932203888506,0.0179497891835901,0.0182908986670563,0.0247704419558097,0.0267224562599923,0.0445628619122109,0.106891704814659,0.187636874692596,0.000244027498113888,0.000149965273439681,3.31289031894732e-05,8.88600791542665e-05,3.4292600525103e-05,0.000142277559613826,0.000255988641461241,0.000977097045654994,0.00375774355566355,0.0451249816634335,0.195460643254167,0.20957263735015,0.0203846111626918,0.0193679792624157,0.0452664032532282,0.474148659419208,72.6047558447453,65.6919606291488,52.9793256302247,43.231058095556,33.5834853809693,24.8048401157977,17.6471248826346,10.941139040193,5.81529135025351,0.407221062640203,0.350211421104889,0.295098089083209,0.275459320184343,0.279465165081178,0.365270196087891
733,138,0.254881644576144,0.970717667656887,0.0991742893060289,3,0.0402343267465656,0.0196811539204016,0.0142331824468833,0.0173545809750477,0.0189604528958021,0.0240593675651021,0.0283824838690732,0.0456416507425216,0.10891611908779,0.188431114971546,0.00037716040799799,4.15092407978365e-05,4.16300658916184e-05,6.75574602834865e-05,2.37178630495788e-05,0.000220546512090487,0.00028272880002026,0.00105500222314509,0.00354488057782753,0.0573896958955894,0.107194803673468,0.115001623036216,0.0130183008690533,0.0296934822540097,0.0791558825826574,0.608514672099615,72.7212068623409,59.0649812009442,56.117966503213,44.0765378008615,34.0783694726444,23.9138707797361,19.8931464130486,10.5077231392117,5.75532487909386,0.395874754647429,0.325593791612523,0.293033466435626,0.272443406759473,0.289751703102449,0.393916615591233
734,436,0.339382171123563,0.982200020551235,0.103414817251566,3,0.039712752292142,0.0200888185093884,0.0140777434530683,0.0190215571172697,0.019403780149823,0.0227280247823637,0.026368261316678,0.0454030277014587,0.106665591278021,0.189960317663956,0.000306094593502268,0.00010955427967686,3.99467632570481e-05,7.64935463877421e-05,4.17448938344628e-05,0.000159399933853055,0.000272641376885428,0.00103507589916472,0.00565246860483405,0.0493425893020213,0.173691906340324,0.369985424181252,0.0147673307223465,0.0186368576241635,0.198092898668028,0.510890040691957,72.7852373572525,62.1403284214974,55.612781513489,45.081832290192,33.4265415524416,24.3293113147887,16.9494794418904,10.9186046409221,6.04717932528378,0.427097378917794,0.327575987273759,0.294829590835469,0.28860931392084,0.290130894396651,0.381631032135468
735,723,0.340786042273147,0.987370650597038,0.0953276486185366,1,0.0437830079596995,0.0165967171028598,0.0144918540681113,0.0180785295525623,0.0189871114139712,0.0225877847182209,0.0263381854981362,0.0465544953967797,0.104527869172778,0.186449636744355,0.000158993562197767,3.99034014199758e-05,3.93528822601006e-05,9.41594307447873e-05,7.00407666720035e-05,0.000307652956395811,0.000382896918784363,0.00097971328628483,0.00324379901968144,0.0539572418947161,0.102555448313862,0.39195970855583,0.00960519555913022,0.0311321567420827,0.252622016454227,0.553583411391622,75.0925979095035,63.1805450592374,57.6458425515682,41.3535342945392,33.9098497097027,24.3934318805841,18.1452349067556,11.672184961913,6.51263558919989,0.434249691548006,0.321128718718825,0.296857829585032,0.273327413132335,0.265508502785528,0.370113548228975
736,133,0.299646951350078,0.975554412263012,0.105353662336077,1,0.0352896669225647,0.0161936327157002,0.016179387248098,0.0172526246957829,0.0184721963600978,0.0232890109540543,0.0274886330738773,0.0452512556698723,0.107944552361986,0.186647333842504,0.000251758338469098,0.000106749480316659,3.55244983359549e-05,8.87537310293526e-05,1.31223245084075e-05,0.000190448613622265,0.000321940467558588,0.000726284212889105,0.00417467139141244,0.0471302345150013,0.127237610375205,0.303220531844886,0.0186793224532651,0.0183288428303323,0.0764365084959517,0.553173216522857,74.8165944394142,57.8824923201181,50.5226190431353,43.7301036029564,34.152163653233,25.5243290903224,17.7406425529244,11.6627252265171,5.92420925361,0.391552404755551,0.352351956947018,0.295585116823295,0.27775518417011,0.279601459392251,0.389562539409028
737,334,0.271972311236845,0.985569765253169,0.0969119548926245,3,0.0457189196366978,0.0182121638854097,0.0153218511692981,0.0185044900204225,0.0187627423835165,0.0224432899214298,0.025981145455057,0.0440581179363352,0.10748465228242,0.187844656510696,0.000270322178966659,7.39841664312888e-05,4.62471934759806e-05,0.000101582265378451,3.7492399826397e-05,0.000232271799870014,0.000397052238680449,0.00107477569631078,0.00289846364957533,0.0489375876189118,0.129252998075892,0.213598827827509,0.0128283684212883,0.0421016051651332,0.0373342269067005,0.599361920173054,70.5452480191637,62.4353796110037,54.6526485909621,43.3353817421387,32.29483003866,26.3092691991187,16.7928704500523,11.189641739567,6.12651836486576,0.407868065908671,0.35403864337088,0.296614123317977,0.281916732520862,0.303483553569394,0.375778868449249
738,733,0.249189100703619,0.974554422295213,0.0958082471009754,1,0.0442797926201124,0.0173346916091116,0.0151258381611734,0.0182963121555301,0.0175626326528138,0.023675285742052,0.0272533864941964,0.0442929110874871,0.107767688943769,0.184700911080609,0.000177504797283677,0.000129035603324574,2.00520598566778e-05,6.51178604606803e-05,6.27297134796385e-05,0.000133458306710585,0.000429871442907284,0.000928693040539679,0.00430913613861452,0.0423873027894745,0.116964374610542,0.253174087089084,0.0112459160639714,0.0259978787539868,0.135563393033312,0.4760973406613,70.2921984608762,62.7766187226346,55.1413397232953,44.440178467046,32.2870273700206,24.3054157615978,16.8477591280034,10.7052102364797,6.36084040354042,0.399036072710816,0.33371135411631,0.292928831445571,0.284130908125029,0.294329592149179,0.374997575686068
739,181,0.290926953379229,0.990069466816807,0.0976496359045747,3,0.0409274374937869,0.0139552343962515,0.0177902046307681,0.0180752461134915,0.0198028602402137,0.0222138731973588,0.0268229339018268,0.0448844861079509,0.107531867027479,0.18927344808074,0.000228074358720768,7.67603732729807e-05,4.38808465457532e-05,6.5929844906023e-05,3.26433183710799e-05,0.000217008154262338,0.000278741234059426,0.000853126467006698,0.00426667215067343,0.0417652313762715,0.0991864737678037,0.32298701608659,0.025073983017251,0.0227961959910257,0.22446080488965,0.487930531209795,77.3596566974185,64.031215549347,54.3167673382265,43.937888561233,35.1326949481382,24.8859541700524,16.9147194985434,11.0663117323347,6.32807119316792,0.416558529287181,0.348429120478316,0.294036816434149,0.274408828520309,0.281408161912486,0.375971886493997
740,643,0.247811709306508,0.985659951384317,0.0995054661350438,1,0.039848675725187,0.0170809533720116,0.0148670368704601,0.0170612938747485,0.0193726350928387,0.0234536506155908,0.0265973693541592,0.0454749896025699,0.105240282615476,0.189657946326258,0.000203423544848241,2.31504694141274e-05,3.64259884390955e-05,0.000125170440316268,3.41955167297852e-05,0.000210725206319476,0.000292084154862768,0.000918881555883474,0.004114384077925,0.0477476766113314,0.12956913010912,0.428092292579162,0.0295354572387869,0.0165725551489782,0.342470988136296,0.510980795178386,74.704102799724,58.2347961646663,53.3400628388123,40.3912033197512,32.8836877451238,24.3704299996721,15.9371232819487,11.403256170997,6.01097766395496,0.412982415876934,0.338288222254374,0.293593172249126,0.275902587654665,0.28111104225914,0.393255723043595
741,419,0.326657068863727,0.992224907586089,0.105384893851869,2,0.0386810353159711,0.0236101658246752,0.0158340340714719,0.0165875445083701,0.0183207808374322,0.0241848659713043,0.0261204408750159,0.0464265587214193,0.106963175530614,0.1885404128722,0.000411192129234664,0.000131382142039015,2.20905300124521e-05,0.000165505797064786,7.49062106202596e-05,0.000395503200010041,0.0003642594294641,0.00130445146222087,0.00372278565336471,0.0383765743663928,0.159447641760418,0.136219233628356,0.0173159816543967,0.0254431064260528,0.101040578510506,0.571334519781976,73.0348285361869,59.3481128082611,45.8938586460999,43.1615302585735,37.7910778497992,23.3266190654218,18.0524828949072,10.5726166193622,5.34034077258798,0.421540683629997,0.354725374123301,0.296452945049737,0.280356962854762,0.29692155555728,0.372219644944781
742,206,0.299080567655129,0.97638162366893,0.0962591012453139,2,0.0381824301596415,0.013287823670859,0.0171047000259068,0.016655453503003,0.0191885807549756,0.0218056187174808,0.0287213342775383,0.04507689668994,0.108621319980865,0.188112981602259,0.000603702649991747,8.24943677817574e-05,6.32247320044699e-05,0.000139169404558033,6.34651157343669e-05,0.000159155284935973,0.000413429172006232,0.00128653666773605,0.0037738112524799,0.0741875508297787,0.105625067315787,0.154117774163036,0.0135894836740501,0.042405525523941,0.0856845724055178,0.559012877567671,71.6652635776374,60.2695283614475,49.7971526464513,43.0447969049945,36.5891955949703,24.1509929856363,17.8214576691752,12.4446575568714,5.7961525881946,0.409576102848515,0.343467767810827,0.295484165552685,0.276636576412043,0.299221893527207,0.394003487270585
743,14,0.310744104155097,0.984855014657933,0.0991894992016241,3,0.0405453396613878,0.0189010893428943,0.0156702172470096,0.0171064302324442,0.0184698453409753,0.0245267668482574,0.0254554263067526,0.0438199772835555,0.105919726690909,0.185987738384995,0.000328852250689922,0.000125111861021936,2.79847919270799e-05,8.82897498729273e-05,4.46772829984049e-05,0.000135336541010936,0.000260206359538225,0.000969063159258361,0.00419769911903094,0.0374402117125989,0.118179079087847,0.316855378926088,0.00734317985340402,0.0304695168025229,0.0575955380316444,0.528672250910807,74.8104571573322,60.4691654950426,53.4263748632438,45.764159922082,35.4152426708211,24.3875206271815,17.3336264054095,11.3451954497041,5.30358323193004,0.43723667060901,0.33496629372812,0.29355812067863,0.277292972445477,0.286659916887393,0.364012384080646
744,645,0.217905975445238,0.976634639181986,0.0935504855697715,1,0.0360323203908778,0.01475365997689,0.0160293467321263,0.0188746677549513,0.0185313485317454,0.0229626914569841,0.0276860665000785,0.0458012329241153,0.108380520332411,0.182113424760569,0.000360800744275862,0.000124166923788487,7.27604484395523e-06,0.000144658633018954,4.43738799586811e-05,0.000224112975253897,0.000261841795387584,0.00068995252892006,0.00398459068577884,0.0421791681878215,0.128331894538573,0.244074587371726,0.128276421749952,0.0238527567235398,0.102117206591914,0.454277930087734,74.5138453965267,61.825855732429,52.937504890937,45.6180780178371,34.2177393052605,24.2403950010291,16.9842167412482,10.4144010151137,6.20148954428781,0.398057465743351,0.350501498202666,0.294031526272437,0.277000066060596,0.283921607888964,0.361507524435563
745,56,0.246551399514418,0.99050531674057,0.106867465365675,2,0.0345503191568065,0.017704384659005,0.0134995090916811,0.0169744903288537,0.0196625610150825,0.0225935959405166,0.0260183834639016,0.0446068328100395,0.108795643005993,0.188740256773175,0.000413781342908453,0.000116781948886775,2.94562453830791e-05,8.10165483088737e-05,6.46865397658257e-05,0.00011554426354785,0.000502538394882808,0.00086030808189296,0.00312365669621304,0.0665998282048198,0.103735450364855,0.209269720027071,0.00685965528607506,0.018397186202651,0.0737853027924063,0.463778340583806,71.6098175357006,65.5580386215883,50.6935605216084,41.6182207376286,31.9071690219849,24.0969222719208,17.7805531426872,11.5681109614829,6.04987999234062,0.42801508973297,0.330526334341499,0.295058474654413,0.28477784810744,0.280316354027116,0.373478374111197
746,3,0.277685044184854,0.987215941320906,0.0969189486962981,2,0.0443314468834604,0.0324784287337351,0.0171530984088659,0.0178874723245718,0.0194724416843964,0.0220280416256692,0.0269881017781345,0.0466929893394497,0.10700205980425,0.190798283023672,0.000260718748808316,6.05367404635487e-05,2.58497774634384e-05,3.2553287618971e-05,5.5480236838791e-05,0.000141651672005889,0.000413245412204698,0.0008555777390092,0.00399815939307037,0.0439262748400432,0.119204352200974,0.17093919443291,0.00564688596246886,0.0344831761959732,0.0568663345398449,0.595464800550412,71.475494330126,59.2111860496841,49.2131980389005,41.5048153283856,37.6654639647251,25.6404372502055,17.4365047840351,9.6133803078978,5.52518118176587,0.427006635046721,0.335695395703163,0.291372882468943,0.284246385917305,0.28159304558522,0.391629357275531
747,410,0.32007255819702,0.976171653940924,0.100242395624414,1,0.0401768872894335,0.0221642700012268,0.0147059631605576,0.0165929146215986,0.0177208416810327,0.0237827749810725,0.02662799002138,0.0440624696969597,0.109782426772936,0.189146625762182,0.000397399131637794,7.4827578013253e-05,4.92066082692696e-05,0.000106473495393008,4.63421230767118e-05,0.000306099213184119,0.000362779027256751,0.000965605332474901,0.00389923606423078,0.0529416043716582,0.112844971393429,0.384810200135574,0.0147380886394774,0.0336174549635541,0.0773213076445114,0.468007970962833,73.4567856503529,63.4693607157094,45.3146444008529,39.3654829565092,36.2495682479886,23.5237330447174,17.6228741677462,10.9736085890844,6.38562491520775,0.397489053808997,0.332989099460136,0.296631597245713,0.278707293116877,0.302850759683963,0.385546889583298
748,873,0.287152242653021,0.988023005049445,0.102371230088312,1,0.0328892722259697,0.0150589605866282,0.0143167054534561,0.0186375264131065,0.0192128097320344,0.0214003624918865,0.026949786482317,0.0454252051660726,0.107515082379268,0.187779561613822,0.000289638786169684,0.000102672278736553,3.88124706358987e-05,8.94889652282799e-05,4.99558119074238e-05,0.000226565890254834,0.000334324327317533,0.000883391655357554,0.00395479061759367,0.0428214395346502,0.155655530890372,0.365959432453553,0.0228053415442672,0.0254999276475658,0.145183916734867,0.504191344036234,69.1917916618772,58.6607661331964,48.1655335168435,42.1621161117154,33.6233937074314,27.5968295816022,18.2238762687517,11.1756086829506,5.75204101911303,0.435348640175189,0.365968085065478,0.289863317428548,0.280616697217687,0.281144214859887,0.372651041257117
749,577,0.293016147152196,0.991012017928833,0.101694274675624,2,0.0401453504225562,0.0200740540279423,0.0146002311150901,0.0169010441563105,0.0192013328731283,0.0222610588437662,0.02667280998805,0.0485816105757948,0.105166643156483,0.187491560971381,0.000266157049424584,6.16853924783953e-05,4.5533610065515e-05,0.000134149422638326,2.56116572376151e-05,0.000237934616317951,0.000519020365066212,0.00114981302650792,0.00476468949475977,0.037344986977281,0.138884586112103,0.283132320202277,0.0284238374548337,0.0512698401128989,0.143704057099778,0.539038724936229,69.0470629812224,65.8184036989976,49.8727957270705,40.7630981084126,31.6097507039016,25.9853973448722,18.2314367634678,11.5786097439128,5.85127188722572,0.430534017728087,0.348347450270068,0.293061854103832,0.278168615546532,0.30362652997372,0.379324736040897
750,276,0.268870115560645,0.970397858027153,0.0985926060853057,3,0.0460450645301231,0.0174701092934039,0.0171801644559031,0.0197160173172211,0.0182358679028341,0.022950550887892,0.0265182682416677,0.0463426243783559,0.10581008811851,0.189590625402953,0.00035128641484498,0.00012526790941028,2.75202124421948e-05,0.000100473820652631,2.49276698592081e-05,0.000234405429968406,0.000463770208219556,0.00102531669510303,0.00388290860863272,0.0498055372005384,0.128152241773283,0.128652691651983,0.0124554568978148,0.0403941902775454,0.100313335116467,0.543047288826023,76.4788976226797,64.5674576999982,55.4949443193108,41.7373616401155,34.4180238055463,23.1354803037573,18.2738184508025,11.3295193041976,6.16840511416041,0.445473193100436,0.33502142660179,0.294816858437562,0.276919219669403,0.270898224854654,0.36522948196913
751,447,0.26623960028375,0.993310432342464,0.105668456859242,1,0.0360388745316981,0.0156707581276045,0.0159531724117844,0.0204540330318359,0.0195852816069472,0.0235138967290108,0.0272475302358423,0.0468659839564807,0.107631347581157,0.188152522278453,0.000259131126507286,0.000144125991856963,1.74842513470795e-05,8.97445275933683e-05,3.09589567871449e-05,0.000167381913845538,0.00031700495551238,0.00124576242289263,0.0036727647286961,0.0601706320922518,0.0886644869752087,0.150776625480814,0.0285658529797929,0.0435835510115463,0.162655324837187,0.484687365868122,70.9653773182542,62.4117577986976,50.8022119839037,42.8972405138866,35.071389851287,26.1111210660554,19.1117175459668,11.1410846145427,5.93073471092291,0.417588548866711,0.355631789954953,0.29770610762206,0.275488441873074,0.278942231578638,0.374535092863388
752,476,0.249481521929598,0.986853597834155,0.0928467599737096,1,0.0433495075676854,0.0211987020049098,0.0151432226515976,0.0188567765790822,0.0174792741084646,0.0229598501198807,0.0273559166183271,0.0450364798744669,0.10977725838391,0.191244266696145,0.000326526184534675,0.000133837392547323,2.21950568350827e-05,0.00012439652409097,2.92950873898551e-05,0.000301561616717048,0.000279469150822353,0.000732915748370837,0.00438939243536039,0.0500817013811871,0.127609077188606,0.479362452920823,0.00591893131335309,0.0181052640996314,0.0687575883370408,0.536864472819602,69.4068319784175,58.582869798524,53.4015178254446,44.9303102073374,31.8845986386696,27.1039514990173,18.0791454179167,10.9444667519114,6.24928514992635,0.430407136446482,0.333371157764889,0.295884241488328,0.283483573531092,0.291656304747031,0.371512918417114
753,432,0.250170422064369,0.991578353788759,0.103785100299773,1,0.0390841576153862,0.0146782380621189,0.015777594222624,0.0178395565301285,0.0192476964122698,0.0240843930046368,0.0256977847368408,0.0463519338957485,0.106918999340695,0.183434438974308,0.000485527605489897,0.000144526887455753,2.80357663570376e-05,0.000103989395466239,6.6262692931933e-05,0.000137698061872791,0.000222661839927914,0.00104743449128944,0.00377696781567227,0.0574691976371031,0.121332835319628,0.413240725554773,0.00698795599439202,0.0370673538075685,0.0715647272906537,0.479681728451756,77.2760662566031,59.44163253497,51.6119941136274,39.9739306196447,33.2602008193342,26.7790151517305,17.9122411357006,10.6887068545343,5.86156881919564,0.436752381392737,0.349053353160052,0.295211389496159,0.280485438440212,0.307555970372146,0.384595307176981
754,500,0.317135488748523,0.967496142407511,0.0926198388682948,2,0.0406461634731092,0.0195723731591516,0.0133354020890774,0.0174701167800122,0.0197489676996598,0.022307066685049,0.0260263885947577,0.0466173975400864,0.109800282596029,0.185557643836689,0.000265795619088629,0.000151638490938724,2.67164766893603e-05,0.000118688208648096,5.34896739435229e-05,0.000200877243074167,0.000369612054355644,0.000962123442522011,0.00252978933550132,0.0443234281035585,0.10992867717446,0.325149183110414,0.0256177726891559,0.0141965941134281,0.0458846587903462,0.595741789344732,71.9322468729759,55.8531830959826,56.1481881774084,41.257517263996,35.7615712771973,23.4868854479397,17.8177759422935,11.2945325918534,6.11625053437868,0.434814839934728,0.358400479808815,0.296408343239189,0.277029755940281,0.283402428435624,0.366893954401902
755,595,0.302959949021918,0.99145121648671,0.103095834122933,2,0.0375819130884039,0.022077364351378,0.0165852206190815,0.0175839063771269,0.0178345866768618,0.022953175450676,0.0268610332104223,0.0461401086284543,0.105140030545112,0.185477037125696,0.000375965554689602,0.000103923032241415,2.95965509420052e-05,4.26184307256305e-05,8.78345967291645e-05,0.000230954618221309,0.000384186848839203,0.00091541154901174,0.00424049969908096,0.0717394528256289,0.162002951642748,0.2755722649753,0.0186273023285798,0.0302298829773049,0.100485850732442,0.592775183879192,72.0514458500458,61.3420015222528,55.5472286957941,39.1830236319819,33.6121587438724,27.3828731566245,17.4067038634902,10.2455391673335,6.20923622807344,0.398802064434819,0.337801944960005,0.293115208688524,0.286832594984798,0.291966726083871,0.391417175095039
756,715,0.25819083526303,0.985281038653204,0.102224272814637,3,0.041475708435005,0.0213643466098805,0.0141312940917496,0.0177300442891902,0.0189294905510023,0.0233272031563492,0.0260667209639767,0.0444246958860665,0.106970323770566,0.189234140318844,0.000172002645553095,7.43198620471447e-05,1.16825208887463e-05,0.000153633979685215,1.68834296691295e-05,0.000173546768700471,0.000334572476704992,0.00115761654351202,0.00387936714549408,0.0618038517872351,0.0960808594221378,0.449967763756363,0.0153394674278054,0.0244785302805723,0.0696768369079518,0.484980739166838,69.1237773738369,62.7271899766953,54.5796182890188,42.4542544346704,34.0354955126876,25.3620855712959,18.2394284814537,10.6456758083924,6.10139628186698,0.410325925215091,0.35371961450853,0.299386600775747,0.276305677394027,0.303627150082521,0.386582726117176
757,244,0.29857219063054,0.988005199976376,0.0935715151815935,3,0.0447507156441176,0.0152491916146874,0.0147145797155092,0.0164870697282266,0.0207196902454736,0.0228156098908951,0.0253675070888377,0.0471451395557109,0.107905382450966,0.190232359711569,0.000353243427934051,0.000100823580491531,0.000115232186152541,8.78886927791438e-05,4.71926162994832e-05,0.00016528782403514,0.000305988807761282,0.00103077612362732,0.00483331933712055,0.045433337869856,0.139362810823142,0.23907284875796,0.00370908783315182,0.0297280134703036,0.150076051366758,0.551445797395398,69.2536984108132,58.3513968423833,48.0133234748738,42.6003733936344,32.8916385278503,27.6801205998015,19.3805122008973,10.536274765766,6.38331522055281,0.434505574819495,0.330938892320039,0.296668830088201,0.276743268862054,0.286859189018701,0.376715482528641
758,949,0.246906874649576,0.98647976560148,0.103754896350107,3,0.0324547669051368,0.0126809152271161,0.0144036674251345,0.0167150287995964,0.018498483174432,0.0229853510122112,0.0268675374029823,0.0466946072688024,0.107913790658209,0.192708944985682,0.000273335854712172,8.53369788119588e-05,1.14782623887093e-05,0.000134988439511631,3.0269099099842e-05,0.000172537973717555,0.000526824985652364,0.00127012734964511,0.00445900591584542,0.0476166646403304,0.163799792795621,0.328940471859104,0.00444152946169708,0.0171587916739752,0.105213261419126,0.558295373015341,69.9665664968263,56.8618239310827,52.2259204714185,46.4528398959854,35.0108937924882,25.3390461412648,17.2101698569434,10.1301095442694,6.12381491341114,0.415941483016794,0.331609602435277,0.295138234016005,0.276225469667129,0.294715969457448,0.383399097314521
759,245,0.256949547210813,0.981241291433993,0.102041815928908,3,0.0442596545540656,0.0225665931402192,0.0169638942318747,0.0200420056560672,0.0195534122159782,0.0227260674955845,0.0269523719481991,0.0433216991045981,0.106867831371452,0.186771019926338,0.000421443323062542,0.000114461660371432,2.65814653433042e-05,7.98929538523354e-05,0.000134968030487462,0.000181790377801258,0.000430822433560683,0.000856625618480769,0.00239233078276942,0.0610240552159969,0.11191367528423,0.176554897881469,0.0100657859402448,0.0506943697330067,0.0873400783986241,0.539777645207674,65.0381582440124,68.6545256521304,54.0182088570547,43.4550141479316,40.2601784290696,25.5973092786692,17.3027612264379,10.6121507855395,6.08228362149026,0.398609243268514,0.334216930538732,0.295283177723765,0.273082240137219,0.295991549850365,0.367493251371888
760,842,0.32751117556881,0.992091497639191,0.102856575343009,3,0.0387603763169573,0.0214891674148642,0.0155631296802979,0.0176644995900013,0.0189057923861196,0.0236415791102917,0.0267423460802394,0.0460427842460732,0.10651370286634,0.192563579563025,0.000433955356119575,9.47989669730978e-05,1.95471901972598e-05,9.1076447866042e-05,4.7832958521312e-05,0.000180109251678442,0.000338416188636936,0.00100727768602302,0.0033439585579679,0.0588028410552878,0.134948822966377,0.203952690704589,0.024416689324489,0.0335529578522494,0.0951895776976716,0.555258425300839,70.5387456234108,60.7571679064324,47.7458313776646,41.5155000234709,33.7184441253469,26.2238788191879,17.2789218520044,12.0390502771283,6.23985816795667,0.413520530535496,0.346820667254463,0.289603733876876,0.271439469448334,0.289166267152471,0.398398354363278
761,966,0.380149826264745,0.98306454017228,0.105249132731323,2,0.0438423105918325,0.0145918481024688,0.0141151025802467,0.0186850089139895,0.0184970341472642,0.0226286203010167,0.0275121647395736,0.0445763405201505,0.108189352352511,0.190775920792422,0.000390318744807636,0.00015902966765734,5.17671309584186e-05,0.00010454173317078,4.83258283319053e-05,0.000160938890929872,0.000298824681210837,0.00123517985432842,0.00469689418688139,0.0379446373792075,0.13134022410598,0.469193370012986,0.0231958291510165,0.0226828202643533,0.109754305322868,0.499335159985074,70.068408203018,63.6814793904962,53.2455749595803,43.0848243684796,34.0593841986971,26.3916897922867,18.1192976959467,11.3389658593349,6.16156501343746,0.402940771049502,0.340104431863346,0.29311828302199,0.276785720359265,0.2785568721288,0.369446459083009
762,68,0.254076682249761,0.993594253161165,0.0985270020790736,3,0.0448207770673315,0.0153972399936658,0.013894488663776,0.0174338938671306,0.0179998943837455,0.0232342909890718,0.0257742689126854,0.0466126929521249,0.108112213393542,0.188122439028332,0.000441871129109802,7.60579149602102e-05,9.15734191614853e-05,0.000142561562037816,3.16052579130303e-05,0.000216410359818054,0.000411990854901407,0.00106547155905846,0.00348571292408356,0.0371665557182211,0.130185318248447,0.206525331984298,0.0140613271977423,0.0358722593442717,0.191108148497352,0.551922268532367,68.3934897292377,65.87097786369,51.9965648964996,45.7989422953326,35.3697588836359,25.6471728993325,16.2625955438551,10.8013601912792,5.59034923324633,0.404866290903061,0.352289618311121,0.293511562906504,0.276392076999876,0.289622948147384,0.377758678757981
763,367,0.319878283337182,0.983148398695408,0.103392557912107,1,0.0395344107364773,0.0208771774125097,0.015352123526349,0.0189166623546122,0.02067692003014,0.0234029744235733,0.0269071502769376,0.0435711764858525,0.107772344108782,0.190516439034479,0.000296182137398364,0.000157249206086229,3.90476030586084e-05,7.86244888467327e-05,4.39440724414522e-05,0.000248779358907255,0.000214520671132304,0.00100310833862043,0.00458056383036193,0.0526799948491757,0.136459468407891,0.434971349162542,0.00825691431811534,0.0174507112790651,0.159019322199353,0.502062373122657,68.2158674740217,66.2447304675352,52.3376100403023,45.4873213882684,35.2667740238519,25.2179868657384,19.1681720444977,11.884492180346,5.91344281019365,0.413917943097294,0.331004496189168,0.291895269384405,0.270354105735617,0.278686287861603,0.362966590069874
764,969,0.295312447236312,0.978039278561181,0.104979695078845,3,0.0372342195049481,0.0214056082446044,0.0173317410392635,0.0192011671510385,0.019074720335343,0.0230384185518423,0.0277225141195228,0.0439217243262793,0.106691934929029,0.190846160625039,0.000476240611165643,8.72483962553372e-05,5.3573299664437e-05,0.000110089040430439,7.96293315425808e-05,0.000182833616123951,0.000392325898712219,0.00118034906022041,0.00408731386186972,0.0486529374758646,0.0915564418045975,0.434045634004421,0.0402144562816854,0.0125962465873661,0.147042892473169,0.613652573548687,78.2558095900504,62.9350438959779,54.4072594539521,43.9775823478307,33.7834991597285,27.0408109103097,17.568617527935,11.1272978524132,6.39332773741325,0.436340378526243,0.356733176546019,0.296090753113584,0.283539529770097,0.287993757475776,0.362175822639748
765,219,0.305987743522154,0.984552972407484,0.117651531173112,2,0.0345072055826455,0.021730131683383,0.015212600423155,0.0174510717647187,0.0198131220537636,0.0231571779547183,0.028510370477139,0.0442306463337366,0.105047228757392,0.18945577943439,0.000246107131615961,0.00014187993507646,2.19390997072187e-05,0.000102566794620089,6.02022822562816e-05,0.000245286103236032,0.000289354009427493,0.000764448951717756,0.00349634444596537,0.0527920523419882,0.138791052773556,0.117241191476484,0.0451125769480579,0.0253649099657282,0.0408532444006922,0.540344333176012,73.376172945902,64.5969685229978,50.9957137638439,41.5935475225432,34.858165765175,27.0773056490259,16.2740232268818,10.548129398403,5.84947653925707,0.407152011440653,0.346432437684349,0.296761986673091,0.27453930459541,0.316043150169565,0.381384262213189
766,232,0.335729977073313,0.98462221135999,0.101426144578913,3,0.0443887158395189,0.0184983032410301,0.0158648301976615,0.0194360803029038,0.0194613312879712,0.0228406160817124,0.0275938462808627,0.0453540422196953,0.107421038136663,0.193335147725512,0.000346062011332889,9.30557615032114e-05,4.24126067972745e-05,9.83239190828878e-05,5.26805404033541e-05,0.000191572979016251,0.00031567994615853,0.000809859934537897,0.00256683083826524,0.0364919070414762,0.151870590531382,0.408534972851759,0.00844438379198649,0.0205171254596042,0.0681342929708249,0.556462599813262,70.9031353921931,66.4147738395936,57.9502291563338,46.2605210890162,32.6892718139348,24.6131843343798,17.7599071183447,10.5510549299945,5.97489799119945,0.394469359252703,0.339595403237922,0.296595683780321,0.275334647263935,0.284554966257334,0.372368123502841
767,500,0.32341371323068,0.98384184399658,0.105604292763581,2,0.0424225559998347,0.0153451219481288,0.0160006693449037,0.0178748261723627,0.0191296786056495,0.0229697101565079,0.025248974413137,0.0453173009342883,0.107008685974019,0.189896595821744,0.000303111632490673,9.01999721785359e-05,4.97056215099598e-05,0.000128985391696492,4.36330309612517e-05,0.000145063561597631,0.000338061487217574,0.00103821765291624,0.00395173601336005,0.063486785945783,0.108524881860832,0.511183418206641,0.0160349926190343,0.0293057599079851,0.209226318924139,0.539481569802386,68.9398296055883,56.9700040238614,56.1936841851595,45.8696179192531,30.82703897891,26.3630577425704,18.620001334497,11.0424270389241,5.842189577641,0.412821233881031,0.362360401434501,0.292674290284782,0.277055438888481,0.281702304676922,0.353471864951023
768,416,0.316986017299053,0.966594174110111,0.110407007558601,2,0.0384400185284262,0.0183792046022576,0.0159120077421864,0.0169056513238149,0.0198254436766115,0.0229339780852825,0.0267437638783713,0.0447962146063502,0.107138704451746,0.185071124786849,0.000247903688939277,4.33367556793413e-05,6.94792936950171e-06,9.51661667888518e-05,2.20954228745564e-05,0.000207884244344585,0.000427839722249114,0.000797178996748356,0.00367016024314994,0.05101705947556,0.0956489533634833,0.262748025677927,0.0377478816758462,0.018150921439965,0.0750741539912525,0.512751370124967,70.8783202679626,67.2102527329472,56.0581545017355,44.7544815118997,32.1251931223373,28.6646424835853,18.4429907313159,10.9109240871737,6.0344017963819,0.461478791739235,0.320774113988225,0.29568799296801,0.272790858592086,0.293916881645456,0.391155760474191
769,519,0.296398639398922,0.986693584335324,0.110508772741101,1,0.0333081931621733,0.0179701142532022,0.0160392997582441,0.0181839386011902,0.01850627878476,0.021744405875659,0.0259135133479507,0.0450029899604859,0.107396222389009,0.19295777543228,0.000366846038304969,9.98777525360745e-05,1.65165865763335e-05,0.000145876036045364,4.53815340034355e-05,0.000173272991004807,0.000223372687143722,0.000964154234475852,0.00347761321691972,0.0475505651257507,0.16086148710859,0.266453507174877,0.0992393960910599,0.0469436661773352,0.149714050027606,0.609041373162595,66.8784378163191,61.8001459305748,51.3908561386491,42.3900109055459,33.2563338984153,22.9810255954529,17.9788559966404,10.7824200823241,5.70146782694086,0.429455750800147,0.35154719231102,0.296786532092643,0.270905206335386,0.281809693843279,0.38440287100658
770,8,0.319066536274211,0.990360380898572,0.0978690886838747,2,0.0560192744303322,0.0125311151221433,0.0153462363256889,0.0182582077738097,0.020168576699037,0.0224210118945834,0.0259900174767936,0.0455505235669337,0.108216337150207,0.184141349647242,0.000307454731070423,0.000145901984035114,1.73355690879774e-05,0.00011217048867991,3.3732104652274e-05,0.000198145556346093,0.000368976059398092,0.000816044423431367,0.00352468759349258,0.0600687595960064,0.144940728175384,0.284884020933115,0.00785809352740823,0.0454593133619384,0.312508981489911,0.52881200228997,74.0964950954948,61.4040935946114,48.7753185548253,42.6402516507547,34.3985233205424,26.1402810750673,18.4568286124404,11.9787771358946,6.15432351337387,0.434454181057461,0.31997049874847,0.294880611070564,0.279844719893896,0.270818969084778,0.378182208262638
771,654,0.348381465913773,0.977532613138746,0.108034208565311,2,0.0446750987183426,0.0170525174887918,0.0134362488062283,0.0180687672671429,0.0193644104293338,0.023587186579521,0.0253557631169936,0.0471293556935732,0.106889360700199,0.183971124750896,0.000268146385093287,8.6013700688079e-05,4.40502523357146e-05,0.000135134288818018,5.18257233717034e-05,0.000232732026481494,0.000344339387384588,0.000893877313476438,0.00392261943360884,0.0668619764009285,0.100604798742655,0.3510475565604,0.0104291594822121,0.0420304153570992,0.157056170792405,0.51202209036938,65.3721438440236,62.5682919318865,53.3336592575697,41.6979997381947,33.1621858238993,27.7457246140606,16.9101473032463,10.9916878913439,6.19239386848243,0.420385505124322,0.334612713580844,0.292910562840272,0.285403463236289,0.279170652326915,0.382696715794049
772,134,0.305909967574955,0.98787389575407,0.105581759306558,3,0.0404310904249378,0.020512828209163,0.0147899449242548,0.017257906687362,0.018932665129817,0.0220618190156036,0.0276110764278349,0.0451661655546796,0.108686458185427,0.187797767102045,0.000136680896203257,5.69630630112366e-05,1.63431637038134e-05,9.92233109548452e-05,7.6070330068287e-05,0.000142700786369018,0.000300581378439331,0.000815358421274611,0.0028852178555878,0.0563082390107614,0.18821603746833,0.298393830504995,0.0532199491188969,0.0273321939411657,0.0524153090824049,0.464955783533938,72.9269865403599,67.9085424966267,47.8962330550559,43.9071088567588,34.0660418630905,26.6667224906194,17.271275296113,11.4175885847077,6.22791988237163,0.384046918045359,0.343815641129944,0.295130190360051,0.273353419924733,0.294534213697874,0.374873427413718
773,793,0.288962537272554,0.988905489755152,0.101839891612926,3,0.0342873211224252,0.0184761906133047,0.0161926284707642,0.0187941526132415,0.0188308229500067,0.0233504529286391,0.0282126396826848,0.0467516738968489,0.105558114799774,0.187432614023036,0.000388370748790376,6.36852206108514e-05,5.77948942334589e-05,7.18628988642088e-05,2.05612154806784e-05,0.000197303621067184,0.00032682759374364,0.00119894218241668,0.00413739916720937,0.0453956944867164,0.121585979467761,0.0958322875950196,0.0130976758883566,0.0196421263527548,0.0959051042881457,0.490785697572631,65.9061293499654,60.8944156552022,55.1884939551655,43.159078657708,34.4088760155892,26.5354773588455,17.2937557986465,11.5984813322103,6.51368346146375,0.420242169221192,0.334581597445547,0.291676100244256,0.282018395615997,0.27709181994615,0.385660668040435
774,815,0.167497279459061,0.985154558629176,0.0964943929465074,2,0.044953054760961,0.0170991457455583,0.0186420130155746,0.0180412074583483,0.0212760667476385,0.0221512990758282,0.0269544189997345,0.045328432116708,0.10895336897652,0.188005242504411,0.000551140628733799,0.000136551490822752,1.11126749930532e-05,9.11861034800418e-05,3.31002631799743e-05,0.000168862037018458,0.00024744208324398,0.000882497974856228,0.00372486571868708,0.0775325356215117,0.114956276307067,0.234575517388569,0.0105384979683395,0.0279766496268062,0.073317257306254,0.468077925814446,69.5923707060062,63.9795518159351,50.2688221675866,40.0785895481202,35.114345748794,24.8404763911265,16.0266542698627,10.9687373537172,5.82385690736643,0.430196933307896,0.343750787840692,0.29664004152313,0.281337866569264,0.28163523487977,0.379802709673475
775,314,0.355105433016228,0.992294438988086,0.102448831990157,2,0.0447105862964177,0.0154734212491304,0.0143802906090502,0.0179912285770577,0.0190150766364556,0.0240337612621363,0.0264325432967021,0.0442335205871119,0.106915838916862,0.184576114927593,0.00047675030666409,6.20417050989393e-05,1.41512143122639e-05,0.000112941003473503,1.27596292608145e-05,0.000186845024928047,0.000464533793573816,0.000862439569035273,0.00353072781799295,0.0468656298906826,0.153352023343695,0.17043728532862,0.0102581768756349,0.0180429680036206,0.100799652668958,0.462791214026779,72.4605430387805,65.2421929375348,59.4293937698001,41.6714441095058,34.1069372492236,24.2444693723525,18.7845081153188,11.3033811251562,6.16238065073678,0.400387133516464,0.357855492346622,0.294479103594564,0.280823677096706,0.278026683540876,0.373908586762435
776,824,0.301968436367333,0.988190819285054,0.10129998946111,2,0.0518978884585156,0.0181599823833745,0.018913231126785,0.0186198463510596,0.0195451674150685,0.0207903512152376,0.0260305226906597,0.045282113367618,0.105335107396778,0.188067241474381,0.00030874387672141,6.06524411409271e-05,5.88742292391129e-05,8.93310479142677e-05,5.85036565195431e-05,0.000187359240083078,0.00043715883062128,0.000722520332344686,0.00540934455704636,0.0574769098331706,0.13354788327958,0.296967825348219,0.0127279384418118,0.0310101249014616,0.0538917474861964,0.513701200174133,77.4854104594189,67.2720852006029,50.2165935213019,44.6493619936873,35.2073150239703,23.5647956935804,15.4408794263826,11.8231274733774,5.38976369787541,0.420887800293289,0.339266529478639,0.290743722869212,0.279459748397467,0.28156447997485,0.399760254107433
777,760,0.240651975261426,0.977925214286885,0.0925806054688081,3,0.0401172606129431,0.0164071500488084,0.0144791891255877,0.0181228338532935,0.0182549463369496,0.0228179836592207,0.0257896273162602,0.0434438455051444,0.108365399418406,0.183737806547144,0.000325833392660399,9.77549822800866e-05,5.52152851306151e-05,7.937340902524e-05,5.45647730514078e-05,0.000176203284178655,0.000340417143574863,0.00101649549924538,0.00480379165391247,0.0553819644416383,0.153563010412224,0.250267560508678,0.0160157447712439,0.0258781149216411,0.0747984877176514,0.443719046710105,71.979203681457,55.8998390291619,54.8193457550541,39.4375866749187,39.1451138261054,24.232927741392,16.9657910952859,10.5267606245253,6.21517541577937,0.419738341163997,0.35226471766498,0.297641575247568,0.278466313154458,0.278605221158252,0.377325217115841
778,543,0.354093228942616,0.977242284544861,0.101330038075944,2,0.0536538241219771,0.0244913899301977,0.0163634998104306,0.0169359490403683,0.0189892820186791,0.0219292534521785,0.0271877889068082,0.0457350976741213,0.104938498431285,0.187362508948556,0.000289061355424707,0.000107885585326014,1.48404290669677e-05,0.000128594940808325,4.85438847833453e-05,0.000203502485018211,0.000466171073130599,0.0011363157858455,0.0044374940250763,0.0535391309413601,0.125530813851731,0.409992482140145,0.00544224459242082,0.0299094469938934,0.076673362404644,0.535620335106551,71.6362677780301,57.31665677617,53.8293341638616,38.1032795311661,36.0067991786926,26.1013984273204,15.9727090253596,10.2866392719348,5.83766194160155,0.393233648102016,0.342491804487388,0.295770895984531,0.279662283743696,0.275791618338504,0.38370774181207
779,274,0.257657948234296,0.989248322572298,0.0983655134030004,1,0.0479421023992894,0.0158111861465707,0.0158034942506202,0.0177616700706392,0.019539114428511,0.0220750380520513,0.0271035756392066,0.0454460658518238,0.107169225740491,0.185306128604057,0.000276500752677404,0.000118061277736454,3.3034706022263e-05,0.000192306160982059,7.41239636650846e-05,0.000291901450259454,0.000560255503973236,0.000905532446814344,0.00468866967992808,0.045879013474304,0.156766714094073,0.474838594504438,0.00842851093829638,0.0425675144476966,0.125926074248168,0.559298561137208,72.5166638658282,64.1199746803458,53.9407735888349,41.7433332483659,32.8723180677523,23.2621496838301,18.2429695827606,11.075415619301,6.19058275067828,0.415287684404795,0.338372631649427,0.292204326551095,0.280469991233204,0.31786499127836,0.380992276853232
780,109,0.351536935282436,0.989154272806881,0.090533988618956,2,0.0384502617016966,0.0227525296271477,0.01357058123782,0.0189203045021176,0.0185223084615585,0.0226866955377169,0.0263666185646717,0.0460947725595623,0.106611212437721,0.188028652261983,0.000232044699981176,4.44508297124319e-05,2.90283278035138e-05,9.59507020779671e-05,3.22143220418213e-05,0.00010806447833842,0.000220166743627401,0.000712716621875456,0.00362446375108057,0.0469924484704598,0.126765646879632,0.208335916372575,0.0230172086194046,0.0244343237465417,0.30603057978084,0.548104357107155,71.7009447520548,60.1241390971977,51.6005700758679,41.6221262020704,34.3518412401099,23.4668777150712,18.295418210795,9.79171483241745,6.68718929346435,0.411045047743834,0.331069486849999,0.298030148434147,0.275502100914502,0.286116797864565,0.36702882572379
781,921,0.232566236126909,0.97220865439927,0.101711590730075,3,0.035086931364493,0.0114831770321515,0.0164304770069914,0.0178951134326544,0.0194826054507274,0.0235916032856739,0.0280292821838334,0.0456223201422979,0.106278797703052,0.185815000360039,0.000426370280589029,0.00017335364109506,7.4385360510963e-05,0.000117464712761001,2.00759642111646e-05,0.000170131558135273,0.000358526281312229,0.000719804388820882,0.00440566508305307,0.0372893550531569,0.13184387007667,0.27468975283471,0.0253121787586404,0.0181765582672502,0.154720870626761,0.545417044931037,77.5359305934816,56.8543689678684,52.3773420790538,41.6640849258112,32.9804191116439,26.0648894169576,17.2156541530881,11.959582240608,6.32765067892354,0.425278913684672,0.32847940673243,0.296475458515557,0.270816946869823,0.280594376644271,0.365724889353028
782,843,0.298688726920562,0.988979784566482,0.0997530715137095,2,0.0481413502572962,0.0169033698226947,0.0187883651345314,0.0178216641837614,0.0202863044822709,0.0219140392038139,0.0264379374405131,0.0457544799933655,0.108711543339108,0.188767471203865,0.000344272095298371,6.95115810411677e-05,7.72108845514298e-06,9.60221211218309e-05,4.11660626150819e-05,0.000129036977414477,0.000349762502573904,0.000636002348068633,0.00427938179157354,0.0436234701625713,0.123934497170478,0.219587668131011,0.0410180279126996,0.0247624175931604,0.0987809932165288,0.531786902810107,70.1820416528864,62.1062630836565,51.6621393107674,42.0186349994005,33.8174836079136,26.520255787155,15.627479340342,10.8403224010067,6.25403413377298,0.429828865992875,0.339048696384566,0.293895038923587,0.272488179262434,0.279173741639388,0.360372243129151
783,193,0.29193666984142,0.988442740240665,0.0971230188304484,2,0.0369975171033082,0.0158304895856996,0.0168873449673927,0.0186539806462944,0.0180286073162283,0.0228673200330319,0.0252868678612344,0.0451569100879131,0.106091997329586,0.183894208640181,0.000341476315417813,0.000187032580093224,3.8305199950863e-05,9.48498757613652e-05,0.000113230600656509,0.000171592187360878,0.000277110218027262,0.00111817794050875,0.00370669195197059,0.0408517113693658,0.113215478447638,0.158961318912486,0.0123898793122255,0.0422444578873088,0.0761391014977456,0.508202840929628,78.3230166886205,60.2567516386736,50.3903012046346,42.9188730576464,33.7738609196213,27.890449092872,18.0349515573726,11.2354573832968,6.38903374127513,0.399255616924297,0.369035767920364,0.294765872062399,0.277310684707107,0.288208129156032,0.369027139481371
784,617,0.23902065669038,0.993653323726901,0.0973745819695272,1,0.0408568967405349,0.0154628063408993,0.0148952320923051,0.018955035087455,0.0202106766969252,0.0235128642968344,0.0263182776549107,0.0437824710073746,0.107987964741157,0.186736365977912,0.000165835685835058,8.93601156312428e-05,2.34912165493113e-05,8.71789875123851e-05,4.73047460107755e-05,0.000233658607043118,0.000341263640933913,0.00145039509091501,0.00297921068010089,0.05991112468034,0.120942290407322,0.46476926154271,0.00829724596539696,0.026673955886201,0.126549046130129,0.548500272655596,71.7130397827851,62.7377139390676,53.3736875625196,43.4237141898301,35.990808902185,28.4650272469286,16.4896870511498,10.83111151386,6.36436380868564,0.405267927890887,0.32962012620233,0.295198066091981,0.27711648304029,0.288325006290652,0.387231611610772
785,79,0.376809728568706,0.984204470020076,0.0986863848647778,3,0.0468248442133511,0.0228667380557946,0.0150336923960986,0.0181948123857967,0.01728267818758,0.0245018304216197,0.0271427877569802,0.0468325178019752,0.107536907999091,0.185769286581113,0.000295282180566514,0.000136076326922851,3.59732653949433e-05,0.0001592919241665,2.29457050627134e-05,0.000151459325195315,0.000308913838862909,0.00100255050590463,0.00401104771241117,0.0441231338500962,0.140414003261926,0.346330783652355,0.0173529421760304,0.0150596744791655,0.150438049383051,0.475144077943527,72.2338618032852,64.5430541269086,49.9963576353339,46.1397530302507,31.3720621216253,24.7360655211083,16.0711378911296,10.2339811170582,6.197336545191,0.390552549326719,0.33146988606031,0.296882669651776,0.277246166264219,0.299771897262804,0.367021101321832
786,97,0.199788363205495,0.982445429597096,0.0976866416216376,3,0.0307171629075956,0.0247403584567701,0.0139679249185488,0.0166262941702056,0.021161062008931,0.0235024216916696,0.0278483267836398,0.0449314611590478,0.108462055302059,0.186321789068218,0.000243032903886214,8.83450247550626e-05,8.02738856948353e-06,7.09759986962205e-05,5.63987181955249e-05,0.000166565110939227,0.000301167534897711,0.000888862875838821,0.0046178883819536,0.0456467105870779,0.170720044653757,0.256758842937439,0.00428388737026286,0.0249303229807139,0.103909404774278,0.51312392943938,68.542182837914,62.8193163002752,54.2737363797914,44.1322011966373,31.6449049567715,24.4786860876486,18.717362503063,10.9721637518165,6.49465784292381,0.405954039606115,0.365104719738867,0.293612660758531,0.278135491690931,0.269425544690297,0.383241834040736
787,710,0.272695650864431,0.985627091791967,0.104605682032873,1,0.0429303663035011,0.0157065534316008,0.0152577269870759,0.0181084528601163,0.019191680759414,0.0223679304911219,0.0263160980728463,0.0469753999436472,0.107973724237332,0.184346196512814,0.00038612812039153,5.28289013431543e-05,3.48635886789621e-05,0.000145535731680262,1.56042776666333e-05,0.000312060374159797,0.000372239124966122,0.00083876449310593,0.00466806031030373,0.0487171842602697,0.10037851982438,0.426108164013017,0.018722156389752,0.0266591724203618,0.137613098611811,0.563822242147199,69.3649596533206,61.4494344524927,55.3809544565779,44.8206782849995,33.3946736668175,23.7177555934373,16.6879879638269,10.7158525248225,6.09911108408334,0.441097149832109,0.348378245710853,0.294427047454114,0.274085419756367,0.293831937356374,0.383994837455946
788,754,0.283054802834093,0.984195033777419,0.100502585046124,2,0.0430161176196217,0.0154164421773,0.0156678525933283,0.0179340873939823,0.0184948426399517,0.0231516915498337,0.0263820916861373,0.0452131479449684,0.112209581269499,0.189581889079075,0.000196298769729306,0.000137911520102354,2.25780922753027e-05,0.000116305665382762,2.67114570701789e-05,0.000200487142908043,0.000539456680327977,0.000981070019885234,0.00453410810047212,0.0583618256997138,0.130218850429525,0.250779250565824,0.0133743059117624,0.0130512542552656,0.11790512784036,0.564587412133321,64.6280561067988,60.9630224889538,59.8277846785722,42.856403998019,33.8124777563153,26.655800093236,18.3260438189568,10.833124317522,5.6613936072969,0.427428908448499,0.351983331551598,0.295994010355992,0.281253834992881,0.295809834529286,0.363161833095289
789,234,0.282319741672591,0.975213830897494,0.104570030584633,2,0.0366751192280607,0.0102285835986861,0.014740779291544,0.0172709980809179,0.0181830403106928,0.0233889079082927,0.026303075863068,0.0459890252429896,0.108093181954518,0.186431706277969,0.000319834862078194,7.64536072570263e-05,2.10098857923874e-05,6.82978914661995e-05,2.75221134317093e-05,0.000204373567767472,0.00022207530751529,0.00115389486267641,0.00414260740935152,0.0393545527918284,0.143490037801503,0.32557901017431,0.0106256924016128,0.0140593834430912,0.114611278103093,0.481869408565434,67.4198569093825,55.6105743569922,51.9704831235388,40.75765668029,34.3832857018128,25.085693201024,17.4462176013083,11.0371386562411,5.8556966537345,0.400057474115418,0.36571785441077,0.295044576354383,0.287760921000036,0.287525490024633,0.374158458394471
790,547,0.266511868916066,0.992351580618185,0.110612385977788,2,0.0392933483069799,0.0199957423975942,0.0148791978907261,0.0177547634767308,0.0201205852437287,0.0236239669962436,0.0268622691974219,0.0446035910591835,0.107855776147368,0.186031668109968,0.000233704250877566,0.000148911535728743,3.14189950589244e-05,0.000107300710749593,8.32070374901025e-06,0.000129698283046837,0.00039309013897871,0.000751044466746415,0.00306390590876096,0.0619331382966909,0.158111830168037,0.35412717740909,0.0184657143254086,0.00968453421104996,0.0306735378863861,0.585507766651154,78.6655849004208,60.6251602079459,53.0431830791512,41.1878318985309,33.1812258941232,23.0955254919729,17.506998433068,10.2477562728051,6.4151802829916,0.402776434490585,0.345772826215499,0.296184761603304,0.276041459245243,0.281562977576163,0.378105691308109
791,545,0.346947465283329,0.980345224015174,0.0920681901651939,1,0.0428298746773133,0.0242872911063849,0.01149985719803,0.0171948491370134,0.02027078287683,0.023564461668335,0.0257236489152124,0.0448710625602554,0.107587066574075,0.189711993120909,0.000216167979180573,9.8562307512871e-05,5.07036711363314e-05,0.000182744385651035,2.58223797716664e-05,0.000175553036003761,0.000308724138552015,0.000779823674898729,0.00384186269198294,0.0495261844013119,0.115158342901043,0.208045604327673,0.0379271590694248,0.0316385310180069,0.056186111859471,0.607968365431552,76.2583424372074,58.2453171639537,53.4965180158377,40.2283683589711,33.7212546237161,27.7543207552111,16.9171017363513,10.7642061014977,5.94524198805607,0.454244859932852,0.354092668542992,0.294569560386777,0.279561253677716,0.27943741031631,0.376856683802252
792,246,0.273328161500437,0.991544764902966,0.110967678780802,1,0.0372187568433714,0.0259234999894206,0.0140197617427449,0.0180515332755197,0.0206922882127171,0.0234415839813783,0.0258528826197296,0.045971921904774,0.1050241498775,0.189778110063149,0.000427139730285135,0.000206513098209173,3.65760374451945e-05,6.16421474600612e-05,1.31882735219531e-05,0.000206189538336767,0.000285246830374043,0.00129538517239454,0.00591063782170681,0.0628770327529641,0.116801868177959,0.0833126907237555,0.0265456408824666,0.0252156827051918,0.230248805882941,0.491470079518878,71.8604585878992,62.8901244189933,53.4377110601846,42.5640525702265,34.2533282515845,24.2775821973108,17.3721197742615,11.050827063589,5.67036906599323,0.392391795527747,0.348126987820106,0.297893487854967,0.283831443049377,0.307744605289405,0.369658898027421
793,975,0.270432550086171,0.99449709113648,0.0967720801777692,2,0.0429600950386629,0.0169219279552965,0.0142209650174464,0.0196302491730639,0.0184202568896328,0.0232046134212466,0.0276930723467473,0.0455537134180747,0.110318094524854,0.189415595174586,0.000385390805714736,6.56597267822997e-05,6.06941823253032e-06,0.000110487911453851,3.27248608925552e-05,0.000161555100563674,0.000294883815144289,0.00134958013907095,0.00449803410324697,0.032909351700713,0.128475172596564,0.126017679409109,0.0214332729430494,0.0272469805713738,0.0519171352235876,0.565588337848705,67.6996881047722,55.3535962720607,50.6635782400644,41.9255978922612,33.3789638047854,24.5998874427315,19.7479926702806,10.544631684394,6.39999323261599,0.438538343890213,0.321689332465598,0.294074562475484,0.269655108332183,0.283402385917513,0.37780967002488
794,633,0.322352307996793,0.979332924611048,0.0988941132496549,2,0.0441633805563072,0.0189497150742223,0.013934273117772,0.0173056806451632,0.0196183557871391,0.0232032090374745,0.0272802987454299,0.0455397140529594,0.109545095077558,0.186887253143768,0.000229086644435105,0.000166161461623974,4.67535906756887e-05,5.90166909407759e-05,5.0739022808158e-05,0.000241680607261325,0.000398416358315548,0.000962581912015824,0.00402216780602783,0.0486186296386286,0.137917636117653,0.311807128202635,0.0442657595891667,0.0208721896532101,0.137683300810817,0.520342840259846,71.0091621733332,63.6366027445581,51.6031034725058,41.1032852503846,33.5036674987462,23.5363257782035,18.7268562577961,11.1967467787412,5.92043451903021,0.427385141567321,0.366802088326107,0.298015235216185,0.278502789837801,0.287555217999174,0.380090565698535
795,273,0.218404465875803,0.98991108102624,0.0989887478753674,2,0.0487005114240006,0.0193526017795393,0.0144319653794352,0.0175088013647939,0.0200015942229674,0.0224731255023758,0.0265415260208979,0.0461773046546875,0.105367208158995,0.191598389550844,0.000196041650470669,0.000151189965708338,4.52045281324928e-05,0.000118836872539537,5.49515253454519e-05,0.000198907939901841,0.000352366904069631,0.000880722751967974,0.00364494030372042,0.0401206819564227,0.112528603682545,0.519944611149395,0.00382423942872546,0.0221630947409145,0.129207040283377,0.428304578524977,68.902304423504,64.2034425481826,53.9355050235835,48.1616239152696,31.2578451351111,26.4024585752055,17.7780652953102,9.75808698390791,6.11827372011308,0.430499209007034,0.339366910606255,0.295883058607521,0.277727925992238,0.282606039916935,0.393096976993583
796,664,0.276926536619395,0.977368986943331,0.0948758713752595,2,0.0395465486134753,0.0131824739359085,0.0175571909595948,0.018265147408693,0.0199170044832842,0.0240355556528484,0.0275600224348677,0.0438045301796104,0.107458959079032,0.191619417596449,0.000426605975671372,0.000128075622920556,3.85135309174792e-05,8.31376860664031e-05,4.70969165168302e-05,0.000238691819834466,0.000230783102222241,0.00102472400821185,0.00389310946454806,0.0359794052002201,0.14807605020885,0.145201101833786,0.0137710580843224,0.0564368803289818,0.214136621134481,0.582937405467708,64.4311444198676,62.6313813637993,51.1351429303177,43.2694609490743,33.6867107122758,25.0777883776316,17.3422857541137,10.5921077259376,6.27948585514291,0.430621504086445,0.338789725392257,0.294138862335721,0.279250187689121,0.273787898049915,0.377867115861041
797,171,0.348654544092797,0.977780715037297,0.105782374174786,3,0.033143418830805,0.0197488688282094,0.0142321296392533,0.0173776515143269,0.0181200341798964,0.024401560763072,0.0261154315484573,0.0455333170816251,0.108347227282837,0.187651455899661,0.000319150138977514,3.90585200206147e-05,4.37076951205652e-05,0.000197340998565504,5.32771380964959e-05,0.000189373508740139,0.000316547226520178,0.000651985262410776,0.00475964532798644,0.0592503892477826,0.131779401856154,0.275995636126569,0.00897220995847977,0.0275340983245001,0.0556108320328022,0.507544315410227,67.9381038253003,61.0168997938604,56.280252530986,41.6830396418692,37.5222216060013,27.6745070335712,16.5243413061849,10.4247158090108,5.99805024629217,0.440246056242359,0.340787651906381,0.296164583137277,0.275141828304552,0.27169481342116,0.384269978394593
798,870,0.209700979642502,0.981705692281935,0.0957183351703126,3,0.0380828222218791,0.0151301779826231,0.0162846110181813,0.0170841935978297,0.0182872071849045,0.0222739426346198,0.0264401504887452,0.0433943034344433,0.107155974103205,0.191020640442718,0.000305306412071802,0.000111797279867705,4.34179411792315e-05,0.000103457515048506,3.32531449224617e-05,0.00021081209589146,0.000483597281234997,0.00121142232612077,0.00453278932838213,0.042234468111884,0.100536388434097,0.127444288361267,0.0413142553007646,0.024164117845267,0.0897447332419418,0.587526679261265,69.7205971432769,58.0196264614773,55.6915862644205,40.3508471876418,32.7375142419501,21.8573278785292,17.1452148201645,10.2645840415014,5.99680279776912,0.441367352596572,0.356660259458889,0.294926307135385,0.283628547424282,0.282953341573965,0.396275927840469
799,489,0.306430006074909,0.985451262171617,0.0997817086679523,2,0.0434006390202611,0.0131003177557572,0.0156631546459152,0.018262723946914,0.0194539326026513,0.0228052554043197,0.0258916185855103,0.0450998107572188,0.108974602128981,0.187875528844747,0.000352906915559446,0.000220007242529796,3.26925548383944e-05,9.77441481417069e-05,3.67691363603267e-05,0.00018310807332834,0.000546289511979238,0.000746900716011949,0.00361710825935662,0.0350624100097535,0.1348248167904,0.279192163388202,0.00553140049875232,0.031417531337313,0.0682831555451177,0.542741523666837,70.3888779662189,55.758107750837,53.9460088035045,47.1815739465597,36.5527077858064,26.6941833644804,18.0197607629516,10.8925975580606,6.00572468018462,0.407754568713979,0.37417128576188,0.294984081707447,0.273336920301905,0.284127509831321,0.378689197652143
800,804,0.352345313258563,0.974917576759198,0.100182521681419,2,0.0445716729569682,0.0152887476321766,0.0172436786415131,0.0192513750686601,0.0176685748909389,0.0225186091071838,0.0257795121313161,0.0451267032411409,0.10893999483982,0.18676310891152,0.000239843571232082,6.75519132925821e-05,5.37982866523418e-05,0.000113168924899723,2.25031208338052e-05,0.000199119691561189,0.000295810802982497,0.000929660968517911,0.0033548099451668,0.0480940351595429,0.0958502715600704,0.184294480546707,0.0159794929965239,0.0116562296643925,0.0486137840210907,0.504833450185779,75.437325723447,59.3686439480561,55.0840316143454,44.324747795669,34.3013946002415,26.7678453858459,17.3399848151806,10.5167010281885,6.47634921963467,0.405709722709906,0.345685488433214,0.297411094387951,0.280226411775077,0.279894180777688,0.38761387246567
801,366,0.314101434147449,0.991377926863237,0.101111242788803,2,0.0334839944517122,0.0129872117424344,0.0168722524276658,0.0181373720509727,0.0179380385260446,0.0221739193319111,0.0268592248754901,0.0463452486483834,0.108663564607852,0.189363834321768,0.000340347213657868,0.000203096210316454,9.91350752480462e-06,0.000107488283589709,4.7988958009452e-05,0.000244313643847025,0.000367341265293753,0.0010666916021727,0.00325496080877129,0.0607351042444392,0.125186204830855,0.392244037139495,0.0193748609709589,0.0229627533054332,0.053732407356249,0.628222179195939,68.2762135782047,56.2215802379193,53.0053837485876,42.6990925352014,33.2330082167814,25.760034879146,15.8339074682319,10.4456270025481,6.45568111573155,0.448091420405548,0.353438604771792,0.295265713717991,0.276484187321782,0.276068405829025,0.394280841983443
802,477,0.345126909401005,0.975830849073392,0.097657977156236,1,0.028753285272147,0.0167273556209615,0.0157645383651766,0.0187318655572194,0.019115803152793,0.0229729016114287,0.0257294605078161,0.0435975945595925,0.108230796828441,0.18968381860281,0.000285518268860195,0.000106506249359554,2.72530362068009e-05,8.19946785485606e-05,2.41919932764266e-05,0.000188430026033488,0.000367507455205324,0.000786875796260028,0.00349930369805242,0.0522685213871718,0.139627203057324,0.421599084825644,0.0189637316405807,0.0161721831804829,0.113620645715648,0.528277519503812,70.7743849395083,66.1782013126408,53.816295243275,43.1925192281482,32.0395063773011,25.5546209117061,16.6549307561352,10.8117706387696,5.8643796205879,0.433913960439926,0.333956123711651,0.295746021133538,0.28174815115259,0.301178079869429,0.37854760843725
803,515,0.275432228699206,0.975032664937126,0.0946287154429764,2,0.0333754370693825,0.017046647627922,0.0152490138297738,0.0170416708594147,0.0192635472829332,0.0241180398731443,0.0264817154512593,0.0456353043132287,0.104781996450509,0.191879148848413,0.000256056879533377,7.05973338660868e-05,5.20789141526918e-05,0.000118058863223844,0.000106651587131774,0.000290982009624722,0.00036162333503874,0.00114204948252162,0.00341854396993579,0.0518043243790705,0.194851046609604,0.267599494646794,0.0228361023913454,0.0155276653899062,0.0904305229927739,0.498836417460317,71.7438169369223,56.6494136535392,56.7747841176584,43.6814087748582,31.9188894007605,25.2654745917442,16.902689813392,11.2542606766265,6.48764990399863,0.397323494673532,0.386976422485465,0.295277852595047,0.274308547411556,0.286128413779131,0.388005554342983
804,209,0.343526964061345,0.993759544160689,0.101653580850277,1,0.0442224555087838,0.0184835659025587,0.0151328771030854,0.0185438939820202,0.0195316066517255,0.0219645918776595,0.02636286473728,0.0446829308661859,0.109014159403561,0.190600550880214,0.000346940351916524,9.81400228920135e-05,2.19265944955345e-05,0.000110360268478713,2.85681114222981e-05,0.000132169286480968,0.000232276085416436,0.00122034758534933,0.00395727753127011,0.0369663622155204,0.06681733230179,0.320602501573892,0.0129908915703534,0.0213167515719973,0.289014160890358,0.548773119730225,70.6444595890782,56.4573499700131,46.9852391412066,39.2319541283041,33.6610027982735,25.4488648376266,18.1692092453839,10.5875142999529,6.06811855345426,0.429956958341015,0.342867639213495,0.290676730337015,0.275165515294425,0.261594805225935,0.368868806517581
805,533,0.242334070900614,0.982807648098463,0.104732493085917,1,0.0400575584810569,0.0166345307645069,0.0156225954322786,0.017511764591343,0.0179162432272933,0.0237191818793386,0.0270228447286118,0.0460359980629997,0.105845649823649,0.18980339022542,0.000299704650648928,8.45168189577418e-05,4.30189249813676e-05,8.738836735454e-05,6.69342455804366e-05,0.000220008667519946,0.000275730159227216,0.000968819888696968,0.00316879804028938,0.0381694105817376,0.167410862180365,0.343719633570949,0.0133380503151151,0.0357950686551148,0.0337614755434736,0.546312760092969,77.0476113156596,62.5835104581909,47.2922794654191,37.6772644215215,34.1622097551738,26.6173727635474,19.2099567297459,11.5585208409147,5.83033349910864,0.420150550758888,0.355586330200764,0.295783520915337,0.27892155066194,0.283046460928166,0.363762687472222
806,76,0.259527693421266,0.967989584309196,0.0942641083980974,1,0.0465092649007455,0.0198774697403441,0.0150694495009877,0.0188648931887554,0.0205795783042321,0.0222341451534047,0.0274250337470152,0.0453675398039989,0.107786014207392,0.189889044682995,0.000317010955331231,0.000158316912777957,7.01877841059086e-05,8.89836159434855e-05,4.82272848510799e-05,0.000116518418883691,0.000477644174181063,0.00135608108334145,0.00372614097960027,0.0382364295319167,0.138028366971327,0.212283152905029,0.0114090224575817,0.027085539311151,0.0674172855976731,0.579346856655304,71.9721354858682,62.552794472176,49.752718065979,40.5048562608349,31.9270154396282,27.0846667190331,17.8329922825607,11.2874326865612,5.99224704471379,0.428833659876767,0.343498163037189,0.295679102692481,0.281075991193157,0.266832432618173,0.387867149687915
807,699,0.372077532206821,0.981369436946052,0.102890881685595,2,0.0368960908875183,0.0202639084136395,0.0169869660726448,0.0179126767161004,0.0195235260144485,0.0237234248791333,0.0300733266184938,0.0471879762815729,0.106470277866926,0.187302374828485,0.000562211903496562,0.000109219736120049,1.90248202958415e-05,0.000122249063129053,3.57037881211989e-05,0.000276883409093736,0.000376368603827418,0.00132846472516536,0.00476061296193599,0.0352743396859281,0.115385461319703,0.201678226487391,0.0631699879517581,0.0201480434516247,0.0881295316729685,0.510024862420897,71.0874536266603,56.5683926815549,53.7051455414111,43.7168624140246,34.0536204007599,23.2370352744272,18.197716177262,11.2571940695866,6.15514613966584,0.422390686228205,0.357676817044627,0.294306198773563,0.278558325217497,0.282007192278596,0.377593035807422
808,870,0.37531630588986,0.992178499587376,0.0939767587554115,2,0.0514661797568495,0.0133764585776904,0.0157394152807512,0.0176211895378338,0.0196994622926897,0.0226427472461369,0.0274128697244839,0.0449716611175898,0.106349460770415,0.193096187710178,0.000312345360811397,9.53227321573853e-05,4.59114259088834e-05,8.11267831832855e-05,6.35943879314246e-05,0.000190870157567087,0.000355230902787987,0.00102813333420245,0.00560204665424172,0.0488448990406346,0.11143702808943,0.2377749760291,0.0075353287745905,0.0239227292508169,0.222451581227271,0.488544561874914,70.9159381699894,54.4380050868284,50.904225205004,47.0617269774495,31.6269057284988,24.6724617591528,16.7702861627425,10.4763660613212,6.28736547394541,0.403567316673171,0.360048505715671,0.295561057188236,0.278119632532809,0.293035613389029,0.381270445143873
809,986,0.198381772130131,0.983271171753262,0.0954034550546549,3,0.0353748270290528,0.0162767917316684,0.0138510726453895,0.0164701286749369,0.020364022119444,0.02388137308641,0.0288079834929532,0.0458049892213696,0.105307260627737,0.189061023315493,0.00036927921560197,8.19352331170209e-05,6.87669602053801e-05,8.43024220892787e-05,3.15142245934461e-05,0.000302352855882174,0.000370592069274347,0.000832086112992481,0.00437002989239379,0.0468192484287182,0.0933269418809336,0.420248966677556,0.0289311170051837,0.0199582513114371,0.129323912921048,0.476336023732036,64.3094510943195,59.0804483191946,53.0316487403051,45.3299755691645,33.3607533860654,24.9771748132233,18.6883845602864,11.5086179062597,5.94591104991266,0.411375304277446,0.357470039566069,0.294628634183311,0.280863544083543,0.286951265469787,0.363240872664723
810,629,0.336616108083334,0.970084321309444,0.0940166083852617,3,0.0391671072407471,0.022685247262816,0.014332854004038,0.0185572663165953,0.0179003331896497,0.0235993260467144,0.026549990565791,0.0456294181559254,0.107042075196505,0.19038190287224,0.000270781389628425,0.000120611362181088,3.18941245577957e-05,7.61816289679923e-05,2.08754787952164e-05,0.000210029907949204,0.00051448023632626,0.000823315637049459,0.00362899090165102,0.0498662021661298,0.140072955865973,0.0856175407378298,0.0208198322926902,0.0168343641558525,0.0802217252917275,0.492294360883964,73.2141560546432,62.307469900216,51.4872391288642,47.293874843916,33.7574341129948,25.2606562669324,17.2922237583367,11.8044752215654,6.28404835187948,0.405908593855994,0.371097150047949,0.298203758376402,0.274803737913373,0.293471751597787,0.40639284759907
811,528,0.312614776675484,0.992673469289898,0.101639217915516,2,0.04093231858986,0.0201300235875363,0.0158977635976117,0.0183294038335007,0.0197596824637263,0.022563870564554,0.0279648726101639,0.0466098900773287,0.109614765990019,0.186296689416713,0.000260149395928777,0.000199648625444689,2.09841989350364e-05,9.88196312654108e-05,2.27850698765338e-05,0.000199551611223306,0.000385076710025497,0.00108297367656656,0.00357452016767716,0.0525249325751309,0.117535170697232,0.182115001709661,0.014418624278025,0.0250055293549299,0.107996578162065,0.504745006342741,66.4156592369473,62.8508874392143,52.9119989585167,43.0714274143323,32.5976543525868,26.316224121865,18.1334518536588,11.7572581304057,5.78028485912256,0.416892198865805,0.328711283361244,0.293045032775355,0.271000801279093,0.272435678753683,0.35568034161893
812,447,0.283636397191003,0.98464088579643,0.0975523008605766,2,0.0314313288998981,0.0240321577472467,0.0137711733118072,0.0156003792298725,0.0201899197886557,0.0239199355268725,0.0269615662781225,0.0452764519610355,0.107684392191114,0.182072152107541,0.000275108592491083,7.16268460962873e-05,2.12983557482819e-05,0.000112633072514515,4.12247485551712e-05,0.000219378179033429,0.000364551728030794,0.00111155410114889,0.0034412670508551,0.0609681389486831,0.108848065369028,0.531870809087556,0.0123764822518539,0.0135849720168701,0.0778436047836543,0.575859534210982,73.6700611042896,65.614484580609,53.9611096567742,39.9887655968691,33.9174675066524,26.2328763398737,17.7502591021311,11.5346609817167,5.8695924883368,0.409965652753186,0.333093791339375,0.294508268776126,0.281210654622716,0.267837204852792,0.395879653980687
813,952,0.292282433357334,0.988875347874605,0.0985720170252949,2,0.0447559509856723,0.0135041259956096,0.0145701710380984,0.0171759821880362,0.0179115080713231,0.023231512555327,0.0272769269106788,0.0453942824287043,0.109379838502202,0.186731532339312,0.000337637272490876,8.156976407263e-05,3.56934132140009e-05,0.000119627765800996,3.52233521195983e-05,0.000299630187534805,0.000415455561152467,0.000995123624249357,0.00471681782990985,0.0317984890112043,0.147992734660806,0.367154800400989,0.0142188667691505,0.0210812414410377,0.1100269171972,0.585337882233367,72.3221162950574,61.7894894513148,51.1999592936762,41.110701507752,33.7130719421104,27.7263834302936,17.673677494999,11.1866214550229,6.14244056605814,0.408891096653276,0.338194048984007,0.294625214738755,0.278299703397517,0.30427584849159,0.375397401330696
814,586,0.427529426198857,0.995744867224812,0.0895819451275615,1,0.033513803401001,0.0140478468347361,0.0161332144959722,0.0165105049470229,0.0196498138569066,0.0239999223528535,0.0274674063768546,0.045431870038043,0.10834570325184,0.182993737479831,0.000384268981739402,0.000185440853074609,5.72696285036068e-05,9.0448990739231e-05,5.79768493617341e-05,0.000287189232473736,0.000340143427039421,0.00116549798744208,0.00319285689375991,0.0583310198641935,0.127801513939311,0.293731348684974,0.00628768396190566,0.029363233753,0.0707555145760713,0.638141770940423,82.4224685944358,61.8361218130335,50.768826117927,44.3904313365015,36.5028736778164,27.0394737431568,17.723819571098,11.4855996571885,6.07152100720112,0.389863551757938,0.320568840937086,0.292807126437961,0.286155761523951,0.2829091371208,0.364530755471055
815,904,0.27558051607786,0.980241918736762,0.099937363857876,1,0.045637886235341,0.0177115692836577,0.0153925182461829,0.0178499034871531,0.0181927733892146,0.0232716939155329,0.0269175271666686,0.0464351200183988,0.11031239071224,0.188698822514837,0.000247502549813927,3.80724082596402e-05,9.06241339540723e-05,9.46091551141706e-05,3.59291210702331e-05,0.000239882193363292,0.000250155630357986,0.000881318366166976,0.00262864895883509,0.0491052846599022,0.124714090255172,0.30021699356437,0.0200308816568374,0.0413073305072308,0.0423548263569291,0.610850656381605,75.3390435857557,57.0722402818434,49.1166763047721,42.9274029164069,35.2232574016212,25.0944751437314,18.2469228134046,11.2115651342425,6.45784154505704,0.4146290316469,0.324329215326249,0.29172847627341,0.277427165034131,0.301419357071952,0.379452155814228
816,732,0.323831540940149,0.986560194091453,0.0951682873956183,1,0.0392608017862917,0.0221301417202872,0.0148153929529725,0.018495332167236,0.018667297152368,0.0225243150707241,0.028475971967956,0.0459937874951386,0.109531425953292,0.190029275765888,0.00030657153601376,0.000186192096917344,4.88101216204932e-05,0.000155219006614579,3.61835821343253e-05,0.000162347672980996,0.00042585234604605,0.00084449396709244,0.00324323573452141,0.0303009005322322,0.127894342291425,0.243540827872076,0.0144888387175502,0.0163483329737759,0.140086489261867,0.540859141438294,71.8166989036324,60.0683051875945,51.8851771579011,46.962521839842,37.1843666895367,24.7279116015123,17.337958611218,10.8079282436192,6.25889474814369,0.428050521566838,0.347228968588686,0.293175286181508,0.27877986691128,0.282811361575314,0.372019980218067
817,565,0.253564277598979,0.992913989696645,0.0948551578438476,2,0.038012972002205,0.0186736131979434,0.014703146738091,0.0160614969324825,0.018952394093263,0.0235332793534396,0.0267458086580581,0.0460656558170905,0.109049196099366,0.189871065646605,0.00040505278986217,6.67448795144153e-05,7.69442961250127e-05,0.000155995444303819,4.22125149588616e-05,0.00026247122344834,0.000461696816219876,0.00112405702711102,0.00408424962087461,0.0616422135243345,0.162939221314578,0.375378691531547,0.0243873071334541,0.0114049178156167,0.0776108574187734,0.534524328632443,66.6731717676231,59.5406186179707,58.0981205155944,46.5754385474274,35.0940112401161,25.6551223282472,17.5651275819163,10.6098399512049,6.32692003384321,0.432928497828671,0.35994618346463,0.295298574903736,0.287488206468959,0.300467584949964,0.363699926232221
818,218,0.416221488832591,0.982324271169816,0.0951608868257116,3,0.0411313977423127,0.0171502445970761,0.0144610537987121,0.0174767096431492,0.0191606513764947,0.0220072683481593,0.0267592912964969,0.0469491472247223,0.110052581859523,0.191665352221074,0.000423020630358014,4.08400622882523e-05,1.0692072037236e-05,9.89754482824562e-05,5.42079062849667e-05,0.000154883442967515,0.000476553326388532,0.00102904679469078,0.00346393860226844,0.0480273540628045,0.0854754710018211,0.173315730927112,0.017118834857949,0.0157771240673644,0.0798244468493288,0.583905087659788,72.9619485989103,59.9491657052382,50.0638241321981,41.1353556509628,29.4118005197571,26.1267782056623,18.1289302305543,10.5688905254909,5.54365893029763,0.401946471881762,0.370750336204404,0.291970264923503,0.274271817799973,0.297592129429287,0.387201573522926
819,75,0.314232411908301,0.988257158909516,0.104434030801992,2,0.0294791913558316,0.0124766338481632,0.0155418890510605,0.018770837523174,0.0198171952256651,0.0242870691419852,0.027643233638689,0.0460711502331157,0.109957292384534,0.188846682610744,0.000280671712375859,0.000122183164098979,8.37015323137473e-06,0.000109348272383734,1.97098884157681e-05,0.000304608537394522,0.000392910909788777,0.000833473215710254,0.00348040501521014,0.055038582337481,0.12877323950725,0.339766933969295,0.0329501769910428,0.0268767005943426,0.0704405805047289,0.520981386841509,76.2493786850068,57.1506508279507,57.123194631496,40.5364269154376,35.5594269326981,26.1630567337686,17.8558708535894,10.020395419565,6.41723430044735,0.432341538240406,0.341956204017265,0.294665808290779,0.272625148268071,0.260776040466624,0.356351010485463
820,220,0.343814939702067,0.983853944283503,0.100598119311427,2,0.0431277185697443,0.0244224716550779,0.0156969079891304,0.0194931594466049,0.0188140894273508,0.0236084886131401,0.0260752708514353,0.047628070877098,0.10880133833961,0.189424762181556,0.000363991041490384,0.000207342878503565,1.65100492991873e-05,4.59629177562049e-05,5.87350418423449e-05,0.000169628793906119,0.000319777239892815,0.000988967661485943,0.00310412253944197,0.0462658072782461,0.110252657733444,0.14366800801556,0.0245819374334765,0.028282967951432,0.0682650447177115,0.554685792631461,80.3258411037534,61.053882514444,50.3253429784707,41.3831920432972,33.1197645131503,26.0884704221672,17.8783908658627,10.3577895728899,6.92751700841387,0.419078951408803,0.323865356986692,0.295292422464924,0.282529800525546,0.28137560561755,0.385334985341718
821,516,0.275844259921406,0.994136485947968,0.0985992209070017,2,0.0472019882863918,0.0183640205455508,0.0162122641416248,0.0185461952362926,0.018906811477487,0.022956082137864,0.0260921908965448,0.0437619064891484,0.108000829729617,0.181848732986417,0.000191985849825241,0.000101940862817188,1.03229639874241e-05,9.41302447093895e-05,6.20093639158376e-05,0.000181160462520789,0.000363808010724671,0.000660742545754115,0.00491823274802577,0.0365359338555838,0.133194154115011,0.471545141268108,0.00563455846376211,0.0236233391982621,0.0877166045227601,0.477119821544229,68.3572726754403,63.0599047584632,55.464650194018,42.9344429962493,30.3790600389084,25.4740335100829,17.6798977702514,10.567107413802,5.76597264087235,0.409387767931728,0.336687790088082,0.294703052088608,0.273570951435185,0.30253676780589,0.379523718106466
822,975,0.324073697215796,0.981152345851969,0.102317574535797,1,0.0391852970301708,0.0128153811994342,0.0148076610632413,0.0180504167615834,0.0193053341854951,0.0226390403047042,0.0272159232401062,0.0444545203309758,0.108214403325768,0.189702037911484,0.000258224270583977,0.000115112186496244,4.25201058056026e-05,0.000126298540664285,4.88168331416174e-06,0.000188797549782213,0.000420815896750498,0.00104835542359588,0.00479062482655653,0.0625482692932112,0.118379237218847,0.329742344564845,0.00827479222730757,0.0352099505320617,0.182656342749678,0.478072528723362,72.6254516504574,60.2311587348366,49.5486267787755,42.7097742241937,35.3905607254054,25.845663467908,18.408718325135,11.3831808590933,5.86047189029592,0.415515900276967,0.3677419583176,0.293948266525684,0.275716321898036,0.288816597788292,0.380574680441735
823,607,0.27591115361062,0.99428244339045,0.104655619802202,2,0.0417495798987263,0.0169706528563846,0.013943709226977,0.019101481454329,0.0198272266173002,0.0233567420227049,0.0277318311681269,0.0453653386652106,0.10787701642252,0.188596806823763,0.000405444050663729,0.00011993599249507,2.00988822729314e-05,0.000220960947021047,5.65253767948031e-05,0.000225178808462873,0.000467012131734339,0.000939345106243415,0.00369524594333088,0.0603891576654151,0.110848570803235,0.215877639741164,0.0143473801720308,0.0345952876968982,0.0598281707124077,0.607204559135519,68.6669954108681,64.9040690171246,51.2090497095971,45.6105453235347,30.3470232899296,30.9215899013136,16.1379947173154,11.2767898963632,6.22367040239886,0.436478419356028,0.342753612194772,0.296746803018627,0.274727343831423,0.287997630029339,0.392866412264537
824,371,0.240885708130243,0.978727227337441,0.0931989091657888,1,0.0478944493408773,0.0210915858899501,0.0176149728199718,0.0187235744408626,0.0194174889142658,0.0234072388270062,0.0263886961742845,0.0435341950411624,0.111062068906149,0.185326831432878,0.000237945365061207,0.00016010333324151,4.02936917957806e-05,9.0148432065853e-05,3.55947080229911e-05,0.000221597609011414,0.000233082813899169,0.000990776036146859,0.00495567229278382,0.0577375057623578,0.120592923484997,0.0927596067439676,0.0303574525252548,0.0170144720999878,0.188791497626658,0.533535777334593,69.9087140600475,65.1680071752349,51.5599442185086,46.6579585034164,32.3142910292727,23.8856074032486,17.66268999215,10.9867052068977,6.66224682718451,0.40700940150095,0.351915433911861,0.292838270536065,0.280066885424378,0.278007483912248,0.391545617175638
825,97,0.29335159098803,0.99155838039877,0.100535784854437,3,0.0382248946845989,0.0189815828427277,0.0138608812894726,0.0191046213410527,0.018975601364058,0.0222241731616817,0.0268098582932941,0.0457916698631728,0.104495577368519,0.189395759487085,0.000204033477314213,0.000196105764221451,2.50240184205315e-05,0.000123013579089392,4.33891576600028e-05,0.000183909524470274,0.000285193208759854,0.000893517185782107,0.00396144046413233,0.031370201200165,0.118093422155415,0.515438868458085,0.0127846567914585,0.0175340347877247,0.0621265295076836,0.578851263312704,67.1889494967036,59.389834412298,50.6265847779515,44.7952007947829,34.7806533758293,25.1194703300003,18.311898085602,11.6109909376123,6.00949285851757,0.404441382345228,0.336866139632573,0.295238558578297,0.27574893552399,0.297335617296176,0.375072222184188
826,134,0.242263121093728,0.991241797139656,0.0980607237253337,3,0.0427095124406187,0.0158576668986423,0.0168250507186989,0.0182230313681991,0.0186374932616703,0.0238267908483811,0.0273623688422225,0.0443590516316098,0.109314912637064,0.185976852987194,0.000206088648656617,0.00013564587912841,4.66793116994456e-05,0.000131259119980031,7.35520690578706e-05,0.000194127016717935,0.000320643249678654,0.00130084026357873,0.00342140235549329,0.0480839130946221,0.159369636535,0.337136670242441,0.00797440729660506,0.0222871670139654,0.072335557475228,0.571887733724777,74.0112521982951,65.1855562353789,54.7176855164534,39.2835798456758,33.47502597056,25.7795402961719,16.7152505674916,10.6035984998427,6.15080588395264,0.412078294903917,0.330265112653226,0.296908040102511,0.277168275816439,0.289419078091417,0.390264323369306
827,161,0.31665709552125,0.978854908607885,0.0902336704293666,3,0.0332848333951359,0.0180147940881336,0.0160484048734417,0.0181088255713965,0.0188197006456223,0.0228765212911471,0.0266381323175324,0.0468390966787923,0.106815664404256,0.187019262139161,0.000460429497819889,6.25660610791348e-05,2.98215684426226e-05,9.34104911469072e-05,3.89314850417265e-05,0.000184228302751624,0.000453060778080037,0.00136529347403027,0.00401622980762089,0.0456068582005042,0.12828171068351,0.404937640713081,0.0219007067436251,0.0224334514439258,0.231177542918459,0.499202535289978,72.0276908815207,59.8435537741986,53.0861977757265,41.0834380195333,34.0885459608166,25.7890908917441,16.5654273136266,11.0624753355148,6.2365563047701,0.41776018767058,0.336425951222431,0.295384809027934,0.2835428833141,0.302439931868604,0.387399966103554
828,758,0.27641316172599,0.985022270405175,0.0963749474819086,1,0.0425130243442586,0.017886079373914,0.0148212004657969,0.0160437052320874,0.0199031427006711,0.0234949855375586,0.0266957116912894,0.0451456999638773,0.110877560130599,0.185719197660387,0.000300223815833315,8.35518864707195e-05,5.53810195930689e-05,6.96127368665626e-05,4.05230439261523e-05,0.000301003036135307,0.000444936364500173,0.00095630150185816,0.00431313261704598,0.058499065727291,0.127962810378085,0.401202690097125,0.0211731617159242,0.0228052466747606,0.0746521518533053,0.566338411830229,70.1558497993344,62.6667309382056,52.6827000716681,41.1709341175081,34.4024377813522,24.0535449511781,17.2548370398426,10.6367919523858,5.75659608523366,0.402184228006849,0.320451599574074,0.293342512570043,0.286949380916754,0.296700803795711,0.379240174495156
829,482,0.321386360315904,0.988059445304703,0.102946328093328,1,0.0336553564261231,0.0129276113179531,0.0145345186827167,0.017448179625685,0.0182822340389358,0.0235543053558809,0.0266256975529295,0.0453851259820441,0.105056762007468,0.186602916126844,0.000219224598143117,0.000151605883122469,8.13542839854566e-05,0.000122407109203961,4.91317943415799e-05,0.000188586912736684,0.000246008726671409,0.00108191944270162,0.00435868335072213,0.0457782214854859,0.103577706691126,0.159876184261613,0.019932898942675,0.0338861809915175,0.152267132497543,0.464525782627278,76.7359244258549,66.9336674746913,51.4406269422745,38.5992298404783,35.6763907160938,25.7239561299884,17.5089003647407,10.226727224601,6.55907503815115,0.422927840816282,0.343228294430681,0.293752950440076,0.278881195660189,0.245867116648398,0.37290112629261
830,341,0.305760148415535,0.987895744919684,0.113244279920149,2,0.0509036570676689,0.0173134488391394,0.0168519213266162,0.019580299524886,0.0181081889311428,0.0247506533354693,0.0258592332784262,0.0452885676266424,0.106627405870674,0.18671382670827,0.000273702898783152,0.000128158326879187,1.73793221318799e-05,8.84485513035591e-05,5.44263918675694e-05,0.00017642785161395,0.000342854621186148,0.000628541396611856,0.0038196797824711,0.0647031033461265,0.126910572402888,0.217147587884343,0.0223316844922502,0.0225573205231067,0.0695569098800545,0.53192411578317,72.4788927745904,60.8579709500947,55.1523195220529,42.0845076677532,32.1146996865259,24.1064475948655,17.4709472789418,10.9356973536331,5.92478058566465,0.422173267231879,0.336316816766518,0.293338866945303,0.28159393256826,0.277252315555908,0.392391708945062
831,453,0.33038645481117,0.984408926231794,0.0994819844103626,3,0.0471690804979656,0.0187458702389571,0.0179537027398248,0.0178715520924847,0.0200342473902609,0.0232371586216187,0.0264122960278352,0.0456065147111345,0.110707246214083,0.186124942555193,0.00035575403441841,0.000107253368497747,4.99427717960042e-05,0.000125859323876887,3.87842146291133e-05,0.000161389988506501,0.000374550858820298,0.000754621628403612,0.00471088498024512,0.051549880873609,0.166637425869897,0.460271914395518,0.0325706701488529,0.0207197131987054,0.0848479855030704,0.506627956682954,70.5811375209923,57.9617368432924,53.3533678829434,43.04870412336,31.0107646224396,25.5112178337154,17.1487875701574,12.0284627084447,6.03366305722373,0.426723371530711,0.353174129635436,0.294406539039277,0.280597973047827,0.276423470214715,0.37241476257951
832,68,0.33466222133449,0.981188919250578,0.0985387580906817,3,0.0371415296288455,0.0167434750966466,0.0157995491443318,0.0166872212841445,0.0198922523773084,0.0232550694716944,0.0264111818320396,0.0462925933514401,0.108649683410678,0.188815600821554,0.000223696288346181,6.91905627814464e-05,4.03347575549047e-05,0.000117361128990598,6.23734771402406e-05,0.000162729376215186,0.000382794207923713,0.00113084759832877,0.00436697652280286,0.0322589373743621,0.107954870744541,0.210374410186733,0.016377308870577,0.0228820351393415,0.127487181035236,0.505241299388161,71.4558455460398,63.1514582721451,44.8433397987106,42.8109842406509,32.8182896385138,23.1771457728355,17.4162909878758,10.6337640867893,6.47925413386509,0.389111839972658,0.348959876521722,0.294267071653457,0.284019908721745,0.280460175830653,0.366337263014629
833,14,0.328101093873096,0.979159761237345,0.103787773287928,2,0.0362466281709584,0.0193955955582853,0.0152605597638142,0.0162096052166071,0.0190651246482394,0.0241724179097598,0.0255046068572031,0.0458074806422396,0.108702373397231,0.191104585202053,0.000231144918025775,7.23219433414678e-05,4.09971933903517e-05,7.55162770466882e-05,1.87888008027845e-05,0.000153979336158562,0.000230939347243652,0.000807056447477497,0.00402019507336717,0.059576584530197,0.108218475802007,0.213206155012638,0.0499164808929544,0.0251865060969481,0.393773405254006,0.618379619643174,73.0784231330566,60.5047596683099,49.4373082138549,43.6522133772551,33.0608617925846,25.8725924754243,18.7594556871457,11.7428690959561,5.85883371285613,0.42374754996733,0.335244018566333,0.294769534129248,0.282413422822188,0.297240270597969,0.378472141585596
834,512,0.31305581458466,0.990041930070515,0.101942693623949,2,0.0479656548034014,0.0194135492682833,0.0148137227786031,0.0180055380554049,0.0184243236458237,0.0223201992290383,0.0265910053129504,0.0472486755434617,0.10673260713698,0.18410256305521,0.00041071370835833,5.28804375674608e-05,2.89343859018854e-05,8.2965024471959e-05,6.26444545886574e-05,0.000239228882138556,0.000280189620186684,0.000977902371767834,0.00432094617998434,0.0415231756036802,0.136101463817007,0.314957998558028,0.0120992599384313,0.0231532516149956,0.0864415994115637,0.546951833572572,73.937167420604,61.1454902791555,54.2581811004603,43.0052433714482,34.0429376503722,25.0822228495151,18.7495479111512,10.6467538635488,6.16697380120798,0.434670678989476,0.340998872478429,0.292931319631592,0.278483128956465,0.295139119690779,0.369288574998451
835,88,0.330040246756166,0.99692390204939,0.0981211822243674,1,0.0382880609864151,0.0134586530803286,0.0159167093606223,0.0190361768213632,0.0193384281532177,0.0230434717140059,0.0286627970881251,0.0442213748098784,0.107793633240844,0.188719961821025,0.000446643091471441,0.000113053463734312,2.56741656435092e-05,9.52365716955479e-05,6.81457914380077e-05,0.000108709739616601,0.00038999090609428,0.000739080722965269,0.00397602360621613,0.040013691620858,0.166811931852223,0.369035483859146,0.032505962940994,0.019345653869301,0.314269342994537,0.492402438597393,68.7915585304576,59.4440995374464,50.8702011991217,42.2502115779359,33.3530499212604,25.7768578010955,16.5656141382524,11.3446417034356,6.46937860595096,0.421585747989187,0.349692558645526,0.293957337827503,0.280404362670206,0.285569440329131,0.373522472424144
836,987,0.376541907590372,0.987676093398998,0.0959961892916541,2,0.0395966214057272,0.0189888988122945,0.0186748055223993,0.0174572692309149,0.0193333304676222,0.0227604119099644,0.0278513283057453,0.0438765341249784,0.107316473207709,0.183357277814435,0.000400459818994687,0.000133592438422526,5.02575768766066e-06,0.000150532815656448,5.01025132565681e-05,0.00024787136416654,0.000286409352432801,0.00122283633730819,0.00380179298531075,0.0533046492550512,0.123385618295185,0.386751607450637,0.0126275060749991,0.0356658646339535,0.0831687712819534,0.472255437809381,71.1845054671672,64.4669521539026,49.7100069448768,45.1580747752878,33.801487736533,25.0269270139971,17.4988129838262,10.8674155714535,6.12239870568431,0.445208563484884,0.314367472314175,0.293473642921573,0.281407069779315,0.292949890222517,0.377098826809263
837,583,0.350255092503562,0.975754950362619,0.107891931903196,1,0.039747348451779,0.0153690394739302,0.0168331873106654,0.0173424367520016,0.0178965496406033,0.0227866556945111,0.0263347149700794,0.0467594051964878,0.107299336969112,0.190561988605327,0.000236770623088914,0.000110956271158555,5.12568252314389e-05,5.5555768485901e-05,7.77107316406001e-05,0.000158175156598251,0.00046264047312736,0.000776406733110449,0.0036882754734996,0.0319817286753775,0.0965937192402532,0.200127691840258,0.0293379760194191,0.0121176033080628,0.0628893724550381,0.547403556973001,70.6723686214958,63.3325165329115,56.4848508016306,40.863752392877,31.3217422377874,22.7841103870263,19.028391124514,11.3369513407914,6.22161890818514,0.419288077577228,0.358827749411697,0.293529028526587,0.282113749703239,0.273681178259468,0.386897673096041
838,186,0.355480054536822,0.985061538943086,0.0979452861183191,2,0.037788177908758,0.020944045704814,0.0143677048728755,0.0171987490365774,0.0208250395213071,0.0246603064336361,0.0264964745440348,0.0467037878060628,0.108925738250211,0.189239317064832,0.000418349890204362,0.000110721609536376,5.09909268785656e-05,7.01211523078894e-05,2.96411807815793e-05,0.00018070061468289,0.00036720300718582,0.000852610779940199,0.00517868410174793,0.0526079267584274,0.144112059919838,0.224120101131276,0.00998912459047024,0.016304347857056,0.0853941300365801,0.560439260484935,74.491722237152,65.0226539398037,50.3173478638994,46.8443930859491,32.8609264115922,26.1847114768512,17.5025897318571,10.4685372005822,6.44268826227022,0.423227892173926,0.35244306704192,0.293443092447138,0.284065403505327,0.283561817714632,0.373259933668445
839,867,0.466617250449656,0.986991491862029,0.101561425353717,3,0.0394932226926432,0.0227714362765321,0.0155395056222479,0.0172196985308517,0.017906716495721,0.0232946359502869,0.0274354455074878,0.044126232445567,0.106263026306707,0.184399528284332,0.000314458691911495,0.000170687632073493,3.73728133746533e-05,0.000103535960679761,5.93106528911879e-06,0.000169202535131832,0.000354345092111185,0.000980229473189116,0.00428087794323767,0.0498813026743327,0.13903979529049,0.270149375141086,0.0405118115662707,0.0115815943865036,0.121397846716735,0.488144737475446,72.098057566243,58.9045018734903,52.355667180864,43.5725372910326,33.0256563508493,25.248548861259,17.4533396975805,11.5109997441621,6.07849899865436,0.40840206271869,0.33763755828898,0.298053541916944,0.278050450953313,0.311023914439406,0.368077282840843
840,175,0.283859319486229,0.980662850877367,0.095980112517557,1,0.0327228338605905,0.0180625905617701,0.0155801109550296,0.018165639552583,0.0191692544790116,0.0236882370184739,0.0272414484144965,0.0449821518386548,0.107835057785178,0.187723254669889,0.000390544472993159,0.000139308287636925,1.47792469631878e-05,0.000139786154490261,3.25756580823681e-05,0.000211154394399776,0.000301799440841769,0.000846240172338576,0.00420303539179393,0.0707986133769914,0.143162786688162,0.57245333774549,0.0144525652272592,0.0170808984627891,0.218489426204744,0.577935032399133,73.3617327706321,64.9649572900075,54.1980800259549,42.2965888817911,34.9544527338264,23.4952721010525,16.9224512995599,10.7586657375893,6.30185317848574,0.42350864963269,0.338554862526039,0.293862379202029,0.279160974945832,0.29185917149983,0.377368883478034
841,361,0.329512133303114,0.980100357944715,0.100122856726594,2,0.0341384465629102,0.0194205510288216,0.0162480814511221,0.0170712814576142,0.0175143295514564,0.0231531598051936,0.0259924256978321,0.044189491166295,0.107981049187332,0.186526204191489,0.000160434121265681,0.00013432036060573,3.14630530295614e-05,0.000128248548313289,2.80188530092891e-05,0.000307291483176419,0.000289994426693781,0.000759234888487087,0.00321212957531562,0.0613799896551899,0.112498199942294,0.422655585863886,0.019552808815089,0.0315965745921659,0.0879906350092435,0.485687177302089,78.6174314140864,62.882489497023,50.5599966807848,44.5257125943468,30.1212830689445,24.9019669619772,17.5172463966985,11.3517147828592,6.53337682733699,0.440341924889283,0.339394100446192,0.296991933980636,0.280587771012787,0.307858661573598,0.381722229684861
842,971,0.178420744874139,0.97440222664268,0.103447265397393,2,0.0399876740977557,0.0157676194808818,0.0150405583047973,0.0174170013107059,0.0191251876893942,0.0229387629840393,0.0268243777627531,0.0461496132602616,0.108740914190369,0.188315577825651,0.000185958188634919,5.38034920085569e-05,3.53051659120327e-05,5.48008937617797e-05,2.71897671245844e-05,0.000161723232291696,0.000402672185439884,0.00100900319905037,0.0038035036079612,0.0631903894883156,0.123978405388249,0.300869713980455,0.0122106245055731,0.0304732739807173,0.10462613866488,0.493984845437984,67.3732108087781,61.3082461786744,52.279783316767,43.7574629283625,33.7417656607708,25.1500983562791,16.1214435660613,11.6356737822563,5.96555911001171,0.439126838737023,0.352147251201639,0.295534822670866,0.283567727193622,0.291958909420441,0.366641235989758
843,740,0.308543278866815,0.983000619190998,0.0967066149055606,1,0.03782235426891,0.0220472447333949,0.018062749200498,0.0184824236400701,0.0176807397880165,0.0231371123733319,0.0272226249948643,0.0439409280809274,0.108088294591389,0.190629647769157,0.000283911012174841,3.10052115046321e-05,1.56673939429256e-05,9.84299073534682e-05,2.81993963213525e-05,0.000264342057346971,0.000388726761874944,0.00117528843290182,0.00326126716227987,0.04874240884972,0.128703317835099,0.59150930805875,0.00497391000559399,0.0179622914731478,0.165980471824222,0.498706548847322,68.9377304173713,59.6520444743017,52.4884092003869,46.4213886903613,32.6220462252571,25.4160481532999,16.6984611161713,10.139205153012,6.03932896847551,0.448895412295332,0.336595874278227,0.291040093840336,0.277586292740045,0.28343736333852,0.391352545392135
844,277,0.32939794920386,0.983788237364328,0.0926746638832679,3,0.0427353702058321,0.0112065543381014,0.0173572670636796,0.0185623760674791,0.017612270000001,0.0226544731063238,0.0268176032700369,0.0447084104454003,0.106452927175616,0.18604786505606,0.000320766633731706,0.000172143570224966,6.0411937066659e-06,0.000126625761079597,5.63120052678902e-05,0.000219266149863733,0.000398794013062449,0.000934648857632932,0.00473759320208499,0.0685409531407773,0.10391832990449,0.321986254394028,0.0134004727155446,0.0289956248159046,0.352001267634081,0.540466354132851,66.4781032480626,63.0351139708595,53.4332747440532,43.5582941262277,30.1352204713132,28.2736499943129,18.1428216295252,10.1570699731091,6.04206154939976,0.40473960427122,0.34863662642235,0.295626931541131,0.283163071504055,0.299789725370002,0.405710401476955
845,695,0.340258184278004,0.988712051816277,0.0897041859410951,2,0.0412525836098449,0.023821525210841,0.0173852201389876,0.0180816319163275,0.0201072844564859,0.0236479462383482,0.0267398779537644,0.0459111813942282,0.106988338744956,0.185939448495009,0.000185438550248025,0.000243201330828152,1.93891424747524e-05,0.000136591608770139,7.85033558635259e-06,0.000240675879666702,0.000377667806723402,0.000482579866694188,0.00422780457087005,0.0571173515705673,0.125029508937616,0.398289868392474,0.0225552732634406,0.0265411210192455,0.14350939846524,0.47581355181296,73.1813897079884,61.0092535417142,55.2430039888922,43.8837899177844,33.7018065642597,24.8319566495455,17.4263891719461,10.6851919279487,5.85474857606097,0.423315546198556,0.3266770558947,0.296159762786363,0.285737251675536,0.281540336637205,0.386696907326889
846,786,0.251096210102414,0.986870897987691,0.100969660698781,3,0.0418342785913504,0.0198807084186916,0.0130286712528622,0.0195071286750761,0.0191087574690793,0.0233202203862795,0.0248345306743437,0.0453878792301766,0.109179868378331,0.183928426522739,0.000248687247246397,4.81500271023032e-05,4.65803023892097e-05,8.02828519451922e-05,4.13044888026436e-05,0.000178745586560427,0.000399851759924964,0.000800765254339352,0.00501683167537521,0.045750281860247,0.115007077868388,0.663320084093512,0.0626062886222926,0.0396391978943,0.0771638028180578,0.457473105971268,69.9496809181714,60.54257394444,47.781766531847,44.9431293076364,36.7219678593892,27.496070868641,17.9176491731358,11.389299658508,5.83250591703644,0.413044366143412,0.34436005256855,0.295816808605347,0.278190372031247,0.286759748926866,0.368826131068781
847,276,0.223834799695502,0.981841811554925,0.0941913496196469,3,0.0486195504505671,0.0230945968903925,0.0165512515695408,0.0186601895145472,0.0177066241768919,0.022189505269589,0.0260541613931682,0.0481938363973424,0.108964371538026,0.1874565466961,0.00038735845561642,9.03687966076593e-05,8.69811581757891e-06,0.000112801326872904,3.95079571599637e-05,0.000162578732378111,0.000379928789431325,0.000808820627221113,0.00363034958313405,0.038456633910201,0.135786829630855,0.243267616898595,0.00777005247715233,0.0228554985555387,0.060841971424745,0.52804314781219,71.6290917878092,60.4493911339104,50.543213575135,40.6547268869735,33.293192081853,25.504110008695,18.9358288327824,10.6671335978777,6.00393360850007,0.416763895041826,0.339819623736522,0.295091432428437,0.276714727499388,0.276761637252131,0.404011994556508
848,449,0.357986993605386,0.973608297588858,0.0841735357867703,3,0.042087201471162,0.0108719543518336,0.0162463341575424,0.0178710304783775,0.0180519350932273,0.0231179627664459,0.0269647608405932,0.046221797189091,0.107029075701036,0.188757405100209,0.000282327597147582,5.33078949113811e-05,1.30589525914495e-05,0.000110978492224183,2.18535568990421e-05,0.000213243083840876,0.000460513753582533,0.000807382357117417,0.00398893239863448,0.0511535250924838,0.117101981793097,0.322375286040941,0.023443569611545,0.0230758662017816,0.209987050107716,0.542605339630304,76.687669471363,61.93803858838,54.5289239850791,41.2736793365146,33.527370817407,26.0303632403923,18.1555934849203,11.3697754618693,6.86666213967794,0.427855596896121,0.345171660446416,0.297041728100578,0.281417578588143,0.29731804966589,0.371355301336998
849,507,0.291107345684117,0.980009067796684,0.100081357536458,3,0.0490794133409828,0.0257674513746443,0.0152772195603654,0.0164756499573467,0.0190445543731461,0.0235946389114656,0.0261069539611837,0.0454186943171722,0.106676074830005,0.193005760692958,0.000340643795179288,9.71236854656999e-05,1.50904301515044e-05,0.000102750097651534,7.55790229202154e-05,0.000241630010783148,0.000311866325893079,0.00106220479241053,0.00379183049918242,0.0447180713450818,0.102835653643424,0.334864254637418,0.0313362760920341,0.0345017753049941,0.101715756278377,0.48492389080097,69.2586316150603,65.902990169923,52.7059625267436,44.2989379473118,31.0919382049404,26.8400188280535,16.6368156003536,10.0854468412112,6.55371658771098,0.414511059723436,0.346970533367451,0.29297982225249,0.277086971145849,0.302932463044745,0.373478550373793
850,997,0.25206352791707,0.970259954027701,0.10198515636496,2,0.0415354754050491,0.0115620058697377,0.0141923276699506,0.0185866326763217,0.0172961217576107,0.0234637366583081,0.0258423652685669,0.0446470039980511,0.107157219428827,0.185846020540349,0.000215828134414037,8.61097873908958e-05,1.49577040356508e-05,0.000116566632554327,4.36016340547136e-05,0.000345973040844617,0.000357463322850393,0.000893359442111222,0.00355972446496533,0.0430974966434707,0.178450181458591,0.391317327074483,0.0102425182385132,0.02271257577641,0.0465766124040812,0.468717046677098,73.2068298320155,61.1711107565688,56.0321728096648,42.78406441287,34.4543890003275,24.9243903094192,18.1263119222238,10.4372999956375,5.82696887324796,0.410330294307057,0.322290763055491,0.292355621114129,0.280727921072601,0.283304057038646,0.375550880692208
851,727,0.215209961859293,0.984016766755836,0.105146714902723,2,0.040169756026368,0.0153978193935722,0.0136452568754432,0.0172669404562912,0.0176512849298305,0.0237752633753358,0.0257073293473954,0.0451158985591191,0.107176921908587,0.191984635961769,0.000261959718759282,0.000107568340327274,4.65298974349043e-05,7.19911993738853e-05,3.45199156944481e-05,0.000202867935859502,0.000329939645876642,0.00103194438035166,0.00272463345895136,0.0652435916751629,0.127361414665643,0.500362070517306,0.00940694798582505,0.0373734672651713,0.117256330915421,0.521687757911835,71.2617152972703,69.1895274178331,50.025280922791,39.7808324325457,33.7879530007599,26.881881543908,17.6870140611686,10.8575331859475,6.1367142278558,0.408620101713311,0.346476344862407,0.297009026285668,0.281953049544804,0.27943881800938,0.386657080456797
852,636,0.327037487310834,0.990558565345236,0.102199966371223,2,0.0387302512444976,0.0135151405340219,0.0147815387459963,0.0188285136149429,0.0183713384250417,0.023307326820392,0.0266419557834276,0.045454890035242,0.10734349483252,0.18647380846335,0.000286921332890431,0.000101552619374687,3.74339127625395e-05,0.000137521220856508,0.000104914774972548,0.000257758443960979,0.000335087517693204,0.00083297864347465,0.00360838617311812,0.0517615108632109,0.11618144154454,0.593822715862598,0.027846298961983,0.0167674599148586,0.0406017657973624,0.525457095379826,69.9871488703351,57.5072315009718,51.1708317750381,42.4939113708159,31.5236280365764,25.8907793830487,19.5016144246479,11.1537996160979,6.44005499370789,0.403245402768969,0.324019855862832,0.297905045346867,0.271233254608507,0.294594113925672,0.360723102279359
853,516,0.289989596605354,0.982946540681346,0.104395148243894,2,0.0413923722226046,0.0152814460940499,0.0158441027343746,0.0192799320345877,0.0200908962823656,0.0234092452471421,0.0263428342759555,0.0442932703730734,0.108789847944753,0.181670911520516,0.000374338532264438,0.000179884671623779,2.90852472577325e-05,0.000140145035445581,5.76322905573286e-05,0.000211789116802198,0.000310811739469755,0.00110760399073559,0.00344301800547697,0.0622949325380906,0.151269173101444,0.503525674629716,0.0125743184190252,0.0189258775053786,0.155507103974049,0.662057040397056,75.6841185698898,62.4904275884093,46.4418661541249,39.6070389126393,31.5130877609893,23.8144514948333,17.7593061672163,10.9314676725071,5.96365337603314,0.425440532375362,0.344301244062256,0.296069769590514,0.279187502460011,0.273913888893366,0.392976958968556
854,78,0.227631220395683,0.993811343117449,0.0984554049937545,1,0.0429121968200974,0.0171280526485986,0.0162157620912693,0.0178204112110318,0.0192724190596638,0.02350688890283,0.0265583022060931,0.0456465575750757,0.108319105942395,0.191349017869272,0.000324778842676819,0.000204158000906926,2.22226640757907e-05,5.7439109934673e-05,8.11061468005215e-05,0.000174324655732254,0.000420433172324477,0.00075341100162214,0.00311546657158174,0.0453148600669025,0.0856077316865858,0.294485221468196,0.0412218610931021,0.0272811691966287,0.128510481617426,0.520083236684799,74.0055879322554,64.66738595066,46.7397794262435,44.2192325554515,33.9639152544262,26.728006126709,17.0694285994648,11.2455129890731,5.84454188735728,0.38811207709318,0.326101020880486,0.290885730442088,0.282305408997595,0.296092732862836,0.378458734958384
855,449,0.321623675457582,0.974648196801965,0.0919916091339489,2,0.038150474182476,0.0203562363272369,0.0148451503856078,0.0184211618231755,0.0177435247928985,0.0231081433216556,0.0259533234817957,0.0441953054462987,0.105175282014942,0.18813501594737,0.000304966904136728,0.000260410262753887,1.37841598922095e-05,6.55362335014802e-05,6.0331353239436e-05,0.000199019654810975,0.000375062091830447,0.00105796896895296,0.00465981580632363,0.0564734455710667,0.127489228752803,0.364782569730596,0.0210568600584343,0.0392195400279609,0.105354509357674,0.595919901521386,67.7437274848577,65.4783587237767,53.5524940852222,40.1260976723281,34.128912783952,25.2027974722478,19.439479790812,10.5608284189966,6.41872366493221,0.428734280152534,0.340960102096231,0.294750217576114,0.274112067030617,0.284926960358808,0.37245247025089
856,853,0.258335500905658,0.984456648853117,0.106381214090787,2,0.0452437845639506,0.0138215930936431,0.018277906956187,0.0184305771175514,0.0181238334806968,0.0232153707789586,0.0275522360776481,0.0460613315995471,0.108372577221451,0.187204592963419,0.000406356086715384,6.32469345160379e-05,2.6683511833829e-05,7.13661878959855e-05,5.23295867549936e-05,0.000146228481417065,0.000237848407179969,0.00130905437810909,0.00339870311062645,0.0539209484874271,0.16843937592984,0.362184695165029,0.00947380866520195,0.0138252303268175,0.122331126863067,0.640770033180727,66.0034337954558,62.2196540980897,55.4815540102986,48.0526783039252,34.3261234884684,23.8080059391414,17.0240900307592,10.9350296659778,5.87405459944815,0.433046831586459,0.35630263497505,0.294795831035931,0.278768336131713,0.298852999907867,0.391825383778443
857,921,0.327234499642874,0.987478578575792,0.106575458146758,2,0.0343395596301876,0.0153495735780509,0.0155935669890204,0.0180152613255909,0.01902602774219,0.0237664342269979,0.0261685956521452,0.0455168780621723,0.106882809779292,0.185807259557029,0.000247068796885987,0.000106012918724406,2.44153274595872e-05,0.000128872312943552,7.72533645208732e-05,0.000157750389897547,0.000363615036319384,0.0008406975400955,0.00302282487302541,0.0571712753581501,0.146927393390857,0.272507127514833,0.0299491347073101,0.0114633529520417,0.0767360720968127,0.553055054130909,71.342320359723,61.762288774251,54.102045386033,42.6933649948183,35.9121971208582,24.7084175342306,16.6501037325883,10.841429880829,6.34241621873236,0.434966800495336,0.34370662831325,0.295166776502282,0.282190520947373,0.287386914875093,0.389485306795916
858,323,0.284300750814427,0.988556099160326,0.0977642916640587,3,0.0418925979010667,0.0153330705226339,0.0153571760991578,0.0185341332685145,0.0194265381659369,0.0234111302872501,0.0280882832930544,0.0456811438323705,0.107528466225442,0.180978927180378,0.000289904257198077,0.000106959544799608,4.13476610077069e-05,8.37412981704416e-05,1.62657245059418e-05,0.000330364534777847,0.000338857566527689,0.0010220036018702,0.00543647703720382,0.0370089073540208,0.120834270861109,0.16857932043767,0.0151773443729646,0.0237733208182611,0.199916063118325,0.537113397846168,73.2750254786597,55.8119377842619,50.4392088898515,43.5219507564844,34.9518145692585,25.8028669914947,17.2867400637693,11.8932051742918,5.70671987551729,0.400484555246168,0.345392049208256,0.296022287921315,0.287888979246822,0.30686710914702,0.377155997989967
859,590,0.35642902906163,0.985099791339728,0.0944191606986829,2,0.0335452820826773,0.0168855466416054,0.0160722645256197,0.0171130130167618,0.020506900890385,0.0236123928428801,0.0262623968647735,0.0438124595021879,0.1074062872977,0.186331243802172,0.000333380404669793,0.000218494965387451,2.61217223350839e-05,8.69543923205192e-05,7.20798988029956e-05,0.0002399232209393,0.000307937550822573,0.00083730042757248,0.00480905738401074,0.078921827228269,0.180247571706209,0.385204507884555,0.0275720423963766,0.0221869446886197,0.0446655046929003,0.534052965372654,75.7292506566565,57.9222149393576,53.9806911153234,42.4290323809493,34.0852284345172,24.4385036923558,17.78602899738,10.8748359175587,5.97950060295269,0.419220272883085,0.370420637414922,0.293275920970958,0.284061066603798,0.299787299063665,0.364102024003458
860,847,0.380478300831761,0.976796748258452,0.104798308057691,1,0.0306789151045004,0.017862038203737,0.0153560439898675,0.0166083564632286,0.0207684443431906,0.023910100315604,0.0262074508250857,0.04517449581499,0.108845119850219,0.184864906232468,0.000370781365245103,0.000173176864076929,2.63986257618309e-05,6.89484982147146e-05,2.40504333680264e-05,0.000104159396347779,0.000336869334299196,0.000749527115142156,0.00355532650873253,0.0368136164000306,0.116492928864722,0.312908848089013,0.0483151786719894,0.0209477848951944,0.163245452582412,0.54299120512999,73.5752281666164,61.6305902261734,49.5953922299225,40.3210027288208,35.944779556347,25.193547452164,17.1145585174265,11.6853036026123,6.14530576789922,0.438849897311881,0.341036141141654,0.295594061584963,0.281087725267925,0.303493852728867,0.382952189904406
861,194,0.292093029248298,0.969512699817289,0.0913149496624999,3,0.0312169502402276,0.0245724212582531,0.0139066183495737,0.0179519788378221,0.01997908982406,0.023797984086555,0.0257415948639052,0.0456126714061469,0.107968919084904,0.185863129635057,0.000257905332478103,0.000212287192585738,3.63461798124002e-05,0.000157442006739336,2.35870054267752e-05,0.000143855332981387,0.000330476641303834,0.000883969129163805,0.00321681057928916,0.0451782219755856,0.0926198578610099,0.119612574956441,0.0141782752915974,0.0166118917584914,0.167332688460178,0.564749434816424,71.1695490740236,60.8295109708978,57.0844693393725,43.5784005462278,33.9582058766652,24.4829908301592,21.0190889736943,11.8587434903558,7.18237345211128,0.394136117781512,0.307677903792833,0.296699480777685,0.281635004318372,0.27914779558756,0.366756237134348
862,358,0.207229322098487,0.982837699997792,0.0959742674431865,2,0.0361278813752556,0.0138067903868677,0.0160102859894838,0.0181017587595409,0.0184610951039232,0.0231635599495113,0.0258482648536705,0.0463498279570647,0.106942889638224,0.188805703042898,0.000295875154456433,5.54179507470001e-05,6.77983922824636e-05,0.000127270638708456,1.40886070703342e-05,0.000263425570868007,0.000411343366424989,0.00105287684027409,0.00455162761749786,0.0512391492800746,0.170320581416715,0.539553708287154,0.029383701014723,0.054154315446514,0.167142376359097,0.524332727696708,68.2451224188774,61.286483219806,50.822917217022,46.0224837349682,32.3178248268408,27.2257605433594,17.514383740772,10.9557632447435,6.09511178070351,0.421029223332734,0.355668385170991,0.293014310990647,0.282660738855736,0.265638480504097,0.386706285015554
863,48,0.360685561336007,0.99317668370042,0.102757424668552,3,0.0403613639848442,0.0139368583793434,0.0157338283849281,0.0177517157275432,0.0201339381583161,0.0227793952032528,0.0266737126366315,0.046824816345103,0.107380478582907,0.189014778340576,0.000294941424558197,0.000103197101822045,1.49673269955024e-05,0.000114111586511735,1.84995303857216e-05,0.000174054952523968,0.000332538445125518,0.00106838538571307,0.00464892529060309,0.0396670346285892,0.12461554330259,0.213923659276383,0.035591729748767,0.034865206473659,0.0839454933695609,0.560955986298592,72.1204821782551,63.9831935415041,52.2605079080908,41.4396339101171,33.5899374253123,25.6165759938425,17.543261910562,11.4312055554286,6.55017564194951,0.397578218007685,0.365326617171708,0.297215389302713,0.28013959219537,0.287358398154529,0.365668128464201
864,313,0.323001898618584,0.972674518926996,0.100677279602638,3,0.0406785967153325,0.0236649601587549,0.0159258771335249,0.0190434563471786,0.0188065578845832,0.0237183581716652,0.027227973653238,0.0454652971004395,0.10948486291682,0.188234949560128,0.000180737668595932,0.000128445592947955,4.28140792459694e-05,0.000100679140353201,3.52126298198911e-05,0.000208700696731068,0.0004523250688134,0.00122377216797583,0.00437218582090334,0.0377150446609019,0.167350612306212,0.167609821612322,0.0397109472487799,0.00907005273600744,0.0853309244629373,0.513538000910051,72.2904099373868,59.8539594753323,52.2122712816068,47.7584373916196,36.8948655517892,25.8160474406898,17.4009697040897,10.4018856164486,6.05169840147116,0.390503470747309,0.348459912532216,0.295428900328413,0.285582752778862,0.274194960635189,0.379839414287231
865,695,0.310960843548652,0.956483065560013,0.102795376186663,3,0.0455185339743267,0.0168683652864345,0.0158805002451267,0.0181636499488065,0.0182729321844844,0.0237279085535891,0.0278013239383,0.0450080371535209,0.105886243045277,0.18635444029834,0.000500621791702321,5.0467143938556e-05,3.7311505318317e-05,5.46322322223825e-05,2.78860752539501e-05,0.000180715931785064,0.000393543229204067,0.00100508828891814,0.004075932288276,0.0464049512752583,0.10462788900333,0.409383716978634,0.0268338233357254,0.0215787665327416,0.168305402492487,0.472626604207702,70.1026378168682,63.1389839137363,51.67138360984,45.2250122770931,35.0090181091362,24.8944569835637,17.6267029483423,10.7540655020501,6.15934972211732,0.412303677279341,0.338442584158026,0.292074465482406,0.277357834367689,0.293295314905029,0.400128598044863
866,536,0.227383467504093,0.992535769919281,0.104344360158904,2,0.0440528109984705,0.0213873396431438,0.014439221427219,0.0180977854356805,0.0191279855810285,0.0229118016482032,0.0264340042793733,0.0446569187270045,0.10693835515661,0.186228729745408,0.000418028588503015,9.13370449430105e-05,2.95846416817773e-05,7.39065844621395e-05,7.1233004541181e-05,0.000198382211765127,0.00018888561009027,0.00115085785298086,0.00449635233244786,0.0473736214980918,0.115255066423332,0.326074256936116,0.0305163813895077,0.0407492193433353,0.154982769722699,0.587083531635048,78.0969905689522,67.8205324702882,52.9262304363777,40.8780655339046,34.573605255747,25.2586697267331,19.0233781792779,11.5243248828286,6.29863518041809,0.414398358272747,0.341672266662363,0.296794644537079,0.275263959420194,0.289554774719661,0.384623203039138
867,810,0.256802065763594,0.979133177481621,0.0989466628041715,2,0.0438994595244504,0.014211355876072,0.0138838819269362,0.0193497361067988,0.0187962149313898,0.0226650766658742,0.0271699100637871,0.0447125740861658,0.105854306251745,0.188553719422436,0.000302979544701097,7.09603599011552e-05,7.76200491112428e-05,0.000121299668820893,3.96768846035375e-05,0.00014474017962966,0.000269669733436909,0.000664503872210648,0.00369912020617764,0.0532511166734279,0.119659883396759,0.482679538371858,0.0274062131355241,0.0299733058342325,0.216265560909077,0.537996770363413,64.5085970871431,60.0808736591684,50.6770986616237,42.2427819653262,33.5581001791454,25.7025011544337,17.9899514565843,11.6047769717451,6.16581959190392,0.426862326660492,0.333898925477833,0.29754769171674,0.277549060104158,0.299841153938495,0.386846609710064
868,858,0.318298958420059,0.990518225591332,0.0975311799708057,2,0.0396072887362182,0.0208886738525772,0.0154462482727438,0.018351130854348,0.0193695439921153,0.0232211573520316,0.0266585767183068,0.0454894182649945,0.106304450476323,0.191504505309742,0.000203106276481635,8.64125813676959e-05,4.45122820980564e-05,0.000133604052272975,3.65623363749168e-05,0.000263816144045944,0.000383075489732603,0.00108990734063342,0.00358038402607176,0.0637951539975183,0.185945783097069,0.37861661320029,0.0225027414709162,0.021420574107847,0.0965957187703864,0.560223607756345,70.980940385826,57.8281254715945,50.120196592551,45.1992260318183,31.1152944341014,26.0237904639899,17.8888687405105,11.0537761972086,6.49924667038482,0.438615343879045,0.338256304557932,0.294669477572681,0.275844585816802,0.28822407084459,0.386591342882328
869,992,0.330684755442201,0.989526246110049,0.0961503919612671,2,0.0394203053339108,0.0180076713698579,0.0163588572698135,0.0172286937412063,0.0189034581406087,0.0239703123027134,0.0260831883246784,0.0468522688936193,0.110641541432909,0.189824240759018,0.000337271200455964,5.1082639561414e-05,1.98667078382113e-05,0.000110660282268502,3.2336090698162e-05,0.000187932583867171,0.000309049307583516,0.00056207893538276,0.00433198101266924,0.0558044776646531,0.185059368392791,0.443815191629385,0.0576211671983674,0.0234626363463395,0.0789094582784103,0.541923551256957,71.833872300973,61.4699270674381,55.9766448735688,46.714485580876,34.0302513606432,26.0417936089621,18.1515821615187,11.1565240117061,6.23112704629151,0.446113423767886,0.354402715973916,0.299249212806872,0.275637223622943,0.299751691471989,0.382965192309422
870,648,0.328613308125079,0.980893395442324,0.0978362709271983,3,0.0360091319777982,0.0162665866212605,0.0175992861890988,0.0173470274319729,0.0184582556890661,0.0230402917539893,0.0256626342327998,0.0466503044041068,0.106880640920713,0.182586758561143,0.000166725149390141,4.67882247485705e-05,2.17690396307884e-05,6.05400210076288e-05,3.71241017055021e-05,0.000229031176129732,0.000248154666228046,0.00149604916885994,0.00429556617606368,0.0336885854053579,0.105373179283386,0.247550839311363,0.0119392363656262,0.0202582740005835,0.120396336519017,0.507751844405031,75.0560940883366,60.9523276707175,55.6501926989167,38.9603961064219,32.5163666293908,25.1090987310944,16.5572276265259,10.4054895913102,5.74604567549647,0.426543708822035,0.356803366849707,0.295722624875121,0.280752122556388,0.28790361959165,0.401773446577606
871,55,0.214398001921891,0.989745205915677,0.0970054358834125,2,0.0452571229624524,0.0234308146806135,0.0159690963138017,0.0172374312786569,0.0188788651151822,0.0223712016980522,0.0275596793447723,0.0469119162705125,0.109142891353326,0.187541706207044,0.000383123574174,9.35810896977814e-05,3.79039948165067e-05,5.32786056315076e-05,2.74474827696025e-05,0.0001634901462304,0.000369948793260953,0.000937313106172238,0.00270553719204589,0.0594959266993939,0.106726172139342,0.414137830339897,0.00978177087132072,0.0177655845862077,0.256120291401224,0.542462194168654,69.9212584348363,61.3926515068686,50.4648936755754,40.1397188775913,30.8431634400568,26.3811113867762,18.2596253234984,10.3088663218101,5.99012096432665,0.424953738740105,0.341514692305997,0.292534366953375,0.278395417292398,0.271760720339585,0.385491592461424
872,685,0.225263348323275,0.988369826694383,0.109027307364392,2,0.0499494152754283,0.0176303854909454,0.0143270574278916,0.01830976252253,0.0201772668289912,0.0226018038232558,0.0274516087872148,0.0469340031630873,0.107278849143821,0.191148406482886,0.000204901011181323,7.75327822387693e-05,2.40430163359154e-05,0.000141997867561458,7.29505660430852e-05,0.000185603871131875,0.000158390777633885,0.00102791948687189,0.003881282111801,0.0325013568776257,0.146248963737903,0.687398293195791,0.0121636375157997,0.0272035274175384,0.0916606210596681,0.478263365447214,79.3239320993537,57.7517413926259,48.1730630282443,39.9356088787348,31.1560157389876,26.1979104435177,16.8018875439068,11.1792132564904,6.04754821774077,0.402848758079518,0.356782767267829,0.296316996998284,0.279238061464658,0.272926140665154,0.374291594053038
873,965,0.305362897558038,0.990476681616409,0.101387310074189,2,0.0323392831129798,0.020653044660793,0.0165364948291622,0.0176158864916918,0.0196664880694948,0.0238595652432602,0.0264414031116394,0.0457437585022378,0.110936148661293,0.185579348528377,0.000209286266042026,7.55202637038305e-05,2.43153384278556e-05,7.4418987236868e-05,2.81229849348463e-05,0.000248214393264719,0.000307729346081098,0.000834747342967331,0.00407444207400967,0.0491838595014663,0.113903819582869,0.234010552538274,0.0122825229004751,0.0254174389489099,0.155870931802102,0.547024034140339,76.44176666885,63.7327290659511,54.0936665810705,42.4960041966133,31.1351908251902,23.591224011002,17.6247930257564,9.82950771967324,5.7755477843204,0.414116341886653,0.333628136480558,0.296399912101389,0.27815010241452,0.29113216630297,0.37837726577025
874,13,0.277776333211059,0.990532456758637,0.0886526605696787,2,0.0413660565888989,0.0189703589159537,0.0159939431162917,0.0186052092013682,0.0189223074982118,0.0215461972343505,0.0277458322638011,0.0465121506101306,0.107524251053438,0.184417011132056,0.000248248152343024,0.000184132898449197,1.67611005877001e-05,0.00012229291177858,3.12669635047991e-05,0.000208349334945631,0.000287642654611705,0.00111751759653235,0.00291582747888506,0.0596763806779761,0.152339724467231,0.421050218763076,0.0247474724111605,0.0156858254142076,0.128030349205337,0.58939155711093,73.421235473574,61.857388603709,51.8668997742743,39.5213711204318,33.5891715635565,24.9274485591859,18.9215016649766,10.7631333653839,6.54021762804906,0.386690071560513,0.338012336484798,0.295600586561026,0.280881425131097,0.286560724514875,0.373881725287312
875,896,0.271429641108217,0.990853391920228,0.103698131859505,3,0.0451577905354209,0.0150437137878018,0.0167172381089548,0.0183390486942161,0.0169540305563392,0.0225488348124919,0.0285406554705886,0.0451087571925343,0.109101945145107,0.186634119897466,0.000597109540588504,7.08569373548357e-05,5.86922456945243e-05,8.48147102958461e-05,5.27830085519023e-05,0.000152092119572881,0.000360720426434297,0.00110321254382637,0.00379554977708219,0.0700241730187501,0.134601929589248,0.271868826113212,0.0118050317641761,0.0211021801168318,0.102918850485846,0.518251382274159,73.7210055667247,63.0607838573591,57.3026921932685,45.1671938024324,32.0119469282791,25.0704333041922,17.2958780291052,11.2275748019671,5.80346045184311,0.425035255340375,0.360912942740469,0.291913758107478,0.280202294571344,0.300795451571095,0.380540319262403
876,567,0.191325508223413,0.988151694353277,0.0971023048205666,2,0.035779174559643,0.0220938598695779,0.0129627572428743,0.0180580039243957,0.0194697963250523,0.0218160155229572,0.0263084675561943,0.0468591836863533,0.108992313899886,0.188958230139554,0.00021635326161799,0.00012325894571674,4.78553534023446e-05,0.000176834784566566,1.20033289619905e-05,0.000155363560557252,0.00031244661338044,0.0010727178643058,0.00354072758947691,0.0514660895694317,0.123820702683854,0.121098893696544,0.0388557885141301,0.0417070248761322,0.0769624311321481,0.495766968988625,71.9162259673715,63.3205846836449,55.2526484004089,44.0245227110974,34.2434445733548,24.8117535750204,16.9900088204204,11.4932135511906,5.72981592436116,0.403875945336057,0.359209358763361,0.296377301635434,0.28238178267422,0.284517131639009,0.38526070249694
877,374,0.257221776283293,0.983682079957512,0.0994606013673233,2,0.0381917978355099,0.0168750969951609,0.0140424879685286,0.0182130313562721,0.0192512150503565,0.023828651777379,0.0271394000214673,0.0442041406636503,0.111457784240612,0.185354676365355,0.000187278606159097,0.000133864141858975,1.23023962007908e-05,3.77000405716311e-05,8.20609169012494e-05,0.000153799990975007,0.000522917456957438,0.00104063138021154,0.00441417024313494,0.0611397382625241,0.173452885530245,0.3182193513797,0.0364891431412973,0.0268444022401792,0.194772174974287,0.506802455954609,67.550798389699,61.8952456066387,53.2735667706626,41.9201773876626,33.8416779582297,25.6200867861728,16.7549019557611,10.9523830280228,6.56558690887231,0.423656848368562,0.331378877781681,0.295307813284594,0.281816398982834,0.286617484538315,0.369108832857085
878,542,0.37571857930701,0.991903167849614,0.0938834269149401,2,0.0423719342240431,0.0152676402270246,0.0151295164885934,0.0181281210675639,0.020663083726104,0.023867624980754,0.0251628799002961,0.0457060496215137,0.105893228047927,0.188748182047344,0.00034949611761869,0.000125537065532725,3.52401668956212e-05,0.000131446542678829,3.88821823547811e-05,0.000174580305152397,0.000322792995346157,0.000912319294174788,0.00463628189990288,0.0642552531868831,0.135313214780802,0.362670411547981,0.00938972612230425,0.0343519410219197,0.0744633380517938,0.611822487931346,72.8901995095051,64.902503774602,48.4366538407813,40.6826635108347,33.0471980329598,28.7939824463063,16.8443539266429,10.6029689422732,6.10297313560022,0.424674980736897,0.343628498849513,0.295172296753619,0.26632386876101,0.289420583712516,0.384970914953321
879,754,0.335061740831855,0.985317223140925,0.10131985368732,2,0.0474237330144874,0.017916663960731,0.0166035250976154,0.0174622153822418,0.0187797991892463,0.0234042222267608,0.0261413871506087,0.0454295631807677,0.105945121225896,0.190298922145834,0.00019821516792054,0.000146607318492397,2.1603008417205e-05,6.80052292534758e-05,7.73973518700698e-05,0.000244454987268172,0.000371414732338898,0.00121862619433328,0.00359859412976501,0.0482590085259281,0.16348019723158,0.129254346920586,0.0131242164692096,0.0160390214072216,0.164089627904312,0.620393099265355,71.2114808637423,59.6302464494194,53.5397282795746,45.4144599815048,33.8643547995181,25.8594599923627,17.4587045030142,10.825583858873,5.69160566633235,0.407703275992602,0.334330093932074,0.294332360460459,0.278260480901271,0.284112105944701,0.373819792754754
880,875,0.298738609810027,0.986169745222544,0.0932845810149373,2,0.0412744646889123,0.0195054115521829,0.014639964419677,0.016177436086433,0.018914519204388,0.0243776981343226,0.0278318920913128,0.0439278691164159,0.105843560617711,0.182161645347774,0.0002876200822495,0.000153031023151014,6.71414701409659e-06,6.94440200519453e-05,2.56925155147458e-05,0.000164716668144607,0.000442589035819492,0.000967084614054261,0.00416438293622848,0.0387878670548801,0.107526181336652,0.454587183889118,0.0312330268284305,0.0334691673049622,0.0833816976208608,0.513396992537081,75.9245491198208,56.0714360753748,54.4036954802472,44.6177954748026,35.4040077569551,24.7416820518188,17.19176734333,10.7379512053165,6.47718328193838,0.425339164615533,0.329178043121117,0.295085410070478,0.285033498717549,0.290630573435571,0.401933434611209
881,258,0.302375141479813,0.989014455504072,0.092999411397001,2,0.0369342699603135,0.01813908980624,0.0156925665863059,0.0180717401920679,0.0206463437469155,0.0237714210841077,0.0269938126203586,0.0456159881555507,0.108280752643706,0.184190564784201,0.000305357896019842,0.000169497710240333,3.08319160095507e-05,5.9930683444907e-05,1.88929601349152e-05,0.000208040873988014,0.000377430111702183,0.000885985887477956,0.00527946985380008,0.0339909529263757,0.109675391447082,0.394102201738928,0.0343934695801687,0.0330420153805958,0.0961704220786483,0.485334399991702,66.1283521529885,58.2048818200921,52.1680699534447,45.3027423635944,34.9135564408265,24.8661722669858,18.6516862293384,11.5381286772415,6.00724609083948,0.430708075108984,0.343594682096763,0.294614811738622,0.282293172539525,0.276118900905196,0.381927827596965
882,784,0.299168196531844,0.989026667046361,0.106463421818352,1,0.0380584295535372,0.0209168022672342,0.0156864145458998,0.0177230022691582,0.0183511274887544,0.023429298033439,0.0272681764830879,0.0459194894579735,0.107651301409975,0.189646657206532,0.000267239789583054,0.000116907610754817,1.43231696057321e-05,0.000159934048731604,0.000104372950854828,0.000226966647800347,0.000454670740252038,0.000756723358965802,0.00320887971229545,0.0419471010806444,0.199350709640471,0.312509357453838,0.0649676777887755,0.0287979836769332,0.0659283961644221,0.527586082703859,68.3369684256678,63.5738339403764,51.8614243059275,44.7030293898489,34.9212113508676,24.8182448991561,17.6587750557509,11.1472872500985,6.3686538962873,0.426949622563715,0.336947908700157,0.292622031221784,0.276272687871204,0.297010031909236,0.360726075721101
883,637,0.32115988016689,0.984278140216822,0.110267528010942,2,0.0383454785536835,0.01509250420261,0.0151705963026057,0.0189969889216421,0.0192919281348971,0.0228786512571007,0.0272153405191127,0.0437933477046341,0.109120677590509,0.188515527386392,0.000321681830211449,0.000152912238290354,6.22505863161039e-05,0.000106339356125855,1.96258643927139e-05,0.000237049036924675,0.000394350485752996,0.000853819743931375,0.00423011185819423,0.0439699240681137,0.124895579823346,0.518765934036883,0.0245400107882853,0.0191512270759844,0.183906293394631,0.557435480916513,69.3556133321155,61.6603902308877,55.5954418636131,45.6713621874763,31.7437475633295,28.4454638986765,17.5330354154459,11.4957642296587,6.0649129256659,0.419933661395823,0.325446917395168,0.294931822948579,0.27995363320694,0.28296404057984,0.380405774140606
884,115,0.328259371498134,0.973128171015352,0.0989493855530313,2,0.0389338906333322,0.0251822208077211,0.0146853602509905,0.017313707875573,0.01895538399923,0.0232628902473739,0.0270186871973416,0.0465101442615196,0.108736175858214,0.18911730566273,0.000211319785622092,0.000126227820945669,4.82622711394212e-05,5.13069673844025e-05,3.59733194952547e-05,0.00021567458995593,0.000419506988178321,0.000978265647390113,0.00450930071596541,0.0572221835309822,0.116594520332503,0.231567456356509,0.0277516913333937,0.014111243741184,0.359656054772515,0.497804635715718,67.0154221492767,56.8002895102755,55.6316941876025,43.6316704004562,34.5420362637968,24.1773498045084,17.2398650552009,10.9335865838198,6.27027571264358,0.420283219593479,0.353351085726721,0.296137595141973,0.273628746992039,0.279125645510363,0.407200505202086
885,373,0.186211171896043,0.983883872466348,0.0942151158323403,2,0.0448642874300516,0.018626910760965,0.0164838282969948,0.0173794715414287,0.0193984354922554,0.0228704628352103,0.027461987228388,0.044017205261204,0.106275719472252,0.18887787696862,0.000276106047103387,0.000208382870516515,3.05623251098194e-05,0.000108614468804534,5.62272909804002e-05,0.000187555429631025,0.000622134210843878,0.0010718471403985,0.00370281610601532,0.0719249465247861,0.140208627343887,0.588404138696352,0.0180987976114742,0.063706992950005,0.11532279867707,0.577971391738798,72.1171625399934,61.4904548928507,51.2303227320014,43.8419041532287,34.7231459140398,24.1667929238287,16.2357327955225,12.1734556712386,5.97398717371935,0.422444887660026,0.340389015690725,0.293914041201814,0.289311267363792,0.282705823756652,0.38024641533602
886,527,0.387605603948347,0.979517751633307,0.100091536694775,2,0.0346722179672388,0.011636022639466,0.0146372744240282,0.0191241637542965,0.0189857351644651,0.0248711489288882,0.0272927828262759,0.0448415394759874,0.109020091390424,0.183857429113543,0.00048849204570933,0.000160986065372935,2.62730196821461e-05,7.35794606937435e-05,4.40846705651311e-05,0.000164648817724959,0.000492982481206676,0.00105886095433208,0.00482599070561301,0.0729312332750732,0.102241532526818,0.36324211114218,0.00709665817990186,0.0147939012965734,0.0632044745277096,0.637455797522624,71.7933899251464,62.3546410608529,54.8893668931163,39.9436266586718,33.3161160793324,25.3366333422345,16.4346575894003,11.1992092311589,6.5309830862067,0.439428326972314,0.358542002128183,0.298102561735056,0.279176867637797,0.284145104911781,0.377659580825206
887,574,0.354249046643651,0.9879735758262,0.101869440992903,2,0.0426078472238659,0.0166174305426715,0.015116545048126,0.0172206115620234,0.0194430994741666,0.0228320732377882,0.0273754192895858,0.044097683660487,0.108859029096719,0.186676364183549,0.000206915219132335,9.97287621706269e-05,1.34889724121448e-05,6.48075804941406e-05,6.37071487923835e-05,0.000156620820388225,0.000498736937931798,0.00106441653406877,0.00406130202421811,0.0418441515125492,0.108139647723799,0.408828669754002,0.0159458956577909,0.0225263521072909,0.0792287564791599,0.503160014511104,75.5351408207474,59.0027881462281,52.8135864826673,41.613349991971,36.233782473602,26.9240663702547,18.1041508466271,11.6383968982941,5.89909817565371,0.422462999085298,0.324152172635887,0.293737118991674,0.274884068839695,0.291977439375517,0.361437675210367
888,623,0.274627538274026,0.994055975260716,0.0946457598725952,2,0.0299970700189888,0.0157871081427879,0.0128273475313658,0.0176869966493237,0.0200718784725803,0.0232196101579461,0.0277668631575251,0.0443152356253484,0.108967875671806,0.178323170949206,0.000310960264831395,0.000121256677868318,3.73557467490041e-05,6.69003143055432e-05,1.67618585077132e-05,0.000243398715572939,0.000358151109097576,0.000888139161514625,0.0041025542967165,0.0397362144339245,0.152163025493401,0.645109397129598,0.00356830444486753,0.0285881586818398,0.130880538702004,0.536693223366188,70.995291380786,63.7281205049591,52.1811565608986,44.9045717968122,35.6841243468123,24.8495502032318,17.1560560707044,10.7502522635114,5.66417748083553,0.421212224953527,0.308967532116007,0.295551054975592,0.28278179622165,0.278906342695717,0.380649139400078
889,412,0.299290260536498,0.972447212711542,0.0940090470332539,2,0.0476244597861355,0.0146104818951857,0.0171218456076188,0.0183084418639516,0.0181001208008477,0.0227522509430251,0.0255631749241159,0.0459253522642921,0.107090134781315,0.190008855609423,0.000230668027871881,0.000198752693924046,1.76857143056699e-05,7.11896217520662e-05,9.95822887130102e-06,0.000238308355555427,0.000326951990738449,0.00105427425081021,0.0033628776307958,0.0435247441008337,0.152691670686502,0.427476904576659,0.0103548915282641,0.0219413626676283,0.140553012503787,0.495285121737759,76.6331535454439,62.5312242957243,49.6191162775456,45.4499116677255,31.2541324080909,25.0584568994009,16.8820074871208,10.4624406204554,5.90658720810949,0.417970892553245,0.322716140242356,0.295187885771427,0.286823124488318,0.309190730476515,0.379726297782063
890,571,0.36465606207054,0.988094656180908,0.10136886110104,3,0.0439963956847882,0.0185937072026016,0.0147272744676548,0.0185189459231451,0.0189677864074962,0.0216722688818363,0.0261460103387388,0.045274059585351,0.107221171344763,0.190769893792538,0.000414583615771029,0.000162201529445383,4.46536904034323e-05,8.22721985834855e-05,5.17938473675244e-05,0.000243649008477485,0.000476041168207835,0.000936862462511434,0.00394374689429987,0.0374249458039526,0.132377974029733,0.226743279060083,0.0278732820870872,0.0179251277605331,0.184908103392969,0.612905125566694,76.8225639437807,61.1597721496602,48.4997715444119,42.1063569146854,32.5813945244322,25.4397635648964,17.9573952411865,11.9819119645145,6.04059943925325,0.411502106488095,0.358676129796226,0.297748430086567,0.28307316893957,0.302688269409854,0.38374913169053
891,313,0.362859156579488,0.990266984050378,0.103361296271749,2,0.0501147984941502,0.0142222307550486,0.0178678141836445,0.0180886143892066,0.0195903978767981,0.0244124969803341,0.0289249030086932,0.0459542299480983,0.108269913871543,0.187474982826202,0.000407719765565702,0.000115213121441164,3.97479015138202e-05,0.000107432809062729,3.69644047075878e-05,0.000236439318876108,0.000452840520564076,0.000688588752597825,0.0035860613224083,0.0381359738139206,0.157234251421715,0.277059579447183,0.0166290533738345,0.013538901616545,0.0799585723990644,0.523190396118206,69.0669435936903,60.0724673030338,51.9302280322481,40.3059335691807,32.5446153390506,26.0172620767344,17.4944183005834,10.5334493179985,6.64896761477739,0.419819193219879,0.347325550833957,0.295868768281238,0.278237347113777,0.263283856118546,0.374694357031957
892,58,0.333045112080864,0.991477251890814,0.0987724265396028,2,0.0419074355250392,0.0202191927343778,0.0142495130783106,0.0191130080842342,0.0201111068892226,0.0231258539710574,0.0270496763067034,0.0480122279380477,0.107704676848469,0.186259445955578,0.000275581972049201,0.000122858706015379,3.44285269482783e-05,0.000105043799440702,1.75672738823337e-05,0.000127055083868525,0.000339323187959218,0.0011941196835951,0.00362578636757857,0.0346115786866678,0.13109060470659,0.212824398228564,0.00874311993000714,0.0262372059728166,0.047141801032363,0.572966372649166,73.5027148497941,62.5748545132262,55.325485513896,42.0691675307357,33.3981860050921,26.2191910850994,18.4239676155072,10.1194774066184,6.20833534549632,0.421472400053176,0.351406691872643,0.29706689694938,0.274756038209559,0.297217180497227,0.37706570802422
893,205,0.438063970955396,0.990649316143727,0.101450498302963,2,0.0409797267923109,0.0227172335028595,0.0156566384358453,0.01762667031802,0.0185714580240372,0.0233359796816284,0.0280440572506602,0.0455479917083268,0.105109992403587,0.190013297776846,0.000395644954486645,0.000130203070658223,4.17045056021665e-05,0.00015399235229871,2.7315674543086e-05,0.000255910852490992,0.00029803724684019,0.000914196326345294,0.00450334668602031,0.066103096910594,0.130782110223593,0.379942502130567,0.0146219722896504,0.0240061712714941,0.196874778549277,0.529741238964211,71.4786630135186,62.2617862403448,60.0201466943499,40.8245087927531,31.9479438901832,24.4715271645486,18.0182954584013,10.6912852292089,6.3567789608628,0.427289284623875,0.351973023288287,0.292811403283707,0.274046609070218,0.288394812346705,0.370052617923458
894,488,0.272477241719815,0.978291018496526,0.10054108549517,2,0.0459532891424603,0.0176450036983264,0.0157954686148876,0.0178610639991086,0.0185738565330022,0.0231425160910646,0.0265242035036471,0.0462564091185529,0.105723218757433,0.187532220227033,0.000345411301187049,0.000157059894129102,2.30162599435956e-05,0.000134560027454277,6.08813557949571e-05,0.000147728395499852,0.000512161209854502,0.000853462922075225,0.00398045386207401,0.048689200343316,0.157582349794855,0.149644188007624,0.0106678168929427,0.0294500228109241,0.118105674851648,0.550348771048127,71.3107066698606,59.8150193590324,52.9338217989376,43.7483732099652,32.9108581016266,26.1727792845378,17.9606005089314,11.1980272541131,5.72340485840193,0.40492081171405,0.363884408376604,0.297956047376713,0.272641045552927,0.286316501218537,0.363630319522682
895,254,0.431507501036258,0.994122633871515,0.097601239182674,3,0.0428482218912802,0.017359888170994,0.0156021007545646,0.0158830576367833,0.0188752301364202,0.0221697119388514,0.0254140868017437,0.0460586302951478,0.106645053347783,0.188502164383946,0.000197386579760041,0.000146090420564454,2.06326819807964e-05,9.21991430428435e-05,2.24614612855515e-05,0.000136730071443005,0.000494692826301856,0.00113847755611955,0.00380628105903874,0.0555584130543423,0.100228493053733,0.349647062038979,0.0141412075799271,0.014000460494165,0.103448853751188,0.478602902827763,64.1911131629959,60.6719825197854,51.083702766342,40.4606161449548,34.7705679000877,24.7054737221302,18.4750632625891,11.0305999787161,6.40875624286971,0.41265504816687,0.344643857982606,0.293852260176432,0.281731421020501,0.277252836737401,0.369012401506115
896,290,0.424209267535553,0.983358881075329,0.106339924566969,2,0.0530858334286237,0.0211059089433394,0.0139535872797612,0.0161447225209921,0.0204887411655702,0.0243634724022124,0.0272364624451394,0.0457828009711728,0.10967777258108,0.184584208013034,0.000130106680464287,7.07922437380252e-05,1.527393129687e-05,8.38975547374897e-05,4.92182080328069e-05,0.000224597833500493,0.00047547694404353,0.00113593590128565,0.00289352511256723,0.0549564801011567,0.104934976049903,0.308642842420772,0.0383075663767754,0.0320156940032609,0.131584149748088,0.575198868155922,68.8517595539103,69.8458520238765,49.7295977700203,45.5722979853454,33.7460197229347,26.4631056765535,17.7629644528,10.6624026418894,6.05080713117028,0.404685330363486,0.333569272874887,0.294586560835627,0.278438268155406,0.302772075256168,0.376295384524258
897,170,0.279822368632377,0.98918939583091,0.10251114113548,1,0.036338006097215,0.0195148867502825,0.0143968918306523,0.0186341196938979,0.0193274017740876,0.0251369580250015,0.0275387618859104,0.0476137093951055,0.107399865797167,0.183040212220213,0.000290964510225245,5.6555763535105e-05,5.54966743354772e-06,0.000101060548115059,8.60693602234544e-05,0.000179833586617851,0.000360420104115907,0.0012035375132461,0.00420600481085576,0.057303365293578,0.101520629734292,0.263582068968222,0.0220471704098186,0.0141233357900028,0.161386859617428,0.550997599463967,72.8099716486842,61.6495664642334,55.568683351156,41.0311717540065,34.8350348247022,24.7122397277997,18.0494468109483,10.2826175159074,6.23763845698075,0.437733313958565,0.34002636323872,0.298686542439741,0.268440915552296,0.269084656228933,0.369736136859638
898,63,0.248934970036164,0.979911673881179,0.0973169983071879,1,0.0416183042431489,0.0214403148382095,0.0157135846820786,0.0177589886334651,0.0200805634374668,0.0241027177803242,0.0264010868533585,0.0441485575087679,0.10860941735483,0.181947518207081,0.00047854982782969,9.37429005065645e-05,4.25583589029863e-05,0.000109634404683647,3.61065067055347e-05,0.000153580907270829,0.000351579126051563,0.00103384964266704,0.0033715104481351,0.0431570468139454,0.10069975659357,0.191955605015125,0.0212207234703363,0.0136159022092022,0.0821469255853315,0.553734925539938,74.1481378394044,56.3548697084457,49.8187784070731,40.480002870825,34.8225163470995,24.2497808894339,17.5985374601472,10.7176950802511,6.21884923429224,0.435858130503446,0.327920233594495,0.292165195363643,0.278734814393256,0.306747706794296,0.399784753497637
899,23,0.220877104388644,0.99488101090987,0.0993611751163747,3,0.0357366640235184,0.0167220351826333,0.015731699361231,0.0191772037141459,0.0204027826080175,0.0242737787787718,0.0266894272980842,0.0443092203861089,0.111273207773814,0.189578712267825,0.000389503356821799,6.44471618536586e-05,2.01462239067409e-05,8.64595714909181e-05,5.86812958880941e-05,0.000229873569458546,0.00037532765774884,0.00101128245839888,0.00326615551162628,0.0659609810474354,0.146540853716697,0.406614635796131,0.00569612728473764,0.0223110542994257,0.0749980140710651,0.527532344108155,70.8118728626203,61.7162208334026,50.2234954529594,41.3856549814434,35.4393692804166,24.4132906170991,17.8626616535682,10.7834973066817,6.32429201326625,0.423876268590538,0.340813507514634,0.293103039382546,0.281006949189988,0.291168790416621,0.383495589629599
900,711,0.277541866741262,0.983780209976738,0.0978174054319257,3,0.0389511104993479,0.0172298644247799,0.01544734927136,0.0176772709926349,0.0188814793556049,0.0239293320270203,0.0265060486697808,0.0477879842107034,0.10812917235481,0.184787202663515,0.000518189769315269,0.000102216646322417,3.94513678699035e-05,9.55700941505144e-05,9.27854417546101e-05,0.000192632533911539,0.000318964842672922,0.00089551370136668,0.00522154121802006,0.052652515002738,0.150515958764746,0.197284725483343,0.026486771922532,0.0299962306092682,0.1422775240758,0.547619156295218,69.9366944583614,61.9180347586921,52.8906350313667,43.2849658890448,34.6105995150977,24.0855557486562,17.7536568969768,10.5041851153911,6.28803654252935,0.408243791112773,0.34060148628892,0.295778776174796,0.279674882127518,0.284766243819879,0.375529609208498
901,539,0.308884112690443,0.987921897460145,0.100658133585949,1,0.0342222277224516,0.0237864269048979,0.0148280690658244,0.0169556363927839,0.0177394311023384,0.021972692617826,0.0279484842676724,0.0461105542569945,0.104987843203312,0.186010835581098,0.000283417353493767,5.2096298091913e-05,5.8035259217484e-05,0.000177899892776324,3.11591533550338e-05,0.000194007888106001,0.000300885597615914,0.00126364197531546,0.00518906128018458,0.0511336305703733,0.0944467783845555,0.275388909558291,0.0154877675830622,0.0185040809961704,0.171117671947727,0.532401474678227,70.7878623410353,58.3330601327021,49.6558802203925,46.551656320952,31.7673737892987,22.428081682585,17.0370160127838,10.7351361372821,6.11128331135224,0.411754879586103,0.347375933590541,0.291566450817727,0.284371275749989,0.281688822322228,0.382011615321605
902,699,0.239483682386646,0.994029273817137,0.100627116033482,2,0.0408634703657096,0.0164245993149934,0.0135090497141238,0.0201634821855632,0.0178079506925398,0.0228933484718686,0.0273103594109931,0.0456823660424198,0.104893735100686,0.188357457876238,0.000196975959766302,0.000113334249472399,1.67893249914823e-05,9.42451099504227e-05,2.42554238857118e-05,0.000255371410128521,0.00029931307973874,0.000955413354365313,0.00418246933256461,0.0533336319457002,0.121877729575515,0.393510300802434,0.0104477325114451,0.00991148761146992,0.11640757315249,0.514563487376722,69.8513609837348,63.292741367861,57.2022233298595,41.8350642454786,36.043895036503,27.1934721272746,19.2829597937184,9.90938327639714,6.17725287681972,0.421784399025194,0.342966614138911,0.296278530242894,0.27028264841624,0.285500126041566,0.370935053623271
903,853,0.301203550273641,0.994766575684937,0.099951962020271,1,0.0444412455558505,0.0153244737451333,0.0154069837295566,0.0173525352276308,0.0187693837463497,0.0229257733180108,0.026528437589309,0.0458450806061793,0.104978341359008,0.191928397521818,0.000135381244842674,0.000179344014662734,3.393469112807e-05,6.53846662768312e-05,4.27370158779772e-05,0.000166067344461761,0.000477217332794357,0.000926569991049895,0.00296157118491346,0.0548417030277029,0.131943323127679,0.261507656453097,0.00480848310300603,0.0600639966801404,0.0644987580930343,0.566588450122789,67.8559501655918,64.2748586548085,57.1841971847814,41.5821313105625,37.4271500717077,27.0492622721166,17.4086088738452,9.62852785888121,6.0086784341504,0.459362851272455,0.344027833412041,0.293148436796815,0.290270504728273,0.282372456642952,0.373985499195585
904,405,0.292693118638467,0.977602776502988,0.105072795814015,1,0.0410188782556355,0.0165388813580755,0.0165556118418771,0.0187521788048747,0.0188372229547071,0.0233328336674882,0.0277290277917418,0.0455992789746207,0.106773444035057,0.189695338725879,0.00023483584616983,5.23545815174761e-05,6.16127156775772e-05,6.77249778273716e-05,9.8500915275795e-05,0.000202305968785936,0.000584457220252603,0.00109562630393093,0.00370473835694381,0.0688252710616053,0.133520401298888,0.0686957577995799,0.0194128256274041,0.0246673886847043,0.117820233737135,0.574736283278327,69.7091889144925,63.2601051477135,51.8426139391799,43.0197191351669,34.607373336928,24.6175109105743,18.5592146014211,11.4684815745983,6.32963923036348,0.425307881540944,0.314432311609119,0.296561455331495,0.269208558577242,0.300125073985685,0.364381284133969
905,257,0.27409937515733,0.994175055744753,0.104464224143774,2,0.0369277347741463,0.0148135900204444,0.0128755508085723,0.0174000976610646,0.0182789043692913,0.0218698113864496,0.0266980313780351,0.0462480566116686,0.107297025755901,0.193182534513834,0.00039292042460272,0.000114693948377787,5.01187336625469e-05,0.000111317522197389,6.18564629136419e-05,0.000189738658276114,0.000422542559367332,0.000849599591516987,0.00359307787679494,0.057877959242569,0.203197601009179,0.320252887384335,0.0273098100948288,0.05264674052269,0.123233105759878,0.511826174936109,72.3206377398902,62.2787923092752,51.0278514507036,44.4822604352715,34.1007735012788,23.9558948694144,17.2045654028734,11.8300968791211,5.84509672052793,0.441500981665085,0.341223850360582,0.293641920841235,0.277083136860172,0.294027254387325,0.370208762004203
906,996,0.325394875859075,0.997550148599814,0.105304050231218,3,0.0419466551181839,0.0184648678683306,0.0142846867754328,0.0168409388360032,0.0180229977063336,0.0247021014617131,0.028405439447978,0.0461532564441041,0.10775253422716,0.186063929678209,0.000168486663372191,0.000145731205299422,1.88171074391148e-05,8.33920766782246e-05,6.37829532285636e-05,0.000154479371572619,0.000288722192824927,0.00100382041230597,0.00409320674162501,0.0448909051635151,0.123182060804679,0.171288748325882,0.0164844867397126,0.0321429808869148,0.0976383730356858,0.476825777534733,73.8390904555623,65.6751154468614,49.6481372038777,38.2600657040306,32.2491378168471,25.9314539978631,19.2571356772516,10.8488052915437,6.29290757756947,0.403423679863196,0.3454828937477,0.29272063593258,0.289600823663695,0.279598103471136,0.38932250435195
907,789,0.26043252489376,0.959196059851863,0.0972072051642554,3,0.042467407966962,0.0172380699715319,0.0175361102669765,0.0180030077673106,0.018730125985467,0.0235592124502465,0.0259756984003922,0.0428801866685775,0.10930447304872,0.185128578645563,0.000238535931025715,0.000142048664543314,1.59055886427343e-05,6.9271192775782e-05,7.02385112220829e-05,0.000210281875268893,0.000422900105976462,0.000765360899784065,0.00369708045814736,0.0492887702249563,0.104017170349568,0.465238863991201,0.0352041933237134,0.0158550343090699,0.0539507386276924,0.522704886753223,69.2857245675264,62.8493248679451,56.9339856709441,45.1786235294478,31.8726018447327,24.8531670711154,16.9687325490265,11.6498812868098,5.55663988269353,0.415618306782984,0.350077269431376,0.291578901946545,0.276812459377026,0.293738580741052,0.384735219265798
908,503,0.243342285320269,0.995091442275802,0.0967255530644639,2,0.0316637718985873,0.0199188345280421,0.0161286014687054,0.0177190481992468,0.0190881784728388,0.0218603017188732,0.0275009333581698,0.0436668532633574,0.10677435115782,0.184724295945015,0.000234345125262865,6.47466434376307e-05,1.38614628080673e-05,7.32163745914392e-05,4.31421259421627e-05,0.000147212902771571,0.000331056084150716,0.000870175165629808,0.00311136799605267,0.0589935134684461,0.134365207403314,0.542045181959014,0.035344113017291,0.0200732658381212,0.185002316429914,0.559162392473581,69.4397140534912,67.8534776043221,52.5023119268392,43.4654487179451,36.969781193168,23.8905716583745,17.4676161719321,10.9671034365141,6.01273252415151,0.426509015979052,0.334787283068148,0.291495648984216,0.283201598167389,0.269765069669273,0.379476597336707
909,661,0.407275455047152,0.984892948654861,0.0943045683208657,2,0.0373506934579872,0.0159205535452033,0.0143883258644947,0.017847894828834,0.0182118369519465,0.0217017754746055,0.0277855201650694,0.0439723754086171,0.109922339458665,0.190226033527846,0.000311301881976571,0.000200465100362217,2.21293514241253e-05,8.96400877962672e-05,4.06741087171486e-05,0.000122488216532445,0.00033562601766171,0.00107555446840672,0.00503296080062827,0.0573568631106103,0.17790538273599,0.447315671688531,0.0149231159044478,0.0118659229521683,0.12359656463826,0.489538939959631,77.4045988678645,68.1537828051863,54.212310117505,45.213713107099,30.2214532042657,23.474101652524,17.4392305765253,10.5646445127716,6.06151613889324,0.391987729985349,0.333487384894034,0.293898650183302,0.276708945874166,0.291980208864267,0.384411193240628
910,960,0.274494550060704,0.985777094376695,0.0997366461310726,2,0.0363277279012088,0.0190679725010502,0.0154716659783426,0.0174095751411367,0.0187118761338126,0.0232300603145758,0.0268131297061417,0.0466263445940083,0.107780964126432,0.188260715513059,0.000177028456618913,6.87668498301028e-05,2.39762328807944e-05,0.000114194397521313,6.59113469093156e-06,0.00028158842419509,0.000277602295774859,0.000875156268412973,0.00391936017327728,0.0349303369863133,0.0821742425829263,0.175013725963825,0.022892109666099,0.0252270773490943,0.0603664334856238,0.541050761600986,66.4879568575898,64.7097692773939,51.8178064529017,40.8679923241332,36.669335584863,26.279850770778,16.5231967937511,12.2793772749705,5.85337459045899,0.399732483901228,0.346873292180876,0.295911737863267,0.27116075892277,0.284124926768219,0.366791276492726
911,513,0.265560242270773,0.9769618850363,0.0956062373682919,2,0.04835873905745,0.0239338003189061,0.0158772347842832,0.0194657733126963,0.0184133691133013,0.02311062258828,0.0269769201458439,0.0463667606027987,0.105987050543624,0.188832168293071,0.000339620836339496,0.000131675903485572,3.86842328591205e-05,0.00015252627256235,3.5694955297204e-05,0.00027957505459883,0.000281403685439236,0.000974287415255214,0.00485795509975717,0.0495486809845431,0.139939203497764,0.318907032096432,0.0180326948427447,0.0219877049848372,0.0943656317393178,0.576050087241538,69.8126910436167,62.2944598552879,52.7241498664989,40.2575377370676,34.0818105259463,23.2546959524986,17.545604232544,11.3795921675514,6.09628018694666,0.420161904166919,0.342533307576459,0.295022186355064,0.276929738770521,0.283845346523208,0.378279776852611
912,416,0.410116237130818,0.992453981221679,0.105068498416531,2,0.041241470774743,0.0203235183538989,0.015251274932384,0.0181796979180054,0.019153732652137,0.0234713415394429,0.0287010610385409,0.0450326521431868,0.107503134224758,0.180495189766173,0.000319581091685596,0.000136492472127985,7.57521416632869e-05,0.000158612918387771,2.00626618878884e-05,0.000219092432407629,0.000363135663386834,0.000946924861418798,0.00515509238798761,0.0660087396364732,0.110925460303991,0.255291144130279,0.0232839647005213,0.0200235166416897,0.134436982128636,0.60429373433207,72.308348725426,63.5450430054983,58.3892203122669,44.0169083197625,32.5625521348577,24.9337840909188,18.8041454925938,10.2433146043011,6.32513083675853,0.450030495545075,0.345940423711475,0.296493878517557,0.283138021091172,0.276443022135803,0.382814140363701
913,867,0.253470905295442,0.99584790471955,0.104372513000945,2,0.0437231839724083,0.0119695341626283,0.0156455908772741,0.017524650520395,0.0190635117958778,0.0253808504607379,0.0264483551801653,0.0459574906023708,0.109566834835946,0.184793349443567,0.000348704888051163,0.000155965497927747,1.63048036750811e-05,8.53512760009817e-05,5.52758717867602e-05,0.000171108981699192,0.000306433013882745,0.000828299933060749,0.00390025128210929,0.0505446999171628,0.141221866167916,0.295616085025487,0.0266442979859211,0.0352608809545426,0.062769755644531,0.648331646937073,68.2669725231032,64.6442799283232,49.6414299735801,44.4017938750095,33.0769362646805,24.5391722921264,15.7833139507397,11.4981049124722,6.88082649516954,0.396935484292757,0.344174744668592,0.293192218103304,0.284948344862826,0.28131065129091,0.365827865236397
914,993,0.238372738608578,0.979635637388049,0.0907475247932139,2,0.0311583941515132,0.0217636709778533,0.0151796107193899,0.0176910186694142,0.019694767274557,0.0226700759119624,0.0270556220376361,0.0475172379255036,0.105277112613331,0.18402708410842,0.000230430480960884,8.14090103793835e-05,4.86160930672148e-05,3.88687783173796e-05,2.64085980168491e-05,0.000216729002288486,0.000341333130571865,0.000742670223893016,0.00385817137263048,0.0460177284574033,0.130970039272898,0.38727368132322,0.0120200111953787,0.0395982766498114,0.0890150773230482,0.495986351843695,74.2218781442311,55.2499833999968,50.2830125991457,41.6310565396488,34.0468144784214,23.8716820639764,17.4797810067462,11.1207595070982,6.09884366354623,0.403025178808348,0.362673166325372,0.294941099517596,0.281579806672411,0.274707330846239,0.373213177364833
915,828,0.264729693613185,0.986948327882098,0.0936890088312922,2,0.0379092960234548,0.0190168903748849,0.0161087257016947,0.018746147387727,0.0179610918405002,0.0240922306473982,0.0268816627325371,0.0465347569387015,0.105566485947043,0.189625152421156,9.87276540563063e-05,0.00021808719750429,6.61547903602924e-05,9.43764904671046e-05,2.89491705724293e-05,0.000216638463236993,0.00042730341866754,0.000830637561779413,0.00401711714502365,0.0679135078973421,0.145399147980333,0.345039847022678,0.0165820676931614,0.0368574346036736,0.109407072520827,0.537277563108998,79.9562654981367,58.6941683355446,52.3496160993256,42.059266998472,36.6303523485446,25.1602236287906,16.6568545900484,11.0761290816021,6.23912066518856,0.41580738512123,0.333237706451141,0.296337195255506,0.287280710279551,0.276075056540159,0.387250762127633
916,160,0.283256913034042,0.988912597784113,0.10385687061071,2,0.0450820738453206,0.0179403791674332,0.0159779434792788,0.0175975141427633,0.0178277390277222,0.022789137174086,0.0252155076414007,0.0449130657310242,0.107801922752709,0.189472438718055,0.000286595646214199,0.000135732240293093,2.23486971498126e-05,0.000106905757881822,3.8178634156076e-05,0.000287560814369383,0.00054237266053324,0.00114786522637434,0.00535133717929666,0.0473075456416142,0.119787226106549,0.533298510652918,0.0309845271014873,0.0619703974402293,0.119594974183945,0.588480697921206,71.5840333982016,62.0826003576223,52.663524247805,42.6246843415786,33.3358046541294,25.1705966000533,18.1383553775172,11.2583950908333,5.72172183309724,0.422607517074261,0.337450713641984,0.293501544844104,0.270503397831971,0.25791933642152,0.372488248479149
917,680,0.269018635329296,0.988475034061729,0.10124893322745,2,0.0425303723783832,0.0176198058799937,0.0184115468359169,0.018001659114339,0.018483933559818,0.0241656569424095,0.0267314029244135,0.046895566734925,0.109762595499436,0.190651659093233,0.000368236284305509,0.000167178217350467,2.74600762510056e-05,5.38780783918019e-05,1.43156150617445e-05,0.000144678995589301,0.00025834614060282,0.00126660218222095,0.00328469189363586,0.0551447953574057,0.152013703005182,0.429661034203126,0.0321663311168543,0.0264029077379329,0.0701006407936117,0.508672747210024,71.4668554815582,58.5692863981292,56.2199008646474,45.9666668959074,34.1926646632514,25.1143865114528,17.0722262157076,10.9768688047802,7.10964359336079,0.418010771313095,0.324994333200513,0.294375353531112,0.276759967927333,0.269841541460269,0.383561527549646
918,382,0.316491927782319,0.97765216166684,0.104513746821922,3,0.0455723593423923,0.0162914893730348,0.0163874901661911,0.0174247856718283,0.0183682117152047,0.0233678793992953,0.0279025378605371,0.0447296754327309,0.107227684056253,0.188450157913023,0.000278226796674802,9.72915089417482e-05,6.02776851724501e-05,0.000133077358621374,3.0801691790552e-05,0.000220945082814869,0.000451136748387416,0.00104686153372847,0.00346539294841912,0.0356544891730831,0.12741035921335,0.131380314370079,0.00890166466175257,0.0492467349210206,0.0302282223968621,0.517470101962617,70.4145045594059,58.7773263453133,52.2283018892585,41.9476458543162,36.8255090670669,24.6220778901305,16.4106974351293,11.1005046224448,5.95825891573336,0.408411242978268,0.344850388179586,0.294503472224582,0.281119453484965,0.278539229623876,0.372074303278089
919,676,0.324785287361469,0.994009217506778,0.099525316489539,2,0.0388822384529161,0.0202463339953555,0.0159433981523668,0.0169317646808521,0.0195808692464567,0.0221243276481881,0.0264210164531017,0.0460785174708318,0.109000823761567,0.186041613342095,0.000161899218582489,0.000106558705852184,5.65212691969007e-05,0.000124598307630813,7.62704674679289e-05,0.000218421438161093,0.000298229721057206,0.00113784266765198,0.00353263328664184,0.0433062146035877,0.0877972573891357,0.351520457250317,0.0128971130777101,0.0142872152014934,0.0945497524168387,0.529867206084288,63.8064258189909,62.957111255442,54.1258021493454,40.8183940391985,35.6537227473013,24.462468541841,17.5613676657999,11.3643285881223,5.64150306958591,0.411960236120575,0.341813849154001,0.295509598820596,0.279447294515035,0.288099793556923,0.382882775921482
920,289,0.348263998791749,0.99279671314451,0.0949904448112813,2,0.0405950933858816,0.0184523575992895,0.0126434442364484,0.0185690504905126,0.0183566251434419,0.0228396328865604,0.0286413885124832,0.0448059565870725,0.106501257157108,0.187103356326811,0.00019900217152185,0.000189560103297976,3.03127200345844e-05,0.000217092130958155,3.37093182541594e-05,0.000197504522130194,0.00036792460894531,0.000639459424618637,0.00387687893721858,0.0518808434645212,0.109230526149428,0.173894332370825,0.0143115530661872,0.0373433860941817,0.0636462170162636,0.590772383098378,75.2947142050841,54.9341590198891,52.8599318114031,44.4712822965971,35.1764186336247,24.4659076042977,17.3207495668781,10.6284844577845,5.7143574465302,0.390191465256302,0.346440904116208,0.293396303316497,0.277226548872611,0.301871262243331,0.39234138076081
921,142,0.285764181538899,0.979189910859063,0.0990622409545047,1,0.0364914442652134,0.0239644101728864,0.0149825291155976,0.0179194867068507,0.0186243242833918,0.0228881097702596,0.0271228743368395,0.0429818328600118,0.10666152338024,0.185625793846058,0.000212801704051321,0.000111550746872063,8.12745324539103e-06,7.67523347403347e-05,7.8278068657745e-05,0.000197903868292176,0.000361165493107129,0.000822400099608835,0.00390344413883184,0.0523738244406716,0.145149876178366,0.274317721215648,0.0109208340634906,0.0347612749849417,0.074125301975483,0.586002597324412,74.9162509650293,58.2995945740804,52.8544610559256,45.8900420234276,33.7651152919422,25.3644556009638,18.4188442261233,11.1513240678254,6.07796000085969,0.409635356467642,0.356851697405994,0.293968936453841,0.283812549480479,0.281699043340218,0.38904003202065
922,860,0.420677932970098,0.982257823438091,0.0960872765339134,2,0.0371742510759466,0.0141073856895448,0.0156921096665578,0.0174737643102888,0.0184305933724632,0.0232337872058073,0.0261828011620049,0.0455548146251072,0.106076443175885,0.188808633549014,0.000326764053766067,0.000143581993505619,4.83314302348979e-05,6.62577654631449e-05,4.791147788266e-05,0.000139103908542371,0.000278350848532282,0.00110035122884874,0.00382494395432181,0.0628447720684678,0.109809718319953,0.3336443842606,0.0178682687784226,0.0176564837026618,0.0632975263657205,0.51875157007575,78.1352862289082,60.4816475046008,52.0426342465259,39.6283137095617,34.210299340628,24.9408757081454,18.1012871962315,11.4182277312108,6.32242490241201,0.418432691254212,0.343260611737205,0.295072182790687,0.279590772145877,0.281042570880544,0.380416711706429
923,243,0.367046121712407,0.981055565652349,0.0903373267629598,1,0.0506317029990228,0.0158922125383699,0.0141527916385357,0.0163249533494346,0.0194881723134473,0.0240273863017527,0.0272112925851217,0.0438702134792755,0.106287522239111,0.18932921171226,0.000432017618101402,6.65184016623857e-05,5.15527533260769e-05,0.000101337621844242,1.23468295686416e-05,0.000293073043471256,0.000401516823083552,0.00116780355337964,0.0039691875451894,0.0519497645513253,0.137136417115627,0.323158307287326,0.0139535532311212,0.0163857846647925,0.0993396658555885,0.527044982134882,69.5697539449483,59.3188869018819,52.4575686921167,43.2555831226081,31.3694409272705,24.4261239009587,17.1239060691328,10.4505147731098,5.80593885101782,0.384985231606147,0.329261501239719,0.29056728132202,0.27316470280491,0.299805499279704,0.391638237610469
924,413,0.236113561501862,0.975643183026512,0.0968624692254557,2,0.0389627803080859,0.0196718161267639,0.0152715243284478,0.0188878938387359,0.0190229558774129,0.0222278530239985,0.026467782450727,0.0461124489069464,0.107556522252736,0.188717549036643,0.000296821704746154,0.000122399955336144,4.3600328114045e-05,0.000110523432775408,5.02194460592581e-05,0.000285126048457916,0.000294685331346262,0.00116008900021344,0.00349116255904553,0.0709306026035191,0.177097141672681,0.303739041016434,0.0112716207916348,0.0334224705481761,0.123023111668797,0.566392653335026,75.617496177534,60.276430489287,52.8039398109355,42.2405395920139,35.7190434502348,24.6763192918561,17.3704183195783,12.8749778128951,6.37650223505195,0.411739960470347,0.357778055366008,0.295496546915894,0.275879793039111,0.307050299055513,0.390604831307026
925,217,0.307827610973306,0.987307056433304,0.0965177048104154,2,0.0337955441845953,0.01927409480774,0.0163541927843124,0.0158451438885226,0.0189266335190722,0.0237633869456317,0.0261065455211405,0.0454090784071041,0.106025476077485,0.192527913078754,0.000154662899481697,6.23902007344551e-05,4.40957754760721e-05,0.000117041797717532,3.05684672055592e-05,0.000192213328118636,0.00037870994059,0.000956995827531121,0.0037999598439332,0.0488758491889716,0.109393487907918,0.314572725922598,0.0249282498979518,0.0228299874713975,0.0662214875853106,0.518416211507867,73.9675965795144,67.0573656527858,55.5060358547322,42.9083480933362,34.3881527771371,23.7271479946746,18.6482835663995,10.6346653455744,6.46305936614782,0.40896717563573,0.361458446835783,0.294949517075529,0.27469504078448,0.297275342225886,0.360102121000632
926,385,0.300403588036384,0.988703282637578,0.0888907213900816,2,0.0502373675496489,0.0228586312176619,0.0147477436309153,0.018675277843537,0.0181796843920625,0.0233172823341432,0.0275256302944482,0.0441594922711461,0.10732555075751,0.192289681221002,0.000265005721887148,0.000172896609508016,4.53427180368722e-05,0.000121403840751626,5.22527137183117e-06,0.00028088659534522,0.000240114117847743,0.00101007808469601,0.00298947334292727,0.0570365369696567,0.110606334916023,0.189784345524228,0.00683062633734033,0.0302743217761497,0.153504547690186,0.568275720499141,71.7712359087036,65.0910633295978,53.1337633340448,41.8825805676814,32.4245945631048,26.3590392463278,17.3056244533297,10.4821117499125,6.38379782498232,0.432188885093845,0.362898599485048,0.295182640088589,0.272468461943415,0.296368060247102,0.3683326760213
927,205,0.281829502061087,0.995226493685734,0.103723158709468,2,0.0380540129323437,0.0206784893817121,0.0145458248972631,0.0184230561461802,0.0191845394660692,0.0226915493700851,0.0268559841913902,0.0463273610641948,0.108284765094271,0.192154142127977,0.000292319277826478,4.90684522963404e-05,4.75923716735681e-05,0.000151324650051544,1.61696834886101e-05,0.00026891273990112,0.000348216212278707,0.000950949423761328,0.00307570536183785,0.0321527168418755,0.112284469798923,0.282775599363601,0.00972516108925693,0.0258049524467141,0.128767017509655,0.490046277103618,74.0508565462085,66.5369505805667,51.7428856277538,42.7367215974502,34.5866415862976,25.5859370925449,18.1067431759504,11.0334215155314,5.8489208055184,0.379111247054305,0.381755833662412,0.296510337617305,0.283683647738138,0.288525945733353,0.373317624329963
928,862,0.388145600650665,0.986564009434626,0.103299360017077,1,0.0352460327128482,0.018211635381062,0.0157016175595248,0.0155319481805338,0.0197690930638792,0.022205141204551,0.0271732149119934,0.0459805102657727,0.107853699959821,0.184904206576837,0.000534992047064957,0.000161215593971204,2.47048278319231e-05,0.000173077267703458,2.15134297254511e-05,0.000235248611308446,0.000252348836513218,0.00158286098627866,0.00363394002230078,0.059455539991762,0.135005851366683,0.44916755992564,0.0113389804105316,0.0143822243386972,0.150993512313513,0.489163982782084,68.6997628601255,59.3775435125405,51.5320965084894,42.2014737639355,34.2376915302282,26.6498392958299,17.1355366710478,11.1469268779098,5.59764136422439,0.38847189136642,0.355327643045885,0.291285686646287,0.267986182352872,0.272713300601651,0.367669170726801
929,634,0.409096877103465,0.972893475823566,0.0945344211370536,3,0.0463546778861548,0.0126280453678038,0.0148863938362838,0.0175004026558924,0.0171894164196929,0.0226588365039695,0.0263740578865718,0.0450793443060411,0.108145500875091,0.187343762307793,0.000515604348236041,0.000164239294770437,8.84590720133233e-05,7.23553197911233e-05,4.44864494223762e-05,0.000221963923900754,0.000490776134336554,0.000850634205619869,0.00394799870881275,0.0252937621153491,0.1465580344807,0.521311043725501,0.0259395271043728,0.0120255942852195,0.178549127349534,0.550457607400611,64.8557949933873,65.6651590795854,53.2216540407487,41.7299851925724,34.80835381623,24.5250166065208,17.9767261219318,11.6094867534786,6.23315558475443,0.424494170178095,0.340428255978505,0.293325038653021,0.282895540724794,0.292009189552928,0.381014749900083
930,406,0.278344661789682,0.997461887720899,0.0963252096347049,3,0.0422961689767177,0.0159742103531297,0.0169364717691833,0.0178147175138799,0.0192699317307715,0.0243672567492716,0.0251022795945175,0.0452908377334781,0.108244220299472,0.187130143210851,0.000288666431868311,5.92442027481308e-05,5.15068515152698e-06,6.44002541617891e-05,4.26699030386692e-05,0.000202083007345596,0.000442481216202498,0.00123357662715508,0.00442962316850971,0.0431284545739243,0.142370168230365,0.489168609836316,0.0138338801119304,0.022213222473386,0.105919267755564,0.491218638531072,71.158657881975,58.9154467111982,55.0293609004785,41.266767236835,33.8315454388691,25.3907604537296,17.4494291675547,11.5034479911348,5.99578985255614,0.429679299963043,0.342380423598342,0.293564532060119,0.288054989726272,0.30869779475467,0.384827467428025
931,464,0.254465204387356,0.986532127801531,0.109407280115585,2,0.0473080604412119,0.021269143224815,0.0172890958293861,0.0177723362951312,0.0202274732342462,0.0218484528745783,0.0260563749204052,0.0468556149311511,0.109244386572323,0.188439164933507,0.000318102982440912,5.1509012501292e-05,2.90489668349126e-05,0.000111203436892883,2.3955441549215e-05,0.000165835015594175,0.000254792642571762,0.00125130343958953,0.00406874103114455,0.0305974849980246,0.117639892919369,0.407959928119283,0.0205692617308553,0.0359794271295265,0.191992310465185,0.517027066255485,65.6620504973648,70.6815810673583,54.442601766849,44.2609457196902,33.606344667181,23.9620459562864,18.2909707436502,10.3217723047594,5.99119862431403,0.420432401173759,0.336452432581107,0.293802983183582,0.278965871563908,0.272951630204958,0.374374009995016
932,531,0.349686466991246,0.983304888436381,0.105480132743145,2,0.0359736951116939,0.0182498438269254,0.0139870619993322,0.0190699769893187,0.0198105126564516,0.0239389431555906,0.0265865851910107,0.0459907636564005,0.107777164154321,0.184155113003836,0.000323195685688947,0.000140747686377922,4.49002953380462e-05,2.3729238490043e-05,2.04780643797623e-05,0.000201797176793533,0.000419064318858305,0.00110660072321777,0.00348316020532987,0.0541118177773459,0.122584848285477,0.240304053464407,0.0131427405379308,0.0232189713824298,0.182792123830229,0.455506447001677,70.6884804216624,67.6835384495008,49.3772927349518,42.3348371372016,36.0136291644423,25.9547047949787,17.994059794619,10.5262589675075,6.28208954699414,0.436282866773413,0.362759626776617,0.29493652728187,0.278517433568319,0.294523034019891,0.367769046552246
933,656,0.256221558415788,0.973473954738213,0.11138195873471,2,0.0351645194613837,0.0206978735103577,0.0139305138260956,0.0172048826871841,0.0184156956523678,0.0231619045025441,0.0278402031047474,0.045878954450312,0.1083384153425,0.188652175415918,0.00031633758430365,4.64566257997434e-05,6.19886935451544e-05,7.8123800429172e-05,9.54700868308837e-06,0.000201143171559012,0.000484983847039343,0.00104040270604139,0.00384277120829787,0.04377009946649,0.125406249628773,0.326683334672844,0.0395038333650783,0.0207967902997354,0.0224538880435569,0.473121356893311,73.4051606955237,63.1960345648071,56.7254930537977,44.4901808057284,34.1219367875916,25.752123471533,17.1362911946105,10.2220330501342,5.66852295033377,0.424107813605904,0.321464902389575,0.292967178423581,0.275375727875613,0.303488289648699,0.356425463232504
934,783,0.266601078574903,0.978247594650052,0.0975833754292463,2,0.0402045392054148,0.017848977218329,0.0131396678924332,0.01869933534957,0.0189913135834449,0.0237613430771659,0.0282720844951384,0.0452989738076758,0.109147070059001,0.188227902533032,0.000353667910472247,0.00012737476639996,2.731389743991e-05,9.49332819596461e-05,2.28871485783668e-05,8.95802919137005e-05,0.00040121080292669,0.000717446427477399,0.00475212765371772,0.0770531613394334,0.150248987056881,0.26467711584693,0.00719488161754136,0.0164483284456231,0.106844062179266,0.53434623868897,68.0472515274824,66.8444846015084,54.9360892816794,41.9823578953649,36.9496240960828,24.7836448723933,17.8605834313933,10.8130662583816,6.28286732060204,0.40816598354254,0.35328901351313,0.295598963152693,0.279702756249038,0.281970381129142,0.37021549852149
935,543,0.288774622818885,0.977416353195011,0.100850207395527,3,0.0405264567609134,0.0195586241380931,0.0147336979612989,0.0205889497583104,0.0166115708996171,0.0227701297920454,0.0282614046435347,0.0458098039725776,0.107473763835822,0.18651717031466,0.000158930483755693,0.000163991171110534,1.25503451208527e-05,0.000176089865021648,2.229500118909e-05,0.000170729103285391,0.000338962675160938,0.000841695803403353,0.00318027064934256,0.0483954107876517,0.117804272001602,0.43768928944092,0.0150769848013008,0.0302196371899271,0.144356629260559,0.53500497706575,74.4104289800232,59.822236028024,54.5366680011658,45.0610656532293,33.453473889669,24.8297977756108,18.0984938995701,11.676780062238,6.15999376289707,0.415482006563582,0.347122812851136,0.295365085242504,0.279866923315149,0.286339967867697,0.389171269679294
936,747,0.319625016893313,0.975454554065872,0.0921299363434866,2,0.038018535221788,0.0221839062362371,0.0135418170434288,0.0188025728667058,0.0171369625799907,0.0228532661053924,0.0276766435085337,0.0446856195031926,0.108518171346024,0.189166262625773,0.00016706118715396,8.84199943496851e-05,1.7873061773702e-05,0.000126032340760019,6.84627973362705e-05,0.000153026212776366,0.000267151156652901,0.000993709570567957,0.00339419252584389,0.0475226782526985,0.153664901777074,0.627370784600054,0.00655702954393572,0.0248124571794529,0.114055099738173,0.423808627083627,73.6624317662689,57.7866667479661,54.4914408453413,44.9137687949187,33.6685403383427,23.0582273318044,18.0866916228546,10.6793898313425,5.95547053067863,0.399339181939416,0.365625411665974,0.295361647774964,0.279222145948726,0.288349472296433,0.378503990248286
937,200,0.244703413512009,0.979979034523568,0.10529026523425,2,0.0435266030176726,0.0147390362070914,0.0156772192724024,0.0176420418663612,0.0196386600589853,0.0238385950046764,0.0276417803665802,0.0452523527744669,0.108870070677471,0.187365421580091,0.000429790818679814,0.000181363601090934,4.64171700504931e-05,0.000106144044204278,6.17697289361539e-05,0.000254488695700693,0.000377903307130759,0.000805070014399516,0.00345581755533656,0.0427512690614042,0.120147690702794,0.156036899324023,0.0114785733382998,0.020921814009216,0.125672878797274,0.546135601180855,67.9237337567954,59.8918415241086,49.8457641191784,46.7442900502297,34.467051297691,23.6848833358162,17.080399819346,10.6055120354204,6.06045647745301,0.39887714674971,0.351721988786642,0.294457277172795,0.281065666956566,0.276485997396412,0.379649364411188
938,80,0.295500103954883,0.981966705522869,0.0893586643133292,2,0.0320899264621563,0.0208053275886948,0.0171897660442462,0.0187375295664434,0.0193126823111434,0.022861391245378,0.0277158914040498,0.045818668792589,0.106337700823612,0.183626975376058,0.000484516664196492,8.79819250693535e-05,2.47499704747936e-05,7.5157333488223e-05,6.08472028453317e-05,0.000253473215509731,0.000207938212875296,0.0011733775376444,0.00418971865961141,0.0817063312467988,0.104502830796225,0.184877467698641,0.0291861634578058,0.0279411965955321,0.134247023518452,0.53714777906349,77.8725616077587,59.7075765000106,51.4467509830738,42.0652828207169,35.2711115329285,24.5532433154458,18.4176063027072,11.9103416854433,6.25244096956521,0.402332106817876,0.380814656592386,0.295859595510171,0.272876286921559,0.30760542879563,0.385640421556499
939,44,0.381234122346299,0.988064181113314,0.104752242855055,3,0.036199613075545,0.0160092316095467,0.0143075921197958,0.0175381676548197,0.017251375405976,0.0224873890733722,0.0262106438635439,0.0449231288084826,0.10643313103778,0.187754705705173,0.000354887860179674,6.55699135302535e-05,3.50771289831874e-05,8.0449691560002e-05,7.10203809477384e-05,6.97092328198747e-05,0.000451741665313833,0.000949991934682453,0.0035739501017376,0.0432082779590608,0.13850957326583,0.498738631471295,0.00747675141825848,0.0289302561465731,0.0911484754953706,0.579057027814539,73.4811404320238,57.5688164835447,52.5375355560549,39.5765666828724,36.284349172113,25.8255035070446,18.1110614430949,10.792112918927,6.71053761774237,0.41407665202688,0.356045451943819,0.29534030032814,0.280395415217162,0.280664083451365,0.386564021015719
940,259,0.490832789460489,0.981551683673265,0.0929010652731566,2,0.0413023925755627,0.0257915024504015,0.0147972762916025,0.0171936314976997,0.0180432803472479,0.0227970339744338,0.0266614905290439,0.0465583254696927,0.108772828144031,0.189245296378022,0.000226378043595629,0.000176204361174456,5.5481509419696e-05,8.60607196760665e-05,1.73174775320541e-05,0.000211413620191804,0.000376020669187137,0.00114745874373417,0.00410738395427252,0.0449696597040803,0.136214956000734,0.155718934440698,0.0484448942157816,0.0261795696508057,0.119860460296924,0.522953578799904,70.3076481153568,60.2127843063533,47.2771655256571,43.6427107082656,34.201738977527,25.356979334149,18.8960687562411,11.0900838116524,6.3032894433142,0.422365886890014,0.340851952157277,0.296112712048299,0.282058396835777,0.300087431530376,0.379651266823032
941,486,0.194394413621854,0.986900826157912,0.0978295297463983,3,0.0357184444937601,0.0204916822937202,0.0133959270976788,0.0174647363113734,0.0185465337939857,0.0245351362672259,0.0254953452639736,0.0449106105296862,0.10859046434253,0.186817448172983,0.000221545563747223,0.00015683739540965,3.31083067248902e-05,0.000105962468375377,4.44800980480734e-05,0.000256029549262608,0.000462054622872987,0.00103941408570609,0.00459169976852322,0.0627121512455143,0.15645299967531,0.477899034859788,0.00665715172010805,0.0379364462584271,0.135266090007957,0.549852818244982,65.8644745925457,64.6517084142888,55.1178300833997,46.8690123736698,34.8999319049225,23.5099307506206,18.2002986509633,10.6805811049063,6.55688801642803,0.38803609969848,0.354675170021861,0.295432385286883,0.276881335174492,0.297589038837696,0.383444499716775
942,561,0.336256622991682,0.99120244988073,0.103888307147541,1,0.0358024074518963,0.0191871363320573,0.0159010247454219,0.0187084693043104,0.0181540679823706,0.0230467907433093,0.0275153315947394,0.0456733084789349,0.108263395280602,0.184891845087375,0.000359983477306831,8.5766464178688e-05,9.20127168194419e-05,0.000159328919688841,2.7604134706675e-05,0.000260478629254785,0.00055094869276709,0.000898112343031795,0.00472602140406747,0.0641429218080776,0.155265371914112,0.204109114377135,0.0270484544021763,0.0364231710525154,0.141447641007742,0.47654989250368,72.8725644901995,59.0317774725029,54.3761241297174,43.9849927922671,33.8470039973995,23.5574757998108,18.3527332394622,9.73854024699127,6.50761341787784,0.393522483066923,0.330189937099834,0.29249672671906,0.279080247452007,0.296263303126437,0.374796994230858
943,523,0.351396950828444,0.972114495100558,0.11083849232814,1,0.0451912595082751,0.0190509276093402,0.0136084521353108,0.0173213319509613,0.0189376043433895,0.0225133460461602,0.0266570059065982,0.0468994232815345,0.107101982792351,0.192669872449876,0.000441237162203089,0.000158688037571829,6.10588504561037e-05,9.17947592143716e-05,6.82717252689101e-05,0.000252297512700356,0.000365559527926689,0.000931312746284063,0.00470559481795555,0.0463420727918787,0.0990751723784433,0.146302115817863,0.0086164254164747,0.0207749725515387,0.153898102090354,0.506489572954172,69.7990226605426,62.4268999913025,49.0613486762754,43.7322949362846,34.6909970967437,24.9841276167029,17.8536843960668,11.077479197388,5.7731525389209,0.442539681115609,0.338220692821436,0.292957387280748,0.281441045398047,0.285560991749938,0.379729820377978
944,727,0.273467778070092,0.979088842055626,0.0911948882411315,3,0.0421416448729535,0.0239166961528984,0.0166857478310934,0.0179028441333503,0.0190989563627991,0.0237146447069678,0.0290830844020343,0.0453716110740483,0.107202591257056,0.189071452416342,0.000358289539100836,0.000109393760762086,1.09187045137976e-05,5.25086468472474e-05,2.98567054391325e-05,0.000195284515509596,0.000338206369817304,0.000818643570542958,0.00381757427694141,0.0494906868101501,0.135291951129739,0.438214475827125,0.0113768268148106,0.0307206985327247,0.0906562373306456,0.567731436462919,68.0082448975645,63.6680115834409,49.4867107827663,47.2355754332501,32.2105131600722,26.3533514729568,18.9766343471268,11.2673469167123,5.87803945940864,0.381863403569536,0.336046792749055,0.295424359881118,0.27091948101284,0.292684067721229,0.375421159711025
945,292,0.295037159310906,0.984383148667069,0.094404213321635,1,0.0403401501206325,0.0148824961479003,0.0146134335947188,0.0178065593985772,0.0176064239108499,0.0246948096819138,0.026841806264816,0.0445084533643253,0.105925320279724,0.186827182891866,0.0004618937783053,0.0001604086207747,4.01612782547784e-05,7.6210467157883e-05,6.31140848710027e-05,0.000131368193356048,0.000301906265074066,0.00080615399758254,0.00379079748665409,0.0465219902595157,0.162635913495322,0.373031579897519,0.0418533400616623,0.0393356266307895,0.0362543307863529,0.542234998090108,74.0425067574138,58.635796094109,54.9067117154357,40.5901858560943,32.4271862722825,26.4361842434948,18.6757850032843,9.81116607915137,5.99499124715863,0.406445065500155,0.343784445877532,0.297768169340209,0.280781464786041,0.300348700029132,0.413191503705304
946,823,0.248595110971959,0.962998775963391,0.0979690142609504,2,0.0388597726492308,0.0252479376927751,0.0173778851815269,0.0169966388859576,0.0193183229331469,0.023363954496751,0.0264870803236531,0.04433445417138,0.106740485754228,0.186069884217653,0.000180517248204828,2.50923630200354e-05,3.01714525457416e-05,9.67265549641286e-05,1.94458829388878e-05,0.000157156075376006,0.000325186758621844,0.00112889714050821,0.00409903980065708,0.0442971710450087,0.114873748504263,0.193930135499152,0.0133560429364274,0.0145068013904513,0.169631497519877,0.561069226598082,77.1217907819154,64.4439854257281,54.4722690740322,43.1088592824668,35.1817774069048,24.8971100757737,17.0402054122415,11.0272559612687,5.59311577414189,0.420214944117761,0.35981557228117,0.295000723106428,0.279088970904357,0.310882502039693,0.34957204472855
947,196,0.229171046907641,0.965719446699344,0.107733938001293,2,0.0344484994542295,0.0146658621579649,0.0149893979642082,0.0191707701005694,0.0198065032788629,0.024248686791166,0.0264887113509473,0.04492606044506,0.107390853649764,0.186200460039325,0.000271046374619563,0.0001386308305179,4.2074380603002e-05,0.000169082721989517,0.000100343651410655,0.000232217537939027,0.000313943516179455,0.00113708122076237,0.00403754507738879,0.0681102133878924,0.141631222598048,0.40606937892513,0.0110333917577424,0.0158006952168701,0.0443601193243864,0.531735380390579,70.9886863759792,64.983027045191,47.2133814375967,46.0570086352121,33.9450067240302,24.6329478639035,18.6332087869026,11.2839492431457,6.31617586278798,0.415556458687706,0.323552826133074,0.294012849078465,0.276598106957388,0.292439183939427,0.374558769444287
948,825,0.326527128390543,0.984078451094196,0.103147461352725,3,0.040344964958369,0.0223297183700414,0.0148004223044994,0.0184603172205072,0.0193771121192758,0.02264060420691,0.0261394008532722,0.0457974132315901,0.106289421282335,0.18949521421202,0.000423783773104873,0.00021081033417825,3.4564258710221e-05,9.37898300672275e-05,8.27476089227888e-05,0.000206452057565267,0.000205114225551849,0.000964484386283749,0.00471362186305371,0.0607756370964407,0.149101599576834,0.296843092265322,0.0125119412462386,0.00931950656712324,0.116088993082487,0.529143342760765,72.9852787387707,60.9111037172419,52.2350507760843,43.0301908537065,33.2106911789682,25.9658696936553,17.6760456952844,11.9530923706174,6.20959939976835,0.427594164735054,0.345185956535523,0.293808178655356,0.278109535532725,0.289497933068363,0.397973669156496
949,698,0.443687659422041,0.98813911488398,0.102542899267053,1,0.0570449331564359,0.0183209486649991,0.0155039343893639,0.0180558376468648,0.0180388033633357,0.0221088660191156,0.0285800932442528,0.0457187813806651,0.111769700283504,0.183603831647027,0.000172498896115129,0.000126812145968858,3.97263089409629e-05,0.000128439594670044,8.53670562213824e-05,0.000176820169895122,0.000404895906409679,0.00113463686524731,0.0043908980610863,0.0351516812374111,0.191569743339596,0.105146637071951,0.00964459197689056,0.0264508875030295,0.165728787497283,0.563381562137113,71.1175631024838,55.4993442853664,53.8782464661569,45.6359314907919,31.4228325839567,26.4218361383429,17.6707429617217,11.1187141164116,6.31257660613108,0.430925284367264,0.368044742376592,0.293696427957499,0.282176108530964,0.272133238605252,0.378329561623481
950,69,0.32797626594301,0.988543707541636,0.107148061216096,2,0.0394755142440058,0.0204446931648041,0.0157241997732729,0.0158052115461518,0.0187826099666207,0.0225119059815416,0.0267704727152543,0.0434627828032984,0.108390407312019,0.184550023428351,0.000238200852616857,3.59444507761198e-05,3.18268328823445e-05,9.80945601181342e-05,9.65865968562622e-05,0.000156869831835228,0.000342445773370714,0.000928151075695944,0.00313314039135125,0.0544789201571327,0.165589369768885,0.168238156021801,0.0250579859523224,0.0257090993229398,0.0830598839072657,0.477498588447497,66.7307391791862,61.7804410618,52.0970252156263,39.2053126189637,33.1289593170478,22.1432717222093,16.1847340811372,11.8534024038615,5.86735631429782,0.392784663566645,0.342106192825162,0.295657104303994,0.275094490471056,0.299746765763779,0.39676769180326
951,144,0.315786220195352,0.98955419418733,0.104715969335786,2,0.0398633162372097,0.0199490473362988,0.0164216748588764,0.0175433907870206,0.018295061781656,0.0235250517065342,0.0268910087054173,0.0465465152632243,0.109185565155614,0.184924799949955,0.000503029932544463,6.77059508673485e-05,5.27068200952846e-05,6.58134487939252e-05,7.0683528409695e-05,0.000172921876070335,0.000337267938265614,0.00109303551022309,0.00369295732671578,0.0585706037626961,0.131745553115946,0.322179450855612,0.0283299350062831,0.0245740761035538,0.0716352567787685,0.49454415375653,63.7482098863091,65.2004930483122,52.4802575522399,42.8814877653812,31.8921942191853,27.7094015572564,17.3762478970534,11.3601340215987,6.61949764203693,0.427916770556794,0.351365678118849,0.293283803316832,0.28077115420902,0.288634441816255,0.370916020939185
952,585,0.311349515748523,0.991717070568969,0.0945560627984245,2,0.0388253048133998,0.0175095215452009,0.0149140450650721,0.0175165796261335,0.017524400434533,0.0246178483726558,0.0275870193689047,0.0452705990181002,0.110374056525323,0.188211743306655,0.0002556971899512,0.000105236594051148,6.36083435825972e-05,7.33707636221137e-05,7.98878402532461e-05,0.000243079462333295,0.000313788428370263,0.000834645067960414,0.00411509885506104,0.0449399657104557,0.147283119389869,0.224592744271189,0.0186161593339667,0.0137230739801201,0.235148247895095,0.53213082920135,72.0193739493083,62.6448013361056,54.3854619906737,40.5733314448926,35.6230868681908,26.3361639673605,18.4357621497625,10.4863253674788,5.9539105327017,0.4225068022081,0.325527761640431,0.292794659901515,0.279105309832204,0.297673134798215,0.381994357292745
953,897,0.303499189105096,0.988345284069252,0.0952461066853267,2,0.033247399809403,0.0248562099183759,0.0164261221643932,0.0162865612225707,0.0187263932251127,0.0240477539775832,0.0283373009805652,0.0441765050469785,0.109741071306376,0.190614570584434,0.000395194607227805,9.00693927030389e-05,6.40025898655545e-05,0.000120338635482846,6.96051290994102e-05,0.00027758938075716,0.000458778662436935,0.00098291413807594,0.0036177956835283,0.0522231099707798,0.138952177948784,0.17894050261532,0.0139933797915383,0.0318093234871934,0.183422816926576,0.554974992159995,74.5317928878484,62.9637121744594,51.8099468186879,44.094687357816,34.5010736734472,27.8776153959958,17.0299954017373,10.7490627512809,6.12029579367982,0.428146203825042,0.336166181059337,0.293773009578453,0.274962434377675,0.289275089130458,0.365100204204238
954,974,0.403295221751634,0.984826790114901,0.113928857366734,1,0.034978008925119,0.0175291721761882,0.0145135903432486,0.0189669135207494,0.0196543497019371,0.0229058293523451,0.0276604749507189,0.0452228190331504,0.108309897998574,0.185605265607877,0.000272958513190182,5.31451230753205e-05,2.82123081327306e-05,7.00053455247221e-05,1.17728379496248e-05,0.000144282574999701,0.00030252762206481,0.00138968268597651,0.00383647653224272,0.062001572226498,0.151466049771704,0.27168259571947,0.0149519548531931,0.0308548013927488,0.141168861190513,0.530235756321758,75.6443797118325,59.6058107455044,56.714844524914,47.1227074037093,33.6441857249338,27.2652442692139,18.3630286933966,11.2507875723203,6.0768683232313,0.447259578465186,0.366281829791025,0.295574311467712,0.269999081826972,0.269401889240606,0.387612717750283
955,133,0.233036191450898,0.98118019054819,0.0964147398859877,2,0.042723372572626,0.0166414522941232,0.0173355424791849,0.0173234047652386,0.0182537190494215,0.0234314321534989,0.0260028528195488,0.0441843947252213,0.107510697273661,0.188363383102537,0.000243183778589932,0.000139892117449186,4.72148445966203e-05,0.000108476542636508,1.09758729545363e-05,0.000220967845702876,0.000439495130765998,0.00118527661796067,0.00473137959634885,0.0625896915326043,0.139314755379718,0.288389283556039,0.0165665485805968,0.0271902194361716,0.0619699194620077,0.532747699571483,74.4203128274391,65.2729583024105,52.6213627373677,41.4220298047684,32.6845341180654,23.3809439121469,17.6922553910239,10.340482738651,6.09995549894076,0.431680547505097,0.371433170126956,0.291764267576091,0.275060909155286,0.300111479596448,0.37680603714884
956,193,0.342731328083675,0.97685071941292,0.0990787632096636,1,0.0387749709185984,0.0191351232473042,0.0143051964344072,0.0186925752504316,0.0205530545245055,0.0239958470460615,0.0262781771146898,0.046782553755945,0.10889300304028,0.190418696975337,0.000316798093085336,0.000128711679474053,5.65865937599312e-05,0.000117751588742223,1.06545288422013e-05,0.000230557097576871,0.000330715813502335,0.000874386470965606,0.00433513458348196,0.0294024593855815,0.172067645318638,0.254563050302719,0.0725324838178618,0.0177834312427723,0.0891536810324351,0.654615866274278,68.1894600031187,60.8220820505704,53.9072076728027,44.6702850729386,34.4871328621641,24.9732350614544,18.5813112551405,10.5318303205039,6.13646056858177,0.42432726961828,0.325295069260975,0.293631149832984,0.280634685735941,0.287016308260812,0.369562078259335
957,166,0.29979803039276,0.987839988122847,0.0963090589014458,2,0.0413404475723333,0.0219589414190258,0.0162676229522613,0.0197631189778353,0.0183935042968539,0.0242351211693347,0.0279249577147034,0.0450089569735216,0.106747212193645,0.187992336059781,0.0002626666431019,6.79785100164299e-05,6.86500116119689e-05,0.000118320549035745,2.81525359784059e-05,0.000212926787580325,0.000276426351873223,0.000901716468265053,0.00509007314770024,0.0487466354562636,0.14291975478198,0.460576421726256,0.0300675368673251,0.0227403113782992,0.0397886329882811,0.575722638749635,69.53698823801,61.7439434929094,53.1178856361257,42.5870440075455,35.537987722445,23.6498062511108,18.4514186291631,10.5922345798016,5.76317682496312,0.417820408436649,0.354357076728597,0.292246355412173,0.281133934220884,0.289802923241722,0.363381826150873
958,889,0.263279779552502,0.980719281615179,0.0965618684351568,1,0.0353956210338131,0.0175599133542532,0.0151041338875618,0.0169866253411558,0.0180939964577296,0.0219379006163428,0.026023110575009,0.0442535811178093,0.106332278870317,0.186750410657474,0.000193721902211902,0.000118124529033481,3.06561361731664e-05,8.20601147916076e-05,5.24109966410654e-05,0.000133702909052612,0.000348056045812542,0.00103047064011978,0.00373882902964798,0.0632746432503699,0.121051240541359,0.153006601455142,0.0065684869560882,0.0148217549703463,0.134072504371413,0.503751880964889,74.3780479436535,60.7243007717578,55.524415709692,40.1099175799822,33.286269363294,24.9192711868904,19.6216248842231,11.2813649797584,6.08704934068024,0.381096480658689,0.368344024715392,0.298556970859414,0.292795108009323,0.277100513604654,0.385578740479544
959,574,0.308290957771126,0.993924583969984,0.100725985961906,1,0.0392387922623984,0.015659867619733,0.0171419522079863,0.0183836959042717,0.0186153268758766,0.0247576525400393,0.0276386542784126,0.04571177097144,0.10411915115863,0.187482237477917,0.000398840901045074,5.83774088549934e-05,9.64144647661263e-05,0.000166938539117253,8.23062019097091e-05,0.00014878714022091,0.000382244988236136,0.00124695230687908,0.00331715235338864,0.0372574445724595,0.136976165830562,0.242502646087396,0.0111849405909889,0.0277400851746683,0.0534418280620703,0.561474411349221,78.7435225527162,62.8966690616435,54.050390388638,43.9486837683435,34.5053290100599,24.778636324784,17.9415688905073,9.99830464316112,6.39863908011677,0.435086822669893,0.354160956113202,0.29307377195515,0.278456742081215,0.295759036774267,0.39437006349114
960,185,0.174497570697301,0.987601477497004,0.0973571309470472,2,0.0355277557385697,0.0187776895860895,0.0143532664162241,0.0172482836330566,0.0175329201810191,0.0232242710832006,0.0273187776773361,0.044763103707312,0.10773143838365,0.194992806086259,0.000373439642345068,7.79879053860094e-05,7.0733967881488e-05,0.000123300388441701,4.43102609963072e-05,0.000262954663940917,0.000337015865503867,0.000795085051658704,0.0038545501996033,0.0435618590257647,0.121087094692522,0.198995043438074,0.0155735181582002,0.026504483564931,0.331744187057238,0.496924858430442,74.1881742240217,61.5433088037496,52.84052252553,43.4616215003242,36.1400561409787,26.4256304529778,16.3187320815886,10.8611149360525,5.82841388942635,0.398980739606729,0.35756302567287,0.292404773163608,0.282497749467883,0.30017899690408,0.369799393052862
961,660,0.345945813598229,0.991486723136775,0.100332646327447,1,0.0431456266134692,0.0172952481487165,0.0166926666251774,0.0197268614381849,0.018817732445066,0.0221272333165532,0.0284194867879894,0.0444287734303733,0.107557745981614,0.187159042913296,0.000248817691168189,0.000137823745913253,1.63893034947503e-05,0.000139391870319357,9.05525931684992e-05,0.000369648225977084,0.00039070829591261,0.00090973106440739,0.00344685389046045,0.0439598377427113,0.128530738077876,0.23623682216497,0.0360871527991058,0.0190711453946871,0.102176529617098,0.590617796407273,74.8372450490111,57.5977701072569,55.064827044652,39.8593162323167,36.7917522934413,23.6311301283685,16.292385105541,10.9939397244929,6.35492162204834,0.438433841103395,0.338535317614862,0.295547531038847,0.28085784350433,0.286223614729053,0.394453676135902
962,352,0.400399142874213,0.986733978205334,0.0977319699216883,2,0.0322735339351981,0.0147991321272844,0.0153948355719069,0.0170368047773864,0.0193402094653878,0.0228071846369923,0.0284484851864524,0.0436170750080128,0.108628695127623,0.187077456929207,0.000256490563940854,0.000185304913440651,8.63741939190354e-05,8.62176056885641e-05,1.28942147020407e-05,0.000211960117657801,0.000339831944109014,0.000781827459452524,0.00314631999018366,0.0605820455119763,0.114106922879951,0.306494960345791,0.0230731023818333,0.0270183427457591,0.127817262202616,0.486527687752811,71.0230972377401,58.0963016312122,49.3503343335541,44.7173423883404,33.6258753361763,26.7231147937702,19.4740917285491,10.6703207359865,5.86338041429481,0.423206981827761,0.328612532817358,0.296552512189816,0.282574446466748,0.299890905009354,0.367839884842123
963,396,0.363740447566335,0.98739244978605,0.0985043972762158,1,0.042968906762784,0.0195305547792414,0.0129311586007651,0.0186484444096655,0.0192374409909164,0.0231915877802307,0.0267049353908144,0.0460627789121614,0.108324956133954,0.187090543701146,0.000430428896405962,7.18089085501835e-05,3.21568697552244e-05,6.40763609434055e-05,5.94704258232094e-05,0.000269228917527448,0.000264355463974363,0.000744803828499795,0.00373302137944428,0.0582914208905256,0.10266280794764,0.324550894715811,0.0171433300612733,0.0242813770768187,0.156276224983106,0.500224401459385,71.294597727477,58.1167769564243,51.2339970514032,44.8367810573589,34.3375696486748,24.04348351402,16.7387944085995,10.7610000564527,6.52918993106643,0.422811755790487,0.363585074263131,0.297104610881559,0.270226046979053,0.285879062866435,0.378447333069749
964,497,0.327754113252912,0.995068375261545,0.0998252391354434,2,0.0426624737571148,0.0177645140062866,0.0158388974174982,0.0185013856905704,0.0178591799812647,0.0223801401379552,0.0270408732442492,0.0463709266340194,0.107051766150603,0.190965454734243,0.000303519884173969,7.25698012369902e-05,5.6441348914411e-05,0.000160646287220192,7.52625813870762e-05,0.000168265438276675,0.000229127942258053,0.000906938336273611,0.00370894581661735,0.0695010258705107,0.186674720618303,0.338033711806972,0.0163718083371071,0.0151417051188219,0.284274169701451,0.488837388065172,68.4075497739527,64.2335601792207,52.3828998346452,43.8096770381955,32.8661015004579,25.3083696908435,18.3890071145977,10.9994782306802,6.20371985816589,0.429385803592168,0.35361849266507,0.29300625591856,0.278016061431437,0.307782894032862,0.390398858371972
965,310,0.30900402961118,0.988595045777174,0.102934870112102,3,0.0522684541550463,0.0218026066709115,0.0137825125563127,0.0173588211752617,0.0192425803691726,0.023989232547053,0.0256521769461854,0.0448971291693671,0.106831551248924,0.186858140900149,0.000292754691269495,0.000208941043949065,4.90567480861971e-05,3.62588350955196e-05,4.21299096265368e-05,0.000151091426778869,0.000305126942813067,0.00104425303667217,0.00359003269805863,0.0475707376852846,0.152442202899573,0.36526299029642,0.0261817042417326,0.0158531931943765,0.0807441663530476,0.580525394707315,73.8874350948556,58.7360150080947,51.3815410327636,40.2964363260066,32.720210757862,26.330301035422,18.8042270968703,11.4541218588596,6.45201880496238,0.420655026749583,0.342890071668991,0.294733482853206,0.276411520508419,0.277057337790262,0.398773256682242
966,755,0.331266013557843,0.986155096721909,0.105188385099296,3,0.041838263056841,0.022338399856482,0.013763115767895,0.0186450675511322,0.0187472448946517,0.0228462980974594,0.0267244143979525,0.0452551560769645,0.108571409182522,0.188325152945387,0.000179738126481574,3.52395724864521e-05,4.37747512202218e-05,0.000104825033569478,2.22162951792869e-05,0.000233542107825689,0.000292302499574405,0.000550811542303155,0.00505931085046692,0.0531116228991428,0.157208275822194,0.178191469784684,0.0181560260597507,0.0134925010385581,0.0954679401951476,0.566885752080742,75.0195164683274,58.8631562416884,56.3607056324394,41.4932212589394,33.509794126694,27.371377910482,17.5473114738713,9.40012199840966,6.03093419207279,0.405200984807157,0.343001520854457,0.298257953449449,0.280451891640577,0.302941742392248,0.395864025232059
967,219,0.250462057401604,0.97397338383742,0.100357090982282,3,0.0468706970095182,0.0181916170062364,0.0150568959965533,0.0192860217079807,0.020375782050059,0.0235225557670549,0.0263479300536617,0.0448756200276496,0.107591334005494,0.187451461263705,0.00038024075632858,7.01691938306496e-05,2.03981330762521e-05,0.000101171203539163,6.5495707535731e-05,0.000152289692639702,0.000374308811202719,0.00115919097835728,0.0032740229581464,0.0410154530503756,0.104395313379302,0.431955418539703,0.0315624629566735,0.0238085627103885,0.154263516969273,0.525286003285652,75.2330773891143,66.4995939107174,55.0198339754072,44.1749866000079,36.0923833294853,25.5665776159502,17.7112500838345,11.568313727829,6.26772705022169,0.434118555579644,0.334431158559986,0.295322904979516,0.282740110318148,0.287571657383027,0.37296675886546
968,118,0.307059486590269,0.992327249635555,0.102170509882115,3,0.0380406134785553,0.0182845964972392,0.0162521307539706,0.0171670225927054,0.0181990972005294,0.0238062563045912,0.0269091938849395,0.0456312827358709,0.10817564839755,0.186085998986285,0.000324285041765417,8.34701648502435e-05,2.43713532099451e-05,0.000116397775531557,3.74418023046393e-05,0.000304899638944697,0.000356888009904683,0.00100954346875107,0.00448410075386379,0.0420357863164773,0.103218846261981,0.280919047408152,0.0171983177412711,0.0198248562920228,0.106664162799124,0.540924639821043,66.8870585197059,66.6861653360152,56.1780492754003,42.4447849810058,32.1349268488852,25.1562114705293,17.9961481685148,11.2343669992187,5.9380951726626,0.391353001905628,0.358067524647771,0.293638397653218,0.277535949341752,0.288417109165641,0.372801176792567
969,17,0.386282352957165,0.990634785086008,0.0973352067526801,1,0.0393825275496298,0.0205793564838063,0.0148719174729232,0.0167913472003311,0.0192898372187202,0.0224313745121269,0.0253127228125924,0.0457688444586847,0.109658149889171,0.187046185253531,0.00024490200359552,9.96167476398793e-05,7.20447715522587e-05,0.000178674246851827,9.3839299714487e-05,0.000168431658473661,0.00023400972806186,0.000833762254356875,0.00268106169256011,0.0621095532403618,0.140658769249051,0.540421483406045,0.0216757065455677,0.0182747720750052,0.0522875138644607,0.591369344780565,71.7015460035334,62.544923775987,52.519703001234,44.0506406620547,32.2296071871773,26.8054913690237,17.9021813479051,10.5812674261578,6.13504121959466,0.451420546202912,0.348236958570842,0.29419269936257,0.280909088684004,0.272336050736865,0.382258581664362
970,163,0.284196214078491,0.990591970669227,0.102954574197126,2,0.045207809139174,0.0172696396729117,0.0136979671101743,0.0176308556458813,0.018164180609053,0.0235309584443583,0.0259028551563095,0.0459501001492835,0.105347403105924,0.187523078405339,0.000452791982432563,0.000104849200928603,8.27020885555904e-06,9.74169870013744e-05,1.69684957111443e-05,0.000225376348199204,0.000450425169235235,0.00111038379326906,0.00412101136369112,0.0593557771178619,0.129119209546902,0.273713867808737,0.0243420661421951,0.0324835583282463,0.0377539415851172,0.482727128864046,71.0357031498986,59.1884733326219,48.8820920946036,41.8416340231179,32.7634989438416,25.3189196975037,17.1327986952135,11.8680713327184,6.10728391421527,0.420102860780156,0.334074363549234,0.294875316984587,0.279036041900826,0.290253560485296,0.372383320213966
971,955,0.26450358169511,0.985542746220787,0.0998567798502741,3,0.0400561203499119,0.0109563249191121,0.0158677638484822,0.0180165745600847,0.0174592328510756,0.0236604406887048,0.028450748494374,0.0455629640615548,0.111647973778716,0.184608566191901,0.000445531268530999,0.000123618567886429,1.3428414003532e-05,8.30353627485015e-05,1.81019096462393e-05,0.00024615188983934,0.000368053273313679,0.000875569073740171,0.00477334458076349,0.0574177639937997,0.112706088924916,0.240645807598291,0.0684287263067365,0.0217373152315643,0.0614657857201293,0.522821890158611,78.4021604921067,59.1665324640345,56.9914424523424,46.4032956968454,34.0385316269755,25.7671255729321,18.0049287378917,10.0129868171141,5.88622896002456,0.405012438380339,0.336286176457829,0.298275580194544,0.273842774379419,0.289254614784194,0.3787803379237
972,221,0.372690728792408,0.978782578762915,0.0934783080338586,3,0.0454373354370683,0.0128317080366609,0.0178378824782088,0.0180362553737964,0.0186771683681247,0.0228122065203561,0.0258190479071914,0.0456552987094495,0.108862348765387,0.18494898266029,0.000347510622969528,0.000137102329590854,4.02373858766866e-05,9.57268766315039e-05,7.66355281934277e-05,0.0003226534833081,0.00034229104938352,0.000686794913561081,0.00485459300410871,0.0454783622104721,0.121456742399068,0.455641023633841,0.0239424184721785,0.016924537832772,0.114539794448867,0.486312381666969,72.4070760605526,60.1354466868277,51.3994825501235,42.0289163501657,35.2435864337653,26.6878596847354,18.3231150033724,10.6140919119502,6.27626845653642,0.437008691809061,0.360247931028258,0.294227461714886,0.277670613235659,0.28407612831234,0.396553634001055
973,255,0.347777527716507,0.985373664520455,0.0948214156518299,2,0.0341992302181455,0.0185132351772366,0.0141072050451398,0.0177790775236379,0.0191177324717914,0.0224136329832784,0.0257970041518289,0.0460866475843512,0.108186137289318,0.188839989215787,0.0004653420834764,0.000132783778777345,1.87751877874158e-05,0.000106572564749609,5.66050043048015e-05,0.000193582300708682,0.000401902882176822,0.000984856540742206,0.00357918668090025,0.0367911343978929,0.137439286301849,0.600602388413695,0.0108141677265845,0.0409864902103211,0.117352399907289,0.546455241262035,71.5450828326278,63.1672613758629,51.6856217391864,44.2734884882961,35.794636812897,24.0327950206249,17.9534006863694,11.1000182822852,6.33908877031544,0.407280293500603,0.354294285847554,0.296293487440151,0.288750574151343,0.295243699984158,0.362700988028586
974,645,0.287979601540305,0.980124893781869,0.108084869328221,1,0.0411132803011504,0.0222076675344374,0.013588557343565,0.017865599294919,0.0177665902031274,0.0233422553190937,0.0271905154668294,0.0451153513713099,0.109292051453176,0.187610140054693,0.000220690805222816,8.28475583275564e-05,3.52065512261678e-05,8.8799901839754e-05,4.20800079971228e-05,0.000200591115105029,0.00020101107578888,0.000899184220614157,0.00403961895397364,0.039853545117926,0.11747628658628,0.4466936337129,0.0132164654909746,0.0218141397452673,0.136706592922314,0.537427388241298,71.1736700231845,63.1883062081891,51.4162953110506,42.8739480137271,34.0106100821306,24.4149929371974,16.9617556248764,11.0138128799735,6.0370550593587,0.448561368128836,0.349298533535819,0.299074626567141,0.270179811552857,0.271214403948971,0.368886609269879
975,590,0.300593060157317,0.993561026419217,0.10107076227295,1,0.044721154807607,0.0150706572394804,0.0157572801172544,0.0186890180077346,0.0186124865509682,0.0236331339880889,0.0247232736813678,0.0460152119100169,0.10843509552737,0.186907648515238,0.000499100457779203,0.000181669393670548,3.35647241574308e-05,0.000119079665579032,5.55050921816225e-05,0.000141057801057508,0.000328152314631466,0.000843622004854752,0.00415920362738106,0.0324603618845284,0.200054293148148,0.358537039057025,0.00782538362267005,0.025327063127373,0.0484729003227976,0.511737301972331,68.3839674607078,68.0271277174834,52.5879398307616,42.3684018847859,35.6984337036453,25.5850365576761,18.1363925218002,11.3543185354499,6.45251694378494,0.400550498797798,0.332012541876832,0.293835642969314,0.276031503615662,0.269980413059242,0.36844518640884
976,385,0.25290243458452,0.992701802386033,0.103532573279934,1,0.0385476739534311,0.0182767757598827,0.014856060358625,0.016765992709844,0.019239845060489,0.0243921679435404,0.0279569777647908,0.042779357605232,0.108667978598621,0.18886325501606,0.000174304667073959,0.000121917487888851,5.16525596957273e-05,0.000129940511612199,9.46019408439405e-05,0.000257413150671529,0.000387909741273712,0.00105596399262449,0.00406335818874644,0.0537920382394693,0.143835897141252,0.265262879358375,0.0213817371018918,0.0135193001684185,0.217355069567772,0.524658158653139,73.753094044638,61.5961330280357,53.0543537008478,42.2755063517476,32.7864736807291,24.1733909885735,17.0492804731952,10.6224640155308,6.60197943856988,0.42902738318496,0.331309169437476,0.294463164921335,0.276624736766067,0.272320170923887,0.38375168978683
977,927,0.371738128120898,0.982095691135752,0.0981342329958732,2,0.0396362614669039,0.0166240570097651,0.0123551921305863,0.0196462757870633,0.0192822640712434,0.023893648914116,0.0266761493896054,0.0459028141218663,0.107145618262893,0.187742043138221,0.000365814291306218,0.000104880154901915,2.52580989289661e-05,0.000112035145589423,6.2224081312723e-05,0.000178348584265103,0.000347193013039053,0.000927493578425181,0.00316625307458606,0.0286749095355245,0.0983496560261474,0.281198191947886,0.0164120207010462,0.0198019467012467,0.190312994577109,0.473424392757968,69.7269505705661,56.2898980388647,49.550258607412,44.6814081840353,37.9995646152457,22.6918177978334,18.0391835285526,10.9461265530862,6.67860782202454,0.439623870016812,0.371739113458622,0.296028824782207,0.28066205827265,0.282725078897629,0.373976821211853
978,691,0.340605264414117,0.97841882982793,0.104056509478102,3,0.0282972637519246,0.0163804924420888,0.0146931564927183,0.0186111934588232,0.0202973408930714,0.0233490277946315,0.0271502742176553,0.0468184084142925,0.108518930107993,0.184363264948378,0.000128536013069415,7.6324689029077e-05,1.41252057760562e-05,7.94242636039022e-05,1.45593039435629e-05,0.000190241252789046,0.000429136702854066,0.00104323666165016,0.0044079880215811,0.055268098006017,0.117041166630658,0.295826398941488,0.0223643363154669,0.0173844545279288,0.123440725774336,0.543459507364727,70.128571456108,58.4057499805127,50.4962459583038,43.9531896930991,37.3341031503771,27.9245440919645,19.2903389317395,10.6876862280583,6.10486126323234,0.44288476173549,0.341406956541564,0.29644114318254,0.276434362044221,0.28563004780639,0.398152381871599
979,244,0.26311393424143,0.953362383066248,0.0968018284186547,2,0.033727066461336,0.0147922137983721,0.014890835941498,0.0181700307879941,0.0186482392262581,0.0243352177865761,0.0283469064270053,0.0457512083864084,0.107696030615205,0.18375410452181,0.000251823855112181,0.000240249174676905,3.02820018810893e-05,0.000109077951604777,3.41223179347499e-05,0.000165606720617307,0.000234579652445407,0.000770830882773623,0.00413890478023575,0.0469687945258726,0.136033915355417,0.332517285782069,0.007233981314202,0.0149801598794951,0.0863153651880923,0.523480377087162,72.7737413862008,58.8828791829097,52.9427334530249,43.3118111971633,34.3923870896318,25.0997471085177,19.6676589611159,10.2385748124528,6.18841932469503,0.405853834162345,0.346937325284277,0.293883455090595,0.284802471526765,0.273746983060874,0.374452722154795
980,401,0.267321414856877,0.986496190729244,0.0945802496687271,1,0.0435630845544429,0.0159919765866579,0.016368282113898,0.0185756681879808,0.0193674941344228,0.0233393352731364,0.0269800224436881,0.0463156304392645,0.105200811452308,0.187386514917447,0.000459419197844556,7.44408440672858e-05,2.55164596441683e-05,0.000127619292558054,4.66455883543393e-05,0.000265680830125244,0.000574710638405075,0.000957349683512111,0.00600890723289924,0.0404927991386398,0.103666455005766,0.522412343459082,0.0051929074844075,0.019935756271708,0.240784506203411,0.514268222684706,69.2748416093967,63.7817056669287,59.0149316781039,42.6587068409679,33.8274527851998,24.3794541798259,17.798274491012,10.0572119090431,6.69273982165106,0.427557889316079,0.329642841975365,0.29596000168931,0.28489667036517,0.290160312591881,0.368190898581037
981,435,0.268258437837271,0.992882381584783,0.106203506684926,3,0.0369644676180531,0.0224306662411106,0.0169221674074389,0.0184299465954497,0.0173959520802742,0.0220021490677245,0.0261903785701066,0.0463087914522576,0.107629348162146,0.191439672774378,0.00028439205621045,0.000143452408118844,2.38788144388042e-05,8.02037969015124e-05,3.58119805283117e-05,0.000204933437542332,0.000313393601684385,0.00146294733007378,0.00447044871141616,0.040570323410383,0.109328667756177,0.363108211461844,0.00642225485456375,0.0426979725838859,0.0985463020675727,0.588679862113006,75.1952292503511,64.7160499508117,49.0045479854697,43.2083167978564,32.3765006543242,23.282068705546,15.2671624950587,10.5770793702614,5.78739245126134,0.437566009268004,0.32540454410816,0.296436116050079,0.276990299967394,0.303466157990918,0.385395349687746
982,588,0.337594682948259,0.992509075897497,0.103943634646666,3,0.0398110313324557,0.016527178074975,0.0163214658781632,0.0174059827871539,0.0181668216799482,0.0220433732359886,0.0275537998075042,0.0455921974333708,0.108316748126649,0.187037827097562,0.00022567145691845,7.8909597509165e-05,4.26270576592904e-05,7.14129733301161e-05,4.89681873889262e-05,0.000233042211758222,0.000336367493491916,0.00100013280700338,0.00516345698667829,0.0466682711684949,0.15418001162463,0.321393282636399,0.0240625541404841,0.0117731765454187,0.136948234600623,0.493063606602314,76.70923983172,62.2524923149126,53.4505614767272,39.7065111869771,31.7518448562159,27.0312484413876,16.9536082449689,11.3234894177572,5.60295679878001,0.408270216269342,0.335964811888478,0.295472897944027,0.275871857956568,0.273122538027527,0.383288006326473
983,241,0.280159404364569,0.994627414735787,0.104219886655113,1,0.0364247655315163,0.0209766054924075,0.0170709748220116,0.0166899763983103,0.0180169012079189,0.0234375666652225,0.0274969126480452,0.0467195028472758,0.110136734626752,0.185220705433501,0.00017626109992813,0.000123307385695499,3.38509245047208e-05,7.79234931694451e-05,4.01775006084845e-05,0.000160395365223803,0.000259184841706698,0.000854428539173411,0.00444998578249272,0.0424390599561319,0.157453417459489,0.36195044663953,0.0130791611793371,0.0185562021843532,0.0356552139475519,0.518096234617453,74.2392421210487,61.1547935432829,57.326151932747,42.8045569454829,34.9309373247784,25.4238915411753,17.1972057375364,10.0753414432843,6.41280192794044,0.426049137731838,0.335788045530003,0.297535117508303,0.279639799098908,0.291122115495556,0.375402433173744
984,443,0.304790543009474,0.9860755330225,0.0965735405743495,1,0.0338182276871715,0.0111214272976367,0.0145360421182682,0.0163158239613092,0.0206256008607404,0.0238433159615031,0.0276196252563311,0.0464672182731545,0.107745961489384,0.190710307299278,0.000288277973102455,0.000152692862772356,2.42742103259103e-05,9.73452370957935e-05,3.45358161166069e-05,0.000237179231908547,0.000170850496446273,0.000913147673908692,0.00460797535490784,0.0507728310023292,0.125515292808256,0.32860811160282,0.0193257131740214,0.0281304671110098,0.0541669078107596,0.488235644756713,70.2374634990481,61.9695352989639,54.0119814697288,43.9726577125359,34.7349349915038,24.8873190048328,17.0095001133164,10.727322260221,6.17271411354349,0.416134783359384,0.352757983509514,0.296298111670222,0.280459361116418,0.278331742027094,0.383778134486888
985,545,0.312212899865598,0.983135099652496,0.100071887953799,2,0.0465272161935709,0.0195633805761191,0.015506788584461,0.0165319168759722,0.0190412018495844,0.0219068439089099,0.0265713528506726,0.0446371002940169,0.10928325901449,0.18356702854389,0.00017301447708386,6.61252615636956e-05,3.39935730382856e-05,0.000110196002010257,1.3417288627945e-05,0.000118147782182611,0.000249049292166204,0.00116422719520907,0.00549139034259781,0.0571030189793374,0.116889160902207,0.317332716647129,0.0118508804711268,0.025270423447568,0.181538627289631,0.506304129890194,73.6447595299961,61.3142407059494,50.187623680562,42.451113682983,30.7331805842019,27.2288157244455,15.6761330975209,11.6441202550464,6.18112315741716,0.417401666556972,0.360147599395708,0.292364251448463,0.273195675111274,0.291481179344697,0.377823851439573
986,744,0.337789008054772,0.973209845657808,0.103202499201974,2,0.0426862010203509,0.0174475569932124,0.0140620414685951,0.0168578877889757,0.0191026185772956,0.0229877788383596,0.026800133172289,0.0450128916893386,0.106934002201839,0.184206910582109,0.00045693182107634,0.000176577006679993,4.70921448890837e-05,7.81793540257298e-05,6.57159723216533e-05,0.000241011147924263,0.000372476911986851,0.000792450662590478,0.00351949182684503,0.0664054631341691,0.184238784122892,0.302032807587388,0.00887348471036967,0.0371452308153331,0.0981273097386406,0.469856018315996,66.777312777336,63.3878118448582,50.0574929283437,37.9748524464543,34.0953997484444,25.4928242202366,18.4396552766779,10.9782989841252,6.33373894625838,0.421926243843581,0.33378775919198,0.295731664196077,0.271952243315077,0.287894292042298,0.373334307948792
987,641,0.281584239715512,0.985205970490371,0.101269189644734,3,0.0371266191294642,0.0214251387550736,0.0169421991308049,0.020105638149044,0.0187604143229852,0.0235043636060238,0.0279981904172139,0.0445963853467929,0.10724447597528,0.187262635131105,0.000253466805479367,8.78466898614641e-05,4.31771639106281e-05,8.99213527988559e-05,7.36762280319358e-05,0.000316133164995888,0.000431270445458822,0.00127648431937504,0.00386690291638273,0.0452181618545775,0.138543649287872,0.143390542942134,0.00578954186864618,0.0391868734556771,0.177642192554622,0.554670280295903,70.695619083559,60.9720149266967,53.2680802310178,41.5435061807132,31.8001753883724,24.869183025967,18.6252085455023,10.9000491941606,6.08982279765052,0.416583087521591,0.347053122965496,0.296775706343154,0.287115668019547,0.284933129531113,0.361074916860262
988,394,0.307286417295442,0.981580585736894,0.105800032820008,2,0.037673730801239,0.0191207703567204,0.0163996680802552,0.0162645233647085,0.0169160941119112,0.0217056933871984,0.0264169829528287,0.0444119637530381,0.112056551388611,0.187269798557948,0.000282097059743057,8.75760291068603e-05,5.87640538157428e-05,0.000146367671100618,5.01641971777666e-05,0.000195842448282643,0.000214163663617856,0.00107012483758062,0.00430252559970322,0.0581663257811482,0.0929001191609083,0.259315680970526,0.00456673906222988,0.0183460983009103,0.170256647641551,0.525172181330829,70.866027850775,64.2483554703533,56.077273869162,43.6081548250127,34.6184093174304,24.2098562411426,17.4339097288105,11.4267583377648,5.97153196479738,0.387500188372978,0.351586003618256,0.295827504810451,0.286333196436806,0.28623639251805,0.36834096843557
989,514,0.331784067230685,0.986833217585638,0.0933517603091332,2,0.0454286966661697,0.0206465491785477,0.0139771726065874,0.0176592655468362,0.018093001669109,0.0239220837707803,0.026171813951026,0.0461872628778475,0.10809982763693,0.185038353750202,0.000396555841719341,0.000120476614927481,4.74861154267952e-05,7.48136574376566e-05,9.91725590367097e-05,0.000212442953453049,0.000279805034686509,0.0012548552277164,0.0033766503753253,0.058110357391455,0.143086717631605,0.14993883579224,0.0115593128617418,0.0111217444570751,0.100214555041379,0.582020771842715,74.6409528382372,62.8268030036388,51.654567163278,39.7389973345331,34.211121042299,23.9728965769023,16.3794439187451,10.3842209721427,5.81959059494417,0.416354199037154,0.351858389988308,0.291875920666177,0.283267906225038,0.317366854514715,0.380313257665982
990,315,0.333410230567221,0.983383300623196,0.102637326369163,3,0.0438155109430759,0.0184285651178284,0.016627697004575,0.0183666050399209,0.0183089892528114,0.0242079833536154,0.0256101856937898,0.0456872394089695,0.109908572046996,0.183229886694419,0.000367602019168017,9.32083516944587e-05,3.20367358978029e-05,7.83940889794546e-05,7.46605458181821e-05,0.000195707169046173,0.000344897000549535,0.000714356484253825,0.00322865668310783,0.0587224918534834,0.139241576988506,0.197396425972936,0.0146406417243325,0.0314532264675863,0.143309129931224,0.530980801544556,69.6453532541747,61.8077128793333,58.2311328413588,42.5014733018872,32.9223854145063,25.2072749877247,16.8585138632443,10.2056871464202,6.63898554624317,0.428485190335122,0.31240074802526,0.292182942942777,0.27237118354946,0.280822870126523,0.374455502968845
991,958,0.321486711611493,0.985520314355195,0.104489566179939,1,0.0415434825933139,0.0135652874545387,0.018024170420347,0.0178268862703058,0.0190498934318263,0.0244304460481614,0.0266946448759011,0.0462798339408504,0.10676174257128,0.191316076088737,0.000432488589479249,0.000107134580425621,4.79621456619118e-05,0.000102250129220345,1.48087781101298e-05,0.000168239572704356,0.000434147942621712,0.000757634192127986,0.003785977754198,0.0499797789376402,0.113394923134543,0.256528591379247,0.0167183980096051,0.0243341935399261,0.0828178292789162,0.477954312503257,74.2600835194808,59.7570976551616,57.2563287635745,41.318330568446,34.5747064249839,24.4215812390428,18.3928379161446,10.3280377740278,6.088043285279,0.409477685788349,0.367124735988766,0.294401037939427,0.281434779306429,0.290827177078368,0.392278014428892
992,734,0.271190977495041,0.989496475812168,0.102029699939157,1,0.0330080136405208,0.0212675171754697,0.014794083368659,0.0168657275023016,0.0184056615693102,0.0230412066539684,0.0271578201549703,0.0451894208449764,0.104910012359376,0.182539520850267,0.000376617535775488,0.00015780319308024,3.11705963805414e-05,0.000101396372749537,8.15253105776316e-05,0.000155681007836463,0.000291336373907023,0.000767753097123153,0.00427449657650178,0.0388862363700008,0.108343940445419,0.315222396906132,0.0108071510799872,0.0167447669238478,0.0923296821882256,0.541503029176429,66.8235919622405,56.8110560037575,53.8498984891928,41.36867165997,38.0389843962515,26.4302347531724,19.1978185531595,9.58575031148921,6.13921650226371,0.408040431631649,0.326693496777868,0.295254953458769,0.274575318754606,0.278958146555708,0.351577749478846
993,213,0.333281328812938,0.990405113980563,0.0975651980189146,2,0.0351523320613418,0.0230461169656113,0.0140657401954613,0.0195564584680724,0.0175715818303397,0.0236296608197596,0.0287449946352838,0.043829361056553,0.108405657293737,0.187790786770355,0.000210939901544451,7.51618342497495e-05,2.94007452867785e-05,0.000124180719707359,8.04813811680929e-05,0.000237785797662623,0.000269494365702509,0.000931756719884752,0.00478657489205241,0.0436423339570473,0.126414796185585,0.200006381390024,0.019675534796434,0.0295464139689111,0.0644039016731686,0.463359542014425,74.3888362263721,59.0417882841592,56.5761374244284,41.0239264100883,31.2712016178267,24.0228813355929,17.7320309542424,10.1901160299944,5.86671394772698,0.450116262360483,0.352967817199478,0.297487623275504,0.280524096003746,0.292702948107997,0.394576421152934
994,815,0.289363942071263,0.971534084893967,0.0983243868886838,2,0.0374908473864444,0.0157579550171102,0.0164775925826056,0.0185720391352324,0.0202034772421886,0.0234760218717648,0.024597052052321,0.0445908065842661,0.108421052574687,0.186796807886021,0.000186845262511628,8.13225588507512e-05,3.55609161906962e-05,9.94925711167663e-05,4.23491470286585e-05,0.000179484814177922,0.000216065328141208,0.000880286691119843,0.00396033006444496,0.0485581880356439,0.15851332506064,0.341032086965602,0.00959319745101503,0.0379967352404977,0.242659573475889,0.567243907724058,77.2296955515072,63.0699328595938,48.7263509900971,44.372740394607,34.7500323766605,26.275125800031,18.6704845207069,10.8267649014254,5.55235224195011,0.42564371711817,0.340289010276288,0.295019990297674,0.278219640972857,0.287636980583149,0.387452083936969
995,381,0.24839538979141,0.984911279717564,0.107184939863226,2,0.031863977891626,0.018819502385036,0.0150983791894304,0.0185797763396667,0.0195878691229338,0.0238752666955098,0.026762404786934,0.0452384365784301,0.109056508208405,0.192504697383592,0.000354741493190042,9.25095582267646e-05,2.61742254830328e-05,0.000119457623121931,2.95246346535166e-05,0.000244677471733828,0.000430523802679297,0.000955012176129671,0.00496065686125195,0.0488871383391457,0.204147957768323,0.516397769798561,0.0257231365525454,0.0138798583818961,0.129660189949195,0.596854802277539,68.363092714364,55.0454939993879,52.984699881063,42.1964102618663,30.6306805076765,26.8476374617812,18.469730007659,11.2476514104387,5.92947440430384,0.405002477731158,0.326031089133641,0.295529081775884,0.270573701454414,0.282456802301463,0.374596603449228
996,939,0.37387294551608,0.986041676441528,0.0908727929839325,2,0.0426012148954503,0.0178065292397459,0.0180975973260702,0.0173111640490555,0.0187278564045923,0.0227107048642237,0.0263727201119353,0.0437574164903548,0.106531510722588,0.188799194087694,0.000442298078536376,8.87917160366943e-05,2.34606052978824e-05,0.00013463458520866,2.20180579555475e-05,0.000192849380187525,0.000347411253496209,0.000825010605845482,0.00411113357329271,0.0599469869602605,0.125111807438163,0.239507832406275,0.0109731876522283,0.0128190733307819,0.248818206158227,0.516316199365768,72.5457003049949,63.7580253295362,55.3469308644965,49.1078727295639,33.5473847247765,26.622849448096,16.5922986209338,11.0485303660513,6.39183200048687,0.38417434422475,0.377273607113657,0.299402387722225,0.284109650559026,0.288446267444238,0.382024584507124
997,158,0.303905200064196,0.982235429295352,0.10827032325063,2,0.0385031029859818,0.0160037226200486,0.0145994776388381,0.0169288635585813,0.0203211089400951,0.0234231451842011,0.0263141406699769,0.0442375777139068,0.108225457538177,0.188301318140868,0.000143663048899015,0.000119539783373292,4.17353091980323e-05,9.47123811437966e-05,1.79298126212828e-05,0.000160412913852291,0.00038461883579242,0.000839815156226883,0.00398660240467694,0.0492618124978524,0.136890911095811,0.342158375798131,0.0076354548169859,0.0177375473057951,0.0652698361905441,0.472413798593081,84.179239900298,60.3875701697511,53.6908134766099,47.1121906082245,33.568299867748,24.5085372129695,18.8218491230586,11.7353695631293,6.72100591029648,0.437082046162847,0.322799449051096,0.294291765083492,0.279337381575619,0.295850244892965,0.382127446973515
998,481,0.278699723520063,0.982144948985972,0.11182856322199,1,0.0410644052165968,0.0186831578306929,0.0141189629730627,0.0168948871781009,0.0187017804789497,0.0233153749452572,0.026301310757088,0.0454493655085247,0.109133554654622,0.187954591775752,0.000590934940591394,5.18789896892004e-05,0.000156592274000364,0.000187863031968219,3.19660680540572e-05,0.000181638723226063,0.000282640080606352,0.000896523806095098,0.00366275178108218,0.0565201434613547,0.144045443075429,0.148699475028674,0.0182370081014768,0.0168870092172898,0.0784761656645078,0.459878724211645,79.6905722410267,60.4104854481435,56.3874145936527,41.9375732068249,33.0892494005467,23.8650833836613,17.4740792503121,11.2648096044742,5.63974368909561,0.392549001758135,0.35387615033901,0.293779559848726,0.272201405198163,0.299230900879777,0.35266284798811
999,540,0.242957693162696,0.982362787767279,0.0951887256621346,2,0.0430383282846918,0.0122680400096605,0.0143490921815642,0.0182399227933991,0.0187422123516286,0.0230771787929203,0.0273381269869226,0.046131853815184,0.10927197797645,0.190454364651666,0.000190861572829785,0.000158041786020731,2.52967036172639e-05,0.000139543595224175,6.6372443130985e-05,0.000197821524037949,0.000407349873168879,0.00108589593818883,0.0042087329342549,0.0540203520899699,0.168412115682941,0.257983331857712,0.0191080413063622,0.0133002215282286,0.192614313889795,0.573470971597927,67.0383122557212,61.5692416845928,56.1042166734634,43.150072351715,34.2669807224859,26.4836250930504,17.1419259813016,9.97773268150738,5.80291481078944,0.412543201924955,0.354902976329506,0.299181840386883,0.278819261473288,0.284212081895383,0.393479060861059
1000,757,0.317735065441248,0.990123518463704,0.104300811226716,3,0.0331943554513499,0.0216829383170877,0.0146474720523516,0.0188195766740442,0.0178518911989489,0.0228537814053955,0.0266174562788502,0.0444685271239727,0.108395043015384,0.19281462744655,0.000246735805583264,0.000153603246393967,5.49651924585931e-05,0.000136899622349833,0.000116288318311487,0.000200015814512589,0.000283504674014505,0.000607908937295734,0.00388968208363563,0.0443842030018363,0.114253781917954,0.151138469731039,0.0135370530518957,0.0216025027268109,0.141594755159408,0.591786190094047,76.2068838574936,64.8095923315608,54.2481850202539,43.8716179024323,31.3541685073799,25.6836991782665,16.3414989139448,11.0346343342786,6.02900744672212,0.37561266314385,0.336371988482315,0.293486422533103,0.279140019312013,0.304533214013674,0.379901962147462
