"draw","FOI","gamma","sigma","rho","prop_symp","immune_pct","R0_peak","attack_pct","total_reported","loglik","AIC","BIC","feasible"
1,0.0087966475488859,0.551464605031087,1.68894748179629,0.195178426720115,0.508573340013048,9.20135199685056,2.60179770291131,85.6892299926405,8249.80339839964,-209.951603054826,431.903206109652,443.61066842114,TRUE
2,0.00848829139469198,0.546323699871638,2.0715224749129,0.259387677042947,0.474387788085335,8.89441912852331,2.50980390899337,69.5023056927848,8322.99450407788,-209.36983154595,430.7396630919,442.447125403388,TRUE
3,0.00857457451570575,0.532795555475502,1.52342719222242,0.219399604566781,0.508076028971649,8.98041443458635,2.70457990930689,76.47611545388,8288.53533763969,-209.957561904702,431.915123809404,443.622586120892,TRUE
4,0.0103031746108352,0.556573061345895,2.01482284841096,0.249071055768138,0.502973518863646,10.6852725443859,2.55096606071736,69.5905623861153,8317.53006209718,-209.358672025032,430.717344050064,442.424806361553,TRUE
5,0.00581175124758404,0.523095063238169,1.57641131485021,0.255541550772042,0.626413256498027,6.18367834988728,2.67988666308608,52.3329823368978,8395.15899467787,-210.21575891362,432.43151782724,444.138980138728,TRUE
6,0.0154085198788031,0.533553707405598,2.02060274275795,0.272047577361056,0.440549728925023,15.5259327497935,2.73815362982206,76.5350794515709,8277.06407501175,-209.379634231472,430.759268462945,442.466730774433,TRUE
7,0.00928073790572272,0.564895759248699,1.78678575892051,0.244033242523103,0.587656004659065,9.68100292829854,2.58927542205965,60.4280881244933,8360.70119918657,-209.561802059492,431.123604118984,442.831066430472,TRUE
8,0.00721901475955163,0.555888848291409,1.69001654469409,0.218764660021986,0.571900500076887,7.61939718899815,2.56563553190636,67.5052248704109,8334.28592971919,-209.667154983872,431.334309967745,443.041772279233,TRUE
9,0.00435983120448361,0.544969789698871,1.7057934124078,0.298456375220774,0.515834357761903,4.67765948490362,2.53645534853974,53.5187367025708,8389.65785763531,-209.93277822019,431.865556440379,443.573018751868,TRUE
10,0.00943365232310658,0.554844244392598,1.42044704250825,0.266061605582616,0.597170506129495,9.83195721160852,2.77802811361102,54.7757450351942,8382.50975425003,-210.143160653959,432.286321307918,443.993783619407,TRUE
11,0.010879249752789,0.533935189450811,1.64532496623979,0.259485969752799,0.490568112237882,11.2458993009919,2.73597930121092,69.0142363680605,8329.00042287764,-209.736539857474,431.473079714947,443.180542026436,TRUE
12,0.00319078622698682,0.532172444578714,1.77492895252087,0.201097226244253,0.509501767469947,3.44650281916169,2.45971162927631,78.4248448249363,8287.54740470974,-209.793873395778,431.587746791557,443.295209103045,TRUE
13,0.00262112809766342,0.52053931094918,1.7495747302472,0.305205409129624,0.492804611998254,2.84050542337191,2.52834445671274,53.7749647178931,8394.30886021684,-210.025150920845,432.050301841689,443.757764153178,TRUE
14,0.0116860789081886,0.531208732946495,2.09377181836472,0.275821831717792,0.536129385811228,12.0248359314171,2.65106055961863,60.1997754825178,8365.76731363316,-209.45966241286,430.919324825721,442.626787137209,TRUE
15,0.0160335174287557,0.566328803693868,1.65829082298385,0.288516616886662,0.443402800287044,16.0991341306627,2.80208355166854,72.3124925550486,8290.89873414849,-209.607304874717,431.214609749434,442.922072060923,TRUE
16,0.00379289241820318,0.54468611460262,1.9779138933173,0.240548475682346,0.501200636458572,4.0826825002433,2.41236133431447,67.5168700385347,8340.19340914389,-209.46687459037,430.933749180741,442.64121149223,TRUE
17,0.00578809485299226,0.549970706607167,2.08051080912893,0.221596629483178,0.410439170815756,6.15934301277245,2.51940346660663,95.4811340791968,8705.08736277563,-209.775988033929,431.551976067859,443.259438379347,TRUE
18,0.00705610811455759,0.538386381833732,1.59469614562043,0.311927793906232,0.580990446878794,7.45439184223126,2.68447866957047,46.8939520676083,8401.3347152513,-210.225107972258,432.450215944516,444.157678256005,TRUE
19,0.0163406836548719,0.533500856760176,1.65865274451303,0.280889245041097,0.578913836191772,16.3793303417354,2.93078863989326,57.6354453550098,8371.53135967547,-209.837476233834,431.674952467668,443.382414779157,TRUE
20,0.00310633237729757,0.501057346316676,2.86901720055406,0.2629904955975,0.687998744335753,3.356914044197,2.38573268557171,45.0217140130325,8409.55638516359,-209.701501152515,431.40300230503,443.110464616519,TRUE
21,0.00505970533546417,0.528377561414948,2.10124882418655,0.266023333513673,0.606494897923509,5.40677462777449,2.48870409896706,51.4949299290509,8395.06304928651,-209.740302940533,431.480605881067,443.188068192555,TRUE
22,0.00862281347624779,0.533092916049209,2.04629181719797,0.19141294643528,0.517270996469179,9.02845505519642,2.53855240531078,86.0161865893626,8276.13879173886,-209.735421312265,431.47084262453,443.178304936018,TRUE
23,0.00716226339174372,0.5267908883269,1.45248374753565,0.188009974113106,0.567547749145835,7.56195003688441,2.70653780514967,78.5885749884046,8280.29973793591,-210.119444099793,432.238888199586,443.946350511075,TRUE
24,0.00325561438564148,0.529188193927143,1.39229061589882,0.229102958710775,0.49019837394719,3.51521314623685,2.62728914847222,71.9199511393397,8324.59978078405,-210.134233863062,432.268467726125,443.975930037614,TRUE
25,0.0106807208518512,0.551078348593886,1.84008334696506,0.270559692266887,0.455482963398941,11.0531162044121,2.61858627599933,70.9846972543784,8311.57406595977,-209.48620636292,430.972412725839,442.679875037328,TRUE
26,0.0069425026539728,0.545795399845047,1.96195712411552,0.27283341536439,0.443711105219304,7.33913841280632,2.49496682886081,69.4847505103683,8325.99734766297,-209.447493636784,430.894987273568,442.602449585057,TRUE
27,0.0053507341994253,0.538138745195438,1.71228831617242,0.274753609430642,0.568677798131163,5.70822631872315,2.57796083866502,53.3154025967281,8390.51757529018,-209.956384104096,431.912768208192,443.62023051968,TRUE
28,0.00332160166050578,0.531898121864231,1.39086385771967,0.264405372400565,0.383489018984811,3.58509898904642,2.61055778329378,79.2931471691528,8280.48160472763,-210.204916547317,432.409833094635,444.117295406123,TRUE
29,0.00672795369142823,0.528646551025365,1.44515061444625,0.279101857435517,0.529359527383114,7.12106308449715,2.74071227278482,57.1870462155453,8382.64231621531,-210.244040671658,432.488081343316,444.195543654805,TRUE
30,0.00566445609532827,0.537089650287824,1.61314750973402,0.239626239282381,0.666020220713803,6.03204721606536,2.62748154211044,52.39046950533,8392.79115049847,-210.108704354072,432.217408708145,443.924871019633,TRUE
31,0.00895728106778758,0.538167421518165,1.62363002133398,0.340874438090122,0.606097813999334,9.36081050100653,2.74131691201818,42.0268118612687,8406.82845514453,-210.337597179344,432.675194358688,444.382656670177,TRUE
32,0.00606422445922311,0.508290134422206,2.14522814555965,0.274154318703358,0.454383366643099,6.44298256057801,2.51923314338589,67.0726636242749,8350.10645130207,-209.515386982908,431.030773965817,442.738236277305,TRUE
33,0.00623849814477081,0.525543218169086,1.76436760207656,0.243270977451495,0.494016955989635,6.62152949877074,2.57779485840733,69.5188410800107,8333.62605048204,-209.726635467682,431.453270935365,443.160733246853,TRUE
34,0.0054650279259804,0.51965179139036,1.36381320286322,0.254914135162237,0.594208932343632,5.82633559405263,2.7723037777872,55.0680724992587,8391.02495760742,-210.456192353346,432.912384706691,444.61984701818,TRUE
35,0.00898801456337031,0.555112902916761,2.24097308377779,0.208171503757326,0.49365321439213,9.39128540252352,2.45309039483627,82.9855672529844,8254.07401065158,-209.464633035998,430.929266071997,442.636728383485,TRUE
36,0.00776349591153274,0.511414983039849,1.68751916265335,0.250538970601552,0.604580825557211,8.16863909199036,2.71439334317476,56.4391178583498,8385.97318168373,-210.048776953339,432.097553906678,443.805016218166,TRUE
37,0.0132619711297909,0.552504010134613,1.66399440011384,0.235693893483148,0.452062756394656,13.5254386506849,2.7356333367008,83.6814342408323,8236.01475216886,-209.804395179837,431.608790359673,443.316252671162,TRUE
38,0.00731762090374944,0.543069851367767,1.29821255885135,0.323157009754752,0.508805367192732,7.71912250770663,2.81654328738351,51.7886585942259,8393.90821799063,-210.468623405268,432.937246810535,444.644709122024,TRUE
39,0.00745103982052057,0.522948241201592,1.81301931508244,0.240175595942493,0.445226073523351,7.85387454724327,2.58789619534423,78.6947443309376,8282.9463409414,-209.762675374293,431.525350748585,443.232813060074,TRUE
40,0.0142502073301266,0.547508263188089,1.81820402956916,0.250430912938259,0.454982820760684,14.452602817251,2.72467207788373,79.2908875685145,8255.92214849494,-209.603198156156,431.206396312312,442.913858623801,TRUE
41,0.00599348286979359,0.54128947560538,1.69795605942765,0.243847829586308,0.544861209388266,6.37040343469338,2.57158925787493,62.9138920343052,8360.20761844795,-209.793044111149,431.586088222297,443.293550533786,TRUE
42,0.0177596097324421,0.51500939107117,1.47762843178255,0.300387384377993,0.543389318736769,17.6608408965947,3.1119497599774,58.3204474543217,8372.83697082339,-210.151588243861,432.303176487722,444.010638799211,TRUE
43,0.00413107869499921,0.515770616633607,2.0227619720278,0.192564475241628,0.461724019611919,4.43806433453673,2.58570985547526,96.0846605819625,8720.67718346626,-209.565911944086,431.131823888173,442.839286199661,TRUE
44,0.00804264645320171,0.578339672023332,1.42307389496192,0.180762980081321,0.38841550264637,8.44889031124977,2.76902090616678,97.7592750469455,6712.43675251812,-202.570026275796,417.140052551592,428.84751486308,TRUE
45,0.0289552155517626,0.503083053926765,1.53906946844154,0.25570963368924,0.557498395526564,27.0686976700205,3.47072898420422,74.5654202172177,8281.22766012541,-209.836440606444,431.672881212888,443.380343524377,TRUE
46,0.0092393851803945,0.533788762909438,1.71594979580496,0.232869295410831,0.536736036480756,9.64013435905237,2.66189197647139,69.0503581072382,8330.42328511733,-209.71268723637,431.425374472741,443.132836784229,TRUE
47,0.0145497737548188,0.5767246862601,1.68029056994576,0.182845831939961,0.485270969610223,14.7315701731097,2.96030532162977,97.889049926264,7911.23579563519,-204.376995031988,420.753990063977,432.461452375465,TRUE
48,0.0148454485480596,0.562709497222579,1.54895636576082,0.315277879463041,0.582902600155363,15.0059676922972,2.87636478147514,50.2707816738834,8387.76277100372,-209.992849467154,431.985698934308,443.693161245797,TRUE
49,0.00959743412601273,0.538640980308924,1.56889406775065,0.216598060019524,0.449320322394437,9.99334348110319,2.70900422772396,88.4164918270169,8273.1539566392,-210.189453551716,432.378907103432,444.086369414921,TRUE
50,0.0175384566217042,0.545352096899471,1.45902228436333,0.129120193478538,0.576577777762572,17.4624847219662,3.09713881447725,97.5554014672975,6403.35165703191,-203.861945465275,419.72389093055,431.431353242038,TRUE
51,0.00744525013430004,0.50531022938155,1.68818205871425,0.361371360236613,0.59943179334837,7.84803133123127,2.75883940210167,39.4567330491139,8413.40546147429,-210.530147551351,433.060295102703,444.767757414191,TRUE
52,0.0065113490701896,0.540208487771624,1.46659358812416,0.236070417606053,0.536379166245826,6.90034783703831,2.67333770915784,66.2858369073254,8347.08517469869,-210.002977679224,432.005955358448,443.713417669936,TRUE
53,0.00542863133620008,0.568086273228678,1.42526558693084,0.239194582311293,0.594448086240009,5.78874092399922,2.61785368118446,58.509719749932,8372.37498588255,-210.072732931853,432.145465863706,443.852928175194,TRUE
54,0.0128054192974801,0.560788674441937,1.69712061043942,0.30124080454141,0.516883829608049,13.0935097232355,2.73786572019161,57.8929267670985,8368.29603463754,-209.717963979734,431.435927959468,443.143390270957,TRUE
55,0.0060350594919928,0.510059416711029,1.79512746570864,0.217528269950277,0.603219262026069,6.41306723003515,2.61306252939918,63.7640252039534,8364.39279220499,-209.835178652776,431.670357305551,443.37781961704,TRUE
56,0.00611791939355312,0.525989990867301,1.84211417255481,0.287923398091316,0.58195529895831,6.49803254238254,2.59422368585996,50.1837507478153,8398.5251425341,-209.963910343785,431.927820687569,443.635282999058,TRUE
57,0.00547721544372783,0.54211562338133,2.2161978063842,0.271598712037235,0.436085992508794,5.83892074993824,2.40624972037518,69.8973151435671,8326.9189702361,-209.316424162334,430.632848324668,442.340310636156,TRUE
58,0.0125725683217805,0.564660563479077,2.096790299836,0.354861585378281,0.56221803296106,12.8723370980429,2.63393863040874,45.224098181384,8397.35113355898,-209.646706169254,431.293412338508,443.000874649996,TRUE
59,0.0123698126616514,0.528860034723136,1.30990701507958,0.305719085216386,0.502480479156556,12.6792646055417,2.99012874897122,58.4495431518591,8375.1544569333,-210.329115267917,432.658230535834,444.365692847323,TRUE
60,0.00629002981529748,0.523530449771756,1.29018139239049,0.245548241479467,0.488636708980178,6.67425572580057,2.79334073407307,69.6978825922588,8336.745405805,-210.361453126345,432.72290625269,444.430368564179,TRUE
61,0.0134287655125858,0.57022554812772,1.37023438206245,0.16379312520945,0.510216145365878,13.6826694846957,3.07237890238203,98.0307228936818,7553.75068008909,-202.888602696468,417.777205392935,429.484667704424,TRUE
62,0.0095475776365377,0.519110569070666,1.29279434363912,0.275090041069065,0.58539737263357,9.94424860098347,2.94694686208309,54.1615313095177,8390.3600836712,-210.577441545144,433.154883090289,444.862345401777,TRUE
63,0.00486542812149578,0.555581501480358,1.9988810761655,0.220644324671436,0.441357112726308,5.20497303012977,2.39445789553545,83.7817065130679,8261.7152274496,-209.694381826125,431.388763652251,443.096225963739,TRUE
64,0.0103719044063594,0.563370495856934,1.83298574059807,0.264519172914441,0.64414061492521,10.7523557676612,2.63018199038086,51.6227309451455,8385.48430658422,-209.698632632473,431.397265264947,443.104727576435,TRUE
65,0.0023676093807989,0.548767558140673,1.54754713189546,0.23116778503754,0.580179336926326,2.5695247086054,2.51582876343894,59.9875653397518,8373.32985436932,-210.015897873129,432.031795746259,443.739258057747,TRUE
66,0.0117631040468321,0.541872390708778,1.24333486653241,0.315588332577653,0.57038456206321,12.0988187405664,3.00419426200848,49.633950895477,8389.08960096053,-210.625139043488,433.250278086976,444.957740398465,TRUE
67,0.00701466808208894,0.540830872835512,1.61423273091766,0.309086664179636,0.433027653708921,7.41236824734861,2.63186994104227,63.1455916229959,8358.8106076646,-209.886510279309,431.773020558618,443.480482870106,TRUE
68,0.0105799009309234,0.557744632203386,1.61142572408127,0.243652548677633,0.556859366398416,10.9550444976476,2.69466755759864,64.6568951359776,8344.36375606076,-209.757115803295,431.51423160659,443.221693918079,TRUE
69,0.0105540624442237,0.506131730086884,1.59135776232859,0.197112445773147,0.533980539650575,10.9298919070015,2.79907219023257,82.5474932924303,8266.61894977948,-210.015662753751,432.031325507502,443.73878781899,TRUE
70,0.00765572954290181,0.529647148194161,1.67897083505559,0.207793701985799,0.486221259043597,8.06020518712926,2.6198410137768,83.2559471855661,8261.09647218188,-209.921269137752,431.842538275503,443.550000586992,TRUE
71,0.0189703285461513,0.54245739315985,1.78406785254607,0.316079203231004,0.5507067513818,18.73782149399,2.94956169732847,55.4215470802308,8374.05872210083,-209.675891255221,431.351782510442,443.05924482193,TRUE
72,0.00667073489787369,0.568306017241705,1.24817407392753,0.242677650682872,0.564150774504734,7.06281223144503,2.74507494031326,61.522525183864,8361.82788115722,-210.331002765967,432.662005531934,444.369467843422,TRUE
73,0.00518815622916784,0.536957625434402,2.08992305157158,0.234670624542787,0.421398819335638,5.53995116338638,2.4215674292469,82.8920328006712,8271.14383405097,-209.625262257426,431.250524514852,442.95798682634,TRUE
74,0.00624179357657625,0.571663244507927,1.70235764870016,0.24583140943706,0.600874289065201,6.62490226422387,2.52559749557506,56.8414801910717,8374.7145698818,-209.749053096473,431.498106192945,443.205568504434,TRUE
75,0.00934821771560476,0.508249604056405,2.30288422577965,0.244371902788761,0.546282043687189,9.74765069054534,2.58363928427636,64.9203990478091,8355.26956061194,-209.381536029168,430.763072058336,442.470534369824,TRUE
76,0.00438486700709781,0.529802675404856,2.05737165134164,0.23263922938838,0.528453513742589,4.70384341393538,2.44348515069507,66.702512409225,8347.56658263679,-209.448656732758,430.897313465517,442.604775777005,TRUE
77,0.00586795437391032,0.550795912388769,1.36738667517515,0.205777941319033,0.478177781726968,6.24146777498401,2.65069861971441,83.6575226722481,8244.3531065929,-210.264009930646,432.528019861293,444.235482172781,TRUE
78,0.0106061177838702,0.540018533867878,1.91856747387876,0.157285218328294,0.46799607127636,10.9805577245526,2.76723719944257,97.6841632228417,6837.41153133436,-201.779587185292,415.559174370583,427.266636682072,TRUE
79,0.0149264766487035,0.535633896371874,1.65152064075676,0.126542761336029,0.483357534292808,15.0810012735751,2.83586583220096,96.7910851431218,5370.30061354731,-211.619530737878,435.239061475757,446.946523787245,TRUE
80,0.0046469578397514,0.56531809247151,1.59096742991624,0.170048530354693,0.455346549032279,4.977497969082,2.70940217220522,97.9785855193183,7700.61007273801,-203.302806700163,418.605613400327,430.313075711815,TRUE
81,0.0168233474669294,0.51492100594262,1.85596425587914,0.277194353305386,0.571998108853165,16.8176106054354,2.91897146778759,59.3994805952352,8368.46076391715,-209.70019604403,431.40039208806,443.107854399549,TRUE
82,0.00760301349435695,0.551549937000185,1.87010679553259,0.182142011295235,0.477789668743663,8.00711328886985,2.72633458830306,97.6253028689426,8348.64698459751,-207.047868097433,426.095736194866,437.803198506355,TRUE
83,0.0106433322998088,0.547475234080599,1.60091484425333,0.204803405819044,0.61320081754258,11.0167601616621,2.71209544223154,69.7099777478026,8321.38530579181,-209.733580957659,431.467161915318,443.174624226806,TRUE
84,0.00719765821214972,0.542515552102675,1.6351675512326,0.177908984010824,0.552421317308353,7.59778323675148,2.59404164883685,85.0951543620821,8254.8294140253,-209.983531463995,431.967062927991,443.674525239479,TRUE
85,0.00645050522465786,0.527275661717434,1.38354810640961,0.233770467463815,0.493880773676841,6.83824962811617,2.72951283208257,72.4102847859537,8319.59593335022,-210.166973243042,432.333946486084,444.041408797572,TRUE
86,0.00521999766738104,0.535896285661949,1.76972266449049,0.215979716793964,0.505422951866121,5.57293338304787,2.51247210130295,75.3745008613825,8299.29971330538,-209.710643655877,431.421287311755,443.128749623243,TRUE
87,0.00584613256525538,0.519366507366556,1.89275719800725,0.166844155394742,0.5636367405037,6.21903452801072,2.5398926160749,88.2245000639275,8311.25814681644,-210.022107571601,432.044215143202,443.751677454691,TRUE
88,0.00840561709073436,0.574986038423613,1.93960632603836,0.237356689143413,0.461549670718059,8.81193996414291,2.46529088973192,77.4514002232086,8264.94075281944,-209.47091158287,430.94182316574,442.649285477228,TRUE
89,0.0180190214725699,0.545896210476758,1.74085678417629,0.200059147898161,0.605049375447303,17.8928670092475,2.87199262222179,77.7883484893385,8258.42528868783,-209.604662903398,431.209325806797,442.916788118285,TRUE
90,0.0110351747835597,0.53197188862059,1.82546948463304,0.223897810221677,0.400785003107229,11.3970013437759,2.89980065357503,97.6888124704612,8296.7333533363,-206.84713920883,425.69427841766,437.401740729149,TRUE
91,0.0186177704795926,0.527628019538726,1.48883304609869,0.172473274835533,0.422386482549079,18.4257603354153,3.13884444739713,97.4254291468718,6184.57351750884,-205.131489719037,422.262979438074,433.970441749563,TRUE
92,0.00747757715455663,0.52064637695837,1.66338401897856,0.214200271559863,0.716421906473222,7.8806522248048,2.69345347468139,55.5412888079081,8387.03113636589,-210.000410529262,432.000821058523,443.708283370012,TRUE
93,0.0064968912736279,0.513528609346354,1.43473561840519,0.208406919488292,0.529770331880514,6.88559594122853,2.733626034601,75.6472412140333,8307.34608540873,-210.176000546325,432.35200109265,444.059463404138,TRUE
94,0.00827374785167812,0.530590110184842,1.62316731609334,0.179357883304296,0.528535658047484,8.68021846462244,2.6779270823423,89.9520444198357,8318.0827873747,-210.247655034598,432.495310069197,444.202772380686,TRUE
95,0.00847813082926356,0.564414014016551,1.65225045108232,0.186819046187312,0.451129010119368,8.88428680042359,2.81053407266538,97.8928717283848,8030.06068695422,-205.214434701555,422.42886940311,434.136331714599,TRUE
96,0.0053994400752807,0.557304241527983,2.10506622678073,0.256846666348543,0.646373257229705,5.75857730375663,2.43710360223697,50.2198576236788,8393.19276586884,-209.592825041516,431.185650083033,442.893112394521,TRUE
97,0.00886922622409196,0.548981247021915,1.45012841407653,0.234896214014311,0.424266831353428,9.27343649397165,2.70455399604257,85.3018274926589,8238.73374652947,-210.181280331377,432.362560662754,444.070022974242,TRUE
98,0.0166008088106752,0.54785901354848,1.35470193503825,0.206677794950355,0.405525588341313,16.6158392638598,3.2282136894517,97.9987519004332,7315.91688064062,-202.225938255664,416.451876511329,428.159338822817,TRUE
99,0.0111161467805396,0.523649156218028,1.69961449734527,0.301865722748019,0.524759587966251,11.4753612749135,2.78110083306674,55.9592753603896,8382.29618105372,-209.928990699773,431.857981399545,443.565443711034,TRUE
100,0.00450494086917811,0.53526716391461,1.74611280193801,0.250978672957872,0.652730080282058,4.8293182417368,2.55584314708834,50.4248201366577,8397.89726761287,-209.988080563993,431.976161127986,443.683623439475,TRUE
101,0.0145015864393914,0.578734415976636,1.96807572775515,0.183426918024118,0.569596005707774,14.6867615437411,2.62365921119998,86.5621753179279,8241.89670957402,-209.683641111588,431.367282223176,443.074744534664,TRUE
102,0.00709173988939173,0.537267288595599,1.62098839218976,0.184705050050851,0.345327007073162,7.49050926238319,2.69069938801265,97.4442267367691,6141.9219300058,-205.249905911563,422.499811823126,434.207274134614,TRUE
103,0.0139394651722459,0.52301072872054,1.56659965120547,0.245294846269764,0.631544373205914,14.1622053980307,2.91765637528216,58.9396964270233,8372.04035304736,-209.966911948034,431.933823896067,443.641286207556,TRUE
104,0.00994395257806418,0.543980722331746,1.49611513602074,0.253732893088021,0.669962038200993,10.3337868304166,2.79058135149563,51.537355892451,8391.3242373239,-210.189155556049,432.378311112098,444.085773423587,TRUE
105,0.00481021905818654,0.486876663319974,1.60490351901232,0.249761571958243,0.568228541225866,5.14754276214224,2.71766174326042,58.3405122495055,8389.19058571488,-210.223657579259,432.447315158519,444.154777470007,TRUE
106,0.00965718297456036,0.520235749813062,1.73235175839765,0.238941614227453,0.481225888951954,10.0521422925409,2.68949137326659,75.1368450673341,8301.12837281281,-209.74607129905,431.492142598099,443.199604909588,TRUE
107,0.0127893745669672,0.57370919040917,1.88018595362531,0.239904956523071,0.514100179349281,13.0782887976814,2.61456794340637,72.4022595843058,8291.2486102066,-209.414553408066,430.829106816132,442.53656912762,TRUE
108,0.0138639179081096,0.533706984333292,1.74235871966874,0.246896592964432,0.390067367736263,14.0914465076599,2.97255613651848,97.1667450260476,8587.3932495658,-208.650905631161,429.301811262322,441.009273573811,TRUE
109,0.0233754921845254,0.529322067612749,1.86439517765616,0.319645107173212,0.678246617219795,22.531765426207,3.12566897818396,46.7830700728736,8393.06619518965,-209.895004736009,431.790009472018,443.497471783507,TRUE
110,0.00506671550811403,0.518585938265904,1.72563674704482,0.289378914896019,0.464547641842453,5.41404781622297,2.591806056746,61.6335300263529,8371.30952167478,-209.870765435576,431.741530871152,443.44899318264,TRUE
111,0.0103320370084009,0.535160362154815,1.53790111954701,0.195891704490255,0.499693743723509,10.7134499794626,2.75370683793402,88.6260494827177,8274.08473483093,-210.207319254214,432.414638508429,444.122100819917,TRUE
112,0.00756094650483307,0.577225675436674,1.90265386369466,0.238179471587937,0.426890813182542,7.96472311510356,2.44483209058402,82.4651221767195,8243.24750428949,-209.64156721394,431.283134427879,442.990596739368,TRUE
113,0.0038863828422986,0.550101670649846,1.49467910163692,0.230901021356352,0.503954637669348,4.18106594368797,2.55415345301811,69.9287475632208,8328.69501244814,-209.936457775812,431.872915551623,443.580377863112,TRUE
114,0.00841933032689885,0.54488309419458,1.72044904149662,0.263058642675313,0.527352527907055,8.82562629497664,2.62744103133672,61.8836943623043,8360.94183168022,-209.721983055971,431.443966111943,443.151428423431,TRUE
115,0.0119173533545739,0.580125758295304,1.76045415244451,0.203144660345178,0.540242192734514,12.2467774643194,2.60102262586938,80.0972933768513,8240.00355632525,-209.596131449963,431.192262899926,442.899725211414,TRUE
116,0.0044447167988742,0.531138490723526,1.45523289352544,0.182406238869644,0.523131132349775,4.76640709776364,2.61450961041242,85.0906553787784,8259.90146473485,-210.235243235917,432.470486471834,444.177948783323,TRUE
117,0.00764105876856085,0.567721191801877,1.98546649050733,0.257791864664393,0.470974415850465,8.04543306944485,2.4611517027651,69.7336386272657,8316.38770808014,-209.330074582942,430.660149165885,442.367611477373,TRUE
118,0.012608877329333,0.514740336861695,1.8123676338047,0.265634651901272,0.580269042581524,12.9068642866065,2.80420270594493,58.4065688269526,8375.53049156252,-209.782496432888,431.564992865776,443.272455177265,TRUE
119,0.0164254604301294,0.538771931899945,1.47453479326134,0.184374399757422,0.582687452318206,16.4564885129099,2.95316741152844,85.8259898912524,8228.49492777165,-210.047372146289,432.094744292578,443.802206604066,TRUE
120,0.0108445086941024,0.550320622620736,1.65106388318369,0.358218739678245,0.499416322450655,11.2121956775714,2.74159984889927,49.467062086088,8393.30570672435,-209.996021049774,431.992042099548,443.699504411037,TRUE
121,0.00783571797360782,0.538518955565819,1.52948980763287,0.230805482119499,0.474801862639388,8.24123281931912,2.66518296408537,77.1084027418554,8282.47978760072,-209.937410070056,431.874820140113,443.582282451601,TRUE
122,0.00945271725060946,0.529500722431474,1.97827938150824,0.215010132243752,0.584357886411095,9.85075902764214,2.59960200159851,68.860015789435,8331.43100088032,-209.481704452296,430.963408904591,442.67087121608,TRUE
123,0.0171511445885765,0.530723951696717,1.87502029620408,0.264915727646824,0.622341484713413,17.1138743282273,2.8860034931702,57.3500013065881,8371.5203991859,-209.622625637398,431.245251274796,442.952713586285,TRUE
124,0.00803622105988953,0.560538524115868,1.41380790774121,0.302033864855783,0.55961521064562,8.4424497640544,2.73592371278159,50.7653231619037,8391.8757105408,-210.280813604589,432.561627209178,444.269089520666,TRUE
125,0.0143917258881464,0.542284322329612,1.67379017750903,0.278336968006026,0.554932734801742,14.5845105554351,2.83617271742478,59.3602324503628,8365.5796104469,-209.77480342596,431.54960685192,443.257069163409,TRUE
126,0.0042244406009864,0.55463201796209,1.54369347071795,0.284084719627281,0.579723115985828,4.53592823356275,2.57942720342406,49.9947110623419,8396.24461658312,-210.123471890551,432.246943781101,443.95440609259,TRUE
127,0.00749089792145044,0.572590831201777,1.43532818158208,0.24870396139029,0.51253019117392,7.89409053324444,2.64353801715571,66.471086949218,8336.33205540625,-209.937379906262,431.874759812523,443.582222124012,TRUE
128,0.0113453384008333,0.557476277960195,2.01901809984979,0.189149918677244,0.547492665634977,11.6967618340633,2.56278923721651,84.4391182304648,8248.16532889687,-209.616336677422,431.232673354844,442.940135666333,TRUE
129,0.0219216214877591,0.519614852096887,1.70957347944119,0.177670189118904,0.558316654075206,21.3008823984634,3.35862354498036,97.8054553589195,8156.06471832064,-206.112299725596,424.224599451193,435.932061762681,TRUE
130,0.0059396124255275,0.497514462175541,1.93840257120083,0.262613872784415,0.520817951310176,6.31509377723907,2.60604411308632,61.1957302932308,8376.19792868343,-209.789553194603,431.579106389207,443.286568700695,TRUE
131,0.0105197778692938,0.568481305373297,1.64236097740537,0.198052582826349,0.480855390154606,10.8965058208974,2.69166373001163,93.5621944507447,8480.914937079,-210.41127904081,432.82255808162,444.530020393109,TRUE
132,0.00758529797296185,0.557860851542499,1.4377280539074,0.281620355085805,0.56628525300068,7.98926418326711,2.70959582716078,53.5046685315126,8386.52506105251,-210.133615401663,432.267230803327,443.974693114816,TRUE
133,0.00977628923395914,0.537544438902122,2.52149593327714,0.290760839898199,0.512916704461085,10.1692334385661,2.50200768694778,58.4942599647654,8370.92957413459,-209.198831647263,430.397663294526,442.105125606015,TRUE
134,0.0103855312924845,0.545534087317636,1.58081385960151,0.181585596498554,0.447504061557027,10.7656498545205,2.9326824256269,97.9777775042354,7589.10568882809,-202.811112279851,417.622224559701,429.32968687119,TRUE
135,0.00590452933022758,0.543559998962872,1.81428057989081,0.229568517387046,0.598712873929964,6.2790548295612,2.53156846857905,60.8069999611672,8367.07644181736,-209.693020501849,431.386041003699,443.093503315187,TRUE
136,0.0146820101857313,0.575203010754304,2.40602888788408,0.320738454808537,0.526143416035958,14.854406587046,2.58561041122029,54.5483421797218,8372.42911267537,-209.147366207797,430.294732415593,442.002194727082,TRUE
137,0.00660346501162815,0.537063102478698,1.98413113887589,0.372530694774034,0.481434152904492,6.99427959712884,2.54915370122931,47.1486989994777,8400.99848575207,-209.849938200976,431.699876401951,443.40733871344,TRUE
138,0.00329803093612452,0.532971758494591,1.69202146208409,0.263880876504228,0.561407689558368,3.56014182951635,2.53491276288147,54.9698847334044,8389.19400319589,-209.974198920866,431.948397841732,443.655860153221,TRUE
139,0.00933322806026623,0.513910554405137,1.58902876157596,0.297007549842344,0.521213343236312,9.73285036015834,2.79467143627852,56.177599506618,8385.49095156639,-210.096993917799,432.193987835597,443.901450147086,TRUE
140,0.00520137198927804,0.52188732667104,1.77589881338786,0.248773198374402,0.474103740436047,5.55364188109743,2.55261139698123,70.038745085318,8333.99272781094,-209.77239519256,431.544790385121,443.252252696609,TRUE
141,0.0357248404796305,0.595837561876253,2.03939220915577,0.270291768052353,0.539144196209782,32.1957419928327,4.42246599386397,98.8920548941545,10437.7933962327,-289.64629456431,591.292589128619,603.000051440108,TRUE
142,0.00716706751960431,0.528031510420552,2.27248433510189,0.296708911995657,0.497111809638617,7.56681452751548,2.49817416843519,57.5302284913235,8378.4033525974,-209.460642614648,430.921285229297,442.628747540785,TRUE
143,0.0207093025409319,0.519011712624122,2.38563955792214,0.150710729425833,0.588965778334126,20.2585961416649,3.08078925980823,97.7085670196073,7387.59923472771,-201.632574036178,415.265148072356,426.972610383845,TRUE
144,0.0149121633358511,0.554925935804052,1.482223336418,0.223453143523855,0.507423981499344,15.0677519809872,2.85766988025922,80.1325641326239,8243.12128886623,-209.887149094332,431.774298188663,443.481760500152,TRUE
145,0.0108620684587096,0.525000093381861,1.48296215050332,0.235265476459397,0.508027340786846,11.2292327671156,2.81810970630001,73.3056148199098,8308.16428068777,-209.986433230676,431.972866461352,443.68032877284,TRUE
146,0.0114289203024452,0.523189697040175,1.67647993086083,0.244649805880845,0.602771580093313,11.7773564917801,2.7899062297162,60.222108558427,8369.24422121401,-209.897591006842,431.795182013685,443.502644325173,TRUE
147,0.00916799007307612,0.55578134128816,1.63393026891676,0.213552116289578,0.578458885206713,9.56952907823869,2.63685389940425,69.7255566127031,8320.23766355065,-209.681331471466,431.362662942932,443.070125254421,TRUE
148,0.00440674522389943,0.534891206338557,2.17585402575258,0.252231300549112,0.560303660522734,4.72671873230063,2.42553937130568,58.2463506849119,8377.50809344987,-209.487935564973,430.975871129946,442.683333441434,TRUE
149,0.0350906494296889,0.530661785550202,1.37920500465771,0.246574299916424,0.47913749420351,31.7322016228555,3.99687628883726,97.5290222903361,8402.53455806542,-208.230966024348,428.461932048697,440.169394360185,TRUE
150,0.01259059329682,0.540292846009587,2.13257826411869,0.274425662284162,0.574747130844186,12.889479332581,2.65421846659335,57.0522702904643,8373.31919740526,-209.464017631462,430.928035262923,442.635497574412,TRUE
151,0.012110092827359,0.546940407567507,2.04164933152106,0.324945733834642,0.459671877584754,12.4312859565661,2.63985784810598,59.8576529099115,8363.34483056092,-209.407241188087,430.814482376175,442.521944687663,TRUE
152,0.0076963838297213,0.547080417791976,1.22768683271372,0.224579371553644,0.512758378839541,8.10112719568676,2.80898352241128,73.4671813981505,8304.98331752488,-210.343784300378,432.687568600756,444.395030912245,TRUE
153,0.014732410215899,0.515910626536801,1.9813333614133,0.235902518070005,0.539421802208336,14.9011745301965,2.78216585274999,71.8656141508341,8313.01096428229,-209.481165119112,430.962330238224,442.669792549713,TRUE
154,0.00679853371227125,0.529063671279015,1.96617232512516,0.23530398782363,0.549033807119701,7.19286299814873,2.53688523457025,65.2119603125309,8351.98256924477,-209.534857948333,431.069715896665,442.777178208154,TRUE
155,0.00451370795023507,0.512939130657842,1.3808409827785,0.253350288853919,0.608586775809015,4.83847283097435,2.75462481518105,53.5729825240624,8396.60487616152,-210.494403359624,432.988806719248,444.696269030736,TRUE
156,0.00868121037410148,0.552436579210342,1.69298847412108,0.193511933434971,0.575113199881003,9.08657595706568,2.59558972273067,76.5921661802818,8278.01155891643,-209.728413266088,431.456826532177,443.164288843665,TRUE
157,0.0117893325967738,0.545664523492786,1.76570075558483,0.207252041877686,0.487425832133388,12.123996274817,2.68029047601662,87.111778200383,8260.51474996036,-209.930872770542,431.861745541083,443.569207852572,TRUE
158,0.00997654652966652,0.572219884552768,1.73128377910961,0.239940448463091,0.548872700945149,10.3657391458741,2.59785184283045,66.0879254369641,8333.43076427127,-209.553846800931,431.107693601863,442.815155913351,TRUE
159,0.00877544478845261,0.540794523686747,1.55392695400503,0.280353180358094,0.593915114916231,9.1802821681314,2.7355112544707,51.9481749835172,8391.37021278082,-210.088018312664,432.176036625328,443.883498936816,TRUE
160,0.0113584711252283,0.531540865676185,2.05067292625463,0.289721347947819,0.47071319228739,11.7094303524195,2.64022670710773,64.8992777523501,8347.25389371563,-209.45478820478,430.909576409559,442.617038721048,TRUE
161,0.00404355141884491,0.522201464191766,1.70769048875791,0.255172594367888,0.517188521223887,4.34622018543207,2.55904215629923,62.0713330351707,8370.06226190137,-209.856525971107,431.713051942214,443.420514253703,TRUE
162,0.00323998540747282,0.513483836942652,1.68081638495464,0.235994680761891,0.476981257375297,3.49865296638458,2.54505809721471,71.797167514289,8330.99336658514,-209.913667302482,431.827334604964,443.534796916452,TRUE
163,0.0072955467536632,0.530386567426313,1.3215674325414,0.263166808977548,0.520288489190899,7.69680771043102,2.80803458263785,61.9793532921103,8367.42190145865,-210.354281224524,432.708562449048,444.416024760537,TRUE
164,0.00600945491340325,0.528691521991715,2.12491314661389,0.214641840452042,0.462227642005272,6.38679555690498,2.4549932316872,83.4028892207304,8274.48699960967,-209.638401017687,431.276802035373,442.984264346862,TRUE
165,0.0137229263334027,0.541354319158114,1.70405361800701,0.188212829685985,0.549707070605076,13.9592258876218,2.76821434935894,86.7715671898303,8251.15739063926,-209.942626106674,431.885252213348,443.592714524837,TRUE
166,0.0148232728596581,0.567382023053572,1.47224743704977,0.2480366653982,0.561817614686405,14.9854203248726,2.85991548761055,65.8437106896021,8332.42703179272,-209.79340719247,431.586814384939,443.294276696428,TRUE
167,0.00953004325151133,0.479316736339333,1.61922943856164,0.24039286393455,0.58740600364453,9.92697533592476,2.87050981723498,61.6600842437923,8377.44116555365,-210.164648981133,432.329297962266,444.036760273755,TRUE
168,0.00593725857082322,0.532432251131601,1.39001392565267,0.256748897790164,0.465057579311931,6.31267624927786,2.70423876480544,69.7391076854558,8333.45525043222,-210.143946413741,432.287892827481,443.99535513897,TRUE
169,0.00888527323050035,0.533875846887411,1.55911222296993,0.254702531018632,0.42077807054745,9.28936606351155,2.69182612648086,79.6226651905177,8268.6354433061,-209.926181742219,431.852363484439,443.559825795927,TRUE
170,0.00638356534482269,0.548815294280468,1.68710097781462,0.220135238663119,0.487953190558179,6.76987912261693,2.53972396259869,77.4005917132028,8279.81880098637,-209.762450896517,431.524901793035,443.232364104523,TRUE
171,0.0036134477120156,0.548493894902094,1.41755428706428,0.278534403503848,0.423509641024435,3.89354719493297,2.58733415912191,68.8350498555742,8335.98452308098,-210.034732931624,432.069465863247,443.776928174736,TRUE
172,0.00575946798201358,0.528494568654722,1.67815445761527,0.294835254381651,0.487172643418925,6.12988562495673,2.61267662240965,58.1807248439338,8379.56267363532,-209.944094386125,431.888188772249,443.595651083738,TRUE
173,0.0133630981585963,0.569238833389451,1.7663496810851,0.260803230556329,0.568567968211481,13.6208035184996,2.70353351513806,61.0542884289987,8353.59205990725,-209.58599958685,431.1719991737,442.879461485188,TRUE
174,0.0124048928611845,0.508067462100012,1.71035023448102,0.199214900869223,0.47087561987435,12.7127018552504,3.02559944042951,97.4050623774998,8519.48176586738,-208.354828553288,428.709657106575,440.417119418064,TRUE
175,0.00518328083126207,0.536066863382776,2.05156564493041,0.168328254869444,0.53604089935355,5.53490002046225,2.5459385349563,95.66255124926,8710.05443642758,-209.728604398994,431.457208797989,443.164671109477,TRUE
176,0.00951732356037181,0.553389522642869,1.39528411634088,0.221710260237795,0.431530862350321,9.91444287058891,2.75856701765953,89.9022749128479,8277.0594906388,-210.376485250596,432.752970501192,444.46043281268,TRUE
177,0.0121724781480458,0.534399272768397,1.70518990412778,0.194327275881798,0.641726606952689,12.4909190215357,2.74622564229366,71.3200845369226,8313.8341119465,-209.687753732478,431.375507464956,443.082969776445,TRUE
178,0.00574258825310659,0.542033388879409,1.34851307588122,0.27554401067919,0.576809104571163,6.11251160528063,2.74011343884635,52.65457216725,8393.04333781938,-210.438868601718,432.877737203435,444.585199514924,TRUE
179,0.0115433492200298,0.499585182154444,1.51304783668998,0.293830961777661,0.593247597200488,11.8875693629655,2.95057959365201,51.1842254558054,8397.68220662956,-210.399702752101,432.799405504202,444.506867815691,TRUE
180,0.00281954070527939,0.514119669697253,1.66861939261144,0.138664988686453,0.551640839868243,3.05202944251746,2.75413776898793,97.9960101029062,7762.88086638234,-203.6785525572,419.357105114401,431.064567425889,TRUE
181,0.0181586278572615,0.573071691812813,1.66766602221678,0.207372221925198,0.58624860716557,18.0174479291208,2.83800213786297,77.4712009335619,8247.96293074244,-209.584635563943,431.169271127887,442.876733439375,TRUE
182,0.00466206747440639,0.524086022605273,1.74690066885586,0.287546688019055,0.512056079129535,4.9932489293163,2.57295271173497,56.1255688158978,8386.74989933153,-209.920090744958,431.840181489916,443.547643801404,TRUE
183,0.0100118923659753,0.531358301756596,1.28021996790857,0.249326479232804,0.536993504829168,10.4003755520142,2.90798143062021,65.1767295320169,8351.96690065172,-210.341630165052,432.683260330104,444.390722641593,TRUE
184,0.00811759300327992,0.540879804899911,1.81997130942238,0.256452067968012,0.477500363324574,8.523978235244,2.57796033753161,69.584458081057,8326.29902808306,-209.569010964534,431.138021929068,442.845484240556,TRUE
185,0.00695453678099248,0.547153834288189,1.46711697105988,0.274889795708167,0.448382237457711,7.35135429065731,2.66510172685676,68.3244498461961,8334.4090328083,-209.981971328286,431.963942656571,443.67140496806,TRUE
186,0.00537405745382782,0.580488996495822,1.50747371695179,0.242722209491916,0.564983752060207,5.73234089445267,2.54813485437601,60.5573704883064,8362.33921557853,-209.856321813543,431.712643627085,443.420105938574,TRUE
187,0.00307153841314409,0.535743704572865,1.43409960863417,0.240123967313228,0.510584208666563,3.31997903176705,2.59975513770198,65.9767692504431,8353.78403852288,-210.120878394396,432.241756788791,443.94921910028,TRUE
188,0.00903374754953318,0.579157426518984,1.56676804728793,0.215759869909377,0.502782320323587,9.43661351969344,2.59172539965259,78.6459386750263,8253.3867674133,-209.813018667669,431.626037335339,443.333499646827,TRUE
189,0.00961916537135285,0.534731295217126,1.4571132786739,0.211710370777897,0.419818914148792,10.0147338943555,2.99486167760345,97.7647772628626,8352.38544407044,-207.669791871763,427.339583743526,439.047046055015,TRUE
190,0.00661867814455947,0.558529131927431,1.75144267927567,0.299436058342159,0.422695113771556,7.00978297477127,2.52543065429164,66.3327922606558,8339.68100202276,-209.618753455632,431.237506911265,442.944969222753,TRUE
191,0.0131024144629622,0.531967619641346,1.57833885481753,0.268369950309355,0.517644546804137,13.3747464338449,2.84679722070928,64.9361494398748,8347.36019276122,-209.87055486955,431.741109739101,443.448572050589,TRUE
192,0.0274182527890556,0.523900166672825,1.80882671996122,0.224088502241568,0.552721776975067,25.8479488753747,3.21686382504485,83.8062547386126,8222.01613462562,-209.565877490726,431.131754981452,442.83921729294,TRUE
193,0.00376752872638593,0.544283678727452,1.43998862802541,0.23220071532541,0.501469534811717,4.05597295447019,2.58851587221527,69.8154166384509,8331.62967452402,-210.053558121554,432.107116243107,443.814578554596,TRUE
194,0.00696588740481574,0.534222407369077,1.50760530097578,0.223108957923589,0.46645609461177,7.362874782043,2.65596876379472,80.284056246275,8267.89074392728,-210.057234462676,432.114468925352,443.821931236841,TRUE
195,0.00983311797407431,0.540623388084056,2.49693111467369,0.276564956505735,0.51800757540654,10.2250438544711,2.49559719109738,60.8626301687454,8361.64552418735,-209.206591165222,430.413182330443,442.120644641932,TRUE
196,0.0215897060289818,0.572339014566875,1.53724176193679,0.296769225484583,0.584043877431048,21.0169676527007,3.05857917316584,57.1820742023394,8362.00880527365,-209.758694574484,431.517389148967,443.224851460456,TRUE
197,0.00613077882032305,0.533857845466945,1.8676393229746,0.169275458380835,0.612099895375869,6.51121140816965,2.50843866116953,79.9696142865149,8274.72198133676,-209.694907359108,431.389814718216,443.097277029705,TRUE
198,0.00598173997373916,0.55877484182918,1.11248700335725,0.220213176222883,0.558859649576218,6.35834975526377,2.82682673146771,67.7387413418737,8338.8240461809,-210.526833744466,433.053667488932,444.76112980042,TRUE
199,0.00981140648699089,0.526449484676236,1.77232225950281,0.230200457559603,0.416963561539089,10.2037257528242,2.68899177476217,90.760890810286,8356.29815301934,-210.174249791685,432.348499583371,444.055961894859,TRUE
200,0.00996250465863304,0.547954755919188,1.2959180199955,0.194612588072867,0.595394826953412,10.3519751774271,2.83119415773049,74.7147082960618,8290.39817212426,-210.162618495547,432.325236991095,444.032699302583,TRUE
201,0.00777697167334584,0.579889496728763,1.51171795421804,0.276706067801903,0.485415643697131,8.18218880993832,2.60906399573896,63.3708202084322,8348.36230790586,-209.835549332113,431.671098664226,443.378560975714,TRUE
202,0.0161431403137055,0.519791355396451,1.70305123104106,0.283858613534685,0.418506594266219,16.1992459969261,2.89610863324923,77.7932075908588,8272.68639677289,-209.718577696214,431.437155392429,443.144617703917,TRUE
203,0.0138053033313023,0.539660364297575,1.80950215929025,0.295307263843923,0.550873258687608,14.0365044685011,2.78395239138973,56.0774271621266,8376.84618169686,-209.686737466274,431.373474932548,443.080937244037,TRUE
204,0.0072639873223967,0.539786975991066,1.8295040716823,0.223359175584196,0.39933232932865,7.66489431505487,2.73173093330238,97.3077996334377,8560.62249165825,-208.320427886291,428.640855772582,440.348318084071,TRUE
205,0.00308525606185451,0.551226638969621,1.6217927838196,0.143573936573667,0.559010714832564,3.3345425757637,2.69060818927971,97.8985850431754,8113.27206204075,-205.84833242884,423.69666485768,435.404127169168,TRUE
206,0.0104802884105977,0.590578505403276,1.46317294131083,0.199480784115665,0.496644661330503,10.8580348348179,2.65768986678954,87.1681270515663,8223.17116708957,-210.138197116296,432.276394232591,443.98385654408,TRUE
207,0.00487536585767423,0.529414828834335,1.54624890946064,0.205449074723332,0.595195902589115,5.21530668565566,2.61342403445405,67.4060376663763,8345.52579949747,-209.939264066466,431.878528132931,443.58599044442,TRUE
208,0.00819629401467666,0.528535779244567,1.76869483275811,0.246338181428603,0.513840254046165,8.60275758985578,2.62993786818247,67.4949001111329,8340.96847728164,-209.694991998995,431.38998399799,443.097446309479,TRUE
209,0.0135043200156085,0.541670538351843,1.66921666423624,0.209218456349668,0.535515021768792,13.7537921461372,2.76745297055951,79.9746021265011,8254.98563301288,-209.772562978152,431.545125956304,443.252588267792,TRUE
210,0.00634315581912275,0.529051591815582,1.88716099084922,0.204062550521158,0.446325748122796,6.72858030187015,2.64170124314857,95.8208278586183,8695.13504954211,-209.810104276647,431.620208553295,443.327670864783,TRUE
211,0.00891102847227793,0.537803015332554,1.75807293406205,0.244133206404578,0.494772439157144,9.31492663466443,2.6239215509813,71.0906664850914,8318.27593815014,-209.607556656251,431.215113312502,442.92257562399,TRUE
212,0.00642824866154285,0.550673238520575,1.47148808623678,0.26199344753023,0.575888820107721,6.81552328540453,2.6703227875607,55.8137338575064,8382.35980887166,-210.145798408864,432.291596817728,443.999059129217,TRUE
213,0.00383537850699096,0.565919701358184,1.93528036547383,0.241234689851218,0.520052116249714,4.12740540527193,2.38592799877299,64.9619910469205,8346.28114389708,-209.460823873492,430.921647746985,442.629110058473,TRUE
214,0.00663375032208588,0.534466684754194,1.57291352469829,0.336825591288057,0.458852596230676,7.02514001375413,2.67274514013525,54.6432636487486,8387.50923088002,-210.120114456373,432.240228912746,443.947691224235,TRUE
215,0.00632080735013616,0.562098836531895,1.85238962304628,0.304664616625987,0.567326565652904,6.70573170454341,2.51907048744534,48.7419079797558,8395.8602485082,-209.80830972936,431.61661945872,443.324081770209,TRUE
216,0.00853285737306971,0.545705616248473,1.72756012080125,0.2113668233107,0.46205120504258,8.93884717525595,2.59782488301187,87.0131410576438,8266.03979391413,-209.949543283023,431.899086566045,443.606548877534,TRUE
217,0.011582176382124,0.540120249622475,1.53851284939642,0.224797985037941,0.565627887457958,11.924932824452,2.78479298925422,69.5814707491327,8323.81441321923,-209.806751985066,431.613503970132,443.32096628162,TRUE
218,0.0043333635409085,0.53875330257465,1.53195465240003,0.243411581970167,0.535772302191024,4.64996976745674,2.59279600283007,62.9628726526959,8363.33397786872,-209.994265819384,431.988531638767,443.695993950256,TRUE
219,0.00493203741842505,0.580882032260612,1.64060795492825,0.317095098038326,0.59801734605626,5.27421330231635,2.5205622444255,43.7907169065641,8402.45430273463,-210.079966753952,432.159933507904,443.867395819393,TRUE
220,0.0157747713623568,0.525164515085637,2.02808291192968,0.200854030648697,0.574640990348033,15.8623335944854,2.76585218037524,79.6460810023897,8261.9887742021,-209.477500255587,430.955000511174,442.662462822662,TRUE
221,0.00992696924192162,0.566731984218908,1.75257344503056,0.320408057783991,0.481144623914971,10.3171330463481,2.62376609741647,56.694474656497,8373.01480602333,-209.654116498277,431.308232996554,443.015695308042,TRUE
222,0.00589657957719817,0.533330404050822,1.73006404227418,0.251634277503463,0.501069814834738,6.27088644650855,2.56883750472208,66.1292403562393,8348.11952331585,-209.727283464596,431.454566929192,443.162029240681,TRUE
223,0.0111426368509036,0.559302036130181,1.38242110144654,0.247662536419089,0.51095904804453,11.5009808708283,2.80109250904768,69.5346185198706,8318.37543743639,-210.031650225832,432.063300451663,443.770762763152,TRUE
224,0.00447124007628738,0.565933679250248,1.61711256348816,0.26166677550767,0.434228726327009,4.79411920003705,2.48406748874647,71.917237016647,8310.29568005421,-209.722525952044,431.445051904088,443.152514215576,TRUE
225,0.00374464517406745,0.592154583215507,1.62715125614527,0.20947570954007,0.520872588892956,4.03186841042479,2.40490642276971,74.0937830415759,8287.55752303825,-209.668773437162,431.337546874325,443.045009185813,TRUE
226,0.00864354068454425,0.547274277140279,1.72370243758154,0.185402522489619,0.532535600149669,9.04908880121373,2.59642369377826,86.0665078958779,8255.77968015007,-209.925892163058,431.851784326116,443.559246637605,TRUE
227,0.00807343102392994,0.570447913918484,2.06488358213185,0.261771325961225,0.453466119213898,8.47974083831898,2.44467457065075,71.5539422313862,8303.67414214212,-209.308132599851,430.616265199703,442.323727511191,TRUE
228,0.00554706240298421,0.550753155011558,1.53971570932368,0.194552748881371,0.500928889894732,5.91101231406998,2.56381961991637,84.2340239938223,8250.72986928222,-210.050077075532,432.100154151064,443.807616462553,TRUE
229,0.0126766231871157,0.559503286658251,1.6939138212281,0.275633939090419,0.42570918831596,12.9712468455707,2.69637187528593,75.8544764884099,8274.50963682642,-209.621685827989,431.243371655977,442.950833967466,TRUE
230,0.0104301659800258,0.552903987850351,2.01000195565609,0.273354380662396,0.502925765844063,10.8091797847191,2.57718126538744,63.7342659361836,8347.86935345347,-209.400456870892,430.800913741785,442.508376053273,TRUE
231,0.00553458354081095,0.516601142813788,1.66474785421768,0.294926860838235,0.545890420603393,5.8981367110327,2.6545647615648,51.8860321636936,8396.94016700967,-210.151104845486,432.302209690971,444.00967200246,TRUE
232,0.00948949767326307,0.573884401428708,1.97322173347265,0.164576301329231,0.487388906862376,9.88702012818938,2.69865514233054,97.813906253994,7552.37360976673,-202.265448557601,416.530897115202,428.238359426691,TRUE
233,0.00715074492083727,0.52420263419293,2.11226325775674,0.296215445773704,0.618951109320873,7.55028573646864,2.56477908091847,46.4115131026846,8403.26231174996,-209.849233330298,431.698466660596,443.405928972085,TRUE
234,0.00508797226988128,0.508840556069534,1.38716657129462,0.195735305124664,0.472664686530854,5.43609850213931,2.73267600048592,88.688964185498,8288.383972105,-210.496730530393,432.993461060786,444.700923372274,TRUE
235,0.00820244804895923,0.545613000652767,1.59801181481647,0.290026687599304,0.529647030887013,8.60891472428645,2.67945710363884,55.888231079042,8381.10490725499,-209.970417986912,431.940835973823,443.648298285312,TRUE
236,0.0173610861453338,0.547979627184592,1.60191675081339,0.236646855405219,0.55735083654185,17.303031352901,2.91387946115938,71.2598573430612,8302.64573981659,-209.71566368039,431.43132736078,443.138789672269,TRUE
237,0.00762279450117419,0.54642987580614,1.64730048988613,0.280093129370073,0.504790527348404,8.02703912783507,2.63090885872915,60.2400546571737,8367.80885535492,-209.811327259971,431.622654519942,443.33011683143,TRUE
238,0.00423334392587913,0.564363617768925,3.09495274849255,0.274467126893989,0.574016395700262,4.54525535474021,2.24328104711081,52.2081618681475,8386.93216365762,-209.030862806386,430.061725612771,441.76918792426,TRUE
239,0.00571472675315502,0.532877784479576,1.73741509795254,0.219598543539676,0.560344364716705,6.08382680025462,2.55878696996667,67.5790840654499,8342.37536501357,-209.711701662031,431.423403324063,443.130865635551,TRUE
240,0.00535509914495829,0.517889179146009,1.7521695195633,0.310158629371865,0.534514770142325,5.71273985570985,2.61944422697337,50.3039770459242,8399.46240734397,-210.115442561171,432.230885122342,443.93834743383,TRUE
241,0.00675500780542874,0.571814776734566,1.40884214152668,0.290300485914347,0.41256419758618,7.14859173530014,2.62789125055452,70.0195037633497,8317.62616338977,-209.905408309317,431.810816618634,443.518278930123,TRUE
242,0.0098727915597221,0.559005749533881,1.26021651587886,0.314270173608871,0.605340486102827,10.2639847670905,2.8970961067888,46.0607346462163,8399.49355727115,-210.646434648752,433.292869297503,445.000331608992,TRUE
243,0.0118390829308552,0.541251119562392,1.27774824091563,0.311123717768413,0.418891163187301,12.1717320569372,2.93457798638202,68.1495545353164,8332.67093789383,-210.247159599146,432.494319198291,444.20178150978,TRUE
244,0.0092577494494333,0.515303040111083,1.56345190707887,0.280528501904712,0.552093843046956,9.65828603497037,2.79978406397346,56.1051804872054,8385.59260907658,-210.117935956437,432.235871912873,443.943334224362,TRUE
245,0.00767684150592499,0.534120439197354,1.84425514591146,0.206396651811965,0.613819059304847,8.08145858405589,2.57957064370509,67.0529909839843,8340.97596806419,-209.625285853638,431.250571707276,442.958034018764,TRUE
246,0.00572543878489274,0.507693445962992,1.90075987552922,0.225846111301146,0.43175704295452,6.09485646736636,2.55208728667408,84.6903745389901,8283.77045033235,-209.888876430259,431.777752860519,443.485215172007,TRUE
247,0.0155923619636978,0.535204509127188,1.85767803638972,0.233323510671981,0.700151725206886,15.6949691366006,2.83238430085951,56.9170316874625,8373.34477629123,-209.641153440261,431.282306880521,442.98976919201,TRUE
248,0.0248434139515069,0.537222536705539,1.33639481189587,0.212047448403627,0.572979540158201,23.7537776540268,3.32169198226805,82.9741772087367,8210.8104210759,-210.026632243456,432.053264486911,443.7607267984,TRUE
249,0.00472461502511334,0.566823726804571,1.62696893832447,0.282684091285109,0.494439825680037,5.05842196625433,2.51466148248543,59.0496614035346,8370.30424479806,-209.796298223615,431.592596447231,443.30005875872,TRUE
250,0.00951335019864568,0.557410302666218,1.60689984078276,0.171926928295657,0.599342843206568,9.91052761597186,2.63586570721379,83.1030947525606,8240.67984731642,-209.89814872555,431.7962974511,443.503759762589,TRUE
251,0.0162406997988252,0.502523512073639,1.76774020859023,0.319840774909002,0.446247711221778,16.2882344992125,2.95005740857032,65.4165742975924,8349.04310255536,-209.796639771649,431.593279543298,443.300741854787,TRUE
252,0.0114016186713848,0.511552304244228,1.7911558534005,0.159690028785714,0.502408541362397,11.7510392008262,2.96145697862923,97.9088475902186,7404.89535916114,-202.00329883448,416.00659766896,427.714059980449,TRUE
253,0.00477545246538106,0.563596173462154,1.69906602108037,0.259993861231463,0.485593276990055,5.11135855898058,2.4834582568897,65.2190897801833,8345.97913998251,-209.667587154622,431.335174309244,443.042636620732,TRUE
254,0.00918690022493911,0.54528312580963,1.40038266040955,0.272257175090209,0.415723848575895,9.58823571348128,2.75223642930663,75.8098733544652,8286.81344510314,-210.066914842453,432.133829684907,443.841291996395,TRUE
255,0.00768654681283452,0.555235983971682,1.28517585220591,0.27286252233152,0.541773884132226,8.09122716570512,2.79251466047579,57.7140592322691,8376.31724831559,-210.342808294105,432.685616588209,444.393078899698,TRUE
256,0.00468338221212032,0.557927628228092,1.44833741596575,0.189501061388109,0.481603897621547,5.01546367778919,2.57815474301631,89.4784505164136,8285.63075570753,-210.391679987162,432.783359974323,444.490822285812,TRUE
257,0.00673495463939193,0.519496308736819,1.8318814509944,0.251788531893387,0.51506009926702,7.12818765846358,2.59588454075556,64.9505274044095,8356.28087050687,-209.721246187484,431.442492374968,443.149954686457,TRUE
258,0.00454794570579283,0.5687902845457,1.5147168052986,0.318736467202434,0.545582849321226,4.87421499977397,2.57583818017881,47.5295580190237,8398.60328355375,-210.159821686481,432.319643372962,444.027105684451,TRUE
259,0.00834081090863118,0.528275444326706,1.78625151263538,0.248962341195379,0.568007328931894,8.74723152122582,2.64527055810138,60.712184420611,8368.77864018346,-209.769738371204,431.539476742409,443.246939053897,TRUE
260,0.00829953974547678,0.537953773681681,1.37162690978038,0.281260996459573,0.478968552139153,8.705997287096,2.78743652908653,63.6193783943788,8357.96897298098,-210.209280897142,432.418561794285,444.126024105773,TRUE
261,0.0119632589780599,0.544157910318575,1.56250365699082,0.250828615845959,0.590824365460561,12.2907600100599,2.79993654070771,60.2463707649457,8364.96812532333,-209.876496579975,431.75299315995,443.460455471439,TRUE
262,0.00927195268686042,0.587104472190258,1.34760045331818,0.216413022383009,0.563147086830063,9.67232220306087,2.69961830582528,70.6385854419348,8306.54925929943,-209.98981692824,431.979633856481,443.687096167969,TRUE
263,0.00417533337438858,0.54433626386989,1.67103066247781,0.341172887624295,0.614426339312205,4.48446621533314,2.57445411091803,39.3268577604545,8411.24269649487,-210.342007209705,432.684014419409,444.391476730898,TRUE
264,0.00508985501868571,0.513704091820407,1.51109603444508,0.271387556323505,0.552945325274326,5.43805130836436,2.70232204710203,55.3568372395732,8390.97403944328,-210.265359407626,432.530718815252,444.238181126741,TRUE
265,0.02054428201159,0.546456975460609,1.65384515339505,0.281863214832149,0.506960865243555,20.1155893465972,3.00616881131621,68.2136891841356,8317.61824388515,-209.600869961781,431.201739923561,442.90920223505,TRUE
266,0.00778277269809951,0.549276261812335,1.46391600465324,0.237893474451159,0.509783008469287,8.1880210201852,2.68204356699891,69.9839390490386,8323.73395106998,-209.944548128407,431.889096256813,443.596558568302,TRUE
267,0.00511591953497352,0.52244206514203,1.49322349444217,0.273174329100882,0.489507763517944,5.46508131282097,2.6733073093817,61.9868175527673,8370.35037905921,-210.116710180937,432.233420361874,443.940882673363,TRUE
268,0.00789225109639742,0.542817450236801,1.78513766374238,0.287756487302864,0.518983524143342,8.2980145211275,2.6065678106216,57.2660147424624,8377.35592184152,-209.720754778311,431.441509556622,443.148971868111,TRUE
269,0.00511916766667781,0.553447986509758,1.69477489431133,0.228499280817615,0.379319270244043,5.46844919055628,2.68546451255164,97.4286033765392,8527.18287857747,-208.242749887861,428.485499775721,440.19296208721,TRUE
270,0.00914640537194693,0.537167929120939,1.7015129984129,0.239405916811619,0.476432341470332,9.54817167241557,2.64352482050805,75.2522505499196,8293.26476675913,-209.748658206099,431.497316412197,443.204778723686,TRUE
271,0.00434803004857339,0.57071025587605,1.42584073387796,0.236806253491768,0.434755219457535,4.66531450029355,2.5373734283889,78.8230458109792,8264.08348506342,-210.030197753784,432.060395507567,443.767857819056,TRUE
272,0.00786670476280391,0.527386715674922,1.72195806816362,0.234095429461595,0.472063389263283,8.27236046263632,2.62068176298683,76.5758366332447,8291.58956847005,-209.773065830991,431.546131661982,443.253593973471,TRUE
273,0.00588263568150956,0.532627617672628,1.83935412194371,0.229291685513686,0.527115005070002,6.2565572557169,2.52978488800558,68.8715043517788,8335.40541896661,-209.604358690135,431.20871738027,442.916179691759,TRUE
274,0.00902235742596469,0.54674887308131,1.7263373447969,0.328844403376648,0.355086294862869,9.42532647578963,2.61225312228266,73.4738672494774,8300.73626522746,-209.642274041321,431.284548082642,442.992010394131,TRUE
275,0.0127071803644321,0.552565561256943,1.46922102932607,0.230573761750326,0.454741001399658,13.0002704806849,2.8014514859698,84.4575491973642,8229.68002177071,-210.035791726625,432.07158345325,443.779045764738,TRUE
276,0.00569973940284275,0.511222285270088,1.82879957610765,0.307965211217076,0.560984864738991,6.06839274425583,2.62513613893726,48.4764459228793,8403.26197667647,-210.082261198021,432.164522396041,443.87198470753,TRUE
277,0.0143733285461952,0.560706323600874,1.18815437242836,0.26773409497128,0.439070127039964,14.5673748180731,3.00860973046325,77.0285123802689,8263.52616314363,-210.276198068697,432.552396137394,444.259858448882,TRUE
278,0.0067704519666057,0.583856015290424,1.58802371055613,0.220366583540742,0.551048897367715,7.16430292375767,2.52785923771702,69.0776484980208,8318.42294194883,-209.697374634688,431.394749269377,443.102211580865,TRUE
279,0.0039264011002908,0.531438044732627,1.51598847544033,0.206494783209914,0.648091245648721,4.22314606696731,2.60916121148857,61.1473845674641,8372.13583854727,-210.077617336986,432.155234673973,443.862696985461,TRUE
280,0.00693191139109284,0.547209755405418,2.0361099521944,0.25299665050005,0.459533041336666,7.32838578172636,2.46811753023758,72.2099455670493,8310.5130176208,-209.417365010092,430.834730020185,442.542192331673,TRUE
281,0.00654394398224211,0.564959943131456,1.58974615450089,0.228841665318904,0.526529187731772,6.93359672946761,2.55914631134256,69.4770206355303,8322.31674065728,-209.745932520937,431.491865041874,443.199327353362,TRUE
282,0.00893775335530114,0.523771215556802,1.4655873177662,0.142421519362214,0.598159860252853,9.34144146177645,3.01527958434167,97.9774991215671,8083.14954666052,-205.937868643317,423.875737286635,435.583199598123,TRUE
283,0.00612257406183571,0.552963876377775,1.80594053615455,0.262826467697683,0.497983957198689,6.50280306327477,2.51244662689133,63.8969747252268,8352.48897853104,-209.633075009456,431.266150018913,442.973612330401,TRUE
284,0.00549762357984327,0.555361413559172,1.33842856953234,0.327153876032096,0.589757045445522,5.85999075633004,2.72846869322328,43.3234358856935,8405.71982802543,-210.628688574739,433.257377149477,444.964839460966,TRUE
285,0.00896588892045728,0.54111041079951,1.58473932623182,0.318407152736631,0.538735977916039,9.36934701975033,2.73132765231575,50.5468143008852,8394.21844897949,-210.125512806156,432.251025612312,443.958487923801,TRUE
286,0.00826313600776866,0.531679256008072,1.87608714120897,0.200532885761729,0.486392658024111,8.66960976312511,2.57821471979869,87.0228000100632,8280.82399676917,-209.912939765713,431.825879531426,443.533341842915,TRUE
287,0.00557568284971851,0.55517518080313,2.00573110400677,0.312305389476437,0.523959486599396,5.94053566118581,2.46744862148047,51.0426416987466,8391.99863880811,-209.63516957367,431.270339147339,442.977801458828,TRUE
288,0.0198646893747236,0.510706167439291,1.46492784069444,0.257947988774052,0.52490984135209,19.5237747619064,3.16666725381415,71.4148709833086,8312.38573431392,-209.973224474421,431.946448948843,443.653911260331,TRUE
289,0.00799115881974941,0.54859155883526,1.95818584181504,0.24675065449508,0.506223559787623,8.39726777964435,2.52151116681367,68.159389462354,8330.81249011537,-209.42547422975,430.8509484595,442.558410770988,TRUE
290,0.00548847915877728,0.53598958000499,1.41247632210594,0.299716940943962,0.588147308147937,5.85055038234759,2.72479878006629,47.3951374854828,8402.36515801419,-210.491843685891,432.983687371781,444.69114968327,TRUE
291,0.00724126874329755,0.503873203529531,1.59312069013539,0.27119886741527,0.557177916496098,7.64191370681484,2.75526465515615,56.2711008095028,8388.70026242558,-210.197135305128,432.394270610255,444.101732921744,TRUE
292,0.0107597738683289,0.564047472402779,1.95098238541629,0.249694480040845,0.58579084713846,11.1299343480271,2.58577960500048,60.205150369966,8359.74910125776,-209.439947096396,430.879894192793,442.587356504281,TRUE
293,0.0106907101783113,0.52716881500062,1.41559361781794,0.256918527456059,0.406977113936214,11.0628270065332,2.82850146333378,83.045473025123,8249.3032574589,-210.185776971399,432.371553942799,444.079016254287,TRUE
294,0.013313620603069,0.54934270148701,1.82804257291314,0.239261875434119,0.554208756301943,13.5741591011616,2.71028218587667,68.0090934151202,8325.49489427074,-209.516018608408,431.032037216817,442.739499528305,TRUE
295,0.00991660801329311,0.541031522173909,1.58236961620279,0.356796733552966,0.516209084879598,10.3069712635458,2.76743327921344,47.592681142026,8398.42692816976,-210.179996202399,432.359992404799,444.067454716287,TRUE
296,0.006253496556986,0.513842027854849,2.01194530869453,0.239070390516329,0.48913568497919,6.63687883705096,2.5329880478037,71.4079414478342,8327.78660120208,-209.552422150441,431.104844300883,442.812306612371,TRUE
297,0.00592883128191318,0.512113475949717,1.7137568026462,0.276153917105999,0.60185754094536,6.30402045630343,2.66294854996791,50.4948148895029,8399.72810107012,-210.182333803181,432.364667606362,444.072129917851,TRUE
298,0.00751027923633025,0.552195805762185,1.78072361937698,0.19978546626859,0.564724559612811,7.91363916530214,2.53750544856725,74.7236740773741,8292.90458368337,-209.627685538815,431.25537107763,442.962833389118,TRUE
299,0.0112664141188594,0.569776074445275,1.41656335079945,0.227363763991825,0.533410442326029,11.6205867493613,2.75652775548706,72.4651294636214,8296.89365936738,-209.921350221928,431.842700443857,443.550162755345,TRUE
300,0.00400923795991736,0.517555496998803,1.57127529523323,0.178270021980669,0.535469434622752,4.31018894365815,2.58573316274736,84.7804011463068,8272.30886821294,-210.166543357321,432.333086714642,444.040549026131,TRUE
301,0.00484142852717462,0.519450995634266,1.90545614741473,0.285492291427274,0.486903193028933,5.18001238414217,2.5340150646851,59.4999736688543,8377.34209179842,-209.772035550404,431.544071100807,443.251533412296,TRUE
302,0.00920621257925943,0.513147995004889,1.7595856696728,0.253066250532285,0.496334687384902,9.60733599623989,2.69768916033132,68.754255368118,8338.62034103175,-209.729965258905,431.459930517811,443.167392829299,TRUE
303,0.00551448731271868,0.545151693704912,1.82239922305324,0.210406987941858,0.530673732809667,5.87739764934178,2.48657215868828,73.9630574634806,8303.26896961285,-209.615069436845,431.23013887369,442.937601185179,TRUE
304,0.00610829796558608,0.54767359446506,1.94345568203442,0.23176094391303,0.564171625977079,6.48817082588342,2.48475251565991,63.9520577851123,8352.6664805715,-209.503278782855,431.006557565711,442.714019877199,TRUE
305,0.013467138381638,0.570422256701314,1.71520334368809,0.238784632633084,0.435351430312382,13.7187992614837,2.68565855722106,85.9217128667097,8232.24011843297,-209.818149429498,431.636298858996,443.343761170485,TRUE
306,0.00738959227094232,0.537860622456581,1.5548009560129,0.339584342860205,0.619733915358347,7.79183887864081,2.72614175715438,40.5678696460965,8409.24602835956,-210.451459688785,432.90291937757,444.610381689059,TRUE
307,0.00740054369455103,0.506852476426447,2.04440833860048,0.240718308404191,0.643510337799241,7.80289835238988,2.61126118997187,54.9937036248304,8389.71990557426,-209.771587797869,431.543175595738,443.250637907226,TRUE
308,0.0188217870267087,0.531108476188428,1.50633241649039,0.263470401162635,0.531929822953283,18.6064972092251,3.05841005433791,68.3278623451232,8325.80661229597,-209.85576701395,431.7115340279,443.418996339388,TRUE
309,0.0165119373266684,0.545019000889122,1.78751822809692,0.222782677937509,0.561198655916816,16.5351161812435,2.81642299352228,74.320046986405,8284.38711698983,-209.492100675721,430.984201351442,442.691663662931,TRUE
310,0.0283737745781487,0.549705716397501,1.5658817470513,0.241068618448532,0.548341378316899,26.6094219261191,3.28053084437892,79.377433742962,8225.8660772287,-209.64986725675,431.2997345135,443.007196824989,TRUE
311,0.00533737790411328,0.555959766424814,1.42146839526404,0.243037501908098,0.544682455277208,5.69441393039545,2.63354700435845,62.6895392370809,8359.91282767843,-210.118624310567,432.237248621134,443.944710932623,TRUE
312,0.00401712482694044,0.568661022929148,2.12351878992718,0.2030263581697,0.458617836865386,4.31847190742111,2.32608182686592,87.0741952997061,8286.54535817055,-209.786763083316,431.573526166631,443.28098847812,TRUE
313,0.00969667846370431,0.550868546520436,1.27324310483325,0.277272466096614,0.565253170682411,10.0909874638984,2.87853678493472,55.6817765303385,8381.43992960011,-210.412377198818,432.824754397637,444.532216709125,TRUE
314,0.00391450848067666,0.526672734335262,1.55555846271087,0.160712960661368,0.4276624719578,4.21064274094688,2.72518761024403,97.8537830140486,6881.75958731653,-201.992395675867,415.984791351733,427.692253663222,TRUE
315,0.011708269563373,0.534665868041976,1.48449760297453,0.258469163069068,0.533792665837461,12.0461568642035,2.8408010640785,64.4248240176171,8351.0671187379,-210.00301271298,432.006025425961,443.713487737449,TRUE
316,0.0174727580215243,0.529938854925041,1.69135944585135,0.338307551666709,0.528832190371207,17.4034607718672,2.97555280016888,53.1131549167205,8383.90018223673,-209.894535538201,431.789071076402,443.49653338789,TRUE
317,0.00973570849947465,0.554995050056386,1.48138423522654,0.272618384827998,0.580500303079246,10.1293574036107,2.75578752002981,55.1637340939957,8380.72650596402,-210.052076574919,432.104153149837,443.811615461326,TRUE
318,0.00421275224413721,0.55764478163146,1.59412307087286,0.257710974183238,0.569018092857427,4.52368205222856,2.53895504053344,56.0442129522433,8381.81360280227,-209.925106716703,431.850213433406,443.557675744895,TRUE
319,0.0169910699249255,0.549435899728401,1.4197439465356,0.254390083299735,0.466010228134645,16.9693386947571,2.97160394507731,78.4871607742304,8252.49587503386,-209.905456886772,431.810913773543,443.518376085032,TRUE
320,0.0318244496175675,0.579505764758112,1.56472264662574,0.295584357345149,0.498487540846787,29.2905975871876,3.33205966684517,74.1277515289566,8249.85513847923,-209.472024558406,430.944049116813,442.651511428301,TRUE
321,0.00781422630996911,0.560055699958277,1.88342037867676,0.242402802415413,0.614878164577099,8.21963690162701,2.53691113372118,57.3024962706957,8373.41457126798,-209.593206268434,431.186412536868,442.893874848356,TRUE
322,0.0100962981074352,0.557016176591824,2.25043588165145,0.229780692596645,0.488140456435154,10.4830298780502,2.47954757644451,77.1251284984875,8272.03161351341,-209.284766785256,430.569533570511,442.276995882,TRUE
323,0.00794676152138566,0.586474383156931,1.55730251104989,0.174197912193183,0.391105010649823,8.35272944025335,2.67064851543581,97.6072587143459,6510.14333088002,-203.206761235127,418.413522470254,430.120984781743,TRUE
324,0.0141111582182142,0.552644858535477,1.52228187876678,0.197984307400616,0.537972536568986,14.3227864295356,2.81982787242487,84.4137951488025,8228.52906839384,-209.945320095608,431.890640191215,443.598102502704,TRUE
325,0.0194716795861541,0.562191299957855,1.73269288879767,0.240985930161465,0.531414331031714,19.1794020865311,2.88509356808764,74.7990933460072,8269.81731467095,-209.510803604753,431.021607209507,442.729069520995,TRUE
326,0.00424578824382431,0.556500319562936,1.4192862967497,0.211943438461497,0.417634800827203,4.55829040673493,2.64191569292281,94.3638970160272,8515.5618565519,-210.70179129545,433.403582590899,445.111044902388,TRUE
327,0.00563804748591719,0.539829617277773,1.59645495366461,0.257264930591513,0.569296883738051,6.00483383880154,2.61593011290159,56.9944519594303,8381.27461960743,-209.98333649066,431.96667298132,443.674135292809,TRUE
328,0.00718134646318083,0.497960930855024,1.74016813981082,0.305065455501126,0.572758778206275,7.58127128501958,2.73145620094865,48.7200496161999,8403.98120053383,-210.244679299655,432.48935859931,444.196820910798,TRUE
329,0.0194939855137297,0.528793847964628,1.4952288110892,0.258354079325929,0.553315241960773,19.1989893916521,3.09551227625959,67.5054695879671,8329.06566567531,-209.887219226826,431.774438453652,443.48190076514,TRUE
330,0.00790461193957453,0.505413030518735,1.62532099266397,0.323665531949483,0.479644129730203,8.31042476379864,2.761015618673,55.1814690591167,8390.3751398772,-210.158520941995,432.31704188399,444.024504195479,TRUE
331,0.00633380502062062,0.519082467919674,1.59723283379169,0.292376842691313,0.460396418324159,6.71902096495776,2.67254939403741,62.3872795541348,8367.90277994722,-210.002834580256,432.005669160513,443.713131472001,TRUE
332,0.00600437883700936,0.561668186938088,1.50320107035457,0.261865988934708,0.55134581819627,6.38158630411401,2.61374056442434,58.0003730875307,8374.28659584928,-209.984835979974,431.969671959949,443.677134271438,TRUE
333,0.00567781603135812,0.546368681476798,1.56807637663156,0.197050226724351,0.547967781581853,6.04581110721641,2.57022883021916,76.4745006392823,8287.38155374096,-209.890057022164,431.780114044328,443.487576355816,TRUE
334,0.0037323020975689,0.531053213965554,1.67016634155016,0.171501788757421,0.33903558496069,4.01886409282934,2.55651742284173,97.2518258233699,5797.62552739294,-207.766903600665,427.533807201329,439.241269512818,TRUE
335,0.00626931706638901,0.490400939057786,1.30815030455573,0.238371536974581,0.586401212321041,6.65306661752645,2.8958105256095,60.1498349654388,8383.71150259718,-210.588037925783,433.176075851565,444.883538163054,TRUE
336,0.00870076631345584,0.555295680342722,1.37434168376645,0.209660072573037,0.506602266444198,9.10603068918747,2.72136616633845,80.0419055284343,8254.44584032693,-210.111538812505,432.223077625011,443.930539936499,TRUE
337,0.00543726919690848,0.565365573723518,1.59866616543284,0.20210617981333,0.554439770449393,5.7976645553652,2.51546685660079,73.5966103901769,8298.62278990249,-209.772574878892,431.545149757784,443.252612069272,TRUE
338,0.00565587444039792,0.578623350884828,2.03346484410368,0.219684041676565,0.542668379335129,6.02320495969364,2.37567140274166,69.4952717424731,8316.90014803395,-209.275298615309,430.550597230619,442.258059542107,TRUE
339,0.00528211561801646,0.544796940915376,1.32765884590588,0.234523447535593,0.537707123140393,5.63724181285692,2.69867676762238,65.698348323128,8351.02360338137,-210.203389182394,432.406778364788,444.114240676276,TRUE
340,0.0108319555046565,0.552028713415684,1.57704155528864,0.285034818012919,0.555718583054541,11.2000140177432,2.75152686795065,55.7606049988671,8378.10466562688,-209.919698989779,431.839397979558,443.546860291047,TRUE
341,0.00410097472943229,0.543769326522896,1.56983061011933,0.293598254366647,0.601377557003613,4.40648614377669,2.59689130091302,46.6080715208051,8403.16359847753,-210.258209221721,432.516418443442,444.223880754931,TRUE
342,0.00779780439295566,0.583703924311022,1.6482102905345,0.193958599278217,0.542851883724711,8.20313170045127,2.51606187912229,79.8764058646196,8246.87367651983,-209.77414463517,431.548289270341,443.255751581829,TRUE
343,0.0102244730126048,0.543101740425987,1.66034254327325,0.336428900887383,0.425367594202883,10.6083908500908,2.70793104262894,61.1968279158582,8362.49628660555,-209.805956581885,431.611913163769,443.319375475258,TRUE
344,0.0079860841921047,0.567102733141328,2.1650048154152,0.281332687034724,0.554609440299689,8.39217818994617,2.46354598298496,54.8751159431295,8378.53394009422,-209.349530997474,430.699061994948,442.406524306437,TRUE
345,0.00875538866401074,0.521376881490607,1.78455631267778,0.245243892257771,0.451581298593109,9.1603470256769,2.63980925689978,77.1382268072315,8289.56688090714,-209.748855910138,431.497711820277,443.205174131765,TRUE
346,0.00849325422511681,0.536544947384526,1.73623759594281,0.246267869178664,0.515239833215643,8.89936773340267,2.63013349921597,67.5276051532558,8338.20361693152,-209.679856140662,431.359712281324,443.067174592813,TRUE
347,0.00886106744900631,0.528924714528193,1.94930300942124,0.269877880347812,0.544592819756307,9.26533629234854,2.61518899996291,58.7844378975615,8373.89245291779,-209.647710676677,431.295421353354,443.002883664842,TRUE
348,0.0111872057693615,0.552290382605544,1.76155040432012,0.269118551488614,0.549187167696022,11.5440675195456,2.682105946297,59.8926286530496,8364.05597659702,-209.610956735047,431.221913470094,442.929375781582,TRUE
349,0.00655600575138168,0.547872772097802,1.57413771250055,0.199179094346593,0.484767571899474,6.94589732241232,2.58802368492975,85.9890776223687,8252.94029666757,-210.074415854595,432.148831709189,443.856294020678,TRUE
350,0.00457778248443675,0.522354129935702,1.80129596532307,0.227526304168035,0.511879235363512,4.90535124887986,2.52538936496649,70.4323304410846,8332.58659356078,-209.737416336455,431.47483267291,443.182294984399,TRUE
351,0.00532307142574517,0.557580349835239,1.63327378261902,0.243764802533929,0.629202257248907,5.6796165406088,2.55991079973433,54.2622225144611,8385.26860376182,-209.949855825266,431.899711650532,443.60717396202,TRUE
352,0.0101795222005181,0.512414531376852,1.43594570684161,0.291681257075549,0.597475655399758,10.564448053745,2.9114382254611,50.4412952939822,8398.03601784257,-210.411084788141,432.822169576281,444.52963188777,TRUE
353,0.00667618061074571,0.521644405494377,1.66646697871817,0.268736330743864,0.395913081947915,7.06835783159489,2.61714221129715,78.4474614262884,8285.54947104954,-209.888949212075,431.77789842415,443.485360735639,TRUE
354,0.0129169924928934,0.551940682288051,1.51570016297103,0.310887445963139,0.433808674046217,13.1992761934684,2.81491984547159,66.6410591160554,8333.34241912572,-209.831326237376,431.662652474752,443.37011478624,TRUE
355,0.00854174420556149,0.538999994914282,1.98974804319456,0.273468108784467,0.5406303140364,8.94770376178704,2.57300334285506,58.2335705534996,8373.82685168863,-209.541511756381,431.083023512762,442.790485824251,TRUE
356,0.00800101583943799,0.541805467888586,1.90487438158536,0.400012125773672,0.465434286564217,8.40715300715332,2.60158368693081,46.1212065583403,8401.2966812908,-209.913668277885,431.82733655577,443.534798867259,TRUE
357,0.00346129447717365,0.511854709847612,1.77839783900954,0.213935330019434,0.476878549251871,3.73286867641991,2.51260605686313,79.0536606352299,8293.59622975273,-209.868415104971,431.736830209942,443.44429252143,TRUE
358,0.01462868985961,0.523892143846747,1.44220162714754,0.238686791248917,0.517696901056791,14.8048991259503,2.95970832674007,73.8088858781042,8300.03256597222,-209.981677248979,431.963354497958,443.670816809446,TRUE
359,0.00862927103573824,0.569902337676297,1.2742769329062,0.221872639882926,0.473673430792769,9.03488402757905,2.74176641138028,80.7088737739289,8241.97919782099,-210.214057546365,432.428115092731,444.135577404219,TRUE
360,0.0178992878088605,0.496986635534304,1.51446944168834,0.21286257200018,0.52222769057208,17.785859805779,3.09862803809885,84.5043210163278,8249.68205342985,-210.109425847577,432.218851695154,443.926314006643,TRUE
361,0.00771798478058948,0.515504824726063,1.67711198345508,0.260539743787106,0.573553155921453,8.12286255900487,2.70453748840267,57.1633423827914,8383.49865892921,-209.991452358395,431.98290471679,443.690367028278,TRUE
362,0.0100731947838308,0.507255246952624,1.48595036351147,0.254817424597696,0.544229584268365,10.4604139729803,2.86462672543373,63.0666926258993,8365.25107131497,-210.165332825643,432.330665651285,444.038127962774,TRUE
363,0.00735786437847913,0.519776378463624,1.68169057030578,0.168457645211467,0.561963216413062,7.75979002886904,2.65095840579062,89.0868435281455,8309.69422563286,-210.181921202392,432.363842404784,444.071304716272,TRUE
364,0.00670860439786711,0.516021534574865,1.52620164282496,0.219340518752186,0.558426877437094,7.10136910668117,2.70587452708423,68.6346011881225,8342.38408432903,-210.037041087076,432.074082174152,443.781544485641,TRUE
365,0.00461282954936563,0.557326975841617,1.49753259737656,0.180404642092838,0.43717933634128,4.94191095754743,2.77315522768852,98.0136204309413,7849.38117429291,-204.279861288158,420.559722576315,432.267184887804,TRUE
366,0.0113123379517329,0.53806451845404,1.67752033644016,0.295224436626257,0.528647495177584,11.6649193633395,2.75712557374839,56.8821881363901,8376.84653504333,-209.885964652281,431.771929304562,443.479391616051,TRUE
367,0.00940399789450765,0.566061004210959,1.45809156313358,0.24180820664012,0.555158997721431,9.80270379013664,2.70809015889203,64.5213756113826,8345.22652970619,-209.927844827992,431.855689655985,443.563151967473,TRUE
368,0.00366161300767228,0.54265732598123,1.92801665436887,0.214475930536721,0.449727099529319,3.94435220744304,2.40666404147442,83.549803083711,8268.91501056785,-209.768994993252,431.537989986504,443.245452297992,TRUE
369,0.0155853666552468,0.539961959701735,1.61554793452754,0.295967565799012,0.638980340282935,15.6885437659643,2.92957128997806,49.2724433908475,8392.18173965598,-210.059855080498,432.119710160997,443.827172472485,TRUE
370,0.00850216276696217,0.510921341532889,1.58648179955432,0.220966898304505,0.54497466647737,8.90825002631787,2.74149243782275,71.0877380738193,8329.70936656827,-209.956179750714,431.912359501428,443.619821812917,TRUE
371,0.00580416962654532,0.54684856157639,1.38542217510219,0.146938125797335,0.426454376255497,6.17587986131269,2.72407101112322,97.4837209223521,6122.18210100894,-205.674486673751,423.348973347503,435.056435658991,TRUE
372,0.0175809696119648,0.521836931282327,1.98115426449166,0.204155176832088,0.532400344816594,17.5006547377953,2.84798451850137,86.22776522246,8259.40821118128,-209.688961894428,431.377923788855,443.085386100344,TRUE
373,0.0117400823921383,0.558155586271996,1.75446554350536,0.253526967746108,0.58782070389504,12.0767132997858,2.68764320933995,59.7483379890755,8362.7932041884,-209.627663457502,431.255326915004,442.962789226493,TRUE
374,0.00514930004777294,0.544493870796093,1.5639969726375,0.324425470807368,0.449117842760188,5.49968639388316,2.60413826846935,56.9815750764478,8380.99392720847,-210.000360327583,432.000720655167,443.708182966655,TRUE
375,0.00315754554879017,0.517425590898304,1.72927489931803,0.258251184628591,0.536473513396365,3.4112515237785,2.54625667039672,58.6418386237629,8382.57211404399,-209.954244262157,431.908488524313,443.615950835802,TRUE
376,0.0138947067672259,0.49653498640745,1.88152279355288,0.251461519519119,0.493510908439623,14.1202913548399,2.83615665202002,73.0242130829022,8313.39304679287,-209.670212762829,431.340425525658,443.047887837147,TRUE
377,0.00357494553587448,0.548430126408628,1.54183077107766,0.247134003207654,0.513733352941393,3.85291448706225,2.54285570590602,64.091518634083,8357.175574858,-209.929065742982,431.858131485965,443.565593797453,TRUE
378,0.00521046347152213,0.539250256801531,2.09725249748171,0.308060706240098,0.559967305342894,5.56305888245133,2.47620922705788,48.2680922763403,8399.50314231034,-209.738014162207,431.476028324414,443.183490635903,TRUE
379,0.0223322460607773,0.556306337822918,1.81745557149686,0.286280887817247,0.525242119514392,21.6506221014013,2.98170857058304,66.1382928981049,8323.25130954251,-209.435111064227,430.870222128455,442.577684439943,TRUE
380,0.00560719471168391,0.536252583126483,1.68237539786587,0.227559020855171,0.555505708655766,5.97303031804676,2.57077785756513,65.7657434444936,8350.01643169191,-209.791875636245,431.58375127249,443.291213583979,TRUE
381,0.00540593359356631,0.546116538338588,1.47810010093413,0.355904826687247,0.475847295618005,5.76528800316651,2.66290206453597,49.2622110307026,8398.05790547141,-210.290967876935,432.58193575387,444.289398065358,TRUE
382,0.012159114538567,0.560844720503207,1.65534639079653,0.203618785465632,0.475639658144149,12.4781485967789,2.76272305363906,94.0227169726981,8513.29666078233,-210.363839874706,432.727679749413,444.435142060901,TRUE
383,0.0119944541823664,0.534150888911644,1.67586285572976,0.184103193514527,0.484274115777912,12.320635058342,2.98726671707291,97.8305224054947,8169.15094238521,-206.189137220243,424.378274440485,436.085736751974,TRUE
384,0.00711280950969836,0.558476992110148,1.66524094121707,0.191487794668483,0.539269893486337,7.51185904031377,2.54332549147973,80.9126382065369,8254.71831794506,-209.840913343147,431.681826686295,443.389288997783,TRUE
385,0.00360501177262227,0.537634711778229,1.60777881142509,0.264994554534913,0.438734832105689,3.88464600119292,2.5291859219755,69.8089222382704,8332.88410161412,-209.874700779425,431.749401558849,443.456863870338,TRUE
386,0.0204294012806869,0.523297414343386,1.5884123961373,0.227856921963586,0.529180679197478,20.0158727451912,3.07027863798095,80.0746727898491,8249.31262489585,-209.783621332591,431.567242665181,443.27470497667,TRUE
387,0.00809194720886624,0.520814812555465,2.06008682538541,0.218292768682513,0.537198438443949,8.49829139838589,2.55462606534831,72.5649694445351,8317.30992623869,-209.507651076826,431.015302153652,442.72276446514,TRUE
388,0.00495325170673642,0.536763003106135,1.56128968719157,0.226486156505547,0.591766166466166,5.29625430625667,2.60615361152198,61.7147129136443,8367.58699372504,-209.997665723614,431.995331447229,443.702793758717,TRUE
389,0.0129682689570543,0.561957641786949,1.77090790254593,0.231370636121825,0.483951421745414,13.2478382622063,2.66820904294552,79.5070013749867,8249.89201787704,-209.598969820492,431.197939640985,442.905401952473,TRUE
390,0.00320402240604717,0.549560791565165,1.95952481529405,0.259566218824587,0.531003511541061,3.46053582910318,2.4096886730934,58.9159434451494,8374.05594539011,-209.570515686054,431.141031372109,442.848493683597,TRUE
391,0.0123414430925815,0.53233966438193,1.33411480555479,0.277635840904679,0.483734185738192,12.6522137746034,2.94287044827303,66.586472006212,8343.971102302,-210.262039067277,432.524078134554,444.231540446043,TRUE
392,0.0143037673100682,0.535808684524315,1.75026245222166,0.241607807946938,0.534780978197876,14.5025508143483,2.79310162227585,70.4672725402208,8315.34188834376,-209.587426282239,431.174852564477,442.882314875966,TRUE
393,0.00931862147003929,0.542586860189769,1.34322116176407,0.344456411082521,0.516063019090748,9.7184257858002,2.86074544850316,48.9831326225334,8397.21482886286,-210.458494929411,432.916989858821,444.62445217031,TRUE
394,0.00463588547331178,0.561889919524683,2.47348043152094,0.225978203886465,0.524408242250349,4.96595388686836,2.3005003581437,69.1866505278089,8323.19675141696,-209.119268860069,430.238537720138,441.946000031626,TRUE
395,0.0104205627711725,0.533119573031062,1.57505246580377,0.327856236649536,0.48776704095219,10.7998161642204,2.78798130122401,55.0217900437066,8383.95500721927,-210.075864903096,432.151729806192,443.859192117681,TRUE
396,0.0082328931741792,0.531628473418496,1.49769516779398,0.211116676733287,0.45590303387429,8.63936873278788,2.71379002965076,88.0486367017894,8270.45350545337,-210.265564894553,432.531129789106,444.238592100595,TRUE
397,0.0109989996925647,0.548697772491594,1.90930707970065,0.196608235761607,0.553046662603406,11.3619694858142,2.59863964489191,80.2127134193543,8258.08523678229,-209.56943634757,431.13887269514,442.846335006628,TRUE
398,0.00698571308727925,0.532050230228727,1.72503473202881,0.322315767327661,0.538935361399171,7.38299353254479,2.64466537187831,48.875797303451,8399.53801086696,-210.071561247893,432.143122495787,443.850584807275,TRUE
399,0.0104511153234525,0.518297870116769,1.53359176566813,0.280402361870709,0.600003562523424,10.8296028565803,2.85174835798145,52.3718872800197,8392.80234664082,-210.230744535125,432.461489070249,444.168951381738,TRUE
400,0.00643886907612776,0.527834195500266,1.34560360377688,0.24801032971706,0.603993033293522,6.82636860091781,2.78865595994473,56.2485634166868,8386.07476528699,-210.402111258543,432.804222517086,444.511684828575,TRUE
401,0.00697325860444326,0.520003136519419,2.36281867153532,0.247276213382484,0.457223708487924,7.37035548407403,2.46024031932442,74.2711196819655,8308.71047220345,-209.333410200992,430.666820401984,442.374282713473,TRUE
402,0.0112586757105873,0.537761816993514,2.14485560312857,0.260092581603828,0.488673450872269,11.6131141503952,2.59012519458013,69.3598240498911,8323.29139276882,-209.285025407764,430.570050815529,442.277513127017,TRUE
403,0.0126615764975735,0.553711184458144,1.8033499358619,0.228994885555816,0.476215490988473,12.9569515192775,2.66682599871046,81.3246134197132,8245.89832206367,-209.656738318432,431.313476636863,443.020938948352,TRUE
404,0.00710111197400609,0.582683865502983,1.94861439487466,0.279318427117531,0.54441184951136,7.50000660867463,2.45679704640159,55.7372735620052,8374.65940635039,-209.429690402957,430.859380805915,442.566843117403,TRUE
405,0.00767632311086233,0.51722941412591,1.45433524640843,0.245992971555421,0.519836847391426,8.08093677837393,2.77020746805812,66.5132737597388,8351.34156409451,-210.110421483457,432.220842966914,443.928305278402,TRUE
406,0.00733108944959205,0.573535702110502,1.78211880453305,0.279158437241755,0.596670879313065,7.73273508231903,2.53918732916553,51.097573268451,8388.53453101288,-209.747687985493,431.495375970985,443.202838282474,TRUE
407,0.00619312560817673,0.558430553444923,1.90380896636525,0.158588538688005,0.409434867260583,6.5750791148536,2.55086996722157,97.4455922873597,6314.42971519016,-203.923873877827,419.847747755654,431.555210067142,TRUE
408,0.00503496297312919,0.602170402738232,1.52159421150508,0.254408099998922,0.463834778990657,5.38109922941554,2.46916410112016,69.6907656756435,8311.89315744998,-209.742171789783,431.484343579566,443.191805891055,TRUE
409,0.00714564882045855,0.540951462977047,1.79628595702986,0.284540287034655,0.55935658467893,7.54512462038435,2.59522638122998,53.3662671022303,8388.4503224707,-209.85024808516,431.700496170319,443.407958481808,TRUE
410,0.00986689949239325,0.526414801663315,1.74565339037924,0.214352075233633,0.573339049877403,10.2582026422861,2.68432328964692,70.6515394415103,8323.5421109583,-209.662612789034,431.325225578068,443.032687889557,TRUE
411,0.00617830403659384,0.516160777123087,1.57767909729174,0.198296942008779,0.503543684172651,6.55990015796452,2.64758444717546,82.9720877294188,8269.34393496954,-210.080344729189,432.160689458379,443.868151769867,TRUE
412,0.0070248742707584,0.535067758522726,1.47341841286512,0.269310429273763,0.567675524000159,7.42272003276062,2.72446709428332,55.4660281420527,8385.66289103171,-210.172643438036,432.345286876071,444.05274918756,TRUE
413,0.00674377852999156,0.536796496475201,1.50457827415068,0.36445236427622,0.57775399977007,7.13716654244955,2.73201366979399,40.2641237719332,8410.00956221783,-210.535415035321,433.070830070642,444.77829238213,TRUE
414,0.00609047696500142,0.508611213327912,1.60668535202511,0.208745347386851,0.565387633549137,6.46990185418163,2.66842320244916,70.6870158935231,8335.02144073792,-209.954704983862,431.909409967724,443.616872279212,TRUE
415,0.00411925367977832,0.547767040845997,2.17409623431474,0.219870791742087,0.457489825355755,4.42566154895864,2.35278311467734,80.553722737734,8272.34179276115,-209.503094857721,431.006189715442,442.713652026931,TRUE
416,0.00998842834267058,0.543366027208677,1.60060906724244,0.216373723941311,0.634466802751081,10.3773840588039,2.71761535844696,63.561273518944,8353.64860917891,-209.826053339858,431.652106679717,443.359568991205,TRUE
417,0.0136421085066906,0.544185908446727,1.80741020211394,0.197533639831749,0.534963215360617,13.8833384072902,2.71927638133825,84.8101288539801,8244.27498388294,-209.766139578399,431.532279156799,443.239741468287,TRUE
418,0.00870733035453463,0.493945018990046,1.55274638676948,0.154294374001973,0.626515353726432,9.11255977224393,2.805778304662,88.3832088111425,8294.84012486845,-210.322190388363,432.644380776725,444.351843088214,TRUE
419,0.00579574959268796,0.522844764618586,1.62785214749838,0.1748397481636,0.610063617996524,6.16721817475361,2.60406582942485,77.5532586514396,8291.29781050153,-209.932223808668,431.864447617335,443.571909928824,TRUE
420,0.00469223247496537,0.494814068112791,1.80802684373053,0.221016136196388,0.589133513821673,5.02468602912791,2.60976942764076,63.371968223127,8371.40240665975,-209.882596111002,431.765192222004,443.472654533493,TRUE
421,0.0103495306657697,0.534836386091628,2.18553871924948,0.267934682551853,0.460986323042598,10.7305238965551,2.56000443714261,70.6142715569636,8316.96775400925,-209.288370998434,430.576741996868,442.284204308357,TRUE
422,0.0181950409553843,0.535862389998913,1.75496558142548,0.25751921436912,0.43635546914723,18.0499089625537,2.89607371323491,83.7265268055539,8235.9775155087,-209.709943033613,431.419886067225,443.127348378714,TRUE
423,0.0120955760423237,0.562409572438666,1.74463319556973,0.347478603780062,0.539650335289524,12.4174034356127,2.72076102643244,47.8461241026628,8393.78172837636,-209.888312847376,431.776625694752,443.484088006241,TRUE
424,0.00575069011467643,0.549752938416966,1.52789728544912,0.228005531940015,0.442898508571485,6.12085113851951,2.57575594844191,81.5368239579228,8257.05371368562,-210.019058817858,432.038117635716,443.745579947204,TRUE
425,0.00872348502525561,0.547725952227093,1.36539724397316,0.197336330801266,0.555969953195038,9.12862629508239,2.74760265294962,77.690168258577,8273.78248150273,-210.099288281552,432.198576563104,443.906038874592,TRUE
426,0.00648146170766427,0.525430849274315,1.54797903562885,0.180160633247985,0.465192349764332,6.86984978276741,2.88930750371438,97.9091651496424,8163.16713068055,-206.342464399299,424.684928798597,436.392391110086,TRUE
427,0.00456658919625661,0.556862939445811,1.93618138917663,0.231014502111267,0.497192831524463,4.89367172536844,2.41027374496816,71.2636484595373,8315.61060336388,-209.45828955263,430.916579105259,442.624041416748,TRUE
428,0.0119205346879492,0.529752401228342,1.6031671835555,0.200512595955173,0.524082879110826,12.2498262786669,2.77492449585555,83.7415149260542,8248.65241898062,-209.979649486447,431.959298972895,443.666761284383,TRUE
429,0.00523911278294005,0.526211856978959,1.50267793491996,0.257456714031439,0.46303762204355,5.5927274899263,2.64605105455946,69.3500078579644,8337.29253479743,-210.047238759037,432.094477518073,443.801939829562,TRUE
430,0.00384490627353133,0.553643809992818,1.57157343659825,0.233128278085213,0.376915663319215,4.137431768494,2.63841853420663,96.4924253985814,8682.28420491719,-209.757498592747,431.514997185494,443.222459496983,TRUE
431,0.0101285022873037,0.525840819335005,1.73867581086609,0.183133926491087,0.571549229438579,10.5145445471996,2.6804169289303,82.5591235416362,8260.23781268692,-209.840340468215,431.68068093643,443.388143247918,TRUE
432,0.00788179063535411,0.583006776400876,2.46026390030384,0.282156192340875,0.57101275270942,8.28751086752128,2.37895802790526,53.0918510726866,8380.00572568913,-209.196176388201,430.392352776402,442.099815087891,TRUE
433,0.0183650311751171,0.523595326945758,1.6022169843224,0.199734868702191,0.507200534517762,18.2012689278902,3.20126499583516,97.0618576356557,8591.74403564887,-208.99800554677,429.996011093539,441.703473405028,TRUE
434,0.0054186332075666,0.551266815777953,1.49903696845153,0.291046778850975,0.56600853047611,5.77841090702007,2.63890314799815,50.6333265910581,8395.08761938404,-210.188609579607,432.377219159214,444.084681470703,TRUE
435,0.00810658464818122,0.529581086193051,1.8262696897186,0.301502218773837,0.57611410447619,8.51295319727281,2.64896176582027,49.4691546400626,8397.41645260839,-209.939841793861,431.879683587722,443.58714589921,TRUE
436,0.00883749274700943,0.564127370534856,1.25910661683793,0.236423861539141,0.480069544837243,9.24192653777657,2.77914224902901,75.2848297015735,8284.01309021311,-210.188575224244,432.377150448488,444.084612759977,TRUE
437,0.0122865549279511,0.514392487760345,1.71457737222639,0.278723773508633,0.505910387310828,12.5998518354683,2.81664164342693,63.4901584660663,8358.31555104836,-209.83735024908,431.67470049816,443.382162809649,TRUE
438,0.00607478761719242,0.535456441770056,2.22618464911109,0.231603549568079,0.424583896913958,6.45381499678114,2.42215000873991,84.213102328556,8274.98187077406,-209.594269764618,431.188539529237,442.896001840725,TRUE
439,0.00589001961537974,0.530903231578764,1.4389924629289,0.218385902730674,0.592471519366963,6.26414550941294,2.69463104488215,64.5156264937262,8358.24917059795,-210.100209847209,432.200419694417,443.907882005906,TRUE
440,0.00933634770623415,0.520755163663747,1.36957194865145,0.284412985493137,0.514159088427777,9.73593081546405,2.87571216744158,59.4051299505664,8376.03281239988,-210.32884130977,432.65768261954,444.365144931029,TRUE
441,0.00821234440989116,0.534672498195559,1.38462258702324,0.250275153254926,0.471718713236942,8.61881515053359,2.76450171845713,72.1601681882196,8315.87086004138,-210.124188561451,432.248377122902,443.955839434391,TRUE
442,0.00965227176028361,0.540154762071686,1.76265227667549,0.269736724552879,0.648758693154242,10.0473107028861,2.68887424666344,49.9215381871897,8394.17373752126,-209.947115889661,431.894231779322,443.60169409081,TRUE
443,0.0020373249150371,0.567118125438386,2.00778105025434,0.241334044826278,0.56132356550038,2.21529368128123,2.33139628140999,59.1582612992442,8370.87347620248,-209.489184203006,430.978368406011,442.6858307175,TRUE
444,0.0100273336799953,0.543715509233567,1.76120856287744,0.234323856415595,0.530455641330596,10.415502494937,2.64392834677239,69.9566053023672,8321.08083755618,-209.595690957509,431.191381915019,442.898844226507,TRUE
445,0.0141560137010222,0.545570577428116,1.52261185625024,0.367397454438057,0.411054645498595,14.3646863590081,2.8822551013415,60.5269281279528,8361.60798969567,-209.927105470008,431.854210940015,443.561673251504,TRUE
446,0.0120725425388681,0.518364898418482,1.30599582101811,0.348735404974228,0.521930938331635,12.3953715219266,3.03603547553063,49.3048965355398,8398.05587119465,-210.653173186586,433.306346373173,445.013808684661,TRUE
447,0.0238358151015067,0.568212860544805,1.33513148284769,0.255301796882196,0.482049803297789,22.917202910354,3.20029271857729,81.0237749328248,8210.4752038055,-209.959261650679,431.918523301358,443.625985612846,TRUE
448,0.0150104817936425,0.533269577023327,1.52083613490799,0.223657686856636,0.585735753532904,15.1587174854074,2.91656546729423,70.0665565712972,8318.71291000117,-209.868942194088,431.737884388175,443.445346699664,TRUE
449,0.0099979135449782,0.504777752589406,1.89093790171868,0.319100287965226,0.545202804734184,10.3866789953124,2.74572278812129,50.428341480132,8398.17863983987,-209.980138248315,431.96027649663,443.667738808119,TRUE
450,0.0107349705925171,0.537672606274954,1.64277666828641,0.265171886679129,0.523439797123762,11.1058398398433,2.73741495121377,63.3892918714265,8354.79739558063,-209.796159742633,431.592319485266,443.299781796754,TRUE
451,0.00449026169160379,0.555648199283755,1.60256589663969,0.255865745145657,0.477259021707135,4.81398815642581,2.52198131135532,67.1681464726522,8339.7947497549,-209.798274644494,431.596549288987,443.304011600476,TRUE
452,0.00290986899852864,0.55354555602973,1.39608960943295,0.232712298202336,0.504333996392731,3.14816569611772,2.56692053684902,68.6567341360669,8336.44989950276,-210.047028027256,432.094056054512,443.801518366,TRUE
453,0.0101525620015472,0.551391384176619,1.35639523812057,0.259041802971098,0.533247690132582,10.538081463641,2.82111259784139,63.2897346106733,8354.54673489413,-210.14014248249,432.280284964979,443.987747276468,TRUE
454,0.00618158512921559,0.552094394032258,1.49222057996391,0.207529557985104,0.578768755819644,6.56326059059714,2.6172072244042,69.4650391064092,8327.63289871425,-209.902712564276,431.805425128551,443.51288744004,TRUE
455,0.00881739929425485,0.522740698044686,1.35556010356765,0.193009767672016,0.565767852171053,9.22196863037676,2.81737323035313,78.2059990053316,8281.1558203439,-210.209934020103,432.419868040207,444.127330351695,TRUE
456,0.00806098863087996,0.542970872038667,1.64932421503473,0.270695505118321,0.516339344277994,8.46727311148089,2.64863591430002,61.2067543157112,8364.58864402235,-209.835865362783,431.671730725565,443.379193037054,TRUE
457,0.00430806142167884,0.523397354750942,1.67057716849475,0.248231733431299,0.592062905898877,4.62349146681605,2.59078544993071,56.0174455196306,8387.69145902167,-210.014759065394,432.029518130788,443.736980442276,TRUE
458,0.0154545648772216,0.543288068860733,1.74308234092122,0.368855640556871,0.540461015432235,15.568303242172,2.87277746932158,46.6984286374024,8396.16877231078,-210.002027130588,432.004054261175,443.711516572664,TRUE
459,0.00576360988087061,0.526968324860019,1.6795129849291,0.27814796065484,0.656760920202412,6.1341482922965,2.64386357262503,45.8878282504746,8405.06131060555,-210.223552381801,432.447104763601,444.15456707509,TRUE
460,0.00766381288168784,0.498186354688059,1.97517713542363,0.268849867695563,0.508973026031245,8.06834329197935,2.6417157567481,62.2928461586034,8370.67399728616,-209.718452389794,431.436904779589,443.144367091077,TRUE
461,0.00237194784842318,0.574204441423487,1.46076396720279,0.276313250520242,0.547110084842079,2.57416870599472,2.51431467249368,53.3150650374556,8387.8966191279,-210.121844428337,432.243688856673,443.951151168162,TRUE
462,0.0139949356209787,0.54664126332864,1.69365672653524,0.227269630952406,0.603650547141375,14.2141206506375,2.78755906167044,66.3018361377202,8335.29437144098,-209.631117462233,431.262234924466,442.969697235954,TRUE
463,0.0182893545668998,0.527536920016605,1.67434232351387,0.227142660834083,0.440906254596629,18.1339228766679,3.17711302343693,97.3325288208208,8524.31577932974,-208.39421160363,428.788423207261,440.495885518749,TRUE
464,0.0033636296258963,0.530000215676084,1.61932645494011,0.161418579501073,0.444639680456308,3.62958213134872,2.71061791771095,97.9402634168333,7236.3459643151,-201.801144575105,415.602289150209,427.309751461698,TRUE
465,0.00752867716135452,0.547593646041808,1.73118953999782,0.2336009324591,0.539766805216248,7.93219185879314,2.57935340653928,67.2356612987815,8337.59514726471,-209.626900937442,431.253801874885,442.961264186373,TRUE
466,0.00628327182720043,0.54925591667664,1.86943705516468,0.179844001549667,0.403717236849688,6.66734287383982,2.65390674577503,97.7875931519806,7078.53216699878,-201.504228919298,415.008457838596,426.715920150085,TRUE
467,0.00517238199059727,0.546535163913172,2.33685939115388,0.352606524134529,0.607895930123364,5.52360727376596,2.42994475725524,38.8799555427924,8410.488386946,-209.863292842801,431.726585685601,443.43404799709,TRUE
468,0.00639817970241195,0.503338312209595,1.60873359490095,0.303485185442493,0.558655556464452,6.78481033965623,2.74050521511126,49.7706534850178,8402.22336857751,-210.359274903235,432.718549806469,444.426012117958,TRUE
469,0.0128362079943588,0.574668068756742,1.19583844937841,0.235165140353597,0.491405546964526,13.1227096872926,2.91922064734816,77.0194512175265,8259.85188151672,-210.262540821102,432.525081642205,444.232543953693,TRUE
470,0.00340872913488578,0.55504580968998,1.54016416111169,0.266551160914216,0.659509913398918,3.67729214893062,2.56454380512124,46.4546870901261,8402.58089314844,-210.247944038227,432.495888076454,444.203350387942,TRUE
471,0.00790014234478772,0.539356759006085,1.82387663993246,0.232481573787895,0.57168501346429,8.30593751153681,2.5865677954862,64.1654460988024,8352.95901526736,-209.648254622286,431.296509244573,443.003971556061,TRUE
472,0.00802375885535867,0.569564690806903,1.85419640300438,0.284682982036028,0.521342095665983,8.42995680205542,2.53018137605415,57.6575551470463,8370.40584363386,-209.574971149388,431.149942298775,442.857404610264,TRUE
473,0.010185161394393,0.51844157630429,2.00335104556083,0.1341150677841,0.428345073218146,10.5699620436723,2.63230072922706,96.8128377096744,5313.00577838062,-211.93244693286,435.864893865719,447.572356177208,TRUE
474,0.00466994895844385,0.534581228456496,1.62493256567607,0.334609616475828,0.611761822784467,5.00146384693472,2.62566184107465,40.4897893147781,8410.77070126161,-210.432331844629,432.864663689259,444.572126000747,TRUE
475,0.0106305415117286,0.560349843646532,1.70744284375592,0.285754650278172,0.479332066524461,11.0043189878392,2.65564790213,64.093438973668,8345.7403534816,-209.620172729965,431.24034545993,442.947807771419,TRUE
476,0.00244180932026614,0.518201149121692,1.17924625383833,0.283571427999754,0.517505614040563,2.6489179009504,2.79843682034287,55.0106898871292,8394.94749111694,-210.824304115549,433.648608231097,445.356070542586,TRUE
477,0.00279715756092577,0.529674070928455,1.80217731561226,0.28829797159909,0.528008538431636,3.02819152927515,2.49709490102499,53.2322587794083,8393.7396754628,-209.912649199313,431.825298398626,443.532760710114,TRUE
478,0.0199484198712189,0.559848981191589,1.49088452022302,0.230679825768856,0.472097734227233,19.5969414434328,3.01195112527983,87.9000289961847,8221.58767636471,-210.029462589001,432.058925178003,443.766387489491,TRUE
479,0.00428542870488475,0.540357410344997,1.6376245479969,0.312967776217331,0.542382973125237,4.59980007683491,2.57945079766977,48.5615488462825,8400.40180869468,-210.135927997882,432.271855995765,443.979318307253,TRUE
480,0.00979745928232755,0.567269681236592,1.75901889175467,0.303981295231866,0.494956442579559,10.1900284278949,2.61327557929758,57.9824603666435,8369.27069958871,-209.665580093402,431.331160186803,443.038622498292,TRUE
481,0.00730140154818191,0.52400999116489,1.79020954035181,0.269478177290911,0.521678271029887,7.7027268884664,2.62499502335496,60.4008425387212,8371.64472480041,-209.824342628083,431.648685256165,443.356147567654,TRUE
482,0.00471916991820269,0.528112281145895,1.33038004326798,0.31329939140178,0.467413766863509,5.05275017352965,2.74354479557526,56.4687517321958,8386.95285729703,-210.431124457607,432.862248915214,444.569711226702,TRUE
483,0.00722503127117207,0.567899846645075,1.98902477670618,0.175540422032661,0.611177222183748,7.62548525087522,2.43490794904814,78.087842211627,8266.70546253201,-209.46194483343,430.92388966686,442.631351978349,TRUE
484,0.00874452945728556,0.552749819578248,1.65028449939428,0.17038896835559,0.479905713545861,9.14955139167213,2.84368931310883,97.9526377046193,7773.0807437889,-203.660794603568,419.321589207135,431.029051518624,TRUE
485,0.00551185851427688,0.499101945458966,1.61067201165018,0.234721731579045,0.537588196899908,5.87468440430307,2.68550476802696,65.8986285239454,8360.61876427016,-210.060984043688,432.121968087376,443.829430398865,TRUE
486,0.00532732918798566,0.574103744965336,1.80051503443911,0.320900096049235,0.518255132936742,5.68402065977482,2.47930044709525,50.0850925413656,8391.89018421995,-209.770342372994,431.540684745989,443.248147057477,TRUE
487,0.00573634077378488,0.55897217185098,2.06859985256464,0.197825885598101,0.496926911260968,6.10608031881149,2.39475300611646,83.7709474463887,8259.6017142632,-209.639887423484,431.279774846968,442.987237158456,TRUE
488,0.00937165477928074,0.536678577071932,1.60374295936076,0.287495918891438,0.585023912183186,9.77078658895441,2.74296538220556,51.7668810189557,8391.83712430688,-210.044729485496,432.089458970991,443.79692128248,TRUE
489,0.00929060162838916,0.543291769987195,1.94173802792496,0.175824144288175,0.452942853188963,9.69074827733138,2.77171423321857,97.8499581429212,7517.39525721176,-202.218310310203,416.436620620406,428.144082931895,TRUE
490,0.00395155341360252,0.558125735473431,1.55943856754046,0.218585647430069,0.547541852005439,4.24958431788847,2.51620894326253,68.0911314459687,8335.32917254897,-209.851198163743,431.702396327486,443.409858638975,TRUE
491,0.00490839028200873,0.560967017619822,1.59274742529042,0.217134918463881,0.529385269840731,5.24963825557277,2.51642331252284,71.4644850837345,8314.291408524,-209.7542817283,431.5085634566,443.216025768089,TRUE
492,0.00837541022003956,0.546599196143128,1.70634097863186,0.204755201878856,0.454097392783011,8.78178469239716,2.69735834017747,95.3052068725053,8634.45092273239,-210.163959929204,432.327919858408,444.035382169896,TRUE
493,0.00347916614722441,0.524488419967137,1.6137832095316,0.285308710960648,0.501621026806025,3.7517564049542,2.58320334645242,56.9914031880195,8385.8193201732,-210.080089168016,432.160178336032,443.867640647521,TRUE
494,0.0141818143140719,0.539443146545738,1.4423676209816,0.308579530667812,0.464117801767943,14.3887771121298,2.9299685836778,63.7571635504432,8350.40621655201,-210.033871342909,432.067742685818,443.775204997306,TRUE
495,0.00815336872142794,0.544723581147144,1.32250260176176,0.184975676554087,0.556384161804219,8.55979846674639,2.75729479768888,82.0494302721292,8248.11487966775,-210.279274233213,432.558548466426,444.266010777914,TRUE
496,0.00403286424378646,0.551717060497828,1.86136046069485,0.260385230598999,0.384900934170927,4.33499953105053,2.41389486182221,80.7211661409886,8267.19898539349,-209.698454210079,431.396908420158,443.104370731647,TRUE
497,0.00556022433230199,0.547585749964344,1.58306798391545,0.217022342332927,0.525484972243257,5.92459068383956,2.56548216252107,72.5262704555299,8311.67938809687,-209.848664717739,431.697329435478,443.404791746967,TRUE
498,0.0149587189461968,0.543419321087946,1.55018684924966,0.324073601593943,0.540963979100861,15.110838719313,2.92096774979222,52.7419942223574,8384.42659323221,-210.032193108247,432.064386216493,443.771848527982,TRUE
499,0.00763679441163033,0.517686199961312,1.46859714275142,0.236180844258392,0.513332439155763,8.04113878421108,2.75271102892849,69.9801140325932,8334.20510557043,-210.100296314614,432.200592629228,443.908054940717,TRUE
500,0.0122686709410785,0.550013291758757,1.38760431210267,0.178973970464365,0.499930036044417,12.5827837760052,3.09188178858041,97.9247118552533,8181.65102325442,-206.65801492856,425.31602985712,437.023492168608,TRUE
501,0.0176803067732278,0.568832633809044,1.69053237728404,0.219018741352841,0.632757293872374,17.5897709275916,2.84382980135647,68.1536213557564,8314.59444773444,-209.529826658034,431.059653316068,442.767115627557,TRUE
502,0.00560028416958128,0.518583610228395,2.65260675803499,0.277845633997176,0.569870844297029,5.96590526491441,2.42423151920307,52.7707060770123,8392.87667588217,-209.413607368872,430.827214737743,442.534677049232,TRUE
503,0.00397772035241511,0.515487679048066,1.26594480810751,0.187769297806196,0.45789915394993,4.2770808886621,2.93597964501695,97.4033845452355,8563.21757802002,-209.512592821665,431.025185643331,442.732647954819,TRUE
504,0.00474152861473319,0.55705167091713,2.25789934161242,0.19039106502116,0.52326183640204,5.07603740493595,2.33405773087183,81.8171722738623,8264.91750330257,-209.477305683285,430.954611366571,442.662073678059,TRUE
505,0.0104652440431026,0.527899619549719,1.89899863357094,0.329307097073367,0.500669028718344,10.8433738510019,2.69129836242442,53.4185461273893,8387.83889621429,-209.774807315666,431.549614631331,443.25707694282,TRUE
506,0.0239495116238401,0.524285827712325,1.96173855757948,0.220459409428964,0.482682945638485,23.0120885281714,3.28031877032718,97.2631587208465,8511.65624247071,-208.01998102984,428.03996205968,439.747424371169,TRUE
507,0.0110664686984158,0.526832666952344,1.95279170048341,0.252675583830388,0.420575285266481,11.4272944567383,2.64118455723476,82.1746753958849,8262.23432293635,-209.669448984165,431.338897968329,443.046360279818,TRUE
508,0.0102759389943335,0.524143071673508,1.55096605319453,0.315783311683484,0.586712154837709,10.65867465062,2.8349548807074,47.5112953158127,8400.71199391019,-210.311805129213,432.623610258427,444.331072569915,TRUE
509,0.00155297384179877,0.55963668300061,1.56749043610208,0.325483114649438,0.532009630748705,1.69336591530724,2.49260848958577,46.2135047943002,8403.34635576805,-210.202137260601,432.404274521202,444.111736832691,TRUE
510,0.00912068276092227,0.531286002993868,1.69993312067676,0.38945646195736,0.615290561626169,9.5227129599504,2.7458492011985,36.3233791062214,8412.35427705074,-210.488729574606,432.977459149212,444.684921460701,TRUE
511,0.0159234259461177,0.521151718361512,2.0012511203175,0.312821003084714,0.526915026935182,15.9984665940372,2.83678927141418,56.6326688985324,8376.12799286982,-209.622354254044,431.244708508087,442.952170819576,TRUE
512,0.0124193471038699,0.535393243854151,1.74459592369761,0.202358124438193,0.453292207702927,12.7264751997175,2.95854821446992,97.6529187719085,8350.62954412407,-207.245787144324,426.491574288649,438.199036600137,TRUE
513,0.0264654374826145,0.559440005427714,1.7726668381804,0.297298819387675,0.579803253627102,25.0802384905513,3.14348786571224,60.5021234801306,8346.28883802101,-209.43547960055,430.8709592011,442.578421512589,TRUE
514,0.00605471082481465,0.532938947899561,1.99906548325967,0.375021885536641,0.543981283771543,6.43322526791317,2.55167326874133,41.2421746676346,8409.23251764895,-210.076181383692,432.152362767384,443.859825078873,TRUE
515,0.0053669072418542,0.508556521434252,1.31202200807041,0.257230058033802,0.515718014497913,5.72494877974043,2.80853925001518,62.6713722076102,8372.45018369464,-210.470741602888,432.941483205776,444.648945517265,TRUE
516,0.0129837519183585,0.56620457150319,1.54588377243558,0.166587358937202,0.509204684450738,13.2624959498972,2.9857595875811,97.9712705273314,7700.03444397687,-203.335165464328,418.670330928655,430.377793240144,TRUE
517,0.00598032152703606,0.569133177368845,1.91445193507264,0.227788369524293,0.49259048171608,6.35689365743744,2.4236316271014,73.8906206858124,8293.45059365856,-209.447947597521,430.895895195042,442.603357506531,TRUE
518,0.0131656337403645,0.528728307303896,1.52600942498362,0.216897511492876,0.473131512337889,13.434486717779,2.85511714669815,86.937961720026,8249.79923715238,-210.106445839804,432.212891679608,443.920353991097,TRUE
519,0.00663994452484475,0.542213166709886,1.79542869819785,0.185987470092322,0.525400338498369,7.03145050849667,2.52655184726476,85.1417466118926,8262.38102817084,-209.860968382552,431.721936765105,443.429399076593,TRUE
520,0.00478809155744077,0.548401950924989,1.5736371971432,0.205135559379897,0.505122283662713,5.12451469759497,2.53533094698942,78.7953591405809,8274.55603547211,-209.935283380288,431.870566760576,443.578029072065,TRUE
521,0.00694553030152324,0.542071821268095,1.48364477386172,0.314938896125025,0.49321874476602,7.3422119470814,2.70291700524684,54.5494245028595,8386.6892152833,-210.167588024184,432.335176048368,444.042638359857,TRUE
522,0.011668347248001,0.57631941899539,1.94536341370262,0.32308998370324,0.491189566990079,12.0077952964762,2.59643011806107,56.1192146348556,8371.07023455217,-209.409722812177,430.819445624354,442.526907935843,TRUE
523,0.00555530592987286,0.537734343355435,1.45147434520408,0.170780623452668,0.523636977950517,5.91951690659988,2.76676730917744,96.2446089805396,8649.6279476717,-210.131022723738,432.262045447477,443.969507758965,TRUE
524,0.00671854630216392,0.515217724598909,1.67334161899894,0.281112012547578,0.519497538495052,7.11148866531621,2.67547887501687,57.8487610477688,8382.4609119188,-210.008810840747,432.017621681495,443.725083992983,TRUE
525,0.00683732546926256,0.564205507126017,1.51905323126579,0.139711977895607,0.563891731663851,7.23230023493583,2.80614670508001,98.002779735536,7650.98099964257,-203.146555094592,418.293110189183,430.000572500672,TRUE
526,0.00876106086045837,0.507829833428806,1.84257658566907,0.303718417375456,0.625778541481672,9.1659854759321,2.72620033791412,45.5821115070136,8405.95995073852,-210.156018488566,432.312036977132,444.01949928862,TRUE
527,0.00363491731455263,0.56224887079205,1.31348304391712,0.310500894214941,0.541507729666623,3.91619695105419,2.65986699959827,48.666307172091,8398.44082357627,-210.516353711668,433.032707423336,444.740169734824,TRUE
528,0.00356936687442857,0.553170145661361,1.70059220390098,0.300772051515361,0.5643807657511,3.84702562403613,2.50969481039827,48.1765852176559,8399.64618927052,-210.015405366059,432.030810732117,443.738273043606,TRUE
529,0.0104114761142582,0.522790431161071,1.6563461390222,0.271004444609632,0.65105827213061,10.7909552500542,2.79282123103834,49.9422014539934,8397.02448617693,-210.111664869423,432.223329738846,443.930792050335,TRUE
530,0.0100681798625329,0.522520588845467,1.96345591401984,0.286417370654195,0.495038048819924,10.4555040542736,2.65489889156226,61.6744303837376,8364.39532574974,-209.602562447805,431.20512489561,442.912587207098,TRUE
531,0.0129194907771865,0.548892474230418,1.94441231762672,0.305598047452347,0.548097090712017,13.2016428948729,2.69929602995004,53.9653468731655,8380.8317792072,-209.577101024054,431.154202048109,442.861664359597,TRUE
532,0.0105156113910102,0.562453960511807,1.77979070607221,0.230421935731459,0.541161049333047,10.892447629853,2.6094911135514,70.043820957567,8313.56445738251,-209.544089804065,431.088179608131,442.795641919619,TRUE
533,0.0140918554592156,0.540589907139806,1.93069976315015,0.330325692241881,0.525716032042458,14.3047488512619,2.76089356322753,52.7453910237,8384.69792494709,-209.680790827605,431.361581655209,443.069043966698,TRUE
534,0.00640721918470447,0.553113310188283,1.57609192458714,0.184632420406456,0.549600546136134,6.79404454514234,2.56766819167803,81.6989973430762,8254.06874630977,-209.966771950344,431.933543900689,443.641006212177,TRUE
535,0.00975463379002529,0.55184696209195,1.40479103199793,0.322552282906163,0.53818314267512,10.1479563802306,2.81416690856773,50.3724375146547,8392.73885734795,-210.297524765421,432.595049530842,444.302511842331,TRUE
536,0.00484620437210379,0.545929010858633,1.23348098011732,0.2627428062776,0.607410885231381,5.18498002867425,2.77464771407637,51.9327651593956,8394.30155000422,-210.616500556476,433.233001112952,444.940463424441,TRUE
537,0.0128663438063386,0.537304113726351,1.64774492073365,0.261222392176975,0.616712436803652,13.1512803877936,2.81997779022442,56.0613924306213,8378.62943316631,-209.900633957797,431.801267915594,443.508730227083,TRUE
538,0.0167147206812865,0.553817411558307,1.88747591822116,0.282608282430983,0.570850854035375,16.7191856931348,2.80798600174794,58.2799091179022,8364.19103183731,-209.480815627386,430.961631254772,442.669093566261,TRUE
539,0.0107086839165749,0.542683123462287,1.7972098375198,0.177301568577928,0.574150722972878,11.0802967707106,2.64081226061962,85.3574674091967,8253.35627707705,-209.848892481398,431.697784962796,443.405247274284,TRUE
540,0.00685450074994465,0.546776330785682,1.54322746764876,0.287220039589168,0.604196872493742,7.24975564656846,2.67614339107605,48.8407945434279,8397.37537382249,-210.210006933547,432.420013867093,444.127476178582,TRUE
541,0.00910007274012509,0.55148260973195,2.06728415841444,0.215129020599843,0.501984412340285,9.50230891411814,2.50106897655227,79.1763383453061,8265.60633588222,-209.456094342295,430.912188684589,442.619650996078,TRUE
542,0.0028718045899071,0.551640071382881,1.84964030477197,0.313748350161257,0.482925258238469,3.10766608263898,2.43729310039272,53.4953565813592,8389.17876822372,-209.78127525974,431.562550519479,443.270012830968,TRUE
543,0.00782291973835939,0.54989410600649,1.68221256544603,0.28923682546362,0.552290474298421,8.22837314838537,2.63204516534303,53.5546473138415,8386.47210582155,-209.880421502797,431.760843005593,443.468305317082,TRUE
544,0.00328394833512725,0.518058155223202,1.68313135836852,0.176625833976935,0.40836170879241,3.54522763211153,2.71842894200467,97.93897008798,7278.31863896461,-201.814373763443,415.628747526885,427.336209838374,TRUE
545,0.01022729352576,0.525491064081813,1.54686624292583,0.209886655170793,0.52780865532287,10.6111473514615,2.7595417221003,78.257262438686,8277.93329347354,-209.936355543669,431.872711087338,443.580173398827,TRUE
546,0.00502382101708608,0.563544770539312,1.4466296198391,0.189747296097984,0.480207736042044,5.36953470532421,2.58058231376061,90.0830956732765,8297.20077713246,-210.427315420061,432.854630840122,444.562093151611,TRUE
547,0.00427134625982931,0.544037439069188,1.58384036077592,0.233268079137516,0.506362381283516,4.58505577129409,2.54357130518181,69.2256206952743,8333.98241151597,-209.845271019208,431.690542038417,443.398004349905,TRUE
548,0.00872375580283507,0.539544953838494,1.79980725707568,0.28324996551451,0.562392092335396,9.12889556955913,2.64083871260979,54.2295550391345,8385.39436443991,-209.82152855158,431.64305710316,443.350519414648,TRUE
549,0.0109778827569306,0.550151700326666,1.71936861821061,0.333910906727766,0.412356184237402,11.3415131241688,2.68512629510054,64.0200676475509,8348.18634044889,-209.67070165462,431.34140330924,443.048865620728,TRUE
550,0.0192784294253321,0.544609780326849,2.004703065591,0.210085391873806,0.395230368236089,19.0094936910383,3.02218720610628,97.6837994199585,7017.06327783809,-201.428708679003,414.857417358005,426.564879669494,TRUE
551,0.00867100834519525,0.553319098354209,2.28041360944577,0.218881189559513,0.551154292002834,9.07642497784451,2.45292048582885,70.939795453621,8311.90638076207,-209.213249367497,430.426498734994,442.133961046483,TRUE
552,0.00810834969093357,0.544540636295357,1.62241995344338,0.191761163577514,0.460167226884707,8.51472100950634,2.83870454457974,97.6268273275222,8418.78284757484,-207.781852076245,427.563704152491,439.271166463979,TRUE
553,0.0125242218640018,0.510875668069607,1.77769593448167,0.265901387679798,0.468713068138533,12.8263406669942,2.79099110232102,71.6866344115949,8319.62417036061,-209.678754372664,431.357508745328,443.064971056816,TRUE
554,0.0112325979214091,0.508995548957819,1.98608425073433,0.248284316687316,0.59586053102172,11.587927189147,2.72163339350781,59.9237418385425,8372.5351097353,-209.667920650304,431.335841300607,443.043303612096,TRUE
555,0.00880411984507996,0.514201661600242,2.31019058356753,0.226031948549615,0.462512216697656,9.20877621260883,2.52767152012981,81.6525051942843,8278.63995504922,-209.475672142189,430.951344284378,442.658806595866,TRUE
556,0.0153900942981192,0.526735185926349,1.62982599781243,0.258628222392829,0.549825813716922,15.5089712579845,2.90977709004602,65.0309560877351,8346.11474373942,-209.80294182111,431.60588364222,443.313345953708,TRUE
557,0.00816109228653807,0.605627088145562,1.45965558416165,0.217931399241181,0.594898558522492,8.56752969434455,2.58520573549235,65.78637542176,8330.12867950296,-209.787368898713,431.574737797426,443.282200108914,TRUE
558,0.00829430020564006,0.537421198869344,1.52856417408899,0.252455714699148,0.537438085451096,8.70076102577687,2.71269208912402,63.1702235151409,8358.83572307972,-209.981781268914,431.963562537828,443.671024849316,TRUE
559,0.0136513718078757,0.558310794252263,1.51059838749765,0.215908244311832,0.619299154951167,13.8920401935909,2.82183982301505,67.698739048766,8326.18710333406,-209.800554667285,431.60110933457,443.308571646059,TRUE
560,0.00727151900214575,0.546223737640099,1.44892315377714,0.299242938637599,0.470384466803938,7.67251152836662,2.70506802633925,60.2864239070471,8369.12397633886,-210.075972034761,432.151944069523,443.859406381011,TRUE
561,0.0150739639324735,0.542998826308619,1.79190776648243,0.150537857166764,0.500031076417915,15.2173970731057,2.9177919985561,97.6156178556156,6654.59076243382,-202.390383234169,416.780766468339,428.488228779827,TRUE
562,0.0048556209537146,0.533185955517094,1.36815529920097,0.216257257427358,0.52256046161872,5.19477397804808,2.67500054662424,72.684011703959,8318.2310421927,-210.166169831699,432.332339663398,444.039801974886,TRUE
563,0.00583762236056098,0.528300145308959,1.63449884446601,0.260924891814645,0.445927412440735,6.21028433342424,2.60067832117807,71.4101432546404,8324.2934135873,-209.886761609087,431.773523218173,443.480985529662,TRUE
564,0.00622255144427467,0.552813478921128,1.57963199617902,0.212516417349409,0.56713036279178,6.60520675901919,2.58088055424481,69.2598059074375,8327.83081494684,-209.802799692088,431.605599384176,443.313061695664,TRUE
565,0.00529323306416339,0.51688014477076,1.40814766529372,0.237037243948679,0.559790664946092,5.64874641317422,2.73166568078782,62.5858428148235,8369.86771876789,-210.248856781582,432.497713563164,444.205175874653,TRUE
566,0.00510494894904219,0.550590731935042,1.4285053282396,0.192011090794142,0.577267195239754,5.4537053467313,2.60881386084216,74.1606005583125,8301.8239219872,-210.05078248291,432.101564965821,443.809027277309,TRUE
567,0.00752068919383537,0.549399069990733,1.47846372317788,0.237494870134409,0.500427401208793,7.92413717983773,2.66464279542441,71.1512672946123,8317.18431251105,-209.922255256561,431.844510513123,443.551972824611,TRUE
568,0.0104917603981445,0.52497926759911,1.78329070088463,0.239745827208093,0.554053271314633,10.8692127603043,2.70474875966724,65.9951726498677,8346.32065662458,-209.692962642119,431.385925284239,443.093387595727,TRUE
569,0.0111044844347009,0.537367631204736,1.86339379060933,0.249397895532514,0.641391695789708,11.4640796685459,2.69322780472619,55.3978860348342,8380.72112719414,-209.724360111659,431.448720223319,443.156182534807,TRUE
570,0.0166533377163971,0.548357814497678,1.95418067163939,0.249135193915889,0.505711308270319,16.6635129619808,2.76187810891072,73.875542453643,8285.64254003576,-209.356489287679,430.712978575359,442.420440886847,TRUE
571,0.00679301857262839,0.554042605973085,1.54501355757153,0.153093623044603,0.458293755758106,7.18725464978528,2.74212856661559,97.785773686537,6802.00442279427,-202.164419046506,416.328838093012,428.036300404501,TRUE
572,0.0096845021671386,0.561434658199532,1.48733658716071,0.228234705029482,0.511372469512652,10.0790135511184,2.69070584778215,73.9640081552461,8291.88176290831,-209.845682614711,431.691365229422,443.398827540911,TRUE
573,0.00614617853197922,0.521716839289423,1.66703290103054,0.269991407870053,0.414770848633953,6.52699107841518,2.60764460692465,74.3188650365571,8309.90452464361,-209.847808587138,431.695617174277,443.403079485765,TRUE
574,0.0151435815651971,0.571090144432184,1.44579642975167,0.251141388265617,0.563398937235556,15.2816985060671,2.87709710486566,65.0940585487593,8334.99757795139,-209.81698771711,431.633975434219,443.341437745708,TRUE
575,0.00493686201748716,0.563178997853346,1.30084069407488,0.212319646301102,0.627223946574034,5.27922639086309,2.67126459300773,62.0594919214476,8362.16703844895,-210.259727539416,432.519455078832,444.226917390321,TRUE
576,0.00639534684883281,0.542476010041092,1.7896179122871,0.277875344180611,0.582510635214636,6.78191626340649,2.57532031372658,52.0647016445482,8391.70099695582,-209.8555272129,431.711054425801,443.418516737289,TRUE
577,0.00785996614214898,0.530514081028231,1.65946592680058,0.254051305071258,0.528229860003091,8.26559216117017,2.66271792640027,63.5633846445221,8358.65168219478,-209.853015476148,431.706030952296,443.413493263785,TRUE
578,0.0107820280996103,0.572757243812105,1.41856811441405,0.157769946378443,0.502164255715903,11.151546766598,2.93689076941334,97.987164304342,7367.86583380527,-202.21802210836,416.436044216721,428.143506528209,TRUE
579,0.00846805108767455,0.566396962023363,2.16194609462854,0.327353864314301,0.461324389689363,8.87423389363119,2.47429772656068,56.9510902486178,8371.81642098734,-209.358749172087,430.717498344174,442.424960655662,TRUE
580,0.0127451223198018,0.547417706285554,2.07439836992932,0.303190701251475,0.504460160110782,13.036294007851,2.65198984559237,58.8750433917611,8364.97416234847,-209.409559052344,430.819118104688,442.526580416176,TRUE
581,0.00594847272216304,0.528068578939921,1.55322956968511,0.237463769255908,0.484534640353542,6.32419315936486,2.63424105414782,72.2628110018084,8319.87987153559,-209.952743324721,431.905486649443,443.612948960931,TRUE
582,0.00837872152655556,0.538269029775521,1.62896529680846,0.332953521483162,0.439715409815596,8.78509085733719,2.68279035948511,58.7031037312903,8374.03488053621,-209.899539295195,431.799078590389,443.506540901878,TRUE
583,0.0169689970494032,0.50431406284634,1.72865351998994,0.249575625902956,0.467554885620844,16.9493875333489,2.95300504010854,79.8624514544538,8267.4736366137,-209.769757293142,431.539514586285,443.246976897773,TRUE
584,0.0116244234981841,0.483264442785749,1.46117575905386,0.259232213606775,0.50562873629255,11.9655682520888,2.98363375209788,67.7541832477018,8351.45162349715,-210.224130315716,432.448260631432,444.155722942921,TRUE
585,0.00947737116660133,0.556097896183888,2.55154823051095,0.340078684789714,0.583445286426475,9.87506654797266,2.47963777180526,43.9869645597806,8402.35587897717,-209.520875361505,431.04175072301,442.749213034499,TRUE
586,0.00652014908971791,0.588937545276114,2.01670417055532,0.187510925198497,0.506931372261977,6.90932565629956,2.3760480621775,87.537495357189,8274.24949309558,-209.857080811805,431.714161623609,443.421623935098,TRUE
587,0.00314747091509271,0.553977087937118,1.58728643631985,0.382221795023326,0.4930745996732,3.40056482639285,2.54755008107995,43.2293908772171,8406.87045758516,-210.294783974999,432.589567949999,444.297030261487,TRUE
588,0.0137912017390327,0.559134876804967,1.91556180263481,0.208942108254702,0.566960708196563,14.0232808632951,2.65890522025528,76.0277776020317,8271.50758731425,-209.42877132212,430.857542644239,442.565004955728,TRUE
589,0.00377879074622838,0.54349118847329,2.12888302991225,0.251947219397428,0.49167757087698,4.06783353146203,2.38422350749076,65.7618882644976,8347.97361746242,-209.40091695505,430.8018339101,442.509296221589,TRUE
590,0.017259075221461,0.546141090036059,1.94704128101823,0.224554541845723,0.503314695643952,17.2111769698213,2.77899953628526,82.4297719824303,8238.91144918982,-209.53229367168,431.06458734336,442.772049654849,TRUE
591,0.0110111832157047,0.498756850271217,1.25545083774999,0.230031794058461,0.507458090848185,11.3737696136734,3.02179514033332,75.1737720620849,8307.47880090033,-210.431110662156,432.862221324312,444.569683635801,TRUE
592,0.011319258421467,0.549611040328494,1.58128222268755,0.290105345713569,0.513411289516096,11.6715980029058,2.76084582603422,59.5348705331226,8366.53257585322,-209.847424736083,431.694849472165,443.402311783654,TRUE
593,0.00897980502118558,0.529296485673999,1.65721861542393,0.423397148006345,0.433293493197466,9.38314599742984,2.73876028057448,47.3078134339826,8400.87504542686,-210.178823458833,432.357646917666,444.065109229155,TRUE
594,0.00688802912011892,0.554090977425213,1.42768831704106,0.190115259307865,0.555336554584771,7.28382086384348,2.64489265892199,79.0464734293859,8265.39924883493,-210.05109704134,432.102194082679,443.809656394168,TRUE
595,0.00333960020397304,0.521596840762783,1.61447803579719,0.30655374946158,0.579403987127394,3.60415161936428,2.61038809469705,45.966888725548,8407.05957207365,-210.351547424756,432.703094849513,444.410557161001,TRUE
596,0.00448034723121694,0.563427560836246,1.64964085741213,0.226831988789684,0.556967939421287,4.80363259084317,2.49315028181609,64.9775118718331,8347.77095929446,-209.725878767303,431.451757534606,443.159219846095,TRUE
597,0.00692181400947713,0.553244483290049,1.53382152809722,0.212263711530925,0.496835230360134,7.31813332831295,2.60044709372398,79.1669000661489,8265.69018724916,-209.932469191915,431.86493838383,443.572400695318,TRUE
598,0.00414547789181776,0.51285538623838,2.41287383833317,0.218096760357869,0.509927179411128,4.45316478113364,2.39409687223736,73.3045715870523,8320.65117272918,-209.362750719734,430.725501439468,442.432963750957,TRUE
599,0.00818238849576418,0.569001667876902,1.5521352363401,0.270039204427589,0.500318960119836,8.58884345001297,2.62685743391347,63.2999839626737,8350.82068788029,-209.792235359168,431.584470718336,443.291933029825,TRUE
600,0.00734679668592438,0.584563610197833,2.08850165643515,0.279723460975573,0.592355550514992,7.74860760536236,2.43588990950966,51.3560862297821,8385.49642719242,-209.418534810163,430.837069620326,442.544531931814,TRUE
601,0.00460555601629173,0.530782781623068,1.32463575902344,0.331670113231875,0.570661423818381,4.93432471728664,2.76639884927464,43.7477453500803,8408.46733281951,-210.729498162664,433.458996325329,445.166458636817,TRUE
602,0.00553049308944938,0.524345482631957,1.7477975428488,0.196274050635652,0.404857195739462,5.89391580666449,2.78320965068344,97.9463355821955,7823.89866405669,-203.939296623311,419.878593246622,431.586055558111,TRUE
603,0.00479568853587081,0.575454738638403,1.64497424004884,0.294515710299897,0.429442568322769,5.13242152997932,2.47871471296004,65.0981503123376,8343.58309178121,-209.734062643334,431.468125286667,443.175587598156,TRUE
604,0.0191360642395668,0.563800442552549,1.82453307786821,0.228389720309986,0.463632643674849,18.8840813484765,2.86265637364504,90.6771468548875,8319.68858238915,-209.952369753674,431.904739507347,443.612201818836,TRUE
605,0.009197414610933,0.530191375727537,1.33122341673812,0.295828255485032,0.482771721342719,9.59863516915834,2.86558307379489,60.6908249230714,8370.12756719732,-210.333228290463,432.666456580925,444.373918892414,TRUE
606,0.00569240164956723,0.532741481606081,1.63229087385851,0.29253893493363,0.566057755848424,6.0608353081057,2.63502293223924,50.5333400593028,8396.95243840684,-210.107148552946,432.214297105892,443.921759417381,TRUE
607,0.0200481057419179,0.510281110276144,1.35760871117971,0.21761748503459,0.511078096794825,19.6839583162757,3.22326018410158,86.2396962816607,8228.92576014547,-210.214351512557,432.428703025115,444.136165336603,TRUE
608,0.00300942250650481,0.525355770076278,1.89823907728665,0.254613089723904,0.541324682756406,3.25400376639153,2.47318141376941,58.8305716588175,8379.67548566021,-209.789654200895,431.57930840179,443.286770713278,TRUE
609,0.00354103270077776,0.561351474265786,1.5122805314865,0.345481980163383,0.48649058285777,3.81711004823784,2.56191061841188,48.6334927534953,8398.18997190037,-210.226160444026,432.452320888052,444.15978319954,TRUE
610,0.00941346932652574,0.533411653413041,1.88620029330257,0.235429954200777,0.562639197610689,9.81204823459343,2.62235702864007,65.4112490893665,8347.28502659402,-209.575122024563,431.150244049125,442.857706360614,TRUE
611,0.00971821166089363,0.525859972047303,2.23072404401793,0.267027430705013,0.443940045333491,10.1121586242338,2.54926300797664,73.0009460314484,8309.25739228045,-209.346915117201,430.693830234402,442.401292545891,TRUE
612,0.00462366456288393,0.577878403190681,1.77374209622004,0.293132865552168,0.529020391177944,4.95321060933866,2.45368827835382,53.25542915214,8384.76392614345,-209.686903192455,431.37380638491,443.081268696398,TRUE
613,0.00644734899287976,0.562829803758152,1.73347710726037,0.202610929154979,0.495251773502249,6.83502713283256,2.49272294353887,82.6086410614082,8249.3479285437,-209.809507410859,431.619014821717,443.326477133206,TRUE
614,0.00297154688077556,0.539847725805756,2.79150990219708,0.188690089810159,0.533598823550812,3.21375154418079,2.24677555213585,79.5856383868741,8284.47303938261,-209.244652817684,430.489305635368,442.196767946857,TRUE
615,0.00337785732386937,0.528206671825778,1.51375060395343,0.241390918387156,0.609848942634186,3.64463606891741,2.61565239122318,55.37086914463,8389.82713162235,-210.230838780835,432.461677561671,444.16913987316,TRUE
616,0.016222567085072,0.516346636441192,1.54104640865601,0.205987956865844,0.556111181462772,16.2717024053535,2.97259420050608,80.5956706437824,8257.3369223545,-209.929880031469,431.859760062938,443.567222374427,TRUE
617,0.024517360302728,0.539914106693157,1.65603905451928,0.300075525905182,0.456712407282592,23.4841295907165,3.14165142418185,73.8980778610476,8277.71795652353,-209.561323428136,431.122646856273,442.830109167761,TRUE
618,0.00592027283409455,0.558688210546017,1.78121844652468,0.223184563434214,0.473825653048867,6.29522908307655,2.47466681177736,78.1543755492293,8272.75756656539,-209.66207059464,431.324141189279,443.031603500768,TRUE
619,0.0137439059664094,0.553887825428788,2.28966078083895,0.204431721480533,0.498305174308546,13.9789140516524,2.59488829671998,88.7770955962763,8310.02078002148,-209.714953083124,431.429906166249,443.137368477737,TRUE
620,0.00557857809988434,0.548066227870666,1.50406803797482,0.282346075948745,0.476633257325347,5.94352170367269,2.62215323796456,61.8603580195312,8364.1115246655,-210.037032144473,432.074064288946,443.781526600435,TRUE
621,0.00365813653413096,0.557214727504697,2.23444717899781,0.232337640338335,0.5179276298517,3.9406861542252,2.32851599640036,67.5056679461711,8335.29446141795,-209.282009149076,430.564018298153,442.271480609641,TRUE
622,0.00653259764510188,0.585291627290221,1.4986898313575,0.342370323489577,0.622007266404091,6.92202416521079,2.6217793265287,39.7028491550513,8406.4522194525,-210.340208175337,432.680416350674,444.387878662162,TRUE
623,0.0260663241771003,0.511185842150434,1.38891447404392,0.236321452121754,0.583577830507944,24.7561479138045,3.42517016234269,74.7090421520675,8281.30337440509,-210.034983950975,432.06996790195,443.777430213439,TRUE
624,0.00420411277674608,0.542407098279258,1.26930496629939,0.29413188048789,0.490802483777312,4.5146292015864,2.72856824522288,56.9384217744691,8383.85366068165,-210.489581920521,432.979163841042,444.686626152531,TRUE
625,0.00813689662590367,0.560983316468876,1.88962826062157,0.271496510285189,0.516622317288141,8.54330771936632,2.53347144820816,61.0102965724989,8360.04499184462,-209.505018045527,431.010036091053,442.717498402542,TRUE
626,0.00923477159845602,0.53621470199452,2.02365309233231,0.213149617111932,0.562778360875119,9.63557357948872,2.56005325639991,71.7968160479479,8313.37176559845,-209.407861604355,430.81572320871,442.523185520199,TRUE
627,0.011595058184352,0.527751480780173,1.93091644085986,0.253902129858674,0.496401293026094,11.9373253027338,2.67587890985613,70.194145402532,8322.32333234571,-209.520103785907,431.040207571814,442.747669883302,TRUE
628,0.00636489130800521,0.541205135202315,1.41215996597296,0.248537981311395,0.492221052067323,6.75079652781981,2.68776376442891,68.4158356354158,8336.95180990029,-210.061079274841,432.122158549682,443.82962086117,TRUE
629,0.00367769437531581,0.538936915446755,1.55434595207481,0.275379250655245,0.392551072110025,3.96130860488633,2.53873555701141,74.8762154533913,8303.66986654614,-209.951039271444,431.902078542888,443.609540854376,TRUE
630,0.00908234687752278,0.512642039722702,1.77434494790749,0.291257592907672,0.644739009446936,9.48475630783009,2.74403600462875,46.2878927272934,8404.32642462632,-210.169205211334,432.338410422668,444.045872734156,TRUE
631,0.00911114173404455,0.505953884455218,1.56946311780796,0.277538045649062,0.527531883253259,9.51326789056885,2.80980707840914,59.2076935071518,8378.89714879738,-210.134777817022,432.269555634044,443.977017945533,TRUE
632,0.0212833168469623,0.598620580118219,2.31815407078692,0.23848843676211,0.45149632012093,20.7539206079225,2.81059217251216,95.3492871749937,8690.99202387415,-209.470216973538,430.940433947076,442.647896258565,TRUE
633,0.00496291483182877,0.527188315705083,2.59229342166728,0.202862751238467,0.457958948187341,5.30629220489733,2.3673170625242,88.9744180526866,8361.18267697186,-209.757107491454,431.514214982909,443.221677294397,TRUE
634,0.00475428404466848,0.572007364112226,1.21610449574297,0.275971894138275,0.505354081040191,5.08931985256534,2.70591093400906,59.2074894874454,8371.53191864597,-210.380796587109,432.761593174217,444.469055485706,TRUE
635,0.00621298252895492,0.514503972431115,1.73953300354495,0.268172061454862,0.46906287606987,6.59541075131687,2.61845988876002,66.5484519011383,8352.24717354315,-209.786237357458,431.572474714915,443.279937026404,TRUE
636,0.0067851068251936,0.5509888821228,1.48744111588107,0.349080712018383,0.601109772096327,7.17920856403764,2.70756039426175,40.4144822300424,8408.42202863613,-210.506894671648,433.013789343295,444.721251654784,TRUE
637,0.0057038856612697,0.548194637266196,1.64433601431313,0.210226052462078,0.600347534562064,6.07266285221764,2.55959346259051,65.9121424429948,8346.40162808851,-209.74047728634,431.480954572679,443.188416884168,TRUE
638,0.0052678550773895,0.522124722996015,1.73510325533717,0.325935153052122,0.663757459908686,5.62248249289409,2.63679642837233,38.5750780590886,8413.34222332424,-210.425917444005,432.851834888009,444.559297199498,TRUE
639,0.00629667303755361,0.530496371374112,2.08431926971851,0.256522094988223,0.508516755856896,6.68105065450558,2.49308256952416,64.2589388462658,8355.76100130556,-209.435950336485,430.87190067297,442.579362984459,TRUE
640,0.00794118688887683,0.523442724027206,1.72422796363767,0.234928680321986,0.511752826571589,8.34713548002077,2.64251742569393,70.7404112100838,8326.49998871021,-209.765155467052,431.530310934104,443.237773245593,TRUE
641,0.0126309445403185,0.509925714261349,1.32715405191519,0.258118476458635,0.547683057074674,12.9278414933068,3.02647171080159,63.5877084631164,8360.90825146577,-210.375344154312,432.750688308623,444.458150620112,TRUE
642,0.00581947440865506,0.562665356246509,1.66054964469574,0.233053395104162,0.49612751492099,6.19162172285578,2.51285559412439,71.7276063177491,8310.54082159898,-209.648557836448,431.297115672896,443.004577984384,TRUE
643,0.0152658245489941,0.577645741560717,2.28681865823488,0.217359736571843,0.497574418531447,15.394481539317,2.57078124910379,84.2532719242798,8235.21957936998,-209.400213901215,430.800427802431,442.507890113919,TRUE
644,0.00680983941908583,0.554478695923532,1.72266942255805,0.183748653613029,0.510407129524087,7.20435865730351,2.54194483669288,89.342006915614,8305.70980054595,-210.138691541879,432.277383083758,443.984845395247,TRUE
645,0.00956131097631745,0.544809665837338,1.6050209415521,0.326560245311047,0.488898655248889,9.95777497736758,2.7219758814239,54.5951382296319,8383.68434217349,-209.968160293423,431.936320586845,443.643782898334,TRUE
646,0.00707649964289451,0.544101965117461,1.81661879393506,0.207018842829591,0.624190421327504,7.47506312236209,2.55190660099879,65.3599291753498,8347.37492714026,-209.624358933047,431.248717866094,442.956180177583,TRUE
647,0.00914035016014119,0.536611274125951,1.50509906767769,0.285951326801328,0.490341082717303,9.54217926570653,2.7542054520257,61.7335560010092,8363.92993633116,-210.015937438132,432.031874876264,443.739337187752,TRUE
648,0.00615421747979724,0.49297412512576,1.20761277704483,0.248417177095619,0.575696258179221,6.53522725366148,2.95538733980943,58.7424606922082,8387.40650276159,-210.827622678164,433.655245356327,445.362707667816,TRUE
649,0.00753990521567327,0.539088442949508,1.37300554530279,0.292864064436426,0.566714177067604,7.94351242435392,2.79089735689457,51.434314222542,8394.40831828015,-210.361505777862,432.723011555723,444.430473867212,TRUE
650,0.00718699332815966,0.5648004337084,1.48643479416144,0.250931002493575,0.396786412911619,7.58698781001857,2.60205148609031,83.7910871456505,8235.58850959245,-210.125881608576,432.251763217151,443.95922552864,TRUE
651,0.0132212928098135,0.550278135803923,1.63166123578551,0.214939455966414,0.523509663214373,13.4870466920162,2.75282423494437,79.3817567620288,8254.58540319305,-209.760222100823,431.520444201645,443.227906513134,TRUE
652,0.0110793594476833,0.532720252389068,1.92516192338829,0.198489534906198,0.573224227707572,11.4397697609313,2.63801961181281,76.9458345670002,8282.06390061541,-209.545687774217,431.091375548434,442.798837859923,TRUE
653,0.00904511876813575,0.525300969125409,1.87236236726384,0.300635430162563,0.598999873160612,9.44788034515275,2.67559309461923,48.2201686516533,8399.37190245151,-209.985747562425,431.97149512485,443.678957436339,TRUE
654,0.0152157118723622,0.522552140592509,1.46329987948788,0.304283178615756,0.369001684951508,15.3482661789214,2.96009414679471,81.2703166603999,8251.38168630314,-210.017819511859,432.035639023719,443.743101335207,TRUE
655,0.011505070638069,0.563932232911421,1.52413884330644,0.236609766667568,0.628416426490923,11.8507173668571,2.75766930151845,59.7319404552798,8362.92448947875,-209.908292296459,431.816584592917,443.524046904406,TRUE
656,0.0112044992661045,0.56374913916512,1.49398467684812,0.255494977615856,0.459166473680255,11.5607798877631,2.72614054907055,74.739903499636,8283.28393265775,-209.842633535504,431.685267071009,443.392729382497,TRUE
657,0.00957211904050405,0.524563007326892,2.68207592480596,0.226921297181763,0.486031618685817,9.96841865052452,2.46553203181153,78.104007763789,8284.39031107811,-209.198599843627,430.397199687254,442.104661998743,TRUE
658,0.0146600346030321,0.536143441786989,1.45270268771257,0.205605603457588,0.534352190100721,14.8340061457426,2.91084110326595,82.4374927945911,8239.59959588032,-210.006052073201,432.012104146402,443.71956645789,TRUE
659,0.0070003402317163,0.531381700297034,1.5858580014664,0.302707448040511,0.49570143541432,7.39783393753464,2.68097775330983,56.4802167324816,8383.26813151806,-210.021462701283,432.042925402565,443.750387714054,TRUE
660,0.00661148602617898,0.534434060866725,1.7670453101845,0.27685239259004,0.520626485052003,7.00245398160997,2.59217101556451,58.5001000108344,8376.35759507825,-209.78572333811,431.571446676219,443.278908987708,TRUE
661,0.00708255727777566,0.515095462462727,1.50089399304958,0.294059114953527,0.620746400976461,7.48120292150814,2.78457984272354,46.5917480022919,8405.05213220768,-210.502023623978,433.004047247957,444.711509559445,TRUE
662,0.0124408617399376,0.565614694183906,1.80682422543405,0.205812262827879,0.570031100515448,12.7469720780458,2.63815559175382,75.6642501913123,8273.58269733882,-209.503139264877,431.006278529754,442.713740841243,TRUE
663,0.00792532140429836,0.532287108091813,1.60940745441472,0.202328229917337,0.452277357410785,8.33121301193883,2.808099343548,96.7019905483996,8665.04455411607,-209.527311835339,431.054623670678,442.762085982167,TRUE
664,0.0139802481443974,0.550542684640758,1.70199216581246,0.208542847688917,0.467060792212634,14.2003777606091,2.92547455458817,96.8357997720132,8644.55425499832,-209.119116830764,430.238233661529,441.945695973017,TRUE
665,0.00499867710424833,0.520317630487875,1.5315139913725,0.200167013106387,0.483257903031905,5.343431700915,2.62295719066037,84.5220844703512,8266.94411512854,-210.168379302295,432.33675860459,444.044220916079,TRUE
666,0.0100577291532129,0.527977907169168,1.58180039999059,0.230211309852398,0.517032499635305,10.4452712464426,2.74273596421733,72.9796516213488,8309.738957554,-209.880067332642,431.760134665284,443.467596976773,TRUE
667,0.00813948498183849,0.556954094007417,1.61842879391053,0.232011598372835,0.532595739670913,8.54589921447906,2.61204103569248,68.9683743369394,8325.55378897861,-209.704274613585,431.40854922717,443.116011538659,TRUE
668,0.00797366282020888,0.488146789172572,1.49674001081772,0.330985349675588,0.507783551486899,8.37971893272427,2.87706632307486,51.0790786588764,8401.844672321,-210.513933554661,433.027867109323,444.735329420811,TRUE
669,0.0111690647296508,0.517054474261603,1.92288743331365,0.239548593900283,0.522051617395472,11.526532494643,2.69111524400559,70.4378568164666,8324.8962039199,-209.519955053181,431.039910106362,442.747372417851,TRUE
670,0.00481573968951032,0.514043362314185,1.88231284118748,0.351150825012443,0.491726608157677,5.15328715643198,2.57798422029141,48.0389420625785,8403.99324312345,-210.033020661411,432.066041322822,443.773503634311,TRUE
671,0.00757233757554747,0.562972088652002,2.05565498037033,0.260966870339481,0.674688817432401,7.97620373800671,2.49915730086883,48.502372123506,8394.68853986907,-209.60288468203,431.20576936406,442.913231675549,TRUE
672,0.00958956036830723,0.589939875828588,2.03052607903917,0.213287276323837,0.658009810489698,9.98559188705498,2.47597646539371,61.8598853826405,8347.78070709792,-209.289700270873,430.579400541747,442.286862853235,TRUE
673,0.0133390285788306,0.51879076248709,1.95744379583995,0.22943781824537,0.548238618774587,13.5981155226341,2.73963868452708,71.6255531515272,8315.30926625238,-209.494388726963,430.988777453926,442.696239765414,TRUE
674,0.00805524507522121,0.551159900083187,1.57923153887394,0.271856169990791,0.608774855180428,8.46151725541637,2.67939298070622,51.8479215741372,8390.41679519363,-210.018626522798,432.037253045596,443.744715357085,TRUE
675,0.00775665136572537,0.535104556742677,2.222394923974,0.291889440028193,0.48832094375039,8.16175617292616,2.50410947067259,59.8497690119328,8368.78397039905,-209.421317919732,430.842635839465,442.550098150953,TRUE
676,0.00682983105362533,0.531501486310497,1.51818414660418,0.273630527898791,0.572602624820866,7.2246824961344,2.71046794240636,54.0303108583062,8389.58294183181,-210.203531567453,432.407063134907,444.114525446396,TRUE
677,0.00195490898886319,0.550221080397437,2.27007498451192,0.221989693026535,0.427450029439078,2.1266906547995,2.27572281310872,83.4152234858395,8275.23482379932,-209.581020467592,431.162040935184,442.869503246672,TRUE
678,0.00410792499891147,0.54917731215009,1.74166715084421,0.176183584443811,0.590455858243914,4.41377775412329,2.45794874802504,77.9575383271083,8280.54393106512,-209.751827244535,431.503654489071,443.211116800559,TRUE
679,0.0184858339582309,0.574519118031355,1.59953475300935,0.208006095384606,0.474954843635294,18.3086517107179,3.10634085991233,97.5694319033491,8411.44862357036,-207.678148779951,427.356297559902,439.063759871391,TRUE
680,0.0065655281814999,0.534329273123967,1.49182358216868,0.192371794959986,0.607536281550118,6.95560708330144,2.66496460677769,71.6312637840335,8320.68363317894,-209.997582568768,431.995165137536,443.702627449024,TRUE
681,0.00835928247212557,0.527036983664484,1.45574684245857,0.37218368189721,0.498746973701024,8.76568017421147,2.81515964094393,46.4514354815899,8403.25520423844,-210.456832781645,432.91366556329,444.621127874778,TRUE
682,0.0125446376546685,0.530289456835357,1.6611781069709,0.303221594113674,0.538438646522876,12.8457672237081,2.82482849743547,55.1474308281296,8382.29021133049,-209.942408608273,431.884817216546,443.592279528035,TRUE
683,0.00971018333941854,0.552591308820644,1.81923529688848,0.253819053553676,0.554809835335224,10.1042658995792,2.61523728154171,61.8055984177539,8357.7205206438,-209.597360479436,431.194720958873,442.902183270361,TRUE
684,0.0131513288092843,0.535461907887514,2.05347329829063,0.270728563801881,0.560706132065551,13.4209728186913,2.69506726924592,59.5909356925333,8365.94230413756,-209.435016763698,430.870033527397,442.577495838885,TRUE
685,0.00963153946998772,0.556697311700627,1.58544781298335,0.210698529173613,0.430932997911821,10.0269115140217,2.85801397960784,97.4675602571963,8505.43543401936,-208.2978244131,428.595648826201,440.303111137689,TRUE
686,0.00616056737141778,0.529164748053573,1.48859628373054,0.225374778242698,0.605642682502227,6.5417323912125,2.69148557008504,61.4204199281425,8369.6031900728,-210.13551409585,432.271028191699,443.978490503188,TRUE
687,0.014789873877701,0.554410169935663,1.8158578924896,0.28597889367838,0.560654670845516,14.954463827274,2.77271095270046,57.45544671858,8368.82967746299,-209.5602975862,431.1205951724,442.828057483889,TRUE
688,0.00226605729233175,0.538889817444957,1.83842439880271,0.270908100965992,0.491128802985349,2.46075421042441,2.4360801284241,60.3974221875716,8372.74310778224,-209.738103075702,431.476206151403,443.183668462892,TRUE
689,0.00712366402168437,0.509227426856738,1.92619236836211,0.332169232601199,0.483587123174941,7.52285584879929,2.63305845742177,52.9021810664157,8394.49726653899,-209.885015995975,431.770031991949,443.477494303438,TRUE
690,0.00922496474330046,0.520132435486134,1.52001943095793,0.288086801217058,0.469398813296184,9.62587815439569,2.78556144605645,64.0301987174179,8358.85636066073,-210.050879402575,432.101758805151,443.809221116639,TRUE
691,0.00741453132858881,0.539497125645435,1.42413214164678,0.22131466405701,0.503907811747107,7.81702195291002,2.70145172998083,75.5257407546544,8293.91505605354,-210.042467920484,432.084935840968,443.792398152456,TRUE
692,0.0058317272321192,0.525756244882176,1.79339656115432,0.271808860780851,0.630348361893092,6.20422245504811,2.60351517637043,48.9361767870762,8400.5967291809,-209.992021878473,431.984043756945,443.691506068434,TRUE
693,0.00687549055012128,0.541712793162768,1.70495121578789,0.246114537184478,0.515523201651854,7.27108307831361,2.5849496961767,66.3951239368671,8344.29077334246,-209.698186116718,431.396372233437,443.103834544925,TRUE
694,0.00711165405801163,0.521493566176686,1.84728940105154,0.181075781347711,0.545916914404869,7.5106883598899,2.57228874758127,84.6987621284732,8271.95384116031,-209.867614781719,431.735229563437,443.442691874926,TRUE
695,0.0179731971437019,0.495390951966017,1.4618484878725,0.273764837449973,0.490974398926533,17.8519308176528,3.15229758820547,70.5835216839804,8325.10597163354,-210.08487712715,432.169754254301,443.877216565789,TRUE
696,0.00984998554162365,0.57097137483422,1.3981265419456,0.335429349143213,0.58454465600506,10.2416021049833,2.78958480729803,44.6821514554403,8400.02340544908,-210.379001188365,432.75800237673,444.465464688219,TRUE
697,0.0120349599772145,0.539627908668649,1.6575045606156,0.228661333539378,0.53171442022783,12.3594105952856,2.74336320344507,72.9423321191328,8302.4960636695,-209.709622790931,431.419245581863,443.126707893351,TRUE
698,0.0121430085683932,0.527083239714252,1.72673669646703,0.309122524322982,0.494269340262352,12.4627549156715,2.78703421242111,58.6061802033817,8373.04041536533,-209.801463942116,431.602927884233,443.310390195721,TRUE
699,0.00742065916125027,0.560620999011984,1.71807400893213,0.276456371813182,0.518317748747666,7.8232086303253,2.57063203980159,59.309099624565,8367.93264546361,-209.668427776327,431.336855552653,443.044317864142,TRUE
700,0.00865204893076461,0.55362723004625,1.6975025484711,0.244409169524826,0.564818052385824,9.05755724899392,2.62123568477777,62.3173178677154,8357.06935421013,-209.704427968817,431.408855937634,443.116318249123,TRUE
701,0.0116592201781979,0.511725146128161,1.55846714733568,0.186150546485862,0.577051880146787,11.9990225572057,2.83200294860153,81.8344422727408,8263.33524291174,-210.0244847427,432.0489694854,443.756431796889,TRUE
702,0.00761359765686327,0.550935551963631,2.43521000338911,0.219908976395833,0.514563829422845,8.0177755140525,2.39640853061155,74.5900022677294,8293.14605659793,-209.192364269482,430.384728538963,442.092190850452,TRUE
703,0.00739439749693429,0.518888620812719,1.46768943672135,0.221156462562102,0.525876317441183,7.79669168719666,2.73652882246111,72.632142464172,8319.76731825731,-210.052358057202,432.104716114404,443.812178425892,TRUE
704,0.00399771640277715,0.554338945342109,1.95582396369099,0.25325917079574,0.486678575781117,4.29808738607987,2.40579177043829,66.2158013170786,8343.38413133077,-209.457086831042,430.914173662084,442.621635973572,TRUE
705,0.0118196765110098,0.539711704997297,1.72147900796495,0.266926699450557,0.471201196216145,12.1531147341802,2.71855637774527,70.4713187935813,8317.44123001763,-209.62207666093,431.24415332186,442.951615633348,TRUE
706,0.0144691515750905,0.556232700777768,1.89989654126992,0.22515849342559,0.519407628089275,14.6565868121436,2.68780910329109,77.4975541814847,8262.41938938649,-209.451315317009,430.902630634017,442.610092945506,TRUE
707,0.014419240493565,0.58192411221889,2.20600188592088,0.244897371490036,0.526690746905728,14.6101315355389,2.56647112040986,70.5219512229608,8297.037454446,-209.093261052985,430.186522105969,441.893984417458,TRUE
708,0.00409204274184083,0.542846742823295,2.11381269723761,0.256110225617707,0.509064670253343,4.39711462684177,2.40336600889455,62.7919825729211,8360.41133169368,-209.431546480019,430.863092960039,442.570555271527,TRUE
709,0.0122457910781083,0.562521242427477,1.53546112100771,0.209830504185075,0.545383555850111,12.5609426199829,2.73691317944191,77.3149182290706,8264.0322816386,-209.776637208961,431.553274417922,443.260736729411,TRUE
710,0.0067674321599183,0.530823902580203,3.00764405595575,0.260294343408111,0.562958247062137,7.16123112611014,2.37362901787655,57.6405133999717,8376.27067208271,-209.121953488133,430.243906976266,441.951369287755,TRUE
711,0.00808391335161561,0.552251718285559,2.34750505470982,0.237167358897013,0.587280096669527,8.49024311484308,2.44708094006465,61.3945325529696,8358.91428985512,-209.210442853733,430.420885707466,442.128348018954,TRUE
712,0.00845204514399985,0.5814645461916,2.33019158501972,0.176829942109029,0.682036890986564,8.85826815081308,2.38138626321185,70.7161092843812,8303.32198731717,-209.11754139837,430.23508279674,441.942545108229,TRUE
713,0.00604851112794644,0.507103211107139,1.50095102931956,0.286680604806672,0.522720756087538,6.42686620884094,2.75136617887593,56.0135491526734,8390.05671969236,-210.307707719657,432.615415439315,444.322877750803,TRUE
714,0.00669770171215794,0.525073515389312,1.68415341606494,0.262214322224459,0.543867261726828,7.09027025833025,2.6435066559022,59.1828521756075,8376.4304703791,-209.92865952641,431.857319052819,443.564781364308,TRUE
715,0.00750525085137139,0.527691498704442,1.47618331197439,0.216829090606705,0.615650806522843,7.90856779226891,2.73535355575926,63.6655959160606,8360.42991163635,-210.094260538328,432.188521076655,443.895983388144,TRUE
716,0.0152588292851527,0.536393222945914,1.35172270464012,0.40253641148275,0.518582899914703,15.3880319121593,3.07637720850103,44.5276767943984,8401.13125250631,-210.569877379605,433.139754759211,444.847217070699,TRUE
717,0.00453863672366926,0.530132236468043,1.61189096529906,0.223634127597165,0.456042236021172,4.8644983830727,2.55444202474871,79.8688949965428,8277.8205615961,-209.947735406689,431.895470813379,443.602933124867,TRUE
718,0.00659063397051094,0.54043310327626,1.83307395781195,0.284941810191408,0.612798949816704,6.98120163410095,2.58066968596024,48.4168768637286,8400.28965903724,-209.916331011251,431.832662022501,443.54012433399,TRUE
719,0.00250605398605258,0.524675311098712,2.62453836118749,0.256232657152638,0.550036194898849,2.71760389634526,2.32462308082691,57.2372449900328,8382.84243992567,-209.359879063731,430.719758127463,442.427220438951,TRUE
720,0.00835287875378722,0.545176259810131,1.86502449170178,0.251907349067271,0.539988755200794,8.75928484533424,2.5766749281815,63.0244382377857,8355.56441021836,-209.599194916016,431.198389832033,442.905852143521,TRUE
721,0.00266159764536775,0.555736903387869,1.40175752854817,0.259881771005166,0.497747992729098,2.8836887746458,2.56762156155991,62.329721712953,8364.21667550131,-210.153551987367,432.307103974734,444.014566286222,TRUE
722,0.00668824454379241,0.495814289350408,1.47073387193043,0.215512170491115,0.55259854219938,7.08064179994445,2.77933111377035,70.5549696415324,8340.03590083759,-210.193801774545,432.387603549091,444.095065860579,TRUE
723,0.00525628290977819,0.515958134735549,1.57511617679246,0.240484034804526,0.484814737846835,5.61050378227287,2.63756320315187,70.8821020899505,8332.49177474034,-209.96387636541,431.92775273082,443.635215042308,TRUE
724,0.00642235360746197,0.561308990027771,1.85876001393913,0.304741133487664,0.555800727442786,6.80950282008347,2.51949038308925,49.7809849832297,8393.39916320901,-209.778949724619,431.557899449238,443.265361760727,TRUE
725,0.00524087092101978,0.543217911564361,1.67509674933887,0.273017491211058,0.53154626107257,5.594547858966,2.56708100067263,57.2603272087051,8379.82626753368,-209.879978971297,431.759957942594,443.467420254083,TRUE
726,0.0063501470998386,0.537497886331971,1.4409223384723,0.274660184754764,0.582260493662848,6.73572682329848,2.72089490033025,52.6739253523012,8392.21496576546,-210.312362178035,432.62472435607,444.332186667559,TRUE
727,0.00658204514007975,0.55680301848395,1.73433529159998,0.155450598759653,0.524971694687729,6.97244643318047,2.74070688527606,97.9001216799161,7939.18079997331,-204.573028140695,421.146056281391,432.853518592879,TRUE
728,0.00496870399459273,0.448987470837146,1.84505523794988,0.203772755877558,0.557818200367882,5.31230535548574,2.71500485688225,72.6248105776884,8349.68186339289,-210.075034737999,432.150069475999,443.857531787487,TRUE
729,0.00514005178814656,0.536857852607264,1.91738908790158,0.279498637945079,0.522253502288564,5.49010020121227,2.50435599535092,56.8747329345152,8381.27911049228,-209.685852620472,431.371705240945,443.079167552433,TRUE
730,0.00785173940960823,0.563278494658952,1.43696753460998,0.247003745809407,0.504093416682489,8.25732847726602,2.66944389239768,68.2589324283998,8329.0987834736,-209.964010698814,431.928021397628,443.635483709117,TRUE
731,0.00530363528077495,0.499730609401026,1.45764980913392,0.25357072110943,0.590011411728613,5.65950953475719,2.76953299861742,55.6679265860378,8392.96218864184,-210.433509082457,432.867018164913,444.574480476402,TRUE
732,0.0136088856757304,0.545234079295368,2.29782690750153,0.190826276674814,0.450710182667671,13.8521217817702,2.82202673090567,97.7444328483778,7736.14741284506,-203.041179134208,418.082358268416,429.789820579904,TRUE
733,0.00341884092090634,0.554758497551546,2.19567108912119,0.321231697489239,0.536832609339716,3.68798581563625,2.37657958291139,47.3385593232086,8398.57020952307,-209.613297302257,431.226594604514,442.934056916003,TRUE
734,0.00665670225770163,0.565740843182235,1.50889885376972,0.241958352672564,0.508342551447635,7.04852058714968,2.59654013509671,68.2047862766248,8329.53612027982,-209.845407818275,431.69081563655,443.398277948039,TRUE
735,0.0105732571726973,0.538676112466228,2.08575758951032,0.264159808829856,0.634143582787807,10.948577819742,2.62080655823107,52.6364743213595,8387.53931239143,-209.56608541634,431.132170832679,442.839633144168,TRUE
736,0.0054426002130784,0.5179583505586,1.51692072886699,0.224949871021988,0.518458401676241,5.80317149450944,2.66236842116866,71.005287863134,8332.57463038508,-210.034258495925,432.068516991851,443.775979303339,TRUE
737,0.0196997212414448,0.538868555080103,1.5269015182861,0.207664468499954,0.468299690597609,19.3794126195699,3.30390405948207,97.8360790128902,8193.76749740843,-206.524102601533,425.048205203067,436.755667514555,TRUE
738,0.00861282337042284,0.530077444949656,1.85104649187272,0.32188881681881,0.53289667632076,9.01850822770808,2.65278654588217,50.3609315071603,8395.53316640458,-209.86045310616,431.72090621232,443.428368523808,TRUE
739,0.00492197791020975,0.565497794896401,1.75077921732496,0.263959586809855,0.593409591557243,5.26375988346779,2.49470374807126,52.9135370150986,8387.40304104287,-209.763849605303,431.527699210607,443.235161522095,TRUE
740,0.00648985504103036,0.50949875033855,1.61758723105672,0.204570614350196,0.559532565198,6.8784156843459,2.66877893525388,73.0883428939716,8321.84576600468,-209.963088943667,431.926177887333,443.633640198822,TRUE
741,0.00859921820076185,0.519875271807801,2.13524401344841,0.279744642080317,0.58701666299379,9.0049601467662,2.59756236055116,52.5746311662228,8391.86974533326,-209.706091118393,431.412182236786,443.119644548274,TRUE
742,0.00961286006360504,0.507415879766313,1.6722007683061,0.331169241765937,0.530774773520409,10.0085280329422,2.80233376087587,49.7149072565485,8400.41670944652,-210.187245206022,432.374490412044,444.081952723532,TRUE
743,0.00945936833196601,0.505090230736039,1.83483157975489,0.265376362935227,0.578377561724745,9.85731734242865,2.73063083708717,56.730735701793,8384.46085804258,-209.903660627098,431.807321254196,443.514783565685,TRUE
744,0.0117474402931217,0.541501003675299,1.61210668290733,0.223985446023717,0.581349093555573,12.0837790118131,2.75907433617656,68.1218088818308,8330.37509085944,-209.777888628493,431.555777256987,443.263239568475,TRUE
745,0.0217777135316114,0.535578648680943,1.4797158630866,0.250057099832515,0.46068967513511,21.1779195432722,3.1352318193092,84.7160417828891,8217.00955689062,-209.936227697693,431.872455395387,443.579917706875,TRUE
746,0.00465784755234036,0.500377563731238,1.48532856257824,0.2865251046391,0.575392563826237,4.98885017104249,2.74780571230926,50.22367142525,8403.5449890515,-210.50069142274,433.001382845481,444.708845156969,TRUE
747,0.00859146554679609,0.526347032526103,2.0380486731209,0.316633322744623,0.581691774816105,8.99723906914651,2.61752915414417,46.9242952477254,8401.45377467235,-209.871535769065,431.743071538129,443.450533849618,TRUE
748,0.00522954027151691,0.506406803444829,1.8222174632736,0.26229966101135,0.515438657918255,5.58281549972206,2.59602620365058,61.4154826679055,8374.44829572498,-209.834535691884,431.669071383768,443.376533695257,TRUE
749,0.0132835119929692,0.536889844008115,1.39938843001611,0.267617135299922,0.570330628828331,13.5457614770835,2.94281530538007,59.3743320423806,8369.08952061428,-210.153401095512,432.306802191023,444.014264502512,TRUE
750,0.0156749926051174,0.511890260390341,1.55783500237026,0.215623761038517,0.520413139630595,15.7708282056227,2.9592406237216,81.7646170766257,8255.15784076713,-209.963914254098,431.927828508196,443.635290819685,TRUE
751,0.0114830171494277,0.526051424306696,1.86618527436289,0.148437388012492,0.59105418667196,11.8294783674235,2.92660344250749,97.8194301001916,8082.98389875968,-205.477801949328,422.955603898655,434.663066210144,TRUE
752,0.00562228692666373,0.541947641958802,1.48098445405148,0.266829535225329,0.540067617503955,5.98858902905022,2.6572666184569,57.8982745503385,8378.78030676378,-210.126660300028,432.253320600056,443.960782911544,TRUE
753,0.0102060708706618,0.54424464794301,1.80490045624279,0.201043039423751,0.512724935932212,10.5904041374075,2.6184964635428,83.7986606827681,8249.8730177767,-209.792369289627,431.584738579254,443.292200890743,TRUE
754,0.00456200436785484,0.505651889224578,1.52501566370326,0.299760692422537,0.49918826429493,4.88888729505446,2.70151525719652,55.2086360996866,8393.24507683526,-210.306952753148,432.613905506296,444.321367817785,TRUE
755,0.0226035527714404,0.52746227376697,1.39705312303721,0.333532265177129,0.468169625976406,21.8807936937263,3.27333396680233,64.0313938651802,8343.4263887665,-210.036439060124,432.072878120248,443.780340431736,TRUE
756,0.0108116819454481,0.521057563555901,1.71890109666343,0.252401852756021,0.493399562164627,11.1803367464408,2.73564701153547,70.459880751809,8325.20426486344,-209.715201011436,431.430402022872,443.13786433436,TRUE
757,0.0106597532012659,0.531832234391875,1.56031282869582,0.288613404821254,0.568895488320509,11.0327295264559,2.80792763378826,53.7516244985257,8387.32404272799,-210.088891725328,432.177783450656,443.885245762144,TRUE
758,0.00620272589396534,0.506467590866113,1.69581253106117,0.26854277417591,0.540675889082766,6.58490949688246,2.67443102767398,57.8698702581238,8384.41170048859,-210.072261278365,432.14452255673,443.851984868219,TRUE
759,0.00866964414143871,0.516462424667855,2.01284840363431,0.264750059494432,0.580918907489759,9.07506750950471,2.62917464918842,56.1236980914162,8383.65540186012,-209.69338567849,431.386771356979,443.094233668468,TRUE
760,0.00930975891068877,0.530441698931517,1.14308495961535,0.231332449884645,0.456379076111047,9.709672475719,2.95032621319687,81.0694749587778,8254.93094132865,-210.587081646759,433.174163293517,444.881625605006,TRUE
761,0.00407727293462189,0.517185527759493,1.63910973904117,0.181832583344789,0.529976439970506,4.38161589137226,2.56256116322964,84.0604811673226,8273.97335133349,-210.092300180652,432.184600361304,443.892062672792,TRUE
762,0.00352429762039176,0.53919414861922,1.4067742042334,0.279998676320724,0.596294438104599,3.79943632431153,2.65848430522124,48.9594223149256,8400.07593361826,-210.394195926177,432.788391852354,444.495854163842,TRUE
763,0.00893112526111367,0.5379348602847,1.69113082134719,0.329907762827261,0.638432744149124,9.33486622899285,2.71693774751931,41.2174423505371,8407.78518943806,-210.267358785407,432.534717570814,444.242179882302,TRUE
764,0.0120110494173943,0.521252549951219,1.7117811819428,0.242128781803398,0.54084340237651,12.3365236034656,2.77975378645579,67.9839903850412,8336.73253353147,-209.707848735963,431.415697471927,443.123159783415,TRUE
765,0.00616382229140728,0.542742628737738,1.87804830741624,0.270341044877807,0.559149206200501,6.54506670390791,2.53398055637834,55.5541004106076,8383.21540924286,-209.688597338468,431.377194676936,443.084656988425,TRUE
766,0.00746952788605092,0.543140976638748,1.58023526473156,0.264294604943118,0.620433766333816,7.8725309251667,2.67983694213527,52.0026317304377,8391.71566872307,-210.04760891806,432.095217836121,443.802680147609,TRUE
767,0.00405408768878219,0.559387423224542,2.39549078286409,0.258786343625263,0.545440608177005,4.35728104128385,2.32561626091017,58.0589110728962,8372.63572238289,-209.238926738396,430.477853476791,442.18531578828,TRUE
768,0.00727712345777726,0.536123145972105,1.57088276093073,0.15229702897313,0.447775083018138,7.67817919986179,2.76380135292874,97.6909547498972,6569.95875445637,-202.943351392974,417.886702785947,429.594165097436,TRUE
769,0.00646239949974607,0.557154117188605,1.42971802126731,0.350267009211331,0.428736457716146,6.85039255895403,2.67582961985361,56.0863537242839,8380.70316716568,-210.159293637265,432.31858727453,444.026049586019,TRUE
770,0.0208556575043102,0.547128856699312,1.37513488367271,0.297875447380647,0.556535729144398,20.385199626264,3.18354905109133,59.3022066013877,8360.74535402759,-210.044012776367,432.088025552735,443.795487864223,TRUE
771,0.0187229972276491,0.553894203895499,1.97173680217323,0.247799932839195,0.597039174948249,18.5190331749418,2.82841831842558,64.7317158185384,8335.46589334097,-209.342742242908,430.685484485815,442.392946797304,TRUE
772,0.00425816736916639,0.531801845700995,1.9289952577529,0.187221173883743,0.591558030560729,4.57125530619616,2.45340885028164,73.6249130748163,8312.06437415063,-209.590229418629,431.180458837258,442.887921148746,TRUE
773,0.00304102454730461,0.556628188945286,1.30439198628913,0.268070401469808,0.588340139531017,3.28757522876435,2.65337872918787,51.5235296093559,8394.94386038936,-210.46299600275,432.925992005501,444.633454316989,TRUE
774,0.00220723918666696,0.550491710755024,1.86179109771811,0.236998769297393,0.478643553634565,2.39769666166376,2.38219916331587,70.3990062302314,8326.02046460573,-209.587593380355,431.17518676071,442.882649072199,TRUE
775,0.0128919993327821,0.529863924712056,1.38057376710109,0.238011154073495,0.535108411141836,13.1755956410151,2.92940475228629,70.4467570746781,8321.36323250879,-210.076145639404,432.152291278809,443.859753590297,TRUE
776,0.0163970121946958,0.575853228896693,1.89385030975004,0.250660639621062,0.514855385785117,16.4306052512691,2.711861927555,71.9449773719165,8288.41932164873,-209.333695601327,430.667391202654,442.374853514143,TRUE
777,0.0158699347140144,0.516730385205106,1.60828070115517,0.190762872785983,0.571300982358378,15.9495080117846,2.93124532357608,84.2780478098711,8246.43282583119,-209.955564818797,431.911129637594,443.618591949083,TRUE
778,0.00691505989406445,0.553264576670408,1.99441674750376,0.201282967840617,0.514427166160184,7.31127481640288,2.45408836443544,80.5939134620463,8262.52239522152,-209.563423720196,431.126847440393,442.834309751881,TRUE
779,0.00393682319487163,0.528992317854758,1.29388440281482,0.318107086083339,0.623842782601072,4.2341019369773,2.77350336943362,41.4330464770214,8411.21675788503,-210.874793863809,433.749587727618,445.457050039106,TRUE
780,0.0101179866514191,0.540384391196278,1.7983371613846,0.287161977435015,0.45703598410251,10.5042553489175,2.65041364754755,66.4710560818862,8339.97730244041,-209.603290309617,431.206580619234,442.914042930722,TRUE
781,0.010038387717354,0.570812868772713,1.92037853368672,0.231568767722901,0.482406685860088,10.4263298218337,2.52371589268193,77.3223143669724,8264.77605620568,-209.448638202846,430.897276405692,442.604738717181,TRUE
782,0.00273944785208066,0.588210997902639,1.63627163689637,0.280780783392043,0.530183923136885,2.96670249416222,2.42546037930829,54.3240790675507,8382.23191449522,-209.799353822257,431.598707644515,443.306169956003,TRUE
783,0.010249548074219,0.520044746060607,2.19961944797141,0.205109211169419,0.53106217156638,10.6328936753603,2.57629325456599,79.6024113855255,8277.26815043216,-209.466017270495,430.932034540989,442.639496852478,TRUE
784,0.00670432608822719,0.500179089687636,1.87284755527095,0.362700895562736,0.450298927483857,7.09701398819712,2.66170952998044,51.8170450165832,8398.55227656432,-210.017115345429,432.034230690857,443.741693002346,TRUE
785,0.00501407598632707,0.516930044391552,1.3188531702273,0.24731943175394,0.590694938926431,5.359418861917,2.78643162655795,56.7939487402069,8387.905461959,-210.512198175783,433.024396351566,444.731858663055,TRUE
786,0.00757975629616879,0.534275125687103,1.73612463417488,0.282040159757925,0.51078493756819,7.98367996737654,2.62908537175403,59.1359170572518,8373.70784359834,-209.797659238832,431.595318477663,443.302780789152,TRUE
787,0.00631562630580493,0.519221434617858,1.31704369774687,0.264647971116488,0.662712329208836,6.70043387077249,2.84331376710581,48.0769675861483,8403.55185215496,-210.670228734611,433.340457469221,445.04791978071,TRUE
788,0.0127197724535987,0.561066503690316,2.07906363113229,0.221399684773941,0.522428116055434,13.0122276390815,2.58036920827326,76.9204550173651,8267.1566611552,-209.310861001659,430.621722003318,442.329184314807,TRUE
789,0.00841765620041023,0.561809763287151,1.45361458271759,0.314559591260846,0.53587595091029,8.82395556957444,2.72392220169492,51.1072791965369,8390.41187872568,-210.249365279803,432.498730559605,444.206192871094,TRUE
790,0.00442582134097739,0.551777878646573,2.13721896937986,0.291425985500516,0.576241495626799,4.7466595118953,2.41767583464968,49.1397620162279,8396.50672887107,-209.63229195506,431.264583910121,442.97204622161,TRUE
791,0.00713388390368728,0.536441987361159,1.76947136719196,0.24286516470793,0.526194917547795,7.53320844408142,2.58371948149521,66.122300753558,8346.38077830022,-209.659226845371,431.318453690742,443.025916002231,TRUE
792,0.00783944562650278,0.545473434275198,2.730058280087,0.252617035576522,0.548604289071423,8.2449780077643,2.39553097018296,61.5400536171108,8359.15004288276,-209.064483798043,430.128967596086,441.836429907575,TRUE
793,0.00917949684979795,0.549816637261728,1.99577901122279,0.219168841453165,0.62788903829662,9.5809125034373,2.55446055893911,62.850384940036,8353.76681972542,-209.452366566127,430.904733132253,442.612195443742,TRUE
794,0.0093666759286689,0.553029992254079,1.59594586324841,0.268345948766242,0.56792003010035,9.76587224144287,2.69484542348899,57.0175800685743,8375.57069400289,-209.921310789037,431.842621578074,443.550083889563,TRUE
795,0.0094952249675787,0.566537539873554,1.54169887876661,0.298884342088084,0.472481618656545,9.89266516675293,2.67931310245483,61.4870468924016,8357.65490192761,-209.801464356145,431.602928712291,443.310391023779,TRUE
796,0.00816898305244674,0.571321715148191,1.93444483979123,0.245435879011386,0.557695074426868,8.57542757458896,2.49714482698264,62.4754758608448,8351.41265651575,-209.41971086175,430.839421723499,442.546884034988,TRUE
797,0.00626447790229835,0.543862032313625,1.59014273145561,0.261462399673398,0.489385369717812,6.64811542782484,2.60697871727864,65.4360675955294,8349.35795285556,-209.849329321871,431.698658643742,443.406120955231,TRUE
798,0.00653640806123442,0.516706767268871,1.53440097511393,0.196209527157534,0.475278583057552,6.92591072434825,2.69443502169512,89.6504503590849,8311.93580433431,-210.384308051847,432.768616103693,444.476078415182,TRUE
799,0.00792155632122822,0.526518881420607,1.87916705017529,0.22556863079622,0.548755759193078,8.32743397644353,2.59024426610704,68.7654823183227,8335.28108078831,-209.572248629871,431.144497259742,442.851959571231,TRUE
800,0.0113739094146471,0.576676235346,1.55032046595826,0.24483694877953,0.432461358968411,11.7243204789476,2.66887615851683,82.4155288753681,8228.61911352391,-209.88130988717,431.76261977434,443.470082085829,TRUE
801,0.00490375882849015,0.52037691645685,1.91016057104723,0.256377210010027,0.466141668222481,5.24482427575283,2.51118108469638,68.9450227469461,8339.80271893984,-209.646571576905,431.29314315381,443.000605465298,TRUE
802,0.00647044996249969,0.546908543554255,2.14985227923869,0.145735020207569,0.547291701231861,6.85861037123825,2.63888303495702,97.8000660863428,7760.99177852538,-203.251284134474,418.502568268947,430.210030580436,TRUE
803,0.0157913498557456,0.576168521593094,2.02715806099026,0.309730669559409,0.549435563536791,15.8775272259756,2.69786435175407,54.7470723958542,8371.94722943614,-209.354387023077,430.708774046155,442.416236357643,TRUE
804,0.0065768868062831,0.558274216615503,1.59966895213593,0.298196748724354,0.596046110642423,6.96718776085321,2.62216301383685,47.5452317256163,8398.04995479728,-210.073173944561,432.146347889122,443.853810200611,TRUE
805,0.00415773514998722,0.533040766074265,1.63871756906141,0.234201475393247,0.516562252167451,4.46601698973681,2.54848437190751,67.5907390288388,8344.68499251755,-209.823866594655,431.647733189311,443.355195500799,TRUE
806,0.00721014231209497,0.552854415314067,1.81030602543958,0.222364241615069,0.501792568130991,7.61041845344562,2.51783539079322,75.2785009745597,8289.64076435898,-209.608383023923,431.216766047846,442.924228359334,TRUE
807,0.00941835995414795,0.533484257734992,1.53104638817381,0.203449686804194,0.538850662923691,9.81687289038487,2.72195782920711,78.3550290462753,8275.04162672031,-209.946928964099,431.893857928197,443.601320239686,TRUE
808,0.00608563103772273,0.532502820992547,1.54422439538106,0.15619028696755,0.57810662870013,6.46493346126214,2.74044983179233,95.8425529954933,8646.64002274631,-210.195741648455,432.39148329691,444.098945608399,TRUE
809,0.0133908912992757,0.545391778908581,2.260285735051,0.251225471296075,0.465786740923082,13.6469934891338,2.59540548985287,76.6437070221383,8272.89152560388,-209.216990976282,430.433981952564,442.141444264052,TRUE
810,0.00773523856495896,0.538614856789238,1.56073525629248,0.213441218152067,0.538454780262603,8.14021979989484,2.65522701101701,73.6445000514124,8305.11827086112,-209.882899659261,431.765799318522,443.473261630011,TRUE
811,0.0145867597078954,0.533376637796182,1.71654529346493,0.249971710522864,0.512383039636617,14.7659459015925,2.81816290605634,71.2716337770551,8311.2824505176,-209.609667445223,431.219334890446,442.926797201935,TRUE
812,0.0091309395237172,0.485438912426589,1.71132374223232,0.275299316048086,0.579318249246675,9.53286540331735,2.82247726615456,54.4660439286481,8394.43716333248,-210.20779424903,432.41558849806,444.123050809549,TRUE
813,0.0118797102699768,0.560169925289789,1.69625318057419,0.293395180728543,0.617171401780821,12.2106938889702,2.73305015646989,49.4166614539838,8391.24422128653,-209.912058142903,431.824116285806,443.531578597294,TRUE
814,0.00474735841411108,0.559961804586671,1.60573979894065,0.364795134887465,0.518827109685515,5.08210831848474,2.57181176111924,43.796641541222,8404.52481663456,-210.246991749967,432.493983499934,444.201445811423,TRUE
815,0.0044134938814839,0.56023911572264,1.64577873542095,0.198910781528843,0.380019869409257,4.73377379002413,2.68335300912601,97.9519192762505,7534.75462210997,-202.493080007186,416.986160014371,428.69362232586,TRUE
816,0.00884954456840659,0.559210612376238,1.37674335243868,0.228806048254213,0.563538640232392,9.25389483329511,2.74285021967317,66.7067847859375,8337.61383400465,-210.088801744109,432.177603488218,443.885065799707,TRUE
817,0.0108931443408723,0.50226666643744,2.19225331950634,0.191047069939689,0.504657452445545,11.2593751769925,2.7139777004706,93.6283460778734,8556.95956956256,-210.097499242813,432.194998485625,443.902460797114,TRUE
818,0.0103123359582659,0.535715329925945,1.31599719864249,0.243168228499443,0.430019932952743,10.694217494374,2.84986745174576,82.6474291444733,8244.3594904759,-210.288462115021,432.576924230042,444.284386541531,TRUE
819,0.00878622802560759,0.532547502585524,1.36488001837634,0.267442443166808,0.550446922817022,9.19099844561169,2.83250828160539,58.6583025165007,8376.38720020392,-210.291428313439,432.582856626878,444.290318938367,TRUE
820,0.00631018652138867,0.509401350858997,1.76413038839031,0.306263286646848,0.399454057452657,6.69487112227228,2.62179113011289,68.4370742941721,8344.71101839007,-209.814249087076,431.628498174153,443.335960485641,TRUE
821,0.0130196321327934,0.510438008269746,1.42664749117386,0.258967987599467,0.640383714929186,13.2964535875165,3.00405652025326,54.6078721189794,8387.47136281125,-210.385693058939,432.771386117878,444.478848429367,TRUE
822,0.0108044468128446,0.558883800483304,1.99089382451506,0.283031578528721,0.543761199917503,11.1733132964676,2.59463589589116,57.3224812849471,8370.74527823427,-209.479762360382,430.959524720763,442.666987032252,TRUE
823,0.00369865083623122,0.577511192379652,1.47998895817184,0.203351342241727,0.546927950153052,3.98340061934742,2.49140422060998,72.7856135149717,8302.74314310725,-209.866922801961,431.733845603923,443.441307915411,TRUE
824,0.00526920126871836,0.510556098097968,1.51002179783911,0.301618791950081,0.511645214306537,5.62387587311428,2.71970537946328,53.9590568293945,8394.72306268748,-210.327453796755,432.654907593511,444.362369904999,TRUE
825,0.0101025160652384,0.52735399872277,1.45041527152686,0.317795478973928,0.495652512221323,10.4891156207587,2.84910006521609,55.6678717971852,8384.13121076551,-210.254369871918,432.508739743836,444.216202055324,TRUE
826,0.00515884723604566,0.501899142490313,1.64184221831961,0.326087228214189,0.617775122646819,5.50958136048318,2.71219094531182,41.3765147705077,8413.14662564029,-210.549996939747,433.099993879493,444.807456190982,TRUE
827,0.00858255655880068,0.532095303289903,1.56240417835334,0.290866526797343,0.469769551988325,8.98836551133266,2.72026324179469,62.9370971545151,8360.54917114513,-209.96753164534,431.935063290679,443.642525602168,TRUE
828,0.00684001180803011,0.558655266948664,1.43129189931016,0.226638304605551,0.478370978113107,7.23503061732572,2.63424275384333,77.0421968235217,8276.81739641017,-209.999560403299,431.999120806598,443.706583118087,TRUE
829,0.00545204493321038,0.516254154797292,1.40166782563046,0.263554851360498,0.473214460604358,5.81292705426559,2.73144924282394,66.5789499881683,8354.29560501727,-210.205178686112,432.410357372224,444.117819683713,TRUE
830,0.0068675597827042,0.53023059036133,1.61017107282488,0.252113295483822,0.581397299299727,7.26302534995325,2.66734934005161,57.7119236784232,8379.91874326674,-210.016091587036,432.032183174073,443.739645485561,TRUE
831,0.0136870095176851,0.548281229182144,1.43039287953169,0.21800902856616,0.592897493119337,13.9255089571726,2.88144982991975,69.9779823825213,8316.5374498541,-209.96549323235,431.9309864647,443.638448776188,TRUE
832,0.0222121352674161,0.513063821056134,1.62035203052461,0.212703448671295,0.490089114351497,21.5484920019075,3.38713700888312,97.3679986240191,8505.88879697028,-208.442383097862,428.884766195724,440.592228507212,TRUE
833,0.00429229658881374,0.549064135328267,1.51742519028612,0.266211908509803,0.485892303669689,4.60698987129506,2.57339775545595,63.4199075258987,8359.15215219934,-209.964915722555,431.92983144511,443.637293756598,TRUE
834,0.00285059768618056,0.555423544955044,1.81476351580228,0.233846039839461,0.472846838749308,3.08509469406528,2.39780104229793,72.6055161108872,8311.19124455492,-209.62805896013,431.25611792026,442.963580231748,TRUE
835,0.0124830621026038,0.524757571502572,2.32466276691394,0.302497085227979,0.452615941391869,12.7871613245257,2.62745243220654,65.4220485712204,8344.65095613994,-209.30592670817,430.61185341634,442.319315727829,TRUE
836,0.00699052529175254,0.551001008065326,2.1871627199237,0.224363354807007,0.373366168197771,7.38787617543083,2.63923210318357,97.7068892880704,8097.15573158218,-205.28459849276,422.56919698552,434.276659297008,TRUE
837,0.0142889417040285,0.531011930395007,1.8967615474454,0.245035408838782,0.635340463571245,14.4887281147075,2.7858340873445,58.8514109227089,8368.89619736754,-209.620690218946,431.241380437891,442.94884274938,TRUE
838,0.011221586907628,0.560044443495201,1.41009874776253,0.277068188039551,0.650122675964736,11.5772900338978,2.83995069501465,49.3292384874125,8392.72097132978,-210.263377448269,432.526754896538,444.234217208026,TRUE
839,0.0173156038091305,0.520520339249057,1.53292090440783,0.188480723574403,0.364756486555673,17.2620907596762,3.05884926666012,97.2382586438216,5908.32331658016,-207.039526749166,426.079053498333,437.786515809822,TRUE
840,0.00821710858178759,0.543946546984226,1.47691062478233,0.21106088138731,0.492529408805475,8.62358087496257,2.68251990165632,81.3536543596662,8254.74551720486,-210.051866042964,432.103732085928,443.811194397416,TRUE
841,0.00831902217231798,0.5460054335982,1.23871865031164,0.266644790450595,0.464278444997204,8.72546473672894,2.83449309504408,69.0236973409245,8331.28607726358,-210.323846330345,432.647692660691,444.35515497218,TRUE
842,0.0060201738161955,0.594061112598606,1.79242602288169,0.226357353475833,0.553910087961445,6.39779467536957,2.42480385921242,66.4428964924348,8329.54145102561,-209.484397524117,430.968795048235,442.676257359723,TRUE
843,0.00966793540266919,0.513322383904351,1.87073631017829,0.209215488299847,0.440218662287113,10.062719434569,2.85249449771382,97.1693883745066,8597.73542334936,-208.581929421579,429.163858843159,440.871321154647,TRUE
844,0.00774399766657575,0.492168694550258,1.42237451637697,0.306959337951644,0.471549769305357,8.14903009536008,2.87547883526918,59.0397016108224,8384.72571547071,-210.428673596908,432.857347193815,444.564809505304,TRUE
845,0.0114168982796375,0.538330940069521,1.64341271605723,0.294406326593839,0.636180827365525,11.7657689384824,2.7953729658187,47.5719274890485,8397.8505625125,-210.107849906589,432.215699813178,443.923162124666,TRUE
846,0.0135365601817296,0.524811126514894,1.94103148963513,0.289047277433803,0.519111825723497,13.7841222720649,2.76126911352236,60.5330154825699,8364.92289608915,-209.580739455538,431.161478911077,442.868941222565,TRUE
847,0.00690692416257125,0.515635131281872,1.68472515048045,0.291947466084563,0.415229145581687,7.30301262069267,2.64832397383359,69.4568250224006,8337.30444864506,-209.866977146369,431.733954292738,443.441416604227,TRUE
848,0.00530965994915764,0.524890434681071,1.81133092183979,0.281755351939678,0.462919909986309,5.66574263579127,2.55175614368902,63.6213852144334,8361.865224908,-209.717656719478,431.435313438956,443.142775750445,TRUE
849,0.00856328578611942,0.551697772302782,1.66240556293183,0.263283910908624,0.561634063148933,8.96916824505383,2.64537887963048,58.229642613422,8372.65063063298,-209.771680420504,431.543360841007,443.250823152496,TRUE
850,0.0119409834204075,0.538002762101454,1.4324583860239,0.215379081117125,0.50322837223384,12.2694205369805,2.83108049325764,81.2240381052929,8250.05392151953,-210.04400490515,432.088009810299,443.795472121788,TRUE
851,0.00978609750750059,0.564522566926887,1.75710759520621,0.225654120406599,0.50772556913068,10.1788685774187,2.58080339242005,75.3289640516654,8280.66838817511,-209.543316699669,431.086633399337,442.794095710826,TRUE
852,0.00559223188596211,0.502838639581557,1.50198143377468,0.224186782494823,0.543177330103036,5.95760230960915,2.71825166088095,68.2571862415586,8349.80414137917,-210.166872176915,432.333744353829,444.041206665318,TRUE
853,0.011050797814291,0.529924574093516,1.75385280352954,0.20161935917442,0.509975392466557,11.412126109952,2.69471449518155,84.8524930833019,8256.06132704004,-209.890778122435,431.781556244871,443.489018556359,TRUE
854,0.0098269148406978,0.545811034133837,1.55579621603302,0.3165283856943,0.445280105220916,10.2189536608989,2.72989654843426,61.850941078082,8360.44708580454,-209.884610278485,431.769220556971,443.476682868459,TRUE
855,0.00500838060837297,0.559762128605923,1.84045091293332,0.242264939622267,0.464895183683943,5.3535062375745,2.43848707357314,72.9305908930014,8304.4801371597,-209.560592738128,431.121185476256,442.828647787745,TRUE
856,0.00823791637474123,0.543636035865522,1.53671726296596,0.345270306841658,0.631168272390529,8.64439236727849,2.74786248327506,39.5430892629717,8409.35660914836,-210.4605874147,432.9211748294,444.628637140888,TRUE
857,0.010255444043638,0.546999667341388,1.67241164094619,0.172702127398409,0.637024920072173,10.6386540607274,2.65772794410357,78.7086912504945,8265.68928181449,-209.72757816053,431.45515632106,443.162618632549,TRUE
858,0.0142081831032642,0.493893717127176,2.03193955086133,0.308507205469741,0.55346876877469,14.4133909624653,2.85669492703234,53.74577878646,8389.98501346547,-209.842377406605,431.684754813209,443.392217124698,TRUE
859,0.00681904858783352,0.517326996193912,1.47015420725523,0.198741042080476,0.606854346409003,7.21372144098515,2.72870216352306,69.7401106013624,8336.63891735527,-210.101723295607,432.203446591214,443.910908902702,TRUE
860,0.00344690758079433,0.534000379439848,1.44743754455852,0.296498275892583,0.500823573280472,3.71766099822993,2.63476509012936,54.9358967572865,8390.00768799079,-210.266980721658,432.533961443317,444.241423754805,TRUE
861,0.00734485157482936,0.522639052707481,1.68599860607687,0.222582130577356,0.499276566851979,7.7466421825744,2.63076851738017,75.7817105221905,8299.09313485435,-209.830652752017,431.661305504034,443.368767815522,TRUE
862,0.00268921456284424,0.539061117399856,1.59224102884206,0.226719631484415,0.616516955725837,2.91314599523077,2.53370325532597,57.8190926376082,8381.43586833866,-210.022052071827,432.044104143654,443.751566455143,TRUE
863,0.00882635031586739,0.540693243855178,2.10402583957749,0.338574358157188,0.523801264186922,9.23085984412627,2.57072958708271,48.8279130840986,8396.13792117675,-209.68281376668,431.365627533361,443.073089844849,TRUE
864,0.00470849703104528,0.521458463171236,1.74364346860081,0.211610238248553,0.510541948483949,5.0416319239284,2.5392494683351,75.7750607415283,8303.86379222711,-209.814443916967,431.628887833935,443.336350145423,TRUE
865,0.00637493260423411,0.512259905660443,1.91598776437415,0.300969363598155,0.613672542347243,6.76105802458927,2.62279511129663,45.6982057144483,8406.36108548527,-210.110339863694,432.220679727388,443.928142038877,TRUE
866,0.0122018679874391,0.544472583196726,1.49002432868383,0.247781277218267,0.514976964392755,12.5189973586606,2.81523113185272,69.7791050278287,8320.47290525749,-209.907532370488,431.815064740976,443.522527052464,TRUE
867,0.0075946409042582,0.524428468320518,1.39343962076711,0.269460698092291,0.618264671334403,7.99867802148588,2.81886896064091,51.2834903063441,8396.41852465957,-210.44465721154,432.889314423079,444.596776734568,TRUE
868,0.00597140075801461,0.540466292194647,1.71979723877955,0.164415600656159,0.439304894534616,6.34773554781869,2.71110454131251,97.8390700586846,7069.55761168204,-201.61060546152,415.22121092304,426.928673234528,TRUE
869,0.00562003221713703,0.53265458642453,1.74840735077456,0.235613452901872,0.593673902991712,5.98626479996726,2.57167914354314,59.6135782687591,8374.08017344713,-209.834550235242,431.669100470485,443.376562781973,TRUE
870,0.0111334619904125,0.536986825332273,1.6865337592024,0.312058287959623,0.632287544928386,11.4921083888834,2.77932343430352,45.0397889385644,8401.97266257843,-210.183497889479,432.366995778957,444.074458090446,TRUE
871,0.00902044308658922,0.548088552909592,1.63293983721579,0.201752907177138,0.533902813653865,9.42342931492416,2.63346672449003,79.2944455365347,8264.05550039884,-209.81182779372,431.623655587439,443.331117898928,TRUE
872,0.0230757756226942,0.54983574860587,1.85058399874845,0.240803031070317,0.526986547407742,22.2797045111412,2.98413605737947,78.2613784945412,8245.10115588676,-209.428957164162,430.857914328324,442.565376639813,TRUE
873,0.00507226611170169,0.560407916664407,1.85979507171219,0.211493935522702,0.574405242942567,5.41980625469752,2.44382311155575,67.8902864676662,8332.52697365903,-209.496681945642,430.993363891284,442.700826202772,TRUE
874,0.0102953457165226,0.541154678373624,2.15972911454638,0.212919374354302,0.610885267056588,10.6776278224577,2.55677289179551,67.1577384664419,8334.5799588969,-209.321955065048,430.643910130096,442.351372441585,TRUE
875,0.0109158088622301,0.570056583380817,1.54950417434703,0.213692329324416,0.4821521188883,11.2813520559698,2.67132383518293,84.2680788543569,8228.17640394144,-209.953117040137,431.906234080273,443.613696391762,TRUE
876,0.0109288947543932,0.567527560869814,1.90656818323196,0.181321449593441,0.621565676109809,11.2940382972694,2.55914215806479,77.3861131657616,8264.27238471235,-209.451167809499,430.902335618998,442.609797930486,TRUE
877,0.0131087155936475,0.555526771778179,1.34199081538248,0.213981024885865,0.600648159470901,13.3807027696918,2.89471047425061,69.9275221421039,8315.92919314202,-210.086469754007,432.172939508013,443.880401819502,TRUE
878,0.00690027694292522,0.581756521328555,1.77169314594402,0.222700333023809,0.542915883414648,7.29626149671859,2.47201970324703,69.4514356555141,8315.42524546697,-209.524229346726,431.048458693453,442.755921004941,TRUE
879,0.00743452312996614,0.534067657354779,1.97032290358017,0.25971082354095,0.485106712964112,7.83720411254426,2.53753772020883,67.2441089344092,8340.45592626023,-209.523998949874,431.047997899747,442.755460211236,TRUE
880,0.0105358689474831,0.535981789301378,1.89579207543779,0.208725685436075,0.530356880295439,10.9121768531135,2.62093025232458,78.5282362800123,8272.57793730683,-209.592954001767,431.185908003533,442.893370315022,TRUE
881,0.00459079556471333,0.563058202613808,1.50559495435555,0.229632026149274,0.473522601641517,4.9189277115769,2.53091720660993,75.0791815451477,8291.61913387164,-209.917746532869,431.835493065739,443.542955377227,TRUE
882,0.00437732346928408,0.53494776006174,1.71713232909743,0.286890229794303,0.542193433918909,4.69595473387211,2.55685308950922,52.9968650196833,8392.35991964165,-209.999040592772,431.998081185544,443.705543497033,TRUE
883,0.00890410781365942,0.509644388438728,1.34437564405974,0.257012446145213,0.521575491091381,9.30805903457625,2.89304256817554,64.3882766992276,8361.7928176851,-210.326521704043,432.653043408086,444.360505719575,TRUE
884,0.00746170498924123,0.561190496162171,2.20885332983786,0.210778848999126,0.49857706544741,7.86463729748979,2.40598812738386,79.8789925429475,8261.72676946603,-209.372315148921,430.744630297842,442.45209260933,TRUE
885,0.00974271856908615,0.526573386038336,1.97456598365939,0.285174642440909,0.546630156344847,10.1362470791793,2.64588560324198,56.0149101901053,8381.95378891256,-209.649098653167,431.298197306333,443.005659617822,TRUE
886,0.00939126395658179,0.5037306721734,1.59536729205968,0.297741570009562,0.495923476935632,9.79013896678458,2.81416655376363,58.8964107440075,8380.10689853426,-210.110278484912,432.220556969825,443.928019281313,TRUE
887,0.00772763208310804,0.548691116685665,2.47868275528638,0.255058346850628,0.553737774655724,8.13256813578923,2.42469945882858,60.3421984232176,8363.32492013967,-209.209514549881,430.419029099761,442.12649141125,TRUE
888,0.0132027655559132,0.509875627469343,1.36151567228493,0.193234904124805,0.470297820247213,13.4695547915579,3.25585760663251,97.9269065389877,8225.87468939054,-207.10635761145,426.212715222901,437.920177534389,TRUE
889,0.0168444471991541,0.512242989884625,1.40323288760708,0.23825669577182,0.522913559591481,16.8367143951289,3.08482562468631,74.9389398483002,8294.05241722748,-210.015447381263,432.030894762527,443.738357074015,TRUE
890,0.0130528629669653,0.565204054952832,2.43189487045541,0.378819370164109,0.519219553100245,13.3278912401593,2.57540767191633,46.1004101122542,8394.9853477527,-209.432624619189,430.865249238378,442.572711549866,TRUE
891,0.0114404627733393,0.522264308381845,2.17956052849829,0.265720305944142,0.543172887777001,11.7884803073581,2.64265119528305,61.4939014849244,8363.20521375041,-209.412223965881,430.824447931761,442.53191024325,TRUE
892,0.0115124553871671,0.556169339194154,2.17162778947973,0.165795988443055,0.499009563932056,11.8578281680234,2.75385741865196,97.7735057753397,7616.23605825734,-202.479959724435,416.95991944887,428.667381760359,TRUE
893,0.00294683922043102,0.512553936499825,1.91222873272651,0.307494775218909,0.624977536937543,3.18748401497772,2.53236253772406,42.3266364639414,8412.01401496845,-210.215073447685,432.43014689537,444.137609206859,TRUE
894,0.00650606823268492,0.536495768159996,2.11938487163456,0.222274379667003,0.583894717552166,6.89495986359835,2.47660946175167,64.703546085794,8351.75606806232,-209.402100651924,430.804201303849,442.511663615337,TRUE
895,0.00780752508707503,0.550427938711272,1.65295141027161,0.317571074785302,0.479499619496673,8.21290207240722,2.63510254279801,56.1259638520198,8379.67606607486,-209.88288541262,431.765770825241,443.473233136729,TRUE
896,0.00577648342158406,0.540998122957788,1.88497928825337,0.220773796728348,0.492298582762695,6.14739589068655,2.48197824742388,76.0999225155221,8291.99874262478,-209.604750363827,431.209500727654,442.916963039143,TRUE
897,0.00905972950877478,0.489026957596047,1.37762718666574,0.118736000417525,0.481804945719658,9.46235477522673,2.87917271528074,96.98667385877,5365.9608961896,-211.959096828565,435.918193657129,447.625655968618,TRUE
898,0.00585708997324815,0.543820323427792,2.15240463687655,0.188988317045783,0.407767004899757,6.23029966713102,2.61776305979433,97.8017412479658,7549.33552249015,-202.241747575808,416.483495151616,428.190957463105,TRUE
899,0.00722910489675826,0.552010519626675,1.80392747901587,0.267356292484323,0.511323529288356,7.62960708044509,2.55030789252419,61.9747839776346,8359.62072971051,-209.621133019469,431.242266038938,442.949728350427,TRUE
900,0.0109458191763169,0.575513453351237,1.63556551396733,0.24569512967272,0.622943941171863,11.3104429886773,2.67361132659746,57.7087875732198,8367.82373431644,-209.703238662354,431.406477324708,443.113939636197,TRUE
901,0.00351808520788776,0.539403557784302,1.7284404691026,0.29301392201441,0.534213262952882,3.7928745949623,2.52049634608254,52.1786331737409,8393.73844637394,-209.971446667078,431.942893334157,443.650355645645,TRUE
902,0.0101627770470108,0.545103369344168,1.71003634019555,0.384786311266916,0.477746728442556,10.548072562629,2.71527627428579,47.8067176630037,8397.471500003,-209.993775783479,431.987551566958,443.695013878447,TRUE
903,0.00538668833016517,0.54492976881844,2.21264331195872,0.283301888166806,0.501862472165387,5.74539759644768,2.42221685176735,58.4963137138793,8373.70831552214,-209.382511080046,430.765022160093,442.472484471581,TRUE
904,0.0134577027505151,0.522034346329594,1.77876377758168,0.258749664278191,0.503634936668475,13.7099166781585,2.79514434004793,69.3261613853046,8327.3392878354,-209.621543727927,431.243087455855,442.950549767343,TRUE
905,0.00622969028385849,0.539143993466587,2.1156910575292,0.22626089040135,0.441964300195481,6.61251431243797,2.43907286413764,82.8851861805338,8268.27392453453,-209.579861389648,431.159722779295,442.867185090784,TRUE
906,0.0073198017174366,0.54896279230212,1.53585051217504,0.189999858717553,0.45998829309016,7.72132678647041,2.84014809778301,97.6616093516599,8413.52227271072,-207.855617626132,427.711235252265,439.418697563753,TRUE
907,0.0112784558223855,0.540524268688638,2.14150787762808,0.260613883627359,0.54647828024236,11.6322134975895,2.60147300238407,62.1586737012073,8356.39081713917,-209.348539042406,430.697078084812,442.4045403963,TRUE
908,0.00380987747913915,0.541913489188285,1.63123355468808,0.242100777560418,0.513609702640341,4.10056443670194,2.52624201026694,65.5658481616967,8351.71589001371,-209.845811602074,431.691623204147,443.399085515636,TRUE
909,0.0044611694134571,0.536308627401138,1.7568859481487,0.309400001003882,0.573661109309921,4.78359815369506,2.55709843597761,46.5502313737473,8403.53285850136,-210.102473495159,432.204946990318,443.912409301806,TRUE
910,0.0118166244186196,0.538224969186071,1.6618401436289,0.23232669346197,0.447232087350982,12.150186364503,2.72909853453939,84.5733386191447,8246.29676302342,-209.936136598779,431.872273197559,443.579735509047,TRUE
911,0.0106134573863356,0.554507560304219,1.83642915180545,0.192620496692728,0.527562862540989,10.9876989549164,2.59919272340278,85.3755673710628,8249.22062620865,-209.796786186018,431.593572372035,443.301034683524,TRUE
912,0.0103642166634739,0.54953712809638,2.1575952887247,0.222964089821343,0.532231109531847,10.7448548516722,2.52778558777748,73.3363554239951,8297.36768053671,-209.28199990628,430.563999812561,442.271462124049,TRUE
913,0.0151068254652958,0.548245085761967,1.92401885298802,0.246681490874899,0.442383757772876,15.2477556543614,2.71631394433423,83.4125738641669,8240.83164070492,-209.569889257504,431.139778515007,442.847240826496,TRUE
914,0.00704201066070074,0.544433177481153,1.90822129766015,0.306150682855456,0.468594118284241,7.44009813043219,2.53854125062579,59.0203938798718,8371.62233881373,-209.613318145676,431.226636291353,442.934098602842,TRUE
915,0.0075467797934954,0.557996958491299,1.36027144256399,0.261146015229982,0.489791611759955,7.95044291730543,2.71625092040911,66.3254488254324,8341.59731606297,-210.107767292939,432.215534585878,443.922996897366,TRUE
916,0.00443757630093507,0.543673164087402,1.40452342367662,0.343065755655819,0.524625954075875,4.75894509331247,2.68276624859751,45.899419586917,8404.48499326989,-210.493394835097,432.986789670194,444.694251981683,TRUE
917,0.0165666548994794,0.521233292225213,1.93293748355567,0.162022103464324,0.538112354001555,16.5848266454874,3.07139820570115,97.8621419589974,7602.55509851844,-202.6110558311,417.2221116622,428.929573973689,TRUE
918,0.00725106311235297,0.554212422164286,1.40562329218687,0.278919491313656,0.535238920511211,7.65182178264501,2.71610627644014,56.8907343898281,8378.16668838795,-210.19899370014,432.39798740028,444.105449711769,TRUE
919,0.00418647129483923,0.567762221669816,1.63713837455697,0.30694993089285,0.528042781505357,4.49614079024815,2.51293851679503,50.7562368969858,8392.65866985131,-209.945156861062,431.890313722124,443.597776033612,TRUE
920,0.00371378126785544,0.502051465577799,1.68526407722823,0.195503931587081,0.509367478637733,3.99934757761517,2.57256631121475,81.1658744775901,8288.70988439789,-210.030242529032,432.060485058065,443.767947369553,TRUE
921,0.0118779399030948,0.54162635946573,1.66850483126544,0.193320432477184,0.44820611269155,12.2089964793992,2.96780664511514,97.9095634515274,7955.78859696752,-204.77208026132,421.54416052264,433.251622834128,TRUE
922,0.0085177221801651,0.551315566193332,1.85333570824506,0.173327088684769,0.584820619980942,8.92376139649376,2.53994436283689,83.68310131702,8252.48124410032,-209.763769135311,431.527538270623,443.235000582111,TRUE
923,0.00386245107672484,0.524638849784937,1.8884908503429,0.265442843447082,0.476094914345946,4.15589181049012,2.34712823376849,60.1610175542953,7783.90865590848,-225.613564646483,463.227129292967,474.934591604455,TRUE
924,0.00749597663839167,0.550393679888909,1.76297680178225,0.251412326356491,0.541668166436665,7.89921351857029,2.57331527924887,62.3852308209821,8358.29275330925,-209.671365828991,431.342731657982,443.050193969471,TRUE
925,0.00452469215240709,0.522005272719989,1.53013560034193,0.269002279888854,0.583096372395389,4.8499412261955,2.66309382374595,52.6615365538274,8395.59464098495,-210.246990204968,432.493980409936,444.201442721425,TRUE
926,0.00894877704071123,0.538485361287771,1.63791179444407,0.195221608013055,0.436747054485011,9.35237611201645,2.89593603082243,97.8970013627507,8082.32403144952,-205.655865060896,423.311730121792,435.019192433281,TRUE
927,0.00706152540592587,0.533735429543504,1.99292095575103,0.261444052654463,0.526463752666681,7.45988392977567,2.53535401431293,61.4828050655151,8365.33868703108,-209.597729737609,431.195459475218,442.902921786706,TRUE
928,0.00796187523301518,0.535349253768304,1.22642298930134,0.233999783024815,0.430734225629106,8.36789373581847,2.83348995907965,83.5507862546307,8242.81628783738,-210.460555782053,432.921111564106,444.628573875595,TRUE
929,0.00828499619240844,0.546043560431706,1.92152688003812,0.186947848797384,0.453689460059439,8.69146205135214,2.75754494574557,97.790314674725,8089.82204196886,-205.417907658578,422.835815317156,434.543277628645,TRUE
930,0.0160712825001022,0.552368607851389,1.56498624700703,0.252890106299028,0.45016819158814,16.1336369786442,2.86122825065697,80.7898608622852,8239.55747307456,-209.811619986364,431.623239972727,443.330702284216,TRUE
931,0.0157246335670845,0.523118182641247,2.54134535998042,0.298230900042875,0.494564331633092,15.816366272006,2.69196612061868,62.969900928214,8351.9653169948,-209.168928713608,430.337857427215,442.045319738704,TRUE
932,0.0124629282924692,0.573330912149143,2.06199979763877,0.313690798532951,0.466695496849255,12.7679894658774,2.58345490294518,61.2210292369597,8351.49975390684,-209.307007093774,430.614014187548,442.321476499037,TRUE
933,0.0049851474955154,0.547348479315592,1.71314307234434,0.206238779667874,0.541909389324723,5.3293828699357,2.50175822075908,73.4924995185532,8306.30370196601,-209.721173717392,431.442347434784,443.149809746272,TRUE
934,0.00504926192754604,0.525694346650751,1.41044544130876,0.254166985057829,0.543624276872759,5.39593829614823,2.70803526718752,59.9909134415229,8376.56207719754,-210.311156781436,432.622313562871,444.32977587436,TRUE
935,0.00900957089880598,0.50143461408216,1.65337417766348,0.244233423002527,0.553663581011524,9.4126538922403,2.77252070812865,63.9197909963015,8363.85528851392,-209.957398511735,431.914797023471,443.622259334959,TRUE
936,0.00838896448552087,0.559553738529697,1.51965606218482,0.173194225235915,0.5346492858957,8.79531710921507,2.74213350724248,95.4572973034235,8611.54833897348,-210.336264720923,432.672529441846,444.379991753334,TRUE
937,0.0159607033268613,0.53500808486402,1.44419896446314,0.237655195203664,0.475355653611983,16.0325673353275,2.96035604477606,81.3475963537827,8242.78836415799,-210.010894376853,432.021788753706,443.729251065194,TRUE
938,0.00831369936940413,0.541449095995698,1.59702196774967,0.302904358517471,0.484159824076407,8.72014646175721,2.68622936889111,58.5619843857407,8374.08883443926,-209.912881861897,431.825763723794,443.533226035283,TRUE
939,0.00609582765744779,0.531744650205514,1.43916363851873,0.307381973998869,0.546090712974978,6.47538744460846,2.73383589339844,50.0817444360962,8398.48837068339,-210.349739390187,432.699478780374,444.406941091863,TRUE
940,0.0153244691360624,0.536568868221936,1.58461072643519,0.231921251140112,0.519727284954699,15.448531289527,2.87563059167697,76.0453522230258,8278.7061528712,-209.742814445434,431.485628890869,443.193091202357,TRUE
941,0.0077047644170842,0.527598667024862,1.52457160281479,0.337574835755346,0.448657259990646,8.1095605770072,2.73747246841889,56.3949916554163,8383.94080790363,-210.109236900448,432.218473800895,443.925936112384,TRUE
942,0.00349615412317712,0.556020868602002,1.28472184016728,0.206824574992531,0.495393550276413,3.76970657141424,2.61789325049544,78.5453812180218,8272.51425443207,-210.301323876414,432.602647752828,444.310110064316,TRUE
943,0.00686254933263481,0.506788217568272,1.62852839251017,0.272300689386262,0.505029363529617,7.25793430774227,2.70927193614467,61.4617503488192,8373.35749150495,-210.041570534469,432.083141068939,443.790603380427,TRUE
944,0.0107212819739115,0.569483115967658,1.82725322637506,0.262372080150228,0.413595498601319,11.092539419338,2.56926145342815,80.0347268585673,8248.26619805176,-209.593188887931,431.186377775862,442.893840087351,TRUE
945,0.00513301877483356,0.58586322341419,1.8738034557209,0.169537532639523,0.610568515933647,5.48280951262576,2.37209864928684,79.0042031713204,8256.83943129956,-209.552385389919,431.104770779838,442.812233091326,TRUE
946,0.0155004679459256,0.542887429110773,2.37561555819203,0.288843708867787,0.506644805825121,15.610520690802,2.66631387265751,63.267969692382,8346.24802068697,-209.136250041552,430.272500083104,441.979962394593,TRUE
947,0.0140289590256347,0.520948942343843,1.84847463579051,0.196687367872122,0.489624470546368,14.2459469651587,2.98028381972129,97.1980585469805,8574.41309332251,-208.464940274497,428.929880548994,440.637342860482,TRUE
948,0.0115643571710205,0.561585573088928,1.66566794174144,0.2560108378951,0.588833182126954,11.9077874432629,2.70851992784718,58.9713404782512,8365.30380622492,-209.765412835543,431.530825671086,443.238287982575,TRUE
949,0.00395889569457984,0.520901274545574,1.61575793766872,0.225331721073894,0.558050919292915,4.25730052712516,2.58566074682355,65.0051761055803,8359.92426054795,-209.921582224622,431.843164449244,443.550626760732,TRUE
950,0.0210315858955787,0.526879885462183,1.63988032439929,0.159976068032613,0.550170236242841,20.5371026334298,3.29526642126839,97.8916282695084,7313.32093395137,-201.86833325566,415.73666651132,427.444128822809,TRUE
951,0.0190869822812898,0.538447126953217,1.35269947619607,0.250154014136055,0.551649662501829,18.8407962524982,3.13083203548691,69.5127306380769,8316.21164124742,-210.037661223116,432.075322446231,443.78278475772,TRUE
952,0.0122253412672199,0.561722782748971,1.70844150187686,0.225007903424625,0.467095023622634,12.5414163027525,2.66782923925932,83.8676238988343,8234.78692133966,-209.783651319018,431.567302638035,443.274764949524,TRUE
953,0.00548034950649782,0.557770687966855,1.83118085866923,0.193810831783977,0.546863595771359,5.84215677948024,2.45066664145843,77.6380345388916,8276.38466191087,-209.618398115186,431.236796230373,442.944258541862,TRUE
954,0.00833468511799676,0.518708461364844,1.49024333295726,0.35983254506393,0.577658206573076,8.74111245715763,2.83034025855864,41.5032027539052,8409.70466091093,-210.638695046343,433.277390092685,444.984852404174,TRUE
955,0.00602890634351716,0.523739129267184,1.79447167127041,0.23347062493656,0.602731466330358,6.40675448051469,2.58979793689179,59.5339596972272,8375.63920297324,-209.847522924702,431.695045849404,443.402508160892,TRUE
956,0.0123517941415738,0.533647755380409,1.84674707567147,0.242479035098874,0.575312524433866,12.6620846914711,2.72282758460497,64.1573074051871,8349.86680460573,-209.586907097038,431.173814194076,442.881276505565,TRUE
957,0.0123028603444354,0.540767095446545,2.04705819508925,0.214745559215318,0.497444910102482,12.6154102672247,2.61940781448035,82.7613353722059,8252.47272980741,-209.559502686719,431.119005373439,442.826467684927,TRUE
958,0.0116355942657868,0.572860576143036,1.49967505894474,0.274125610298721,0.531270064578101,11.9763095453673,2.74913812211159,61.0229609610383,8356.22990190226,-209.867569831436,431.735139662872,443.44260197436,TRUE
959,0.00539540908919122,0.556331102961856,1.77715024551508,0.186546448478699,0.491986417507915,5.75441124396467,2.48865969030543,90.2887500151182,8342.3295980257,-210.197929852684,432.395859705368,444.103322016857,TRUE
960,0.0107727857185448,0.514829216168229,1.83721960502481,0.222134083864388,0.499678342028333,11.1425716118534,2.69743548951333,78.6067995726122,8281.56005139961,-209.687156357434,431.374312714869,443.081775026357,TRUE
961,0.0109555839453703,0.546697733708567,1.84340798684801,0.3466987444565,0.463186609232077,11.3199064308654,2.67350368653679,55.0892359743363,8380.18738660699,-209.673501631625,431.34700326325,443.054465574738,TRUE
962,0.00989654759968679,0.532406943782709,1.63014744300272,0.272516591776542,0.542250936998328,10.287293533558,2.7407547715369,59.1234384841471,8372.5832791584,-209.906659096885,431.813318193769,443.520780505258,TRUE
963,0.00389439078039792,0.546272933594524,1.50840659041314,0.185600541527794,0.441834722321003,4.18948803795987,2.77062579737205,97.8875472546023,8215.46713686793,-206.688439380045,425.376878760091,437.084341071579,TRUE
964,0.0202292835321702,0.500933149460933,1.87727126442878,0.228132250200004,0.556684671557069,19.8418541835351,3.02162324447882,76.1901643133065,8285.04923874859,-209.553465597093,431.106931194186,442.814393505675,TRUE
965,0.00702147350226952,0.534552020957447,1.64666746980277,0.334981434186381,0.520216623560897,7.41927088643463,2.66855670469834,48.7362683812334,8399.05465232059,-210.152436109716,432.304872219432,444.012334530921,TRUE
966,0.0130237262908685,0.549093060606156,2.07537328362311,0.175050574480427,0.435420477391795,13.3003274718373,2.78235114940307,97.6392791711167,6892.34463695579,-201.554852758849,415.109705517697,426.817167829186,TRUE
967,0.00587033543752934,0.491144485705276,1.7883142988121,0.167409498804999,0.602177237237968,6.24391521187143,2.62898136838785,82.1006588320291,8289.01852004516,-209.960781913157,431.921563826313,443.629026137802,TRUE
968,0.013581610628265,0.541762449310516,1.44380527707905,0.310370232727985,0.513099720147126,13.8264848085839,2.92187075661102,57.1295919681956,8374.70165793929,-210.114468346988,432.228936693975,443.936399005464,TRUE
969,0.00854414867649728,0.554247995417913,1.85747341462436,0.298752216544861,0.529995801694638,8.95009989256977,2.58406988670959,54.431908469706,8382.41531308952,-209.661930368561,431.323860737122,443.031323048611,TRUE
970,0.00432509216801206,0.541412394630977,1.91317342619876,0.20196328143059,0.480436765705533,4.64131475001413,2.4308844100459,83.6507521129465,8267.82606155161,-209.785481142209,431.570962284418,443.278424595906,TRUE
971,0.00843492175475781,0.517778710291552,1.85530246369596,0.245914714839395,0.577406247686429,8.84118449271384,2.65260930451964,60.5452628530482,8371.38684457651,-209.763258175749,431.526516351498,443.233978662987,TRUE
972,0.00664846316049322,0.541543122388973,1.83410092598514,0.217741921313987,0.478414819188337,7.04012833627496,2.51490529336465,79.9468279041534,8269.81892212516,-209.706945161295,431.413890322589,443.121352634078,TRUE
973,0.00489076416506991,0.539301515570552,1.3389587629492,0.237844016607519,0.654073609668989,5.23131611108638,2.7246359674872,53.2888858206534,8392.14386206964,-210.453238249783,432.906476499565,444.613938811054,TRUE
974,0.00795513410173631,0.55642717192512,1.79889486695445,0.24742391835251,0.569527448218617,8.36113037060151,2.56579728278157,60.6286387978563,8363.08392287832,-209.619961824615,431.23992364923,442.947385960719,TRUE
975,0.00482806226427117,0.543504513549805,2.24367713896567,0.28414311206506,0.566542495382135,5.16610786583118,2.41943373741442,51.4660258053444,8392.7909548639,-209.535625529257,431.071251058514,442.778713370002,TRUE
976,0.0171126852299062,0.5284657072641,1.57237732235633,0.267229576935152,0.469267191062589,17.0791727529072,2.96259749502652,74.6212483033955,8288.64282166835,-209.812491938278,431.624983876557,443.332446188045,TRUE
977,0.00728886457322449,0.554679075938482,1.75581787813072,0.173781915785285,0.589543664961709,7.69005155745628,2.526353355903,81.7081702584563,8254.43068112102,-209.760624246469,431.521248492937,443.228710804426,TRUE
978,0.00635722728801015,0.540101741995713,1.8940991150728,0.297480094524661,0.551962100214504,6.74296363649335,2.5502531070147,51.3140929918539,8393.40172077294,-209.779065832953,431.558131665905,443.265593977394,TRUE
979,0.0114682221294277,0.542155332233156,1.41425051741745,0.178784523178511,0.498153272589292,11.8152267259416,3.06981248284701,97.9005703546705,8213.4252034327,-206.844240651422,425.688481302845,437.395943614333,TRUE
980,0.00825306860551506,0.537446493775417,1.43289508490834,0.278235889062915,0.480670917074762,8.65954413702023,2.75415081245614,64.03495423404,8355.91177459662,-210.128347276633,432.256694553267,443.964156864755,TRUE
981,0.00596150556538644,0.571506763279972,1.65432053015433,0.241714230964714,0.487586157860122,6.33757598235517,2.50322424928487,70.5111469302016,8314.36974759769,-209.682371040551,431.364742081103,443.072204392591,TRUE
982,0.00255747606275557,0.526297057121957,1.96549523179138,0.194821298733711,0.532766443397661,2.77254400304295,2.40608589820949,76.9867709842753,8299.09808656057,-209.639825959827,431.279651919654,442.987114231143,TRUE
983,0.0056435342744559,0.525975619078132,1.35063793796566,0.263700307825531,0.550567975223802,6.01048851536752,2.76302596999476,57.5151133484691,8383.69613487931,-210.400196272444,432.800392544888,444.507854856376,TRUE
984,0.0056720386907618,0.504175605008862,2.35817465634726,0.289608747899163,0.521110201917775,6.03985934263786,2.50174423178978,55.3883375394143,8389.88124381422,-209.599304995445,431.198609990889,442.906072302378,TRUE
985,0.00736860350609556,0.535552623348749,1.39391805901678,0.165230887885352,0.506061572261016,7.77063911131092,2.96963248956821,98.0075033559293,8073.75740657256,-205.959275769763,423.918551539525,435.626013851014,TRUE
986,0.00906706576351529,0.514554792682822,2.10884066887972,0.343767179554925,0.609247486867319,9.46962166329051,2.65448087566271,41.51963813283,8409.27637652994,-210.081695170115,432.16339034023,443.870852651719,TRUE
987,0.004370568359707,0.548529570123345,1.52897151757112,0.273980124757537,0.402939063417403,4.68888996992246,2.5493735900464,73.8851889642637,8304.47001420905,-209.886252388507,431.772504777013,443.479967088502,TRUE
988,0.00497903311766569,0.534808980258663,1.62428252619777,0.163120947450178,0.446623509833832,5.32303311952181,2.74319823584617,97.9221803959548,7214.8831281315,-201.758941082392,415.517882164784,427.225344476273,TRUE
989,0.00801492053886005,0.525616563268453,1.556510892742,0.244590943318537,0.572352062973717,8.4210955792801,2.72630843833067,61.1142141485381,8369.39130500535,-210.038450445556,432.076900891113,443.784363202601,TRUE
990,0.0255057743389077,0.529457111863662,1.86739433713191,0.266398270544314,0.524250352135696,24.2984416575065,3.1236018032549,73.3495260966122,8283.70906542422,-209.395697822204,430.791395644408,442.498857955896,TRUE
991,0.0138470209380556,0.517597168140077,1.64127195325769,0.229897522772281,0.525974903139304,14.0756120491827,2.85821711051037,74.7580046205448,8297.09448765576,-209.806002601759,431.612005203517,443.319467515006,TRUE
992,0.00737664087614567,0.525248764007764,1.54244686883564,0.328603400969316,0.474562281128982,7.77875789084225,2.72996578067886,54.6084425092627,8388.96924158365,-210.144552282659,432.289104565317,443.996566876806,TRUE
993,0.00476430759524131,0.532243930414119,1.35925452355264,0.210480174291893,0.469880293272704,5.09975616981454,2.66586981498822,82.3938397925648,8260.628102802,-210.301837691593,432.603675383186,444.311137694675,TRUE
994,0.00990420680666274,0.565124786674285,1.82103573373257,0.282798321606101,0.438253882652207,10.2948071684579,2.57356173426207,70.001449651003,8313.4213329944,-209.506536694078,431.013073388156,442.720535699645,TRUE
995,0.00844011848136578,0.542353299702256,1.62139562179925,0.292173205062757,0.537318788176829,8.84636951943229,2.68746435308579,54.8475912567937,8384.10125785126,-210.000218184084,432.000436368168,443.707898679657,TRUE
996,0.0120554094306781,0.526125120586403,1.73821955533388,0.31145519793809,0.514688528658165,12.3789796225528,2.78992476675647,55.8598082679564,8381.08784857944,-209.910843973844,431.821687947688,443.529150259176,TRUE
997,0.00703682616609388,0.530932487534605,1.47333977661075,0.353808019177291,0.533122778792914,7.43484087276326,2.75931145945001,45.0672051375316,8405.34730167549,-210.45317264522,432.906345290441,444.613807601929,TRUE
998,0.00662766619503888,0.566971466845985,1.47486816936994,0.243482848423431,0.444171863249628,7.01894122050834,2.58961662734346,77.0243237423409,8273.59718444744,-209.930787926272,431.861575852544,443.569038164033,TRUE
999,0.00382860626194055,0.554595877387644,1.61683807418572,0.283723067675123,0.437948601904149,4.12027808919229,2.50408313225366,65.5996494082381,8348.3115642584,-209.774184615257,431.548369230514,443.255831542003,TRUE
1000,0.00889091148379299,0.504576533312594,1.62618133575298,0.290566765860166,0.512178311154052,9.29496235179247,2.78581527459992,58.131185630263,8382.24374980436,-210.096125644216,432.192251288432,443.89971359992,TRUE
