"draw","R0","gamma","sigma","rho","prop_symp","immune_frac","total_infections","total_reported","peak_reported_wk","attack_pct","finite"
1,2.27240522942184,1.02984880133864,0.706988750159683,0.243634084610899,0.719861955353095,0,1079.41505337978,189.310951582162,44,1.010499020202,TRUE
2,2.54924115161126,1.01852582129924,0.731905478092486,0.188253362524083,0.801610457592975,0,11651.6866779475,1758.30784608251,44,10.9077763320984,TRUE
3,2.24053503148501,1.02172239816456,0.801749855603128,0.279303551933848,0.751002450610242,0,1185.81406378591,248.733573688543,44,1.11010490899261,TRUE
4,2.42276511470848,1.08154493431994,0.683069596564833,0.194741295360814,0.788609384951802,0,3920.26072375028,602.053308185333,44,3.66996884829646,TRUE
5,2.58971935786467,0.905734118581599,0.855899789213176,0.266837509513715,0.796766183602417,0,18919.1387990093,4022.34331207065,44,17.7112327270261,TRUE
6,2.71534077364933,1.2251799844676,0.797664946710981,0.194057825462446,0.817542198079888,0,58083.6625037938,9214.99984343458,42,54.3752691479066,TRUE
7,2.32303768963247,1.04708463102106,0.645821364266584,0.226484787554303,0.782250776648976,0,1276.09139395444,226.082433704535,44,1.19461841785662,TRUE
8,2.39454280443678,0.968674349439834,0.686225717761779,0.24343266180131,0.750192418504955,0,2318.61489747055,423.428553259364,44,2.17058125582339,TRUE
9,2.73473085005486,0.828556719477522,0.738612397862514,0.240498155293418,0.85077243990646,0,20914.7241723716,4279.345030739,44,19.5794085118626,TRUE
10,2.41689368267917,1.05239982457841,0.691072391260639,0.306945034447821,0.810011114767548,0,3615.73469876763,898.976102973208,44,3.38488550717808,TRUE
11,2.59702156305074,1.09993043822048,0.795617405874678,0.252143646149872,0.80173422558585,0,27538.6789460506,5567.00428295007,44,25.7804521120114,TRUE
12,2.30530733988576,0.752173172972489,0.805122822957656,0.228432352924984,0.727523058204808,0,916.105713305231,152.247428930976,44,0.857616282817104,TRUE
13,2.32857924965655,0.707710007399643,0.870765378122986,0.232713100514802,0.859274312239011,0,1144.87059316854,228.933349097938,44,1.07177550380878,TRUE
14,2.51281501331542,1.12458329978334,0.810367465456935,0.18583382644823,0.822289841083924,0,17763.1741168458,2714.37762736858,44,16.6290714443417,TRUE
15,2.44825110185706,1.24036647678496,0.639615916268323,0.249553820654235,0.83826016708686,0,5389.80882866808,1127.49964635211,44,5.04569259377278,TRUE
16,2.47429653485871,0.79355627228663,0.74002541962678,0.199230796888747,0.77784744757919,0,3086.5188991209,478.321435267639,44,2.8894578722345,TRUE
17,2.23630690946945,0.904590244555145,0.714140576616158,0.187267663118289,0.753803173272307,0,597.556248187575,84.3528079897187,44,0.559404838220909,TRUE
18,2.42855984284234,0.961848199912428,0.77211129985516,0.262779574526049,0.867747761814481,0,4623.06745238665,1054.1813710094,44,4.32790437407475,TRUE
19,3.07433905271875,1.24768072558028,0.797949028952032,0.249482279625733,0.828664065306964,0,90051.0138763635,18616.8764608644,36,84.3016418988611,TRUE
20,2.41882753018867,0.745947692127028,0.992901489731598,0.130675607171485,0.806146115992671,0,4195.73391636642,441.993854590966,44,3.92785425610037,TRUE
21,2.56139466563426,0.867669916932531,0.825973507867779,0.18503593099294,0.809962955260561,0,11851.1773788276,1776.16261294611,44,11.0945304051934,TRUE
22,2.36437769145046,1.02349986670583,0.800145194730074,0.191081698258487,0.714967307502048,0,3678.81003904431,502.5886066308,44,3.4439337568286,TRUE
23,2.29813199567447,0.966308522677992,0.834850645122804,0.297818711949667,0.710528836876313,0,1974.74466905559,417.873316157748,44,1.84866567033851,TRUE
24,2.74287980676755,0.75687522824716,0.821474666675294,0.315398102166834,0.763349068825089,0,23159.4629419298,5575.84560889347,44,21.6808303144821,TRUE
25,2.11013509698388,1.09367194896722,0.708831003767182,0.218133407637852,0.815670459301776,0,286.418233071108,50.9609574734227,44,0.268131654251178,TRUE
26,2.59654432892592,0.95702324013889,0.734515263099081,0.201241073815089,0.818530735327656,0,13611.180421414,2242.060917563,44,12.7421647831998,TRUE
27,2.16144578664064,0.882835450058412,0.773400597278088,0.239310472115104,0.82094615094286,0,368.242806947227,72.3453541327834,44,0.344732079149248,TRUE
28,3.11756680330292,0.761595452145627,0.806612256971609,0.31583769604357,0.807926868461632,0,75094.6901175668,19162.1944863976,41,70.3002154255447,TRUE
29,2.49810806695042,0.94776035632743,0.824477946959195,0.299863279011994,0.82641569482,0,9867.67072444117,2445.3244553644,44,9.2376621648017,TRUE
30,2.31146067907077,0.898558760282428,0.778886536498467,0.258803856818039,0.776681357890145,0,1442.8583622127,290.02626260045,44,1.35073802865821,TRUE
31,2.79944564756001,1.03563908713478,0.773251186486114,0.256596788389722,0.904234045004012,0,55204.5109937147,12808.7467217016,43,51.6799391440879,TRUE
32,2.66650163363073,0.91774655928351,0.945676799339972,0.180491150241964,0.820192310951362,0,40878.8219863842,6051.59671398147,43,38.2688840913539,TRUE
33,2.83367806421208,0.925838355217675,0.84189808173822,0.230195991907502,0.781287953898001,0,59339.7606046056,10672.21770103,42,55.5511707588519,TRUE
34,2.7130095442599,0.888635595297508,0.875987826434424,0.324386330040363,0.795975673956593,0,38644.0926606504,9978.04491323454,43,36.1768326723932,TRUE
35,2.07582817335809,1.03673873995556,0.689822629786142,0.171405138193149,0.736632824525248,0,178.563309385946,22.5458768296449,44,0.167162806015677,TRUE
36,2.23920924068055,0.990745430255289,0.925975086681039,0.243903711741328,0.790460761340437,0,1688.29526189282,325.497102890959,44,1.58050483232805,TRUE
37,2.35533815198534,1.16953579730553,0.702055041234934,0.248431070841366,0.771705330007126,0,3043.26450779474,583.441224793492,44,2.8489650887425,TRUE
38,2.75890579300917,0.972754653581441,0.748127964818596,0.346930095299357,0.881910048613022,0,38800.2294678032,11871.3623320081,43,36.3230008123976,TRUE
39,2.50183989377974,0.978215532408962,0.856746870218351,0.222293756965135,0.77737601269308,0,12982.6393384127,2243.47582405762,44,12.1537533593079,TRUE
40,2.37446179561388,1.1958709279488,0.72608742944273,0.221484162238166,0.790324495418854,0,4375.99903179763,765.993944473542,44,4.09661021512604,TRUE
41,2.48002305696874,0.914416104525144,0.757155950256736,0.24194705925641,0.782016598513309,0,5542.53024552719,1048.68339349658,44,5.18866340154202,TRUE
42,2.38101816050301,1.28028880114692,0.903819943639258,0.291000196970667,0.853204424058538,0,13402.0019013661,3327.48462051469,44,12.5463414167442,TRUE
43,2.68841503454117,0.814836123700779,0.899196367323705,0.193803821900337,0.716465953203209,0,28705.6890468634,3985.89515378045,44,26.8729536106191,TRUE
44,2.47090802207059,1.00164862014169,0.58989536007667,0.306177466105281,0.701024721408554,0,2602.62701447437,558.622586544383,44,2.43646041422428,TRUE
45,2.74395137976149,1.48964583792042,0.979442309757574,0.275509488205056,0.796977945344262,0,82206.7397121653,18050.5437076359,37,76.9581910804768,TRUE
46,2.80481945391074,1.04563686864364,0.796402703494831,0.238646066719249,0.768126814132829,0,59921.1815799722,10984.1783365765,42,56.0954704923911,TRUE
47,2.3687130553779,1.20360407472486,0.596348997108535,0.245277393066259,0.703763899754598,0,1941.82785063364,335.193225629607,44,1.81785044994724,TRUE
48,2.36968226023317,1.21112974156204,0.655404619371477,0.273161517770569,0.871972145078494,0,2887.82826993401,687.849605281354,44,2.70345278967797,TRUE
49,2.67378555995668,1.05802721478961,0.770787997041345,0.268540976343582,0.747426204565789,0,34557.6431265975,6936.22222874995,43,32.3512854583388,TRUE
50,2.13003996904062,1.27532781621574,0.73671234437538,0.296017314794175,0.630307776874868,0,519.394940498159,96.9097548928658,44,0.486233795635798,TRUE
51,2.49463617397022,0.977979965591386,0.964855009471253,0.24377850172979,0.929783041381656,0,18555.0504677848,4205.70846059941,44,17.3703898780985,TRUE
52,2.53538818112783,0.938199538985785,0.762690529005576,0.293956464909051,0.772182074978737,0,9481.72524434312,2152.23702510778,44,8.87635765244629,TRUE
53,2.42627205163442,0.88679771314276,0.632086967355312,0.305539736579769,0.77613544913679,0,1733.15802488575,411.001476493811,44,1.62250329983688,TRUE
54,2.58165133622209,1.15691023889495,0.66394163324763,0.242102535437868,0.854279390001831,0,14479.0673704871,2994.60713767852,44,13.5546408635902,TRUE
55,2.27458333086337,0.916376762798858,0.934470817892745,0.225134733189809,0.748614270130426,0,1939.19767937001,326.830581121715,44,1.81538820386632,TRUE
56,2.69304627506644,0.920256614767163,0.839367684929336,0.21782768126218,0.837513701245102,0,34272.1835710593,6252.40014441589,43,32.0840512741615,TRUE
57,2.24675578471996,0.889249127809797,0.752953225712775,0.173656693717232,0.816977541979574,0,728.57326798134,103.365326075907,44,0.682056981821138,TRUE
58,2.47749792384068,1.15035099774083,0.646845557763433,0.185510807416952,0.921733388771444,0,5823.29159248531,995.73339446706,44,5.4514993376571,TRUE
59,2.52573212849024,1.14457088162937,0.823292922196752,0.342711800725357,0.859921615972398,0,21719.0929381085,6400.73148496469,44,20.3324217731778,TRUE
60,2.40800680885669,0.928201118946452,0.853392773552647,0.349879915002704,0.784163804004538,0,4979.62884580253,1366.2267311243,44,4.66170084797092,TRUE
61,2.39936713542537,1.17407350078988,0.623041867884416,0.322319662991149,0.678443864678702,0,2797.65682642095,611.77983854879,44,2.61903840705949,TRUE
62,2.41805217673694,1.05632125637075,0.879187913449433,0.348915398957216,0.821369341349679,0,9244.47706759312,2649.35999728639,44,8.65425675678068,TRUE
63,2.63294086131603,0.857207815949089,0.687648182116527,0.196653537675523,0.752589595625191,0,9466.41384354948,1401.02362955826,44,8.8620238190877,TRUE
64,3.03613614814024,1.0837751473746,0.652492297823233,0.219208891991637,0.808070087008423,0,73925.2378820148,13094.8319098,41,69.2054277120529,TRUE
65,2.45257138819743,0.685752754725197,0.719953041067374,0.273493855203833,0.765969287366132,0,1517.68927329181,317.937528651383,44,1.4207913062084,TRUE
66,2.32058423511947,1.12687466839317,0.754188154093173,0.36798855863343,0.872363664612785,0,2634.41727024301,845.700230463421,44,2.46622099816796,TRUE
67,2.65485291238822,0.960094446535738,0.759499040899281,0.258573654506046,0.864165975616782,0,22742.9482416958,5081.92439363889,44,21.2909082959144,TRUE
68,2.39021895315433,1.09046288990699,0.677699073698963,0.259169908225268,0.78176994435618,0,2966.33629863608,601.01308976056,44,2.77694841662243,TRUE
69,2.25785621286934,1.08963706561134,0.959529457371827,0.26351155228028,0.722369512207705,0,3034.44570904986,577.614968561959,44,2.84070933256868,TRUE
70,2.78556433786039,0.986463844450653,0.818938438871749,0.245529843952782,0.736147504970076,0,54571.8859432169,9863.66002995099,43,51.087704496552,TRUE
71,2.34101588918252,1.30671823680339,0.751221425878478,0.226928234108268,0.872982726393348,0,4714.47297459767,933.957974346556,44,4.413474044746,TRUE
72,2.48538720849741,0.945255643128655,0.631151845093951,0.366043949764733,0.780538378464945,0,3207.38784088931,916.387113189489,44,3.00260984917554,TRUE
73,2.64087684008764,0.874435790468772,0.779579673397203,0.186247490582274,0.770409369603834,0,17041.8324573699,2445.27820670454,44,15.9537843637614,TRUE
74,2.0848883998609,0.925989855424919,0.617035959693835,0.241131197794927,0.784521284569129,0,125.766642732398,23.7915973964979,44,0.117736980651936,TRUE
75,2.50484039613882,1.04943757428867,0.945935072047073,0.166057525318407,0.782678477459539,0,23330.1114848071,3032.20644949909,44,21.8405836779696,TRUE
76,2.61432456541865,0.830027948697624,0.818080757300551,0.189828350758173,0.767835173221317,0,14221.9918850569,2072.95322978349,44,13.313978548078,TRUE
77,2.50626010388603,0.9084389191295,0.710181123567922,0.32323327711603,0.733555890583237,0,5224.37568083444,1238.75001694455,44,4.89082164466807,TRUE
78,2.56253586255246,1.09129938570756,0.763667249883907,0.206931797914048,0.669640135980472,0,18605.8166544789,2578.20498653028,44,17.4179148609613,TRUE
79,2.5208031791584,1.21317402766241,0.786563503263951,0.250899557266059,0.626585604911981,0,20900.5255219184,3285.77268033709,44,19.5661163844958,TRUE
80,2.57364378316741,0.845092546644343,0.643986322821273,0.263597394165789,0.686826309137421,0,4668.66222275264,845.240871587418,44,4.37058811341757,TRUE
81,2.68142204492437,1.25898457662829,0.904358320508252,0.215766035695346,0.824016291369939,0,65831.8123100607,11704.5491987839,41,61.6287327373719,TRUE
82,2.49323077601062,0.984354258984526,0.706582404717403,0.213702156718376,0.702839008964064,0,5959.48258813916,895.103629430516,44,5.57899512089418,TRUE
83,2.84457595581892,1.09248433464103,0.726249025231291,0.261426483757885,0.732301598707263,0,60206.2164019143,11526.0606132497,42,56.3623070603954,TRUE
84,2.7286681679246,0.967785558284921,0.750927122435057,0.254209614434273,0.697260832578538,0,33627.8295230607,5960.54648327352,44,31.480836475436,TRUE
85,2.39587522281287,0.935474508439952,0.83212835455265,0.318109250355563,0.7692689281875,0,4210.24552360168,1030.29575876849,44,3.94143935929758,TRUE
86,2.27369862414594,0.87609505218285,0.785174216077718,0.229298313948417,0.746636101099245,0,997.822107436061,170.829538683116,44,0.934115434783806,TRUE
87,2.11992613729251,0.90739086715537,0.877673171849991,0.210480900504809,0.68254159197271,0,364.386718162346,52.3485133760025,44,0.341122185136067,TRUE
88,2.24165956064249,1.01544183445655,0.603375742800216,0.204130531470448,0.773810247551822,0,491.493493831391,77.6354753164367,44,0.460113736970034,TRUE
89,2.32651184096217,1.2860539745966,0.734016544413841,0.234222700945923,0.726182129062532,0,3591.27309543772,610.83367802441,44,3.36198567256854,TRUE
90,2.44970383398841,1.10479082705045,0.806211470046331,0.220359790716058,0.756733258858335,0,10039.6854741993,1674.15352049696,44,9.39869450870558,TRUE
91,2.50554958782,1.29914522917725,0.830155228682202,0.288054666480151,0.690056247244727,0,27225.998305254,5411.81846765604,44,25.4877347924115,TRUE
92,2.76324495353717,0.979293651825301,0.870137475790449,0.248550748810014,0.744360750503547,0,56262.9956262711,10409.2968224325,43,52.6708440612911,TRUE
93,2.26057504926933,0.937553610655647,0.912882216600768,0.302811968060104,0.736935172280927,0,1691.72106500596,377.512275305954,44,1.58371191256877,TRUE
94,2.30128977079253,1.01047911648656,0.813752080050306,0.256693436617713,0.699173219144528,0,2123.70731696512,381.14849794785,44,1.98811769047474,TRUE
95,2.38500046748615,1.01814792377385,0.647920936328051,0.250753804497186,0.708971971286992,0,1994.95512406262,354.65797314043,44,1.86758577425821,TRUE
96,2.36759307374796,0.885317515929008,0.679712869473611,0.184631455993309,0.798410306853513,0,1410.88633945869,207.981093751199,44,1.32080728277353,TRUE
97,2.38437781417207,1.03247397289664,0.718917256440526,0.298472594018557,0.77069511773557,0,3029.31232914522,696.836868224044,44,2.83590369700919,TRUE
98,2.76904284568796,1.25380098038294,0.72437359072891,0.327359867503358,0.734713271539657,0,58580.225748942,14089.4604419036,42,54.8401289542614,TRUE
99,2.38823272261071,1.10729615213396,0.85271052037834,0.241639013440535,0.855066589282813,0,7361.5536593501,1521.02542349205,44,6.89154995258388,TRUE
100,2.23548293459764,0.837004631836834,0.788509381880966,0.233310215977828,0.791015216132606,0,646.960973513124,119.397896890208,44,0.605655283198955,TRUE
101,2.38683460273069,1.20236760905534,0.588328576412736,0.200465147157003,0.704526966963423,0,2129.49470401366,300.755142971258,44,1.99353557761997,TRUE
102,2.63704584581541,0.963350471256817,0.777954899086217,0.257149517343029,0.70620368984395,0,22402.030816008,4068.20740702005,44,20.9717569893353,TRUE
103,2.50949723325808,1.18772980170457,0.856386249769635,0.269065072250417,0.783843887800386,0,24645.0518455474,5197.76496271934,44,23.0715707222874,TRUE
104,2.57074273153332,1.06971835224989,0.74355079774861,0.286170043041647,0.794487147506142,0,16788.4690720332,3816.99982254672,44,15.7165971466329,TRUE
105,2.62510287823955,0.854182236584411,1.09244456671998,0.260565687702794,0.789480355806242,0,39116.3595983816,8046.68468827429,43,36.6189473866145,TRUE
106,2.07042659525783,1.06006362575003,0.872548115922682,0.235714543004859,0.775815490246898,0,305.241844571563,55.819879447722,43,0.285753458688975,TRUE
107,2.49377263232837,1.15646092371651,0.608588798965832,0.212256127021313,0.777033807248932,0,5187.22433783538,855.529877411314,44,4.8560422559777,TRUE
108,2.43833077072586,1.18573164669553,0.796841626029265,0.233961221012029,0.785865782504748,0,10809.4796975732,1987.453831959,44,10.11934066427,TRUE
109,2.72643297188014,1.39405292770641,0.820734056783612,0.214530723550243,0.877480270058969,0,70167.949120496,13208.8692368653,40,65.6880257634301,TRUE
110,2.29987863261099,0.868042201840085,0.882301057571406,0.23690595103319,0.839345272530465,0,1739.00635109251,345.794265657842,44,1.62797823543579,TRUE
111,2.22349967600096,1.08248273700817,0.789076975487589,0.275789489464209,0.720787250569011,0,1112.16995700089,221.083314201105,44,1.04116266335975,TRUE
112,2.20340768870204,0.982663572669816,0.594339478444017,0.209105041800214,0.774851359934508,0,325.287567819295,52.7048242222896,44,0.304519348267455,TRUE
113,2.33910577512728,0.799565799098664,0.713510722238302,0.286539860939303,0.765630896138284,0,998.738762718393,219.107075519951,44,0.934973565548018,TRUE
114,1.99481726380817,1.0159548210198,0.739043952683357,0.237834674055212,0.806231890774429,0,95.390048696249,18.2910321988425,43,0.0892998021870895,TRUE
115,2.87092748919183,1.1314323775626,0.582839289570907,0.230856523500008,0.730164586848362,0,40909.7414754403,6895.87931123661,44,38.2978295033143,TRUE
116,2.48511310001427,0.833521676891349,0.810751065787303,0.297058843678329,0.703186314658324,0,5428.22483715331,1133.88947472078,44,5.08165590446855,TRUE
117,2.16586103307381,0.985877760314048,0.633643638104086,0.198294152830601,0.799600822312225,0,287.265645472147,45.5477398473173,44,0.268924962995831,TRUE
118,2.5877130164748,1.15137928238983,0.905459820965849,0.222395946796688,0.809473851452913,0,42403.7069925221,7633.67237920681,43,39.6964117136511,TRUE
119,2.91029439739997,1.24968270270027,0.770108245641905,0.291823392034274,0.705770145282558,0,79800.8015580569,16435.7920649597,39,74.7058617843634,TRUE
120,2.49863619863415,1.09884097285116,0.712458941944464,0.250990862474142,0.925895363161874,0,8982.34944026174,2087.41964575181,44,8.40886485701343,TRUE
121,2.3733875118013,0.993591925185698,0.771421950449029,0.277821361452745,0.765509695135585,0,3190.21376135534,678.478538492663,44,2.98653226114523,TRUE
122,2.35962629795823,1.05305832847879,0.819746750732004,0.199185252879109,0.745396609232595,0,4198.7774741895,623.400939975009,44,3.93070349577748,TRUE
123,2.56107142429046,1.26653445441901,0.813018608782322,0.212994675995881,0.808569142404408,0,33766.4531906103,5815.28971826603,43,31.6106096148758,TRUE
124,2.4342347284888,1.00140061491396,0.665061568617538,0.308900764603869,0.855278402950363,0,3117.27647667604,823.572451792329,44,2.91825171005059,TRUE
125,2.31832689860236,1.19953799503244,0.752097903904626,0.246525836224453,0.825453553820569,0,3029.52702907336,616.495504173224,44,2.83610468926545,TRUE
126,2.31645433766624,0.820497786174642,0.69206123917031,0.2744066034937,0.832683951636052,0,818.953099151683,187.125848924559,44,0.766666447436513,TRUE
127,2.68427267328029,0.979833832945235,0.613191772104819,0.302642771537355,0.788146303221272,0,12766.7037735239,3045.20076253249,44,11.9516043564163,TRUE
128,2.67229538504139,1.11431988237425,0.678925478901587,0.194244694045472,0.712017307082885,0,25555.1665391809,3534.42223163658,44,23.9235784864079,TRUE
129,2.47723240323147,1.36659134859705,0.876205866677813,0.2398054912275,0.696945335721946,0,30411.7491154323,5082.75573033659,43,28.4700890427189,TRUE
130,2.28632903317542,0.911861687010937,1.01688720601193,0.204288648015575,0.805672061209599,0,2777.54767757183,457.155617131868,44,2.60021314133292,TRUE
131,2.58122700915303,1.0885391388521,0.63040689719105,0.252743101603844,0.723586938971437,0,9755.19748968689,1784.04619581533,44,9.13236986490067,TRUE
132,2.43602298911334,0.983643055208875,0.677168627633938,0.301959302368755,0.829583761176697,0,3216.78782770847,805.807067902363,44,3.01140968705155,TRUE
133,2.20615333011363,1.0640973057777,0.776503588615228,0.14989834187694,0.841084398123563,0,859.834694433492,108.405513469461,44,0.804937927760244,TRUE
134,2.64547821799913,1.08421611371365,0.735809576284596,0.265849466949551,0.70210731340553,0,27108.4345864706,5059.92092729229,44,25.3776770141084,TRUE
135,2.31019777065418,0.910189514953993,0.745661460812089,0.222096251837239,0.763940050302879,0,1287.89191441066,218.514330989454,44,1.20566552556699,TRUE
136,2.72681928687321,1.20698274791156,0.602494347433677,0.157948618562182,0.878859365247692,0,27022.9611188478,3751.18215063385,44,25.2976606617186,TRUE
137,2.42187532068224,0.94229191383402,0.779025864267338,0.198459072778066,0.943310528346597,0,4236.1944634169,793.051750140974,44,3.965731570321,TRUE
138,2.29257571449346,0.759916875762533,0.80079861488649,0.24305580396884,0.807266769133877,0,838.464755144585,164.515902080642,44,0.784932367669523,TRUE
139,2.55058000062829,1.04891591754078,0.910536081980895,0.264024546933546,0.848948013055239,0,27991.4543782998,6274.09176421385,43,26.2043197699867,TRUE
140,2.59520378490559,0.875125316358311,0.862892720081517,0.228271768916125,0.788233647081944,0,18010.4463931084,3240.6464359609,44,16.8605564436513,TRUE
141,2.47590836008612,1.58983881233349,0.524294682722114,0.191871295721709,0.815333403131309,0,4996.72525574303,781.683084552629,44,4.677705725279,TRUE
142,2.59846914772368,0.96650929530922,0.827901514645063,0.168635066462746,0.848571983601813,0,21967.8347001379,3143.57502075348,44,20.5652824378748,TRUE
143,2.6341547552745,1.34271428348594,0.879773683684727,0.159478092566808,0.660650764075461,0,60379.5258329192,6361.54600753945,42,56.5245514256873,TRUE
144,2.4332817935297,1.2128134700594,0.690692134984521,0.289785488223992,0.756167329542293,0,6184.81648910952,1355.25606952932,44,5.78994241631672,TRUE
145,2.13103072764757,1.09939194045705,0.844984465654169,0.289591058147504,0.77116280205055,0,566.258711496273,126.457944077437,44,0.530105515349441,TRUE
146,2.32224382745701,1.11685693034291,0.855354249057919,0.246007730375095,0.783029418129716,0,4139.14426697001,797.328699522596,44,3.87487761371467,TRUE
147,2.57680273943148,1.04312675849412,0.686722947390494,0.254463536392056,0.743531352642474,0,11875.3944754993,2246.8438421673,44,11.1172013438488,TRUE
148,2.64228995341348,0.831308882926496,0.790509206056375,0.177469329903089,0.792594485361134,0,15251.4393353932,2145.28594474051,44,14.2777001829182,TRUE
149,2.76529987644616,1.58104034628786,0.81335920619604,0.319471797579523,0.78545901415234,0,78349.9529338932,19660.5106384697,38,73.3476436377955,TRUE
150,1.93435723501224,1.15086172757642,0.762257169427291,0.181772959086582,0.820533631309028,0,66.2615028998878,9.88295790231476,43,0.0620309894213516,TRUE
151,2.46869572131147,1.13707051609077,0.728870689931906,0.191612211426561,0.884166218934354,0,8588.99850844476,1455.12274233243,44,8.04062769934915,TRUE
152,2.27070889905682,0.988083906566561,0.728183461094202,0.374398792188308,0.757600446258752,0,1054.80232753185,299.18908135648,44,0.987457711600685,TRUE
153,2.7915338379251,1.20826495299018,0.898348545802554,0.198805559158459,0.771969492814736,0,76134.0557151622,11684.432602577,39,71.2732219763736,TRUE
154,2.59952520415513,0.950829777345174,0.822164145088268,0.200705842857679,0.771211574505249,0,20535.4548657651,3178.61465676936,44,19.2243539278835,TRUE
155,2.11435292631929,0.837508976327034,0.916515016850542,0.31895731339129,0.794004948267661,0,319.56609497694,80.9312911919482,43,0.299163166988335,TRUE
156,2.3930515388207,1.02564246728661,0.702374066361764,0.242874451687662,0.717697809128096,0,2931.75895473392,511.036257489484,44,2.74457868819876,TRUE
157,2.52621691724914,1.1276525598714,0.735163224975276,0.229971848268093,0.735451470941477,0,13605.6192794223,2301.16102988101,44,12.7369586963324,TRUE
158,2.46199540622337,1.07080348218258,0.614726200211641,0.23590322427482,0.777078686065347,0,3430.11788686001,628.793321197206,44,3.21111953460027,TRUE
159,3.0179743831242,1.02907907706187,0.759685065599764,0.271995436005544,0.827989736326955,0,79853.0831615338,17983.6672898778,39,74.7548054311307,TRUE
160,2.2964885727274,1.11471936581777,0.808556109498756,0.190583966140412,0.839776202817853,0,2625.40745021783,420.19089497715,44,2.45778641660534,TRUE
161,2.44347602692832,0.809447509333098,0.861068349472323,0.240150034673901,0.7963013283486,0,4342.61327331074,830.445716541036,44,4.06535599448675,TRUE
162,2.3963798386373,0.755747595545753,0.91315763098659,0.245176953471531,0.772086184057445,0,2822.47633439772,534.288386858625,44,2.64227329563539,TRUE
163,2.58789632762483,0.971844541343362,0.814868792987679,0.338594648442431,0.806368035445593,0,19733.0506519593,5387.75234144472,44,18.4731797902634,TRUE
164,2.47209552157276,0.915170416576152,0.82422817629397,0.182559515832944,0.744925605808739,0,7133.21025683888,970.068502312989,44,6.67778529941854,TRUE
165,2.56373911403032,1.18198235931728,0.75682523575735,0.240818299553204,0.710793837224938,0,22694.9341371633,3884.74097024401,44,21.2459596865411,TRUE
166,2.43030283118,1.21056892170141,0.635093254763295,0.292434835312151,0.787304426090783,0,4230.05571945673,973.907894562454,44,3.95998475889977,TRUE
167,2.46061146470945,1.05571981440992,1.14952933445248,0.257518844662761,0.777650712911811,0,31019.1952774417,6211.89514810101,43,29.0387523660754,TRUE
168,2.577746023828,0.911749708459547,0.803714740297175,0.316100093477219,0.798287153996166,0,14268.0360172565,3600.37686113554,44,13.3570829594238,TRUE
169,2.29474305249876,1.0330523903279,0.795935571575094,0.2707890783865,0.795709045793953,0,1974.52137868679,425.448777160832,44,1.84845663610446,TRUE
170,2.3505542483598,0.932455879835547,0.719721526891352,0.243982765524345,0.751940587292196,0,1717.35175026027,315.066286337894,44,1.60770618822343,TRUE
171,2.42072397402045,0.78172890846771,0.721281710756787,0.307794381634188,0.825701903638661,0,1806.71651149905,459.170509584355,44,1.69136539177968,TRUE
172,2.45227867453355,0.903201706683998,0.825322623804015,0.245686265634234,0.846212989405834,0,5842.282241394,1214.62747492761,44,5.46927751487923,TRUE
173,2.15127335570893,1.17229166404407,0.627197615734678,0.229862904016725,0.803392746584948,0,339.33977067794,62.6659398564225,44,0.317674378092062,TRUE
174,2.52874154596178,1.1455755945946,0.947096611025441,0.239663650311872,0.725090747033011,0,34601.7769114476,6013.02396328015,43,32.3926014898405,TRUE
175,2.41049843108924,0.874181112861228,0.784272365140702,0.190482890383013,0.684528404014751,0,3117.02131483845,406.431367126695,44,2.91801283920469,TRUE
176,2.44445119291491,1.05528304176605,0.697878979188467,0.314479378216539,0.753947939344016,0,4747.20184730625,1125.56668104622,44,4.44411331895362,TRUE
177,2.64809804503771,1.13888217639915,0.79313360139966,0.240609112352536,0.71875703750261,0,39153.5152540583,6771.18906900748,43,36.6537308126365,TRUE
178,2.38263085059813,0.902380726804661,0.75337051606073,0.329407570041915,0.821940378095879,0,2380.17513104488,644.440468072407,44,2.22821113185254,TRUE
179,2.69234521923727,1.12030962666742,1.00279872623217,0.281876098690188,0.844948704522026,0,67572.5809564018,16093.8186662951,41,63.2583607530442,TRUE
180,2.49426929751468,0.723892239256004,0.909254126309549,0.247527923040958,0.643893841219096,0,5182.47334428885,825.99143864103,44,4.8515945930433,TRUE
181,2.542673719067,1.28913290992111,0.611208381906535,0.247713562696439,0.73560592539109,0,10276.0377261016,1872.49511943348,44,9.61995668049201,TRUE
182,2.7082779861295,0.845942955457346,0.850204369441806,0.233174052937843,0.83703968875185,0,30357.4059502302,5925.03514199993,44,28.4192154561226,TRUE
183,2.42028546456022,1.07197746705478,0.809551258691599,0.353599894953706,0.78893157416572,0,7239.28971154359,2019.51657505877,44,6.77709203477213,TRUE
184,2.53197440820525,1.00453133366779,0.759248692314626,0.221209581912358,0.797913245186302,0,11318.9453044896,1997.86238664418,44,10.5962790717933,TRUE
185,2.75099859388008,0.957536912673464,0.727823361179808,0.293814988233894,0.821117457042401,0,33146.3441507062,7996.77482189321,44,31.0300918842036,TRUE
186,2.67585538386597,0.884025947089129,0.581414650082698,0.283276182792011,0.780594675862802,0,7082.07578625358,1566.01607692078,44,6.62991554601533,TRUE
187,2.12552454198347,0.743348877149343,0.785981796806822,0.302993763598765,0.777310733951252,0,196.638537165554,46.3123682018946,43,0.184084007831449,TRUE
188,2.42532253310311,1.0383702847389,0.586654218235924,0.269026540171304,0.746355117113186,0,1985.27459548082,398.621965612735,44,1.85852330601088,TRUE
189,2.25078593687263,1.05876888733073,0.79136135504671,0.296541165653755,0.741172764670727,0,1374.47528777502,302.093498357007,44,1.28672092096519,TRUE
190,2.7034181472141,0.942963980283939,0.674126522902108,0.232392193693467,0.852006235543924,0,18684.523598759,3699.52816359114,44,17.4915967035752,TRUE
191,2.79374502960478,1.16515798688414,0.806234658683226,0.266404053007313,0.812915579067765,0,67327.8847029206,14580.7963605496,41,63.0292873084822,TRUE
192,2.44204729744614,1.46468438477479,0.851269658972078,0.222952882787065,0.756975915608376,0,25498.8646090598,4303.44242603777,44,23.8708711936527,TRUE
193,2.41139299811039,0.791908301817989,0.742034642854974,0.30131809747856,0.767279222870821,0,1918.76734058507,443.609637250889,44,1.79626225480721,TRUE
194,2.5140050116732,0.958020848227629,0.794079280890008,0.283242981177416,0.755729197466159,0,10055.3142315473,2152.39019585921,44,9.41332543676024,TRUE
195,2.29918928641781,1.06600993620591,0.760561501815591,0.151528701464567,0.823224593923676,0,1917.9223262185,239.24576166117,44,1.79547119099279,TRUE
196,2.30253330846402,1.36014667234485,0.61423299847459,0.275947746944914,0.848647926465407,0,1638.63566817761,383.739769928314,44,1.53401579121664,TRUE
197,2.96136390244838,0.92085549086897,0.796032111506477,0.214059288060386,0.685794323172825,0,71219.0677554143,10455.0050524705,41,66.6720349704309,TRUE
198,2.60334522671417,0.913860637090046,0.673011456828453,0.427939533989435,0.752039957426253,0,8751.89885330762,2816.60285652888,44,8.19312755411685,TRUE
199,2.6640499114901,1.06528011631093,0.836773172277339,0.228865092816605,0.764742050922554,0,42077.1375889534,7364.4567732906,43,39.3906923693629,TRUE
200,2.72299342542575,1.07033629544424,0.723906476949683,0.347768430055812,0.719127508128741,0,37389.674954599,9350.77799574543,43,35.0025041701919,TRUE
201,2.72964938947722,0.99127793446136,0.583767793101226,0.282208947275916,0.823402093131186,0,14268.8939348618,3315.68340070575,44,13.3578861026603,TRUE
202,2.52242738216485,1.24298782931761,0.875164516629229,0.241003137342423,0.832399496636334,0,32247.4705904599,6469.19378222487,43,30.1886075551956,TRUE
203,2.43928799884032,1.18417616226992,0.765512320214746,0.222846425238823,0.846807229120526,0,9252.88945008075,1746.09392809356,44,8.66213204463654,TRUE
204,2.4450304185749,0.97054004622217,0.764859585457688,0.219740467491743,0.75604772021403,0,5258.89326292007,873.682443128466,44,4.92313542681152,TRUE
205,2.49901424579397,0.74437588364755,0.708123164427901,0.256980962730076,0.650770961303858,0,2590.57329483106,433.236463105328,44,2.42517627301167,TRUE
206,2.42140546367908,1.08727146656208,0.54320488043661,0.294884230995334,0.725434543273361,0,1604.70023633007,343.276202719452,44,1.50224699150915,TRUE
207,2.37359830985753,0.857749906190711,0.820221279038113,0.273800695498619,0.733132717780452,0,2516.35400069229,505.113395375804,44,2.35569556327681,TRUE
208,2.17988306950179,1.00753875269688,0.825093501035149,0.229470060610302,0.785160987100054,0,701.643545764229,126.415776693207,44,0.656846607156177,TRUE
209,2.26869056493838,1.17611619388309,0.75521452619248,0.247411762499047,0.737977065118003,0,1826.10175557472,333.41733978283,44,1.70951297095555,TRUE
210,2.73191156515158,0.930623039115094,0.822231059522122,0.211267316173619,0.731347462600112,0,40033.3760872726,6185.54955764688,43,37.4774162958927,TRUE
211,2.39657808223185,1.03397923764543,0.775151982605536,0.231260316939734,0.782377027052261,0,4475.32984563587,809.73377749109,44,4.18959918146028,TRUE
212,2.43676867380432,0.934473266448681,0.710768337877078,0.292638348267084,0.804891093013407,0,3332.2647879069,784.888312654279,44,3.11951393737774,TRUE
213,2.52320473142186,0.796299787921594,0.641381327325429,0.204699967863591,0.778714894698404,0,2690.2613586482,428.835499773995,44,2.51849968044205,TRUE
214,2.21085084797652,0.943628769234392,0.792773453565608,0.267627547558267,0.89914027199132,0,712.998612402919,171.572211405472,44,0.667476701369518,TRUE
215,2.83670650832285,0.929605924541033,0.658106705179316,0.216294260504491,0.858592871008474,0,33391.3139300958,6201.05783880965,44,31.2594213912149,TRUE
216,2.6411389794374,1.02017966665028,0.734959715384552,0.236563464823468,0.740732501507475,0,22227.8663996311,3894.99452091213,44,20.8087122258295,TRUE
217,2.67398216353717,1.12147580072809,0.763144083842259,0.275642817621661,0.757878539506576,0,38432.4399882985,8028.68183616234,43,35.9786931176732,TRUE
218,2.4258772992806,0.82699499257789,0.770204911278128,0.277223007995078,0.781465567593824,0,2781.22610801059,602.525478442286,44,2.60365671972533,TRUE
219,2.13426098998539,0.860826777660728,0.579877065171955,0.253098959470422,0.874263971427691,0,142.898795064557,31.6199739577279,44,0.13377531835289,TRUE
220,2.28765816659637,1.23412979129713,0.844048923636328,0.19318093743879,0.727209012543658,0,3759.57498754151,528.156067536097,44,3.51954220889488,TRUE
221,2.40249814201834,1.06915196369415,0.637880814152668,0.232198365730411,0.878442615974803,0,2466.50848920802,503.100987628078,44,2.30903247445049,TRUE
222,2.36361624040112,0.90980965195109,0.798865934113728,0.236119087879779,0.791841827786917,0,2540.683521445,475.028981410773,44,2.37847174821663,TRUE
223,2.60727379000712,1.10811303681533,0.670625195212957,0.318461813160745,0.786832359593493,0,15929.4679209689,3991.54330777561,44,14.9124395440637,TRUE
224,2.46280984606001,0.835059593123742,0.641320927803164,0.257964695641642,0.804479869988119,0,2015.37213472051,418.244948847583,44,1.88669924613416,TRUE
225,2.48821415533488,0.790414891497781,0.537467237946614,0.255863602619297,0.738307219625109,0,1121.5412662655,211.865812819953,44,1.04993565462039,TRUE
226,2.64888146942114,1.0242614977374,0.727232987778535,0.237251388133253,0.707117708372174,0,22694.241109619,3807.29159571274,44,21.2453109058407,TRUE
227,2.5219275182854,1.00283493962095,0.622109138023348,0.188988714332941,0.8046114823186,0,4716.09234601919,717.140743229172,44,4.41499002623029,TRUE
228,2.36289789814913,0.89274724498531,0.710385739146955,0.275354844965418,0.719049816331046,0,1610.52721008263,318.874483978564,44,1.50770193791671,TRUE
229,2.79775164858215,1.15329241964995,0.669716499555262,0.24270116469334,0.822053496492894,0,47693.3617511375,9515.46194835385,43,44.6483446462624,TRUE
230,2.24966388570581,1.08565770300219,0.700165667504349,0.195315341888717,0.81918606753689,0,971.493673486358,155.43860581648,44,0.909467958702825,TRUE
231,2.77183798114291,0.892124510622905,0.894178844928923,0.24828349695376,0.846328316195333,0,51543.1247326002,10830.7234988713,43,48.2523167315112,TRUE
232,2.39216819649148,1.05432614134313,0.607870798016675,0.199817473826236,0.679497451878863,0,1824.87320916181,247.773007273158,44,1.70836286197511,TRUE
233,2.24625565229847,0.96582676743059,0.849536655559533,0.18387415237874,0.847950657563265,0,1288.66429883689,200.923651398856,44,1.20638859655204,TRUE
234,2.45914410771514,0.869168902712468,0.942176306691881,0.316982031378246,0.720584412219427,0,8611.61412251163,1966.99868113778,44,8.06179940321254,TRUE
235,2.65058211769738,1.0077730765925,0.735418468602715,0.262056456097267,0.840160461639948,0,22787.3992918384,5017.08969609631,44,21.332521336677,TRUE
236,2.48654407309851,1.27131768669097,0.723785182782667,0.261209744742096,0.772911823613978,0,13277.9324170876,2680.70966139342,44,12.4301932382397,TRUE
237,2.4995746731279,0.985147033105383,0.731382092552014,0.251745649591874,0.827662614654887,0,7180.92270379311,1496.22037623603,44,6.72245151075933,TRUE
238,2.59888804367967,0.821033175562232,0.648140970384994,0.12113647226783,0.820585789101653,0,5191.69516351824,516.069387399478,44,4.86022763856791,TRUE
239,2.60245853355654,0.901021975232571,0.801305797722094,0.234824105306828,0.751256189614627,0,16095.3886311506,2839.43680187637,44,15.0677669267464,TRUE
240,2.69915850206293,0.883058523530218,0.88645265459308,0.232267566344653,0.865517296063057,0,36745.12079736,7386.93027858321,43,34.3991020383448,TRUE
241,2.68681968370712,0.948939514574778,0.616406323387737,0.31037848751373,0.840505033551492,0,12033.7879490902,3139.31059317929,44,11.2654820717938,TRUE
242,2.17841647194537,1.06734067453335,0.671965246359422,0.361280398228204,0.870701353118622,0,438.2862857086,137.870547368956,44,0.410303581453473,TRUE
243,2.41923041411469,1.12912478974587,0.757351641418676,0.35453358314291,0.866733988446005,0,6486.48063356767,1993.20667643284,44,6.07234659573831,TRUE
244,2.39410488783875,1.04628035411154,0.902033551000094,0.269787284198815,0.828210276711408,0,7978.21279947521,1782.65666521027,44,7.46883804481858,TRUE
245,2.35137191061102,0.987305889436257,0.794625005633983,0.217506329651685,0.734351749237808,0,2870.16459287976,458.440350763133,44,2.68691686283445,TRUE
246,2.48156741773787,0.901544920187604,0.949486225771719,0.209366889617854,0.759211435428385,0,12058.4747133538,1916.73961577113,44,11.2885926917747,TRUE
247,2.07667994691229,1.22969052936988,0.788842308678289,0.215513736439552,0.768702519736134,0,338.441970682878,56.0683113507662,44,0.316833898785694,TRUE
248,2.48735116138944,1.42060864279673,0.778189498669004,0.333483874935237,0.74160464169952,0,23796.7440998918,5885.24868505644,44,22.2774237969405,TRUE
249,2.16349970822896,0.849443193261112,0.637486654414936,0.255901464247891,0.830921917299191,0,216.5592041459,46.0478791175327,44,0.202732825450197,TRUE
250,2.23724818041367,1.05514652067914,0.679227332200659,0.26013692058383,0.689329372030555,0,739.766902598412,132.65501584919,44,0.692535950756799,TRUE
251,3.00501501562373,1.24531040407646,0.983141667014171,0.229629808283952,0.877727073715858,0,91687.1770674854,18479.761387561,35,85.8333430701043,TRUE
252,2.58999576788036,1.11602962809241,0.925118774786851,0.22577546256123,0.672903727616476,0,42310.4174440714,6428.01653206046,43,39.6090783037553,TRUE
253,2.61789769532212,0.852264632214936,0.651500941721854,0.241740803522185,0.80237372694008,0,6800.19909845966,1319.01061085928,44,6.36603547880515,TRUE
254,2.31276110031926,1.04379291155034,0.737054766568244,0.312925730906819,0.81780586163857,0,1835.27978775142,469.671033164488,44,1.71810502504345,TRUE
255,2.37679970816705,0.987692446827886,0.68925082926298,0.351740626848549,0.818567349752983,0,2151.55687532802,619.483555174207,44,2.01418917368285,TRUE
256,2.66334756290753,0.847139374941751,0.676864034607763,0.29897158466002,0.712475469246362,0,10475.0367575691,2231.28674248081,44,9.80625047516299,TRUE
257,2.74226990023133,0.94806580724834,0.876905954931893,0.219377206089622,0.792036302190647,0,50385.9530142224,8754.79670928988,43,47.1690254767108,TRUE
258,2.88559546397494,0.83947212320629,0.629095922957297,0.281459428185002,0.876334181338381,0,27248.939450528,6721.01951681608,44,25.5092112437072,TRUE
259,2.93149327800598,1.01300971009526,0.826541980953014,0.226571814438039,0.788472247750387,0,76440.0612405083,13655.6796723018,40,71.5596903580867,TRUE
260,2.54805563104328,1.01145403115364,0.774365038928735,0.321874593447258,0.829131705730417,0,14048.1078219556,3749.10887355903,44,13.1511962384906,TRUE
261,2.51555498179923,1.13278091553879,0.742663679174083,0.270005576878553,0.790826003059166,0,13247.2649721422,2828.65445948414,44,12.4014837784518,TRUE
262,2.77322055682847,1.04677743278944,0.556069178138417,0.329711462414391,0.747189798053393,0,17531.5898013924,4319.03058780006,44,16.4122727966602,TRUE
263,2.56594244926591,0.817530710226338,0.741771793894476,0.247059625252629,0.904609191026076,0,6742.94023076997,1506.99594738788,44,6.31243234485113,TRUE
264,2.49650613586744,0.869268539864473,0.911803548724581,0.282364858317823,0.816711912950637,0,10376.4637949013,2392.92403154354,44,9.71397097444424,TRUE
265,2.33823790077601,1.33939014588717,0.73124856699814,0.250435899467842,0.82988926938016,0,4401.4356813709,914.768272294367,44,4.12042284344776,TRUE
266,2.87169724914161,0.991506969966963,0.7174897202882,0.294682231563624,0.774489504134543,0,54910.195468782,12532.0603119743,43,51.4044144062742,TRUE
267,2.58066274497568,0.870645296646186,0.859673655363225,0.286915634714209,0.818959578129243,0,15825.8351596866,3718.63300027239,44,14.8154232912251,TRUE
268,2.63586445789377,0.99580746179118,0.749401269876916,0.226753475723656,0.837303676911298,0,21502.7241793217,4082.53987480441,44,20.1298672339653,TRUE
269,2.4046059917841,0.870816527091001,0.6976041403644,0.24254013461987,0.762582582622684,0,1964.63239785908,363.372283071573,44,1.83919902439532,TRUE
270,2.65423571943342,1.04236522836644,0.778475859877321,0.241287333990458,0.776402729342451,0,30962.7360828522,5800.439606071,44,28.9858978495153,TRUE
271,2.4314179177453,0.827861201854811,0.621010520456235,0.305372785615884,0.773113589908121,0,1403.91654779484,331.447640117287,44,1.31428248248909,TRUE
272,2.80954988865225,0.994807660454986,0.831505971361656,0.237563771241693,0.769680678234735,0,60686.3779780825,11096.3976828046,42,56.8118123741645,TRUE
273,2.56545324789234,0.909142516285322,0.802657527806179,0.218243403553994,0.763588653281007,0,12889.4485517976,2148.00322752461,44,12.066512405727,TRUE
274,2.60971988761009,1.03796447102402,0.72981187206662,0.236781083834276,0.889083004644515,0,18635.7429810749,3923.16003895435,44,17.4459305196358,TRUE
275,2.57828214475277,1.1541530429524,0.701763960776787,0.293247510739475,0.765215715148479,0,17583.9474783466,3945.79567677842,44,16.4612876599388,TRUE
276,2.73037868468827,0.900289179135249,0.927178054197485,0.21984835178795,0.862752402035548,0,48743.1253538034,9245.33736603387,43,45.631085334023,TRUE
277,2.57160551097836,1.1990626895571,0.664310113643069,0.39146198477601,0.812115559686796,0,14937.1495203955,4748.7045880819,44,13.9834764280055,TRUE
278,2.53663893632949,0.949611190201545,0.568373653947725,0.264246518952388,0.75223553915598,0,3123.28771756137,620.833460786603,44,2.92387915892283,TRUE
279,2.2916559544777,0.802107677158887,0.809116432104966,0.281142725351224,0.734477944805548,0,995.565371071509,205.577410700229,44,0.932002781381304,TRUE
280,2.57883722860241,0.956570647091602,0.727549193675893,0.192249406849663,0.793559225467374,0,11569.4480254402,1765.04991993271,44,10.8307882657182,TRUE
281,2.94193863459912,0.939652152981444,0.645542148168745,0.263866325952781,0.763017330699441,0,48724.2767800963,9809.88178621795,43,45.6134401611087,TRUE
282,2.93620907914645,1.03493902669093,0.852009565552981,0.294228827673674,0.649162737017283,0,79479.5210710103,15180.7785666174,39,74.4050936819044,TRUE
283,2.35896590498171,0.920473487460813,0.699883210213432,0.223408956481018,0.805939656406564,0,1615.35794758952,290.85188220805,44,1.51222425350077,TRUE
284,2.66963300719179,0.890274388479058,0.688668605727853,0.332793520834379,0.886951175814209,0,13723.4760510828,4050.78044678937,44,12.8472908173402,TRUE
285,2.73628203506292,1.03594734063626,0.758069965705601,0.264974412255469,0.875918816870027,0,42020.0507585466,9752.68879704599,43,39.3372502888472,TRUE
286,2.51100021609352,1.0100773875079,0.807802564103244,0.212841707722933,0.726794214967061,0,12440.5458666997,1924.45443742467,44,11.6462702365659,TRUE
287,2.54544560959507,0.894171852085277,0.689533244696785,0.195826941823364,0.868223852748281,0,5939.62780595392,1009.86515306128,44,5.56040798160824,TRUE
288,2.64672511347124,1.32550301208033,0.93040776231514,0.294407579782255,0.799797451442704,0,66066.4782187125,15556.4379006529,41,61.8484162317099,TRUE
289,2.29139751850233,0.999657460321313,0.72080725883213,0.201722517153893,0.785681596448987,0,1259.03863356724,199.544616691624,44,1.17865440326459,TRUE
290,2.37985931294623,0.889815317891268,0.784680836902348,0.309295759776474,0.852359994373648,0,2562.08239283913,675.445194079002,44,2.39850439322143,TRUE
291,2.58466436749768,0.969598560421695,0.97424200670152,0.263124520717923,0.816474544987299,0,33556.7896740599,7209.15523621075,43,31.4143322168694,TRUE
292,2.20296113497682,1.09617358333578,0.649522992088685,0.202648946719007,0.789395736236,0,519.39188576565,83.087231371699,44,0.48623093593489,TRUE
293,2.74540566442639,1.09398876527579,0.832727598683843,0.308372503306001,0.798500824592666,0,58495.1059329252,14403.5832490124,42,54.7604436743356,TRUE
294,2.45173340325137,1.17094512986115,0.717168619079658,0.219964398521773,0.776220558430724,0,7624.97227442925,1301.89453905922,44,7.13815041605434,TRUE
295,2.86114495476884,1.06880609166907,0.758472993557455,0.265501997012166,0.924134971087671,0,65224.6552800807,16003.5005693218,42,61.0603400862018,TRUE
296,2.67856397929764,0.926527428423585,0.910956568665818,0.195083500099458,0.775978372197256,0,40388.5962807771,6114.04900313452,43,37.8099571997539,TRUE
297,2.27658491259427,0.911348550584034,0.921627625081807,0.239043559903149,0.822707560925462,0,1862.03445555024,366.193178086715,44,1.74315152176581,TRUE
298,2.57604076809222,0.98061859745574,0.7035143826371,0.227476300932842,0.725828415611938,0,10756.2114815335,1775.94477330799,44,10.069473395931,TRUE
299,2.4870191361658,1.11191234296269,0.624931491089366,0.308086320757456,0.76114027500093,0,4942.17854523322,1158.9255822312,44,4.62664158887214,TRUE
300,2.58304328992213,0.807313033871535,0.888447791719246,0.267999117317045,0.697737667710637,0,13824.6777760215,2585.11906442394,44,12.9420312451053,TRUE
301,2.49506944601385,0.855895511584443,0.877173710846305,0.208718877099275,0.834454823815592,0,8488.63051911086,1478.43484504775,44,7.94666777673737,TRUE
302,2.62037308279881,1.044472257054,0.915226190758884,0.231003630601836,0.793646951026087,0,41215.2243770589,7556.2066427959,43,38.5838086285892,TRUE
303,2.85513819904495,0.891119605742432,0.737707730935937,0.220833497615019,0.739501929081767,0,45155.6291045604,7374.22117781045,43,42.2726353721779,TRUE
304,2.37550491024445,0.91980796701387,0.725279082060386,0.203626640919569,0.766721582110353,0,2083.35675987783,325.263949729669,44,1.95034334382871,TRUE
305,2.46397687281324,1.17511193891436,0.622216687828295,0.238781217289048,0.775616923883969,0,4709.69806584509,872.24904870007,44,4.40900399348913,TRUE
306,2.19295545401101,0.975708920426497,0.774851184748926,0.271791379819879,0.902611855909174,0,615.184634544227,150.918399820132,44,0.575907727526893,TRUE
307,2.77478783823096,0.976156709332819,0.954881280167171,0.191296545719424,0.778062150733162,0,65871.4782167999,9804.35045860382,41,61.6658661456655,TRUE
308,2.44559794503946,1.30353948222705,0.810915033757482,0.283564466178713,0.806750147447333,0,16168.2901608552,3698.74981063517,44,15.1360140056686,TRUE
309,2.50835684179234,1.25171749376854,0.738367545428189,0.226365581425527,0.755313788859794,0,16308.6980583894,2788.41300139607,44,15.2674574596419,TRUE
310,2.46496789455302,1.48031286203998,0.715416713440794,0.269229460466819,0.7785049792775,0,15965.0130933145,3346.21047633443,44,14.9457153092253,TRUE
311,2.14618922642335,0.882152086540391,0.685897912066613,0.306646176377474,0.780993008915235,0,241.106362892538,57.742206002409,44,0.225712753129131,TRUE
312,2.32914311598951,0.80780475060553,0.629644037769155,0.182703407023416,0.730012071815576,0,655.343946233396,87.4069527783751,44,0.613503038975282,TRUE
313,2.50519156600208,1.06140497525307,0.70983366776327,0.356246415679021,0.824114546935595,0,8390.54758637345,2463.36285519328,44,7.85484701963438,TRUE
314,2.70028141917411,0.801354156886836,0.835515498711116,0.271614758539097,0.674288190456405,0,23237.9556531757,4255.95312739091,44,21.7543116019245,TRUE
315,2.23393965308422,1.12524450077622,0.791710274104955,0.289187759070133,0.800453809030767,0,1371.43511627307,317.461780069835,44,1.2838748514071,TRUE
316,2.36730219991134,1.27384572909977,0.81733050952297,0.243180112857142,0.901005572934687,0,7873.70963809222,1725.18203881746,44,7.37100696320186,TRUE
317,2.34116096889943,1.06272681776873,0.69037058612616,0.290006606170778,0.818260241874867,0,1955.80742630016,464.114814982342,44,1.83093748951522,TRUE
318,2.21160099731632,0.819793739083043,0.678155141591866,0.262904948173521,0.799498943812942,0,341.297534836271,71.7380893905418,44,0.319507147384639,TRUE
319,2.02085632447539,1.26286014855794,0.716718436577771,0.307151077207181,0.795315334081559,0,158.560732335823,38.7335267249589,44,0.148437307934678,TRUE
320,2.51906699860342,1.53389865037234,0.585279005827209,0.269495281882237,0.84715608888815,0,10902.2575302026,2489.03520626735,44,10.2061950292105,TRUE
321,2.45100850142642,0.992746771442542,0.667228540994861,0.211796403073371,0.780191108388953,0,3515.29482343037,580.87318880625,44,3.29085828817672,TRUE
322,2.28062561614184,1.07476941344693,0.681033354140675,0.170562476662853,0.7642093473926,0,1137.1799674745,148.226222059936,44,1.06457589166308,TRUE
323,2.71932032236763,0.997933380475047,0.558434819266779,0.271208946257281,0.69234740459787,0,11299.0888805609,2121.63907187283,44,10.5776903955822,TRUE
324,2.75679320512167,1.19224328736914,0.70138913513421,0.279585240432895,0.723498558657614,0,48862.4687417543,9883.87664858874,43,45.7428091572312,TRUE
325,2.38945859456127,1.31732184099913,0.657696853247515,0.235654338881659,0.778400456825994,0,4321.13059943974,792.639872316556,44,4.04524489743469,TRUE
326,2.34639467015322,0.821780197119759,0.683404447320051,0.30728532775083,0.741471390082106,0,997.224597847861,227.210922392026,44,0.933556073626532,TRUE
327,2.33469551569773,0.897258714287584,0.764639877599701,0.262395514168857,0.798937147692682,0,1649.74840281141,345.84916982317,44,1.54441902528684,TRUE
328,2.63722265033986,0.96710548875382,1.01383294104395,0.234342787432642,0.859097956370834,0,47175.1775999154,9497.4676110914,43,44.1632443361874,TRUE
329,2.66808043357195,1.31778921235266,0.823660135400622,0.286398190006822,0.800308878649582,0,58618.5325772862,13435.7788341964,42,54.875990055501,TRUE
330,2.16509129860153,0.996290423754625,0.964186964741593,0.256244186627143,0.882551473366982,0,912.672194218152,206.399616056082,44,0.854401979234368,TRUE
331,2.28169264222227,0.930197770722948,0.879354386098084,0.262225999040076,0.843118320119838,0,1793.71899917977,396.568927800382,44,1.6791977150157,TRUE
332,2.40960916364678,0.91493083875883,0.660018963316316,0.284358260673427,0.80473064661232,0,1938.03508640172,443.484070814431,44,1.81429983748523,TRUE
333,2.59093117558615,0.899214851809068,0.731683699257296,0.268727530612319,0.722288907454699,0,10538.2367925687,2045.46032206532,44,9.86541545831186,TRUE
334,2.57420045141288,0.789606749969182,0.811217015379133,0.247227285608948,0.688763395435548,0,8747.6723191,1489.56330587792,44,8.18917086603632,TRUE
335,2.39824893146075,0.927253036296474,1.06681039057746,0.343339708637007,0.775094350172403,0,9810.49543806836,2610.77560286637,44,9.18413727585504,TRUE
336,2.47825188860987,1.02635775706377,0.688973667156773,0.321010087534235,0.738543792766188,0,5448.31088948229,1291.68558688807,44,5.10045954828898,TRUE
337,2.44612281392068,0.887234658394531,0.643780342704319,0.261914202369596,0.728825303332974,0,2148.19816697096,410.068899314114,44,2.01104490448508,TRUE
338,2.37822261630654,0.898136761274289,0.588768985207191,0.192555294794081,0.751365230772646,0,984.364624249211,142.417237453948,44,0.921517154324294,TRUE
339,2.18385537716867,0.879312027840496,0.739473058191023,0.336478369373185,0.770222931724595,0,395.347770993714,102.4596551655,44,0.370106507202503,TRUE
340,2.28516127195444,1.09844671755434,0.704306829188121,0.266695634778043,0.833879262178388,0,1400.23145751915,311.40021710802,44,1.31083266946185,TRUE
341,2.1038586528935,0.812991742499178,0.744610569376168,0.268327611365426,0.844655768166032,0,174.991274467074,39.6608037284145,43,0.163818830244406,TRUE
342,2.65317223440532,0.992099902209996,0.568956368528359,0.251562771786446,0.718278179125465,0,7882.11743536184,1424.23595501318,44,7.37887795858626,TRUE
343,2.36312884291088,1.07897849971402,0.74796724594224,0.24914879057603,0.898640821173325,0,3315.5728502615,742.341090972514,44,3.10388770853914,TRUE
344,2.12239101079051,0.999460732512465,0.636289437083711,0.178526855339741,0.82922188858644,0,207.421571800841,30.7063526675076,44,0.194178591837522,TRUE
345,2.58577709904133,1.02834979692762,0.865865404979866,0.226848407993748,0.783779554906325,0,28158.6785494491,5006.588949262,44,26.3608673932307,TRUE
346,2.30648766016849,1.01871028823192,0.781750233076993,0.235030576913994,0.785072236152264,0,1987.99592188795,366.817016920223,44,1.86107088736936,TRUE
347,2.61014357126972,1.03217961127683,0.822934227943825,0.202866229079704,0.814812713158543,0,28017.3448056716,4631.21057207573,44,26.2285572043359,TRUE
348,2.23753328181127,1.1094844066639,0.703066240899755,0.230671106257403,0.813857416110078,0,928.817470554024,174.370052911939,44,0.86951644874932,TRUE
349,2.29552691773531,0.940188427848922,0.724306446130101,0.267350532436257,0.725044442206287,0,1130.49758050402,219.136801471363,44,1.05832014651191,TRUE
350,2.74738011136384,0.841174623404672,0.860183128184739,0.224146911267361,0.7613467743961,0,37390.3863316393,6380.80133644944,43,35.0031701288517,TRUE
351,2.48330798937153,0.881418797290842,0.678449596992815,0.254598465536804,0.781911730832691,0,3370.06983140975,670.891687087148,44,3.15490529059142,TRUE
352,2.26345877305721,1.0775065453516,0.919760138338502,0.302466632372579,0.842242817702306,0,2692.86109921529,686.00730405379,44,2.52093343869621,TRUE
353,2.28705897687484,0.9454946624225,0.864306147744281,0.247947429943012,0.813376537754386,0,1872.51688994867,377.639136179008,44,1.75296469757412,TRUE
354,3.24227900315627,1.16002402868134,0.704724681607226,0.281214469113245,0.866436110628038,0,92027.5756609564,22422.9210504361,36,86.152008669684,TRUE
355,2.81971935801757,1.02050874406679,0.768925833245396,0.197767338999839,0.819329127294428,0,56641.5907224232,9178.00745269686,43,53.0252674802689,TRUE
356,2.594625671566,1.00003934060035,0.754528286343801,0.20879892344718,0.973160053562939,0,17064.9017760544,3467.4988174946,44,15.9753808051436,TRUE
357,2.54763123069606,0.771378498910493,0.923235815467838,0.227859049068316,0.744021763834149,0,10324.0937580004,1750.26520859998,44,9.66494454034867,TRUE
358,2.31880080135133,1.20562293764455,0.851315674268952,0.300692811551647,0.775493159027016,0,4940.05377823155,1151.94751882356,44,4.62465247915329,TRUE
359,1.95825679130628,1.02373728814983,0.624400092307479,0.355852094048027,0.754154796971675,0,52.2158238435345,14.0130334335003,43,0.0488820668821704,TRUE
360,2.53845515353823,1.28340017793783,1.02050990707512,0.28152111101468,0.742648625590358,0,53266.5854804493,11136.5124709353,42,49.865741883963,TRUE
361,2.62094645513593,0.988942296747779,0.900808056069629,0.245886295335346,0.803061019767148,0,34781.156560908,6867.94627044157,43,32.5605285161093,TRUE
362,2.06447074639978,1.07400681524908,0.952293580366822,0.288807144799189,0.795853816640264,0,362.581252281957,83.3386730135782,43,0.339431990527951,TRUE
363,2.55112951122762,0.974409018732351,0.875252830811763,0.245010149342146,0.684701428821421,0,19842.8374738494,3328.8105899196,44,18.5759571932685,TRUE
364,2.6061987436587,0.946915005292773,0.897677516322861,0.27862339983008,0.750927083631176,0,28128.5471763295,5885.21939098345,44,26.332659779376,TRUE
365,2.4971822793822,0.843164671779047,0.679608764845232,0.285805885083576,0.700552820869199,0,3280.32888734602,656.794400894859,44,3.0708939218742,TRUE
366,2.82496574724943,1.1133146334264,0.773787471200518,0.245807902290518,0.84670295150995,0,64966.8320590402,13521.3048442533,42,60.8189777747989,TRUE
367,2.29037616065378,1.05137373074506,0.640771008890525,0.29627249995579,0.779439744802483,0,956.222865211845,220.81725853731,44,0.895172126204685,TRUE
368,2.54489319122262,0.784942615062462,0.750210182836146,0.205663693795338,0.744713391522173,0,5253.11802004408,804.570218856882,44,4.91772890848538,TRUE
369,2.40695918391533,1.2295195739132,0.763958389334508,0.258295200024431,0.847638560456004,0,7753.7898342353,1697.62227928026,44,7.25874352577729,TRUE
370,2.42360506082375,1.01904122954887,0.929059903200124,0.264587760410344,0.753000737933191,0,10536.6515384852,2099.26743895347,44,9.86393141591949,TRUE
371,2.65946206453301,0.905367869688498,0.729321860778997,0.317524540600616,0.65544485338532,0,16861.7825199271,3509.27124342616,44,15.7852298445301,TRUE
372,2.3611996903473,1.27628482099669,0.863185753596553,0.198827783164157,0.731466783549311,0,9273.2223165343,1348.65960998696,44,8.6811667445556,TRUE
373,2.27587364345325,1.12619090054421,0.675825265909907,0.231874764231649,0.794227622202447,0,1188.6295894032,218.899621091422,44,1.11274067534469,TRUE
374,2.21641039848434,0.872401440573995,0.740984546900103,0.269661959809804,0.883510008186476,0,514.368653653431,122.547838103178,44,0.48152841570252,TRUE
375,2.32758500499203,0.749736582081362,0.889225734198094,0.236258958174584,0.800179296587665,0,1439.57806671682,272.151552541535,44,1.3476671659959,TRUE
376,2.296356352935,1.18654688846287,1.0236200138416,0.212065863610243,0.791624018230285,0,7403.84453620522,1242.93099701385,44,6.93114073788169,TRUE
377,2.33190902445046,0.779138619719129,0.721591666960857,0.274849869903183,0.786165399497393,0,910.689816471362,196.779540364023,44,0.852546167825652,TRUE
378,2.30892256626688,0.875598958331621,0.767630417894506,0.185461454597868,0.862872766650869,0,1255.1376887376,200.859230516021,44,1.17500251707321,TRUE
379,2.3528115736444,1.37447176082169,0.684298202228815,0.22160066038164,0.835447011719273,0,4100.83650753812,759.210866327451,44,3.83901564083329,TRUE
380,2.30327422985463,0.895734556314598,0.7832916355856,0.244879633656601,0.761388337542078,0,1357.07915042407,253.025368134203,44,1.27043545255951,TRUE
381,2.66181793350059,0.885647258619992,0.732927742380652,0.290875069334586,0.923028893982637,0,16240.0751823562,4360.23434442592,44,15.2032158606592,TRUE
382,2.50392690796833,1.13849463946184,0.663690970979873,0.250137349668564,0.730775690031558,0,7752.85146907601,1417.17701315449,44,7.25786507121888,TRUE
383,2.47926762605783,1.13369527884032,0.794462002159962,0.246126402293726,0.705414428637921,0,13051.7337765647,2266.056576801,44,12.2184364131855,TRUE
384,2.40897157162202,0.964236338027634,0.674363378231912,0.248187012892175,0.71506476739307,0,2412.53285447604,428.151695779904,44,2.25850295307624,TRUE
385,2.89444032476761,0.781163004185452,0.776031455306346,0.259948570022782,0.808668342338388,0,43557.1923528154,9156.25232490941,43,40.7762519685596,TRUE
386,2.53455050026395,1.33706511818787,0.854733708938791,0.26416063255598,0.761766762032293,0,37901.7783476003,7626.92898506914,43,35.4819119524437,TRUE
387,2.43688503997124,1.00354697954688,0.869150579966223,0.189523930351566,0.749590217790567,0,8807.04803237331,1251.17578193541,44,8.2447556940398,TRUE
388,2.02692897934859,0.861972288626862,0.780602575088687,0.270285533700128,0.760025055490932,0,110.115714904787,22.6203861452551,43,0.103085297607926,TRUE
389,2.48409322385696,1.16144883085323,0.658733055630653,0.229100588556788,0.766226580620982,0,6804.87348643308,1194.54763823608,44,6.37041142710455,TRUE
390,2.45374936258871,0.753138527881022,0.716115605156036,0.20155130323241,0.801835272289891,0,2012.27061649455,325.204954131952,44,1.88379574657794,TRUE
391,2.52513748865057,1.14375692500161,0.804216253295417,0.334260844292131,0.82457162482065,0,19836.4576842361,5467.36428845697,44,18.5699847259278,TRUE
392,2.73489517456085,1.19726173217103,0.785637769618784,0.232594848474418,0.77918648096684,0,58045.8830537823,10519.9317697881,42,54.3399017541493,TRUE
393,2.16773605225203,1.048407035338,0.750566437324424,0.331176687492513,0.908732804514523,0,524.208231652038,157.761054436712,44,0.490739778741845,TRUE
394,2.61332077266999,0.844468153184381,0.659033688149737,0.153125218545555,0.759379370176553,0,6691.24744302163,778.05913603478,44,6.26403992044714,TRUE
395,2.38002316684594,1.08534790326982,0.800001501357748,0.267143896898439,0.887836922138464,0,5049.64504039086,1197.67589731496,44,4.72724680807982,TRUE
396,2.25250777108303,1.00893053793518,0.808078997383551,0.285764174918557,0.74041187166825,0,1315.21656978288,278.277714228446,44,1.23124561859472,TRUE
397,2.70149741691382,1.10366744539206,0.720291626565673,0.208190638874457,0.721716184133727,0,35650.8817053586,5356.70731112374,43,33.3747254309667,TRUE
398,2.55980624207459,0.958864815329394,0.805786045246526,0.237013353343392,0.880848936436133,0,14957.4835473774,3122.71811753353,44,14.0025122143582,TRUE
399,2.20903876140164,1.08633284677339,0.884015131378044,0.276826939424887,0.828051602622691,0,1393.97997521179,319.537835008893,44,1.30498031755457,TRUE
400,2.34279801038385,0.934951338295324,0.829002859354371,0.330378134504517,0.787271197725592,0,2612.02530114681,679.380440132692,44,2.44525866050067,TRUE
401,2.18958423284364,0.958334829026363,0.873916664560678,0.161231571184061,0.786344863776374,0,800.272802099078,101.461481140431,44,0.749178807432202,TRUE
402,2.37276265051554,1.11167566142875,0.775367172961284,0.180528613711864,0.802498024062898,0,4514.24639559275,653.996281318272,44,4.22603107619617,TRUE
403,2.61260203627492,1.15286811311811,0.696368185813723,0.223819951267569,0.763211863652532,0,21374.5699376889,3651.24768639669,44,20.009895092388,TRUE
404,2.74002547987702,0.963744742126403,0.572880046471426,0.202955466825163,0.826688115808912,0,12919.1971992283,2167.59417760564,44,12.0943617292906,TRUE
405,2.21975960458554,0.987285232540389,0.890401829753005,0.297306560021291,0.784725234529792,0,1224.90205829472,285.774500861249,44,1.14669730227928,TRUE
406,2.51168896799101,0.973309028285483,0.609300575954296,0.227247325205575,0.826486865946991,0,3691.67037409375,693.35819477231,44,3.45597301450454,TRUE
407,2.40187352871714,0.923746815048481,0.674574405028902,0.208945683158685,0.6714104455633,0,2024.00641136661,283.94444743749,44,1.89478226115578,TRUE
408,2.42791165582904,0.866353087030027,0.502394998330803,0.279754629630856,0.795338037279951,0,751.208973179787,167.143619463598,44,0.703247494083306,TRUE
409,2.36529964108641,0.965613454250186,0.758882220711106,0.224948535226063,0.833257090856258,0,2579.44888677459,483.491801459443,44,2.41476211081688,TRUE
410,2.67163883805472,1.06714327542582,0.836968728332172,0.233389687721049,0.744554955047362,0,43686.1786203819,7591.41053609447,43,40.8970030147743,TRUE
411,2.25606072969539,0.923061293269913,0.896835763521748,0.266552263840189,0.723903212346647,0,1467.28113819551,283.123692631742,44,1.37360151488065,TRUE
412,2.81800425033436,0.960527037478912,0.789569444420864,0.292121518931437,0.814098817208997,0,53702.0457885764,12771.1940702417,43,50.2733999144134,TRUE
413,2.17452027913886,0.948450481043433,0.780426444100078,0.28400862614656,0.933558751343563,0,496.915227189912,131.751476426986,44,0.46518931584901,TRUE
414,2.42891769266983,0.918975682701929,0.943633270331171,0.260182922567769,0.737369733923011,0,8189.99336757921,1571.25851899738,44,7.66709732969408,TRUE
415,2.44325911900599,0.814112749666009,0.724822596661964,0.177639721101833,0.751603387342032,0,2465.59898751013,329.193502290316,44,2.30818104054497,TRUE
416,2.1845886963632,1.07119844733457,0.746636585080061,0.26149270081106,0.747139586566459,0,633.78506024832,123.823568557101,44,0.593320595626586,TRUE
417,2.43484292730363,1.17982122872251,0.742523599159168,0.223176482003702,0.722915056128614,0,7794.95887201001,1257.62026062361,44,7.2972840966205,TRUE
418,2.43186109324843,1.02659759863151,1.04163872452514,0.2722715317992,0.665563263028328,0,17155.0902525944,3108.74130932097,44,16.0598111333032,TRUE
419,2.39891903170865,0.904960732020414,0.857344375792827,0.25571815140531,0.69319879708613,0,4306.7603061289,763.431469899702,44,4.03179208587241,TRUE
420,2.05438199368812,0.847635045776169,1.03555756235208,0.223079087899247,0.753063488870294,0,237.805031305888,39.9495131416203,43,0.222622197440449,TRUE
421,2.48078201456846,1.08305026461326,0.790801233780368,0.176537053824417,0.812367937877366,0,11284.5677879411,1618.35419834752,44,10.5640964126017,TRUE
422,2.60588465171216,1.28993329122669,0.785353547219192,0.23178939589434,0.799257424915704,0,40173.9072139501,7442.5937727728,43,37.6089751113556,TRUE
423,2.55263075591521,1.13664802744814,0.656730354246882,0.233566362251167,0.912520969918678,0,10674.7126710845,2275.14638190832,44,9.99317793585891,TRUE
424,2.56789895976537,0.90277498484401,0.715189135317627,0.278209257389009,0.761955522948015,0,8301.37605958544,1759.75126703288,44,7.77136871333593,TRUE
425,2.44927679371854,1.02718733839856,0.72502327908751,0.32387429818343,0.722659519637643,0,5289.49097153612,1238.00983017609,44,4.95177960263632,TRUE
426,2.54157695865092,0.936863171509885,0.842535707706822,0.273391918152493,0.700231371667658,0,14282.1848925714,2734.14716789447,44,13.370328489582,TRUE
427,2.51219142226033,0.840536829413933,0.681736835516268,0.204581087280246,0.765774851599149,0,3667.73702326548,574.59887508865,44,3.4335677057344,TRUE
428,2.3455102446282,1.13152594891243,0.818357904603052,0.26093973056972,0.72676800462576,0,4550.96182557438,863.056448425691,44,4.26040238305035,TRUE
429,2.51293961154574,0.877087790437453,0.838113924317637,0.284491282636753,0.799178705155217,0,9034.37585385221,2054.05004661328,44,8.45756960667685,TRUE
430,2.23036318208052,0.796912155893617,0.6966843617302,0.267931421653639,0.768455079976726,0,397.757581827129,81.895606029546,44,0.372362461923918,TRUE
431,2.40551693915232,1.07583040729695,0.840211704299787,0.234603446720238,0.704142278542528,0,7415.63185738089,1225.01941316459,44,6.94217548902911,TRUE
432,2.67120580658482,0.995398343423207,0.571635044562286,0.154042785029805,0.830257826756033,0,9139.69672207732,1168.92359544727,44,8.55616618805216,TRUE
433,2.83853904876979,1.29365521946329,0.853019831007272,0.261144863992388,0.725763013321655,0,80154.876346691,15191.6962753718,38,75.0373304125548,TRUE
434,2.92253040577663,0.886291359332329,0.70793150887128,0.285420349227671,0.841444267307552,0,50896.8261838865,12223.6523759428,43,47.6472815801222,TRUE
435,2.75325375042017,1.00410906688354,0.819303021182746,0.220236671083121,0.854608683700077,0,50693.2031723399,9541.28062606436,43,47.4566590267177,TRUE
436,2.27974200955506,1.03132800370858,0.649173441348158,0.361714971408533,0.772629539084862,0,873.451760650161,244.105023645338,44,0.817685602555852,TRUE
437,2.54966929601895,1.14217844484611,0.907584361579228,0.23889467193737,0.825940108558361,0,34391.9176644129,6785.96183243796,43,32.1961408579039,TRUE
438,2.22235876336819,0.918241559429012,0.787504475179282,0.172741103187343,0.766521978607532,0,725.281423626019,96.0344061071846,44,0.678975307644654,TRUE
439,2.22961283654,0.90949593107515,0.812037164297473,0.301600347460677,0.74970908266689,0,824.497622050055,186.429234912909,44,0.771856976268541,TRUE
440,2.62417088942838,1.049024532327,0.869499945961989,0.322531773527765,0.833096934498211,0,37162.7104316386,9985.6289074556,43,34.7900303610172,TRUE
441,2.15295897358565,1.00814964075547,0.791674908904167,0.317773774574601,0.790128069592783,0,484.905315762783,121.750986344176,44,0.453946185885399,TRUE
442,2.42403915848242,1.05989656611935,0.762966653541153,0.230485041734648,0.814635130388839,0,5747.64436052781,1079.18467142815,44,5.3806818578242,TRUE
443,2.66461676267666,0.654562560420684,0.636223454154789,0.195581022305042,0.778840475137432,0,3498.60836869247,532.93047497979,44,3.27523719218542,TRUE
444,2.5752657500284,1.07248944077293,0.744880607892244,0.230728892115729,0.769970081637522,0,17576.2395516618,3122.49530575304,44,16.4540718513966,TRUE
445,2.46612961452382,1.19341620331614,0.735628699350508,0.279504027778013,0.937141658703223,0,10065.719580992,2636.5629318469,44,9.42306644915937,TRUE
446,2.84218346674041,1.13597695411352,0.883616000053586,0.344112555149807,0.914093815799438,0,77314.8756508143,24319.4837130854,39,72.3786516109477,TRUE
447,2.51808220062459,1.40250138085056,0.631548105055664,0.333913989778837,0.796464116239528,0,12283.5436298,3266.81470240127,44,11.4992919208014,TRUE
448,2.50044158272886,1.21528535229691,0.799193391995901,0.279941587320082,0.756427668163725,0,19229.3837297805,4071.92896089358,44,18.0016698462653,TRUE
449,2.64328896317383,1.07151351369742,0.968322681024215,0.210735887958097,0.876793073526742,0,53482.2524291192,9882.0102793965,42,50.0676394206321,TRUE
450,2.61139325488899,1.09539005276446,0.775833350054886,0.252658861403286,0.80889150416986,0,27296.278479341,5578.63887527759,44,25.5535278780575,TRUE
451,2.46139664076938,0.836158662963769,0.687339240643746,0.261069502904073,0.797174619598917,0,2553.52580332838,531.434636321859,44,2.39049410534393,TRUE
452,2.69598830492516,0.730999496973297,0.697145706767256,0.314232995299201,0.767927800995446,0,8704.31317040889,2100.42260541546,44,8.14858001348895,TRUE
453,2.61719550352656,1.07662155633692,0.707337609521957,0.326803562308345,0.801174928279114,0,19327.6961110783,5060.50922216577,44,18.0937054026197,TRUE
454,2.28255655216362,0.923213146876279,0.703995228081979,0.28717508084777,0.735808112667635,0,885.456500277781,187.102053641248,44,0.828923890917226,TRUE
455,2.41453622148522,1.0306009135059,0.857945708434763,0.327077719849192,0.717045042752158,0,7562.80999651593,1773.7017265096,44,7.07995693364158,TRUE
456,2.42490959859708,1.00235583399226,0.748627034480357,0.251339217969228,0.815841314256911,0,4541.20262673708,931.186849443526,44,4.25126626730676,TRUE
457,2.14356543552499,0.825495871695267,0.854158372739288,0.247147565689634,0.787550541909408,0,343.938642078814,66.9446297765535,44,0.321979631228997,TRUE
458,2.31977870277199,1.22631316482043,0.747028852204626,0.233835451557991,0.938904682799303,0,3177.41422013901,697.598751600797,44,2.97454991587625,TRUE
459,2.41956383725796,0.903402902550367,0.833853201812863,0.245426074385207,0.825215806040902,0,4628.02741195024,937.311965717555,44,4.33254766144003,TRUE
460,2.58516549783338,0.986786435361649,1.01229431730415,0.199572535808902,0.813519381516417,0,38810.1005670626,6301.05757381581,43,36.3322416842002,TRUE
461,2.19531312123436,0.686141839622614,0.60656148539937,0.295540873002209,0.822907981265327,0,163.51722896803,39.7678713462581,44,0.153077353461926,TRUE
462,2.50376833938817,1.18919218997168,0.730341189210592,0.242749285402338,0.761020676665893,0,13043.0512413354,2409.53709755757,44,12.2103082206847,TRUE
463,2.46965995994827,1.2920012327293,0.830664916968091,0.246419304864904,0.760859349992387,0,20852.5294853152,3909.64976410285,44,19.5211846894918,TRUE
464,2.57285975131753,0.764568166139705,0.816992682359192,0.257498447243549,0.675241912495661,0,7909.86786615358,1375.31834028627,44,7.40485664309453,TRUE
465,2.68524595095498,0.981362251654263,0.725669858152161,0.23591988817602,0.769054095293794,0,24731.2473863132,4487.11773164207,44,23.1522630465392,TRUE
466,2.44070129160756,0.927892023347287,0.717588076546392,0.21379896951028,0.699814117484297,0,3485.63858591615,521.519631955823,44,3.26309547455172,TRUE
467,2.69527089312483,0.87361118839789,0.73086345307641,0.163281561788753,0.918927139396611,0,18931.656316538,2840.57876135414,44,17.7229510546134,TRUE
468,2.37864919254922,0.933116766281964,0.977759320793356,0.259744273390336,0.857106812748144,0,6280.21612689651,1398.15563795912,44,5.87925119537213,TRUE
469,2.95376480378099,1.15777135577306,0.604669744289223,0.388044485183023,0.771035728898525,0,60515.0852325484,18105.8812736163,43,56.6514559376038,TRUE
470,2.56046623589809,0.767729757994481,0.690134526096952,0.275247628929477,0.810627132968579,0,4038.56700936509,901.097979583101,44,3.78072178371568,TRUE
471,2.99829340179836,0.996115848274889,0.767079799233007,0.22060528773266,0.767635307619927,0,77186.9769197949,13071.1829049414,40,72.2589186667243,TRUE
472,2.51701077519909,1.00091921242266,0.625822145109539,0.216026937577834,0.833436614576159,0,4632.32055775452,834.025040803986,44,4.33656670825176,TRUE
473,2.28921383580097,1.07769145155169,0.883159629638017,0.196113297690734,0.637454708510237,0,3027.63077486187,378.494250634109,44,2.83432950277277,TRUE
474,2.33328164530253,0.846385790785379,0.79216188000024,0.256325097942299,0.896349557629712,0,1541.70434536964,354.217192839418,44,1.44327311867594,TRUE
475,2.26683492844207,1.09207738560763,0.665907550050292,0.240195421427231,0.834784911389656,0,971.654567473552,194.827928013025,44,0.909618580297278,TRUE
476,2.48429071201477,0.692340634964959,0.884591390649474,0.395486953334313,0.832038203761569,0,3737.21669563594,1229.76947610345,44,3.49861139827367,TRUE
477,2.70644655932588,0.722106841326232,0.818789904490259,0.22400649454514,0.837985035747212,0,15690.3315087257,2945.29630627806,44,14.6885709686629,TRUE
478,2.72527363439532,1.32723154189182,0.668158476753577,0.287521392415591,0.765350280370454,0,45869.8030652736,10093.8601701308,43,42.9412123808965,TRUE
479,2.37034919892215,0.824149752231692,0.761925660135223,0.253706841742798,0.869059053827147,0,1706.89882077412,376.347682287591,44,1.59792063356499,TRUE
480,2.24343955212534,1.0648107003887,0.635574137593848,0.231099735983355,0.857731880766115,0,646.476044708656,128.145523177601,44,0.605201315024018,TRUE
481,2.69380698787495,0.972086118190095,0.8506400054297,0.225928677619641,0.814309858800645,0,40869.3104117317,7518.97019132935,43,38.2599797900502,TRUE
482,2.60437942334404,0.849139753801881,0.827451102124043,0.33554051241201,0.869477200874344,0,14968.6228541534,4367.018262739,44,14.012940324053,TRUE
483,2.39539095845489,0.968924409710202,0.632881393283199,0.197856121380125,0.694127460042352,0,1745.04692535079,239.660149997167,44,1.63363314487062,TRUE
484,2.64405910739984,1.02795445357792,0.700893308812222,0.251146810955246,0.687280424319495,0,19406.4812297443,3349.71947787883,44,18.1674604285193,TRUE
485,2.72386532856038,0.890987966755246,1.0060689450625,0.259330463959209,0.77047410757777,0,54272.9997573848,10844.1473943313,43,50.807900914983,TRUE
486,2.26424863337325,0.881637174098511,0.606973139374688,0.224271479588806,0.879063253506472,0,443.647445405453,87.4645688120524,44,0.41532245403993,TRUE
487,2.32609330764784,0.902076445686001,0.672117281023912,0.188576314755749,0.723293467170008,0,1029.27582515236,140.389122457117,44,0.963560967190003,TRUE
488,2.56440223612755,1.05025205452753,0.781046721186164,0.26081558121804,0.836975806989452,0,18294.6294239992,3993.65049060731,44,17.1265956038188,TRUE
489,2.38569308087925,1.04742930289354,0.747010224392713,0.203851160669526,0.694503272601283,0,3685.86221387873,521.827042085529,44,3.45053568047063,TRUE
490,2.51502448500873,0.803696162536181,0.675961200508629,0.270713496023701,0.749963991484877,0,3153.29762523857,640.199429781757,44,2.95197306238399,TRUE
491,2.55455063885513,0.859545884813744,0.663144333790013,0.263206375306563,0.748111958505972,0,4816.97897030252,948.500909540312,44,4.50943547116881,TRUE
492,2.31508993255172,1.01430981094127,0.730548216099722,0.240397571588632,0.732239533631583,0,1682.03059971785,296.085501223538,44,1.57464014203131,TRUE
493,2.77700250851166,0.772610317606081,0.847902472723939,0.258668960848341,0.834223853987285,0,32475.1526100542,7007.74230229302,43,30.4017530519137,TRUE
494,2.58617134196791,1.19408969611578,0.766633463939754,0.30064600614913,0.86352672501553,0,28130.4463096224,7303.11004120799,44,26.3344376611331,TRUE
495,2.58710549401554,1.00590092230162,0.739838639173898,0.338268226652112,0.706558418511505,0,15319.597191536,3661.47967933625,44,14.3415064515409,TRUE
496,2.5295105425116,0.808784056445753,0.705787249686134,0.214973681421623,0.802866484663387,0,4171.90697272618,720.050967725406,44,3.90554856087454,TRUE
497,2.38110980747268,0.893403019714665,0.725708464435656,0.265346304495784,0.747968177442905,0,2008.72155407844,398.672155528901,44,1.8804732766134,TRUE
498,2.53110305099308,1.21398534966762,0.746368542005252,0.27287196372211,0.88306618698941,0,18481.0797453754,4453.27498367606,44,17.3011418698515,TRUE
499,2.60025501052676,0.985707257455056,0.887665764093198,0.293415564185074,0.772321882330907,0,29443.0098524047,6672.1175854779,43,27.563199637151,TRUE
500,2.32406791441464,1.14166308405482,0.713935707938311,0.316846156421926,0.698666812950297,0,2300.5481153798,509.272093140268,44,2.15366796047538,TRUE
501,2.19938060381775,1.27851477817923,0.628916450944612,0.243335591626307,0.750516597328393,0,619.662420434108,113.167336867994,44,0.580099625944681,TRUE
502,2.43820813464058,0.89539237559765,0.882314896616923,0.141863778925558,0.824835517443596,0,6403.60892979117,749.313710711731,44,5.99476589570415,TRUE
503,2.34804639918841,0.805341337255368,0.900912121855475,0.359051744158879,0.710214359266462,0,2233.72190521079,569.607360475765,44,2.0911083179281,TRUE
504,2.17353295433975,0.850384200296325,0.680870510299331,0.169904453831235,0.713636019390265,0,275.163042780252,33.3635019069344,44,0.257595059708156,TRUE
505,3.15030357180304,1.08678765206705,0.828637522323002,0.209611002304752,0.889666420205257,0,91321.1412197967,17029.9198326078,36,85.4906770453067,TRUE
506,2.43110812501858,1.40457072088551,0.849060612903141,0.201268909419694,0.75235387676665,0,20943.3990606334,3171.36350737461,44,19.6062526311865,TRUE
507,2.53392708418288,1.10576058006622,0.834615683046423,0.202415404119781,0.79315453076489,0,21870.339983131,3511.21080006697,44,20.4740123414445,TRUE
508,2.45468584162361,1.08065832514224,0.849877642922883,0.272688906051858,0.872609560666013,0,11936.2274723585,2840.23662478735,44,11.1741504141158,TRUE
509,2.38209222600573,0.60175993889364,0.669114860899751,0.268861364433514,0.884844005945624,0,527.48559871788,125.489017389988,44,0.493807899941847,TRUE
510,2.28981704454728,1.04145608705649,0.809945695063125,0.241579920239652,0.962560075269386,0,2047.72348549486,476.167762005013,44,1.91698510156792,TRUE
511,2.76032308621676,1.23772144021671,0.86717994278919,0.196366697200703,0.868873984709195,0,71980.1462184908,12281.1024447898,40,67.384521829705,TRUE
512,2.11803909856353,1.1459890002938,0.787839860622471,0.233572821992454,0.729150324497657,0,447.950657477164,76.2903416192251,44,0.419350924430972,TRUE
513,2.96871367349497,1.44872124908887,0.670002097092399,0.22880779354591,0.849314774165832,0,81906.8369621002,15916.9424810292,38,76.6774358379519,TRUE
514,2.24224507863121,0.917300231270902,0.800975658955295,0.196631187099327,0.946262008099989,0,907.075747377959,168.774706024686,44,0.849162841582063,TRUE
515,2.79639898992597,0.883661355992991,0.94398104839225,0.341958501652558,0.798893223854036,0,59781.136743349,16331.5089010293,42,55.964366919443,TRUE
516,2.63952751030728,1.16187828636844,0.640151504630091,0.273887115351637,0.682197389934915,0,18605.4619909485,3476.3389453819,44,17.41758284118,TRUE
517,2.65674677456913,0.913793490195089,0.627644247073504,0.207489275989166,0.761679684142362,0,9487.84751168737,1499.46289518123,44,8.88208903921304,TRUE
518,2.50268761203833,1.16689693324006,0.824023925362848,0.278670420636732,0.747808733899107,0,19515.1567648336,4066.805952595,44,18.2691974956315,TRUE
519,2.31613536527197,0.943901674874698,0.752458552004766,0.225086287485469,0.707883749464753,0,1540.93558281622,245.524855730989,44,1.44255343832262,TRUE
520,2.63877442846746,0.852962871859042,0.721728660494921,0.267463724894546,0.732729203423855,0,11647.5838650701,2282.67580585465,44,10.9039354662705,TRUE
521,2.63236375991228,0.957152532042634,0.753175466161554,0.289411631934162,0.871544653352751,0,19003.9765964524,4793.47108562008,44,17.7906539940576,TRUE
522,2.78378229032305,1.12405433753228,0.597979535489923,0.203377888364016,0.881825504827538,0,29827.4735784882,5349.37272672031,44,27.9231169991464,TRUE
523,2.53027883240411,0.893158092689826,0.77551070859688,0.298098615280062,0.687802603072173,0,8253.71487677851,1692.28395172892,44,7.72675049314596,TRUE
524,2.67505945435254,0.947349566899012,0.902552197530147,0.246612448377501,0.828944292595332,0,40981.1294666298,8377.68957913716,43,38.3646596766802,TRUE
525,2.50786720398419,0.952507416935825,0.648831779211381,0.280382221008257,0.645366520858148,0,4318.38058318382,781.407937107902,44,4.04267045795152,TRUE
526,2.09735757428916,1.02855616597644,0.948614139268762,0.217758191877198,0.85740066714665,0,465.136463970868,86.8437774760898,44,0.4354394907048,TRUE
527,2.36945577836305,0.78316504238194,0.657441794618776,0.341439820724228,0.865948780546628,0,926.74737227445,274.010836162888,44,0.867578517388551,TRUE
528,2.66570940909983,0.77876171268001,0.698911236873517,0.241457775175473,0.853688939357228,0,9037.48453366436,1862.89516852837,44,8.46047981058263,TRUE
529,2.32798273824468,1.08505458603182,0.857658280694654,0.249938918424534,0.816229962160325,0,4045.48330109499,825.309476351824,44,3.78719649980808,TRUE
530,2.10759591635314,1.07384112250776,0.859218965288558,0.201050415326009,0.835618734292101,0,442.374023574071,74.3194966830401,44,0.414130334744497,TRUE
531,2.65579213205885,1.16009353805604,0.719347371478044,0.203501823003646,0.859769088717134,0,31538.2692527127,5518.07993646756,44,29.5246856887406,TRUE
532,2.23168636248955,1.08840554363869,0.656533980058732,0.22762967118358,0.765023080667915,0,678.750696663067,118.198971442087,44,0.635415368529365,TRUE
533,2.60493041172002,1.19173775186875,0.760733085891097,0.205306593873054,0.890950665851818,0,30477.3676421537,5574.86055202119,44,28.5315181072399,TRUE
534,2.20835884044199,0.933525025902233,0.699178919765099,0.266909463519391,0.706108471847004,0,478.076484860068,90.1016568433103,44,0.447553346620547,TRUE
535,2.3481518019901,1.0633664501698,0.705169810465591,0.311593595923698,0.881147269381077,0,2246.77209662303,616.87340130605,44,2.10332531045032,TRUE
536,2.59335962047236,0.856157013328525,0.733854351184552,0.372003223014152,0.80583435167634,0,9204.94229312194,2759.39294547751,44,8.61724610852082,TRUE
537,2.46348388004836,1.15861283297897,0.777761906422001,0.251656282571132,0.803920445519423,0,11292.0311548422,2284.50923800702,44,10.5710832754561,TRUE
538,2.24483758578771,1.25646028230774,0.695869973102915,0.211222897512691,0.830826549954689,0,1281.63557510905,224.913703158519,44,1.19980862676376,TRUE
539,2.82313982408717,1.09455829690603,0.75007980058539,0.224800270129184,0.696458136098452,0,60415.9206967677,9458.95682617204,42,56.5586226331845,TRUE
540,2.62689121617309,0.953248104046696,0.729676872946837,0.274517370543908,0.836628676886754,0,16097.4247685588,3697.08113136038,44,15.0696730654923,TRUE
541,2.34040511745951,1.04072636759405,0.706902993465494,0.188722094724746,0.745548631630792,0,2000.59469221592,281.486673047572,44,1.87286528011226,TRUE
542,2.20051304560011,0.728023323752096,0.706153444117379,0.216702353715558,0.870043326243147,0,267.88546366768,50.5072422871102,44,0.2507821228868,TRUE
543,2.32525371837948,0.99308883109619,0.714509234831899,0.24491065407648,0.839166464807437,0,1608.2474896693,330.52832317901,44,1.50556776789862,TRUE
544,2.80101144457441,0.758910036420386,0.885444030041658,0.244735721143313,0.695564468377916,0,38576.0925023035,6566.78784962296,43,36.1131740332368,TRUE
545,2.54201403468342,1.07907071089398,0.842193964819526,0.273654704414647,0.738834501483337,0,22232.824427154,4495.15554838241,44,20.8133537045066,TRUE
546,2.47620642577449,0.865758634814317,0.651726611824503,0.29944883110201,0.712796655957525,0,2615.16401907913,558.196627262282,44,2.44819698472115,TRUE
547,2.67658904072612,0.823309696744726,0.743266721536667,0.265174317186133,0.768632267122744,0,14742.539619754,3004.8470787068,44,13.8012915369351,TRUE
548,2.42306576440595,1.02719721693525,0.76610779334669,0.224384501281458,0.831633793640152,0,5260.74271470953,981.68475584635,44,4.9248667990166,TRUE
549,2.50674302972634,1.10301050068738,0.713270257739706,0.23802901342129,0.895469304858102,0,9722.29617183245,2072.2848264805,44,9.10156915543199,TRUE
550,2.35186926649342,1.31325715998257,0.740406111731047,0.195950519640683,0.73908944715962,0,4988.50554172187,722.460121684852,44,4.6700108048323,TRUE
551,2.25164237976433,1.02526887027159,0.69821018777022,0.167953971647705,0.75034110255733,0,855.717747681749,107.839919416363,44,0.801083830445375,TRUE
552,2.55196001099343,1.00417679835301,0.740751113891355,0.25684969294869,0.715420662430434,0,11917.1792051136,2189.84814670163,44,11.1563182972418,TRUE
553,2.25988117249147,1.14897862169359,0.92934584025699,0.227974817056148,0.809809504287574,0,3255.88942410924,601.08984711214,44,3.04801481380756,TRUE
554,2.21815370984709,1.11087723678556,0.94119294526043,0.198217956677151,0.787616883922331,0,1991.43792188195,310.90290874737,44,1.86429313038939,TRUE
555,2.1770222992054,1.03011976310928,0.908751977710603,0.165451410981698,0.75944769502778,0,950.981427672077,119.492426121956,44,0.890265332027782,TRUE
556,2.41168956290123,1.2247258710012,0.835164017097288,0.255309397245166,0.800654116228584,0,11388.551746344,2327.98533663065,44,10.6614414401274,TRUE
557,2.61657438065875,1.00619605610181,0.490829782638943,0.295843909392812,0.74912895141227,0,3406.00000167729,754.85555972297,44,3.18854147320473,TRUE
558,2.37650731953025,1.01125614980885,0.777148606187192,0.278046696301046,0.792877378542172,0,3549.45433399003,782.50182579151,44,3.32283686012922,TRUE
559,2.68362064896329,1.18006938409648,0.675118920093096,0.282489731955287,0.7465447568734,0,30760.6008494102,6487.14089520283,44,28.7966680859485,TRUE
560,2.13789589853951,0.970851719687199,0.732398575993715,0.29880822256744,0.851763015332219,0,318.364685563713,81.0282035718619,44,0.298038462426243,TRUE
561,2.40728414771188,1.21687546290879,0.748486050839206,0.225653873226224,0.66041300030369,0,6946.75718124971,1035.23876230173,44,6.50323645501752,TRUE
562,2.86632928718404,0.856672098339942,0.799643781410378,0.322986225837973,0.746990770921437,0,51861.4741860036,12512.5001427905,43,48.5503409342853,TRUE
563,2.48585741273911,0.906981409525576,0.826404437804515,0.254346788622213,0.803545913293109,0,7796.99466705183,1593.54448802952,44,7.29918991485848,TRUE
564,2.71755881488688,0.92510445949102,0.700592758701439,0.266114015341169,0.742205347971555,0,22121.4812591897,4369.24131263081,44,20.7091193214657,TRUE
565,2.38278352392048,0.879885021612344,0.892499578996318,0.310586178592524,0.773405958349146,0,3916.33995451008,940.740891725914,44,3.66629840339832,TRUE
566,2.62383911979605,0.87006640943646,0.711163552823855,0.304601496782805,0.715745958790114,0,10641.9557596929,2320.13035889875,44,9.96251241311823,TRUE
567,2.34394153123553,0.981039527871429,0.716896304259289,0.290778673591154,0.773985115621423,0,1844.63908562346,415.151457178336,44,1.72686677178755,TRUE
568,2.35026166114243,1.08764007423735,0.845103036109075,0.227055357238257,0.776832585469793,0,4757.93063939474,839.222838889428,44,4.45415712356744,TRUE
569,2.68104826678666,1.10693608982623,0.777429137353229,0.214676679890681,0.789021654939363,0,40660.483760616,6887.25771384438,43,38.0644858272009,TRUE
570,2.34299060060732,1.2550288408235,0.721943310874233,0.20223650571167,0.788690290013174,0,3671.94391622664,585.682282275864,44,3.43750600657802,TRUE
571,2.50083103190868,0.950590726338263,0.694814973615904,0.274093285528,0.663920686401766,0,5313.89313612579,967.002092158818,44,4.97462379341489,TRUE
572,2.78855917919595,1.06099184542137,0.661058247714706,0.288444834934136,0.762246589002684,0,37478.3348762542,8240.21500681872,44,35.0855035351565,TRUE
573,2.84698255456612,0.921571530850019,0.86388445237406,0.247836995474646,0.814955537011322,0,63298.243036464,12784.7342743366,42,59.2569210227149,TRUE
574,2.20137315242665,1.21861395187128,0.619423087248375,0.299682178110685,0.791220383970599,0,546.906154265119,129.679460276138,44,0.511988536102902,TRUE
575,2.31953874925237,0.861087590529255,0.653334692850393,0.345974208591838,0.741953324154194,0,796.371094923947,204.425843300129,44,0.745526207567821,TRUE
576,3.05175883418997,0.932988741223136,0.751127205766381,0.226024574276369,0.824872889047908,0,77145.2725732059,14383.0836983845,40,72.2198769642445,TRUE
577,2.53441755120759,0.994543559100583,0.814169025731987,0.249321685006477,0.794888419885822,0,14533.4953985487,2880.29055935092,44,13.6055938949154,TRUE
578,2.20528002443887,1.0968755298076,0.612504648183522,0.307496221364312,0.67029898164598,0,444.979594671376,91.7167039658674,44,0.416569551274458,TRUE
579,2.25481527872301,1.01777272331817,0.63932226326602,0.178827548008326,0.887203385926384,0,656.242907787868,104.117141271609,44,0.614344605680461,TRUE
580,2.18109055635959,1.15521966825036,0.726530567377342,0.187936749050828,0.856735794282856,0,667.777394985003,107.52026739213,44,0.625142665217191,TRUE
581,2.10262619223466,0.912282918297698,0.827694774106029,0.272158466587123,0.773945758162622,0,273.140060042645,57.5330998501821,44,0.255701235763569,TRUE
582,2.47497593291562,1.01443404183497,0.772722014420369,0.255487478357297,0.894262948879396,0,8022.10884031405,1832.83515913953,44,7.509931511247,TRUE
583,2.47066440279141,1.26235162255336,0.971352537918302,0.236369210508336,0.789245828672033,0,32980.5394513015,6152.63221108007,43,30.874873105506,TRUE
584,2.34425847589329,1.122741632082,1.11935775153892,0.295428434033746,0.801414698328071,0,13566.0641876766,3211.91070868721,44,12.6999290279691,TRUE
585,2.71015793872104,1.05390851873512,0.685259882766965,0.147960048826662,0.903233554600045,0,28243.2188115539,3774.49382889722,44,26.4400101212825,TRUE
586,2.53999681025645,0.93859221137445,0.549243819117275,0.194518261207607,0.709876673846245,0,2702.47248512168,373.168146501575,44,2.52993117873215,TRUE
587,2.45140097691911,0.748994602340089,0.69512174995158,0.264409579719162,0.954590448404228,0,1765.80104897165,445.693233656209,44,1.65306220648909,TRUE
588,2.46709678442407,1.18380126127735,0.671380897982985,0.207338625934754,0.737622340197894,0,6787.07293632289,1037.99866270696,44,6.35374736596414,TRUE
589,2.76692061610738,0.79264097799883,0.746007235325537,0.182151209087153,0.792236359515639,0,22454.7585167014,3240.37458812374,44,21.0211182519204,TRUE
590,2.27391422063644,1.26899852281008,0.732806514440958,0.203159639561999,0.757568859102351,0,2088.94672428942,321.504393246205,44,1.95557641292775,TRUE
591,2.36841080777514,1.10404607705482,1.00841084095286,0.363152739071974,0.76452801942237,0,11239.1247592789,3120.43559227695,44,10.521554726904,TRUE
592,2.62837844104302,1.11352561007447,0.715873206079298,0.265744768496411,0.840259451283605,0,23833.1771076301,5321.81863735712,44,22.3115307130033,TRUE
593,2.65254527784392,1.03644525464749,0.820875528393602,0.249766001032217,0.990144093691537,0,35505.3637673213,8780.63022369619,43,33.2384981907145,TRUE
594,2.7486176357649,0.954690338348843,0.694588569933332,0.304837607395455,0.713276480621361,0,27880.56581877,6062.1688898553,44,26.1005109705767,TRUE
595,2.53799657325882,0.762871681464379,0.864583172257996,0.2585216743844,0.860973474284135,0,7400.0711818961,1647.1100945645,44,6.92760829610194,TRUE
596,2.68921045269286,0.835586206785389,0.652241480500486,0.251275742072263,0.760464574861179,0,10236.0073886338,1955.96078243264,44,9.58248210881281,TRUE
597,2.2066002876212,0.956138714298275,0.698561277256899,0.276771438648636,0.741881677290361,0,495.232882168118,101.686989351666,44,0.463614381359407,TRUE
598,2.58226725211374,0.815715041655767,0.91703228286549,0.157442821159954,0.749340036560492,0,15860.1784098568,1871.15544899144,44,14.8475738718,TRUE
599,2.80858946897524,1.00700883211211,0.628200611080575,0.272414669981382,0.815015667485292,0,30687.3346556787,6813.27029157617,44,28.7280796252375,TRUE
600,2.35950529331438,0.973954661864264,0.565670443970251,0.186400772295431,0.827197606671312,0,907.36060262054,139.906178777496,44,0.849429510036079,TRUE
601,2.78233849968697,0.842752525103411,0.812696421285319,0.33752572086972,0.892645437971879,0,37813.836682189,11392.9609134254,43,35.3995849861346,TRUE
602,2.50991984695566,0.891920173401942,0.84871942498408,0.233019245551125,0.721283008193896,0,9784.54154877505,1644.51551397496,44,9.15984043135654,TRUE
603,2.30932156731825,0.853381950825943,0.601473379669697,0.25221443378526,0.845810710231023,0,562.752241172035,120.049498537732,44,0.526822918153937,TRUE
604,2.55696354021892,1.3102447311551,0.650604927617603,0.220504046214933,0.762443452791,0,15639.4414934579,2629.33209255959,44,14.640930063151,TRUE
605,2.29429680324072,1.04416289537932,0.815941128254145,0.335250783582167,0.84746316254987,0,2205.78302976447,626.6909486028,44,2.06495322015022,TRUE
606,2.49600512976685,0.899929919768081,0.802042002589405,0.254800746568126,0.843322344905534,0,7373.04280844017,1584.31326802705,44,6.90230556865772,TRUE
607,2.6196939462553,1.32928293678336,0.933076086783287,0.326405935529124,0.748728182518302,0,62397.7692907018,15249.3485856721,41,58.4139386731902,TRUE
608,2.62148654931772,0.738658372939588,0.842962006149958,0.209716462871182,0.795596343988788,0,10890.4070252613,1817.06061287835,44,10.1951011283105,TRUE
609,2.65146380705141,0.776841089044833,0.661428840402881,0.282068052696737,0.910019174831807,0,6635.4347672648,1703.23207733678,44,6.21179064525819,TRUE
610,2.26557764327674,1.05170170087454,0.798428743371159,0.211402937532369,0.771371099056012,0,1597.87224626798,260.565212980351,44,1.49585493940084,TRUE
611,2.22453031953858,1.06213469996015,0.840103289904889,0.172328522452737,0.81122641337687,0,1304.94131272889,182.427466864588,44,1.22162639274377,TRUE
612,2.41524824718579,0.843777794882021,0.591731475886223,0.228629178115266,0.844069944327021,0,1118.51165349024,215.849280113113,44,1.04709946965946,TRUE
613,2.45035116978514,0.935332666262734,0.654873589834088,0.235516053722232,0.729476391213397,0,2744.5693788522,471.526353408394,44,2.56934036589796,TRUE
614,2.55605992202365,0.735765424143906,0.764546593084675,0.134420911238558,0.711417093784765,0,4857.74813675814,464.543219141644,44,4.54760170076591,TRUE
615,2.70528546521792,0.765568706778257,0.826925049339767,0.28170050588247,0.778912359224938,0,19828.3893031236,4350.74529256037,44,18.562431476431,TRUE
616,2.48237425699791,1.24487945295599,0.895713431564762,0.27503693234911,0.733826077408156,0,26884.2699011635,5426.03265488276,43,25.1678242849312,TRUE
617,2.54420434360121,1.41480562020564,0.764204734998482,0.249999835986704,0.852811628979036,0,32072.5985563594,6837.96676903708,43,30.0249003523305,TRUE
618,2.53130661436018,0.910940746271502,0.673404391102913,0.227395036959622,0.755825446157161,0,5182.76208827471,890.766271017458,44,4.85186490196097,TRUE
619,2.19132278651791,1.18254193405219,0.695539923465507,0.167167564252911,0.731822978224508,0,676.043526426022,82.7051806554509,44,0.632881039530071,TRUE
620,2.45968850233174,0.894315684294615,0.723363000224635,0.284138066916202,0.830496696738171,0,3721.43175328684,878.167559709592,44,3.48383425696203,TRUE
621,2.38390262465249,0.784711636503544,0.680122925780704,0.171991788685064,0.767452827338551,0,1150.61506497934,151.876108042629,44,1.07715321567061,TRUE
622,2.35365922273459,0.939147063665426,0.562902633461665,0.285509225856914,0.906113815005148,0,786.821121656649,203.553656471318,44,0.736585959236705,TRUE
623,2.42930025030891,1.44191668321362,0.927405735814587,0.316440110284616,0.772499893254212,0,29792.3668928182,7282.74263952351,43,27.8902517251621,TRUE
624,2.57028540022856,0.819272474553836,0.75147602757352,0.357755440464535,0.845327514582646,0,7349.12141443538,2222.52509997389,44,6.87991145331903,TRUE
625,2.78147708272743,1.00527084342389,0.663071516063702,0.210919843692652,0.816848974767267,0,32218.3650070902,5550.89109091712,44,30.1613602388037,TRUE
626,2.11232865191352,1.04547506964373,0.783491574724687,0.19369920277712,0.743016135551416,0,345.942492525173,49.7886084852756,44,0.323855544397279,TRUE
627,2.88185579341605,1.12186210959547,0.82946498046723,0.20527781292065,0.794700427569334,0,76988.8859721676,12559.5330789066,39,72.0734749786254,TRUE
628,2.41232377048713,0.931609886307773,0.757586318649345,0.309389737641164,0.787936910486332,0,3415.24334907009,832.566637092436,44,3.19719467241162,TRUE
629,2.26618940161851,0.786009103864095,0.769252692449649,0.27189757462729,0.821733130939556,0,664.513019735939,148.470313461169,44,0.622086706362048,TRUE
630,2.56332209020644,1.04009785186478,0.918351384642656,0.228529159744266,0.841709592538682,0,30346.4866902337,5837.30408966933,43,28.4089933441619,TRUE
631,2.81178551467436,1.04111841859342,0.960679880729142,0.268411295433401,0.824448611128092,0,74734.223401173,16538.0349255289,39,69.9627629668349,TRUE
632,2.31748511113089,1.35413664963035,0.514555506692466,0.164796545471277,0.775242237692003,0,930.388176546088,118.86382805301,44,0.870986871883625,TRUE
633,2.12598065735611,0.862492947516278,0.832618197835902,0.14542653346078,0.729801127103146,0,304.924935185223,32.3624298367128,44,0.285456782611143,TRUE
634,2.53680416229504,0.851092332089036,0.615607024635664,0.379266542709476,0.822478599995062,0,3109.79617568175,970.065512200412,44,2.91124899427238,TRUE
635,2.49132787941084,0.924663457527559,0.906902909965571,0.234453652976037,0.812666602803561,0,12129.812498377,2311.12536394352,44,11.3553758644234,TRUE
636,2.26237937408019,0.950247561529205,0.709258399192084,0.288417549281346,0.914525669088413,0,820.984935610321,216.547298621047,44,0.76856855982992,TRUE
637,2.41109891615606,0.900492040497423,0.722737451418922,0.25234334791432,0.739269870520888,0,2580.11624272105,481.320257140053,44,2.41538685894126,TRUE
638,2.31435893008647,0.878575818929759,0.861513671753808,0.235229825614364,0.885414138883491,0,1905.23073268264,396.81348072811,44,1.7835899014067,TRUE
639,2.62205018693783,0.92850474209374,0.814266176563884,0.18685340277126,0.798001457916692,0,21326.0609704545,3179.91376348439,44,19.9644832151792,TRUE
640,2.4718707369189,0.997716431449541,0.853897319048322,0.237157437687859,0.770736240003112,0,10804.7567729874,1974.95645428022,44,10.1149192782133,TRUE
641,2.45934024714595,1.15200323593726,0.93531298192772,0.336652855941462,0.800012165761336,0,21240.9072562499,5720.73666755665,44,19.8847662013199,TRUE
642,2.82887419067217,0.906106866028867,0.655599564312653,0.249107978575293,0.768360167622501,0,29700.4589977041,5684.80590506822,44,27.8042117559484,TRUE
643,2.35730707508036,1.22165329994815,0.592659770497393,0.167408369599045,0.748399066069996,0,1786.40959494137,223.816163124528,44,1.67235498496665,TRUE
644,2.17016497000042,0.951319399548694,0.692776508169047,0.237436281911876,0.704949254442275,0,350.938440454566,58.7402621295385,44,0.328532522425169,TRUE
645,2.66756071758766,1.05679178761275,0.739409663217439,0.260540429943714,0.886202511985055,0,29208.368038736,6743.9663476162,44,27.3435386994346,TRUE
646,2.27722830958276,0.962708566229284,0.742943662929463,0.221731054522093,0.73515172788636,0,1113.33450450038,181.480168455771,44,1.0422528594836,TRUE
647,2.4914401640664,1.04215137160675,0.781400967643776,0.283876621408863,0.8350323633443,0,10398.4420466447,2464.91082029187,44,9.73454600884166,TRUE
648,2.4400455999979,0.921944825784684,1.04847478732527,0.382903638225708,0.787784504613161,0,12990.5500492342,3918.54165278067,44,12.1611590050872,TRUE
649,2.49190938133056,0.981815479651917,0.768467755486657,0.321435051334082,0.843731591555797,0,8097.45709165778,2196.07010107419,44,7.58046909909921,TRUE
650,2.63520330108715,0.967341038419977,0.646236277333688,0.28868043507158,0.790955107140803,0,11049.5029797884,2522.9690859416,44,10.3440394867893,TRUE
651,2.62325101927286,1.16842315999064,0.712662914696273,0.254930490106843,0.745306230409455,0,25791.8233100962,4900.47950945839,44,24.1451257349712,TRUE
652,2.15888734354286,1.10615949531737,0.802156727600163,0.20604507665387,0.724152439067012,0,656.015324763701,97.8827639777509,44,0.614131552858735,TRUE
653,2.4626827531134,1.03877507279192,0.84327330121136,0.213376777251798,0.853516853192761,0,10913.7047942585,1987.61128894907,44,10.2169114344304,TRUE
654,2.48027702925503,1.22040937884308,0.859036333208862,0.294849705054019,0.858112249453801,0,21797.09456757,5514.9732161741,44,20.4054433323067,TRUE
655,2.59765941711061,1.11915727609061,0.650027491227266,0.279128792441032,0.77286487505609,0,13496.938882539,2911.67895915888,44,12.6352170778309,TRUE
656,2.377364596209,1.11001550604116,0.650829850897751,0.286719015759454,0.796707506717299,0,2391.93432660036,546.392409827598,44,2.23921955308028,TRUE
657,2.3029064689495,1.0571617652679,0.847476484124407,0.140199555080217,0.760578065926944,0,2826.8812814905,301.438001848931,44,2.64639700570165,TRUE
658,2.25715348323185,1.20642272561194,0.783867829162854,0.297758064815804,0.733334145573077,0,1991.04938467179,434.757890141038,44,1.86392939961785,TRUE
659,2.78717528007526,0.959486424725565,0.809423645712691,0.264726055112194,0.856126969128135,0,51033.3146438295,11566.1452772361,43,47.7750558358261,TRUE
660,2.45739994820627,0.942646389040029,0.792947725920005,0.229746235014866,0.823586150217334,0,6060.5231140785,1146.74683382815,44,5.6735846415264,TRUE
661,2.54071175481123,0.962963822325234,0.903295968375098,0.284945780781445,0.845235913203357,0,19773.7372786739,4762.433581123,44,18.5112687499288,TRUE
662,2.15369277672236,1.14660372570983,0.642700703488726,0.223269113500425,0.733600048322054,0,356.697899250519,58.4236318336443,44,0.333924264417262,TRUE
663,2.42757340282781,0.997098415574576,0.804501073241033,0.259600273947778,0.729111762406984,0,5986.01202443525,1133.01806892718,44,5.60383076618167,TRUE
664,2.40114542877961,1.18880536846737,0.711393805497406,0.241198733726981,0.737109724383521,0,5014.25336231257,891.483765014052,44,4.69411473723326,TRUE
665,2.30823510840122,0.864413790476625,0.872066892265386,0.277329801239438,0.726321515319574,0,1784.31731288802,359.416109565329,44,1.67039628617115,TRUE
666,2.60143329947381,1.07349564849096,0.828200564911768,0.265629026950845,0.764755821807434,0,30178.4440418284,6130.48970667995,43,28.2516794999329,TRUE
667,2.21953417763296,1.00536990963385,0.681318275468698,0.2576872980551,0.767039429906854,0,575.032146709045,113.658736961944,44,0.538318804258608,TRUE
668,2.44654989499549,0.998978829556996,1.08313594827487,0.28600940014324,0.891782270062611,0,19979.5852514863,5095.9552951644,44,18.7039742103411,TRUE
669,2.61494031927542,1.10892666914641,0.89145192031094,0.206350010027227,0.77658316665767,0,42880.5642219637,6871.52226385435,43,40.1428236490954,TRUE
670,2.66188032352418,0.854485854525781,0.909721710095619,0.211953588567408,0.917111785825966,0,29682.2907240505,5769.79606348066,43,27.7872034488396,TRUE
671,2.43263364945248,0.983122023238556,0.654246103776963,0.190021370118652,0.8035987620979,0,2746.01448200403,419.318986613011,44,2.57069320539602,TRUE
672,2.46074630599028,1.05775820278113,0.545547184713818,0.19289637876066,0.743192360105375,0,2042.80825165106,292.855183044663,44,1.91238368437658,TRUE
673,2.38904801192,1.1716370397949,0.881084326935624,0.201817535383753,0.763774152268045,0,10007.4464558367,1542.57798917416,44,9.3685138137397,TRUE
674,2.4679158211332,1.00213450098208,0.708441643837967,0.266203768651802,0.817301415623546,0,5212.0779279812,1133.98510750434,44,4.87930905072196,TRUE
675,2.70393330557227,0.990474718890864,0.789373713577488,0.17308725969469,0.842504843511878,0,36623.1494016267,5340.63868435894,43,34.284917994408,TRUE
676,2.5201919799655,0.952183816454263,0.808770661441875,0.280597485266817,0.819533435359958,0,11064.3262623517,2544.34163591334,44,10.3579163661783,TRUE
677,2.58357893637626,0.646241327016111,0.712936920901493,0.168843270962648,0.754303901831978,0,2945.69464783994,375.16113141108,44,2.75762464692,TRUE
678,2.52824726440678,0.813418392537062,0.717968207936496,0.234081546892149,0.69497919157446,0,4481.22561939746,729.013868887658,44,4.19511853529064,TRUE
679,2.05896529705023,1.29628576276955,0.605276864591192,0.261725604823785,0.736420358666065,0,159.25376069024,30.6945799920723,44,0.149086089393597,TRUE
680,2.24788890614895,0.940611321089317,0.793507746926132,0.287277902522066,0.71621530401565,0,990.564552170923,203.811460195916,44,0.927321243372892,TRUE
681,2.89613424168663,1.01370425816441,0.833467562455071,0.296917185288022,0.942897015040188,0,73471.9698080897,20569.3836898088,40,68.781098865465,TRUE
682,2.68286419386619,1.1495585952388,0.815402118456875,0.248984212533114,0.856774715495883,0,49523.3355074236,10564.4852131408,43,46.3614824072492,TRUE
683,2.45354253545818,1.06186276391571,0.701642234176569,0.221323850396038,0.794595731731479,0,5317.94584297662,935.229839879364,44,4.97841775227169,TRUE
684,2.44709425067066,1.16650395877133,0.78747547371327,0.190267290934176,0.815882902521334,0,10573.5369308542,1641.39177707967,44,9.89846183378973,TRUE
685,2.41393954630878,1.05919069025795,0.682498016881854,0.264817068972352,0.739875786360677,0,3424.55696998945,670.979396091123,44,3.20591365848105,TRUE
686,2.15643419861809,0.922239450220315,0.8216044416206,0.288116331248284,0.758612125680595,0,452.093736734317,98.8134691075803,44,0.423229485802581,TRUE
687,2.6314676831208,1.2097231725919,0.693096430588055,0.221849761721425,0.835067047279906,0,26729.7679857115,4951.94145972435,44,25.0231866557869,TRUE
688,2.66933838931555,0.676501301013928,0.769496831006334,0.218383808618386,0.816108761723267,0,7870.00958074924,1402.631982432,44,7.36754313869055,TRUE
689,2.60090139204663,0.964692006497455,0.939723698368776,0.205907240653874,0.893274534333541,0,32833.385740666,6039.10027581379,43,30.7371145297379,TRUE
690,2.3546255712075,1.04513095636472,0.873155686947609,0.280143268163639,0.83771931387861,0,4930.87107702135,1157.18385771908,44,4.61605605412971,TRUE
691,2.40351768541389,0.976727980168732,0.766354703976961,0.305869237744773,0.753443911248965,0,3825.62410494596,881.635407477441,44,3.58137437272604,TRUE
692,2.09358080385691,0.906697531356956,0.840690607371273,0.225413518753347,0.817241902395308,0,256.857386223043,47.3175928978134,43,0.240458141006406,TRUE
693,2.42695991929358,0.954151555828452,0.754999554815613,0.240653024180925,0.784878689009332,0,4096.43600291674,773.748883519505,44,3.83489608960564,TRUE
694,2.57938660888846,0.964187804329534,0.865184965493544,0.217052574334363,0.701436497141879,0,22339.4868486764,3401.15554016709,44,20.9132061867406,TRUE
695,2.47895965421888,1.28503975838798,1.03154044177781,0.295244917300143,0.819702383725555,0,41959.5077863154,10154.7447841471,43,39.2805727263765,TRUE
696,2.40016496219727,1.06657616308495,0.619918951051947,0.313611501498979,0.897382090432004,0,2156.75069252951,606.972934292666,44,2.01905138787635,TRUE
697,2.72090231838149,1.13488009915523,0.765679731857023,0.249709380316289,0.762788359645367,0,48438.0769027964,9226.26248983527,43,45.3455129215469,TRUE
698,2.75789238509418,1.13802718481697,0.833207854333667,0.236709966588343,0.864211178994225,0,63508.6217391223,12991.7935826169,42,59.4538679452559,TRUE
699,2.3375675805099,0.976978013513748,0.664692115843879,0.238262297961819,0.823088008835657,0,1334.70027271297,261.749192177199,44,1.24948537044839,TRUE
700,2.53610875457015,1.02457377235195,0.696762190363561,0.242031432520749,0.782725540011411,0,8850.85899737017,1676.74375797352,44,8.28576951635477,TRUE
701,2.06296615954862,1.12378184693141,0.924042087467321,0.270938598569513,0.708097229247656,0,364.511373617187,69.9318244972014,43,0.34123888187342,TRUE
702,2.86198107758154,0.984778623023504,0.709513288343538,0.155818460312855,0.751652080089824,0,51439.7720265398,6024.69141851362,43,48.1555626535666,TRUE
703,2.53273238789682,0.975905455975704,0.880503605236072,0.293660388714626,0.753242318074031,0,17875.9075064816,3954.10483370761,44,16.7346072893481,TRUE
704,2.75487894621751,0.806593506354623,0.693429108378006,0.202025283872532,0.793890106566733,0,17161.0004317805,2752.38205541504,44,16.0653439728333,TRUE
705,2.60365306364502,1.12855101682033,0.765247570917245,0.237649705931874,0.811099666944793,0,26898.7272015072,5184.93402662108,44,25.1813585484996,TRUE
706,2.34465307512723,1.20153374690186,0.684637784843377,0.209486475517027,0.758337070502932,0,2697.49944984819,428.528431616381,44,2.52527565048511,TRUE
707,2.27793957354041,1.20024806809828,0.575820025612114,0.174602807113274,0.783342026571659,0,800.5368092923,109.492394817474,44,0.749425958895618,TRUE
708,2.54636875978262,0.81244270908539,0.749253384494268,0.183712006565219,0.797482614293441,0,5945.18449968625,871.011925936102,44,5.56560990421855,TRUE
709,2.65825863998766,1.1410030011543,0.656236434765563,0.276375995358914,0.738762463088602,0,22002.2697117985,4492.34006469337,44,20.5975189213616,TRUE
710,2.366157114234,0.949479940268089,0.81247129440074,0.124600780087155,0.802752054257254,0,3136.96396771065,313.770216362458,44,2.93668223901016,TRUE
711,2.69639167582411,1.00323817580215,0.703249412925275,0.162433609500228,0.773570636853197,0,25107.5923965067,3154.86616977044,44,23.5045800379205,TRUE
712,2.73841083578538,1.01717629667425,0.577605703692661,0.163817904591162,0.695834480846617,0,15497.2432467139,1766.53302950466,44,14.5078105661055,TRUE
713,2.64763843856464,0.917009114650473,0.953269547650298,0.284931228439564,0.835949938728061,0,38055.9392113197,9064.47729477565,43,35.6262303045495,TRUE
714,2.33633329323088,0.946437936556757,0.844566574166662,0.244541417801601,0.805169127601975,0,2725.96658551274,536.735188073334,44,2.55192528132629,TRUE
715,2.98687624510459,0.980415128639923,0.829800257081745,0.291384193722178,0.747721336612446,0,79839.0471492128,17394.8668336245,39,74.7416655581471,TRUE
716,2.52993288378843,1.22147982953146,0.78254977550031,0.3283427585142,0.975465242987727,0,22273.1019153535,7133.78385093837,44,20.8510596474008,TRUE
717,2.59239501844418,0.838939371145881,0.816266303285217,0.259070898899195,0.756397683753879,0,12598.551194208,2468.82000208523,44,11.7941875998952,TRUE
718,2.14123997724734,0.941724249201685,0.761537194015976,0.219195457536903,0.833762247623178,0,339.953510807234,62.1288488765882,44,0.318248933539819,TRUE
719,2.30067715961939,0.697933919984277,0.846835490565883,0.143494910022693,0.79763684823173,0,816.955816922012,93.5061712313426,44,0.764796683132383,TRUE
720,2.3370182241268,1.01346359242805,0.737585640776505,0.214439103799556,0.792186095570287,0,2100.09873571911,356.755693187846,44,1.96601641613847,TRUE
721,2.56511182119011,0.711077605723389,0.686928581930472,0.312509159801436,0.802232594245214,0,3181.25022672587,797.555446231222,44,2.97814100985384,TRUE
722,2.61593028310809,0.946023685027782,1.02860245635779,0.292840745609706,0.746038491281028,0,42245.062962624,9229.29867783543,43,39.5478964263472,TRUE
723,2.52669775856625,0.87797738724607,0.898061044452184,0.26712951651827,0.777765978288612,0,12844.6858893452,2668.6665270048,44,12.0246076477674,TRUE
724,2.33247215210493,0.934207668679033,0.661618192045232,0.215354764628855,0.858689286230991,0,1125.0693303708,208.051003534606,44,1.05323846692641,TRUE
725,2.16938000762717,0.877178973241213,0.747382042550797,0.24627389252781,0.818762288771787,0,357.088161097824,72.0031767841673,44,0.334289609715245,TRUE
726,2.44434887839825,0.930940715535297,0.776747173983906,0.301053984472424,0.820828633673916,0,4851.05035504356,1198.76115122586,44,4.54133154375918,TRUE
727,2.55522509821462,0.941343840077042,0.682012118371216,0.23536491241105,0.667141751124392,0,7194.11539380349,1129.63265947704,44,6.73480190395384,TRUE
728,2.61156983114612,0.862804538355464,1.41014802888419,0.217386490270423,0.730974096159358,0,58035.507790367,9222.06813420505,42,54.3301889069154,TRUE
729,2.4665396411222,0.871915679763569,0.78010389476812,0.207091096258053,0.826914802034601,0,4759.27698496885,815.010444106123,44,4.45541751073662,TRUE
730,2.49016802735676,0.994220923440041,0.652896873190689,0.302175586145665,0.786001013877765,0,4394.90660196439,1043.83566056779,44,4.11431061782849,TRUE
731,2.59165653301096,0.880420400741825,1.00181665550007,0.296393762750097,0.794282764849053,0,28589.4451907969,6730.54026251926,43,26.7641314274452,TRUE
732,2.34964423154911,1.17893026176604,0.737298365636774,0.166480060850183,0.71420316430013,0,3572.56752418142,424.780373050309,44,3.34447437201031,TRUE
733,2.29873369167612,0.768434653306485,0.691471749902293,0.175573334866242,0.87948152422459,0,604.200548930628,93.2967239765939,44,0.565624928787332,TRUE
734,2.28798237128045,0.944639111387562,0.642154689216398,0.282916978224527,0.77962948965657,0,736.006557413539,162.341275011852,44,0.689015687524376,TRUE
735,2.58887651617388,1.09025068170119,0.770605572055031,0.186697472301868,0.807617820583246,0,22880.3417623082,3449.90263715169,44,21.4195298280361,TRUE
736,2.35641511240499,0.887504088244738,0.886039629009877,0.280910979383355,0.758071733061525,0,3122.72178968052,664.985706632877,44,2.92334936311601,TRUE
737,2.71181275658648,1.32208264604907,0.769607072596277,0.278452321396089,0.735981463814002,0,59373.2857230082,12167.7086676343,42,55.5825554418725,TRUE
738,2.73967287135355,1.02313232423682,0.816567688072169,0.216493428362637,0.880310394248373,0,49664.7799434446,9465.18405089815,43,46.4938962211614,TRUE
739,2.3556024606752,0.860282404125271,0.643207096420711,0.232506071756829,0.807365831210111,0,996.538504111842,187.067674676744,44,0.932913784040294,TRUE
740,2.40600095531208,0.937238895246277,0.938007424349345,0.257864591780093,0.732001847038382,0,7047.69888148886,1330.30501710584,44,6.5977334595477,TRUE
741,2.63488034597822,1.02263130772254,0.87466985320762,0.1815011653116,0.827224250416833,0,37493.0862297659,5629.29315499092,43,35.0993130778561,TRUE
742,2.27065532426902,1.05855381068193,0.951263511895936,0.246833006353083,0.89201408136201,0,3074.60167246901,676.961237876277,44,2.87830150951976,TRUE
743,2.46774498059454,1.05328784160535,0.966286208140834,0.218928145400948,0.809148821273035,0,19280.5879399349,3415.46844220602,44,18.0496048866644,TRUE
744,2.48921133023181,1.12640953863879,0.756077649594263,0.25902501633272,0.756844778755654,0,11404.6694788887,2235.79114816013,44,10.6765301244043,TRUE
745,2.53337287197636,1.36380547058639,0.78685633943005,0.290447188436674,0.789853075510601,0,30511.2843370782,6999.61220093028,43,28.5632693662967,TRUE
746,2.33446222711042,0.845705639147437,0.997459413641836,0.288969938124377,0.835754285953823,0,3195.83141557107,771.818419835047,44,2.99179125217288,TRUE
747,2.47245194156114,1.02234556800756,0.837350968478231,0.192025874326871,0.873681573351385,0,10930.3435584213,1833.77792391998,44,10.2324878846857,TRUE
748,2.30501241279638,0.876590957745757,0.957752813328495,0.220861606745468,0.805276549392902,0,2420.63375758123,430.521024374637,44,2.26608664817565,TRUE
749,2.14628944881167,1.17012403141357,0.779935768776373,0.313227601620569,0.811968400244973,0,604.14695814606,153.653248418351,44,0.565574759545086,TRUE
750,2.76158946266,1.23170591147308,0.923014708296964,0.271085274789796,0.746181139485007,0,75478.4201424753,15267.6781566979,39,70.6594459300462,TRUE
751,2.37095144410984,1.11849216903684,0.839020338243966,0.214270322325465,0.65751808375578,0,6107.04560825071,860.400963495255,44,5.71713687347942,TRUE
752,2.62676152289379,0.896480848073201,0.753805876102578,0.290112066363576,0.810977407960397,0,14919.3158671551,3510.13206853791,44,13.9667813772282,TRUE
753,2.55765311211367,1.07837644620924,0.742229800030465,0.22357377793668,0.727453090438802,0,15571.4522513223,2532.53220720194,44,14.5772816432525,TRUE
754,2.69835251621086,0.840275274222595,0.962636546458212,0.278913756754536,0.852415098182432,0,39490.9497156018,9388.98503745302,43,36.969621527431,TRUE
755,2.26945679133285,1.37962377169234,0.831082784890213,0.313938736875659,0.89499222521142,0,4011.79776114722,1127.20576392768,44,3.75566163747166,TRUE
756,2.46427143643396,1.09780932385935,0.86773022494728,0.238113206615412,0.792809482061161,0,14639.6368436779,2763.64733717483,44,13.7049586628701,TRUE
757,2.28470447111641,1.09300628408439,0.806970402902335,0.270511213249261,0.838381960936753,0,2205.76990202358,500.250353134797,44,2.06494093055943,TRUE
758,2.37475535559752,0.924190239848906,0.957360643493863,0.242346367111312,0.813133017230554,0,5460.51342612322,1076.04786223025,44,5.11188300517059,TRUE
759,2.91693051158416,1.02521889030997,0.895014941780907,0.194975962347843,0.808360654708225,0,79858.7423068331,12586.6079744012,39,74.7601032642137,TRUE
760,2.40964287146618,1.04809800228737,0.814566169356251,0.41254810519167,0.766178147383471,0,6299.20936150198,1991.08775129579,44,5.89703179320537,TRUE
761,2.63103275746371,0.811533017788258,0.890665144895891,0.253403870810682,0.702432161594342,0,19574.1701017096,3484.18326629855,44,18.3244430834203,TRUE
762,2.44164395377986,0.775701719570106,0.767920657332045,0.310997674047636,0.827543801310529,0,2536.69945668361,652.855619663946,44,2.37474204894552,TRUE
763,2.38783195440582,1.03470117230079,0.774463721147388,0.243223071737454,0.89042375987851,0,4143.6678372129,897.400781767419,44,3.8791123733504,TRUE
764,2.64968918702086,1.13418103346446,0.866591025523358,0.239402787185948,0.77984485699607,0,48626.8145423275,9078.48196707788,43,45.522200470256,TRUE
765,2.5001604736224,0.922390391860823,0.749779143222224,0.212561104399398,0.815395395043029,0,6428.89876108151,1114.26538459168,44,6.01844107946219,TRUE
766,2.33023309830101,0.978966917489941,0.747769545237406,0.265978916407003,0.807787465676453,0,1885.50341990893,405.108771612675,44,1.76512209315571,TRUE
767,2.77956887959904,0.810100410470787,0.670239500982324,0.158734811176179,0.800853237843548,0,17685.6109549895,2248.25300584845,44,16.5564603585372,TRUE
768,2.79269051636554,0.971083496854822,0.783975024275787,0.268088295814142,0.662829091013938,0,49675.1857833405,8827.11764992523,43,46.5036376926985,TRUE
769,2.62590836068934,0.936008611402792,0.680400717054465,0.304251654764433,0.916008284664052,0,11515.263632366,3209.26984755503,44,10.7800633143288,TRUE
770,2.68579406780438,1.34564716352099,0.727945853540935,0.320758285364021,0.850040880979452,0,50016.3054019491,13637.3285662815,43,46.8229782830454,TRUE
771,2.55915232126867,1.30141580456855,0.695510033529625,0.200003908300215,0.787005727671052,0,20531.7549489179,3231.7849014814,44,19.2208902348979,TRUE
772,2.55148827301335,0.822521807447379,0.807135640935389,0.205533297928808,0.709497872069616,0,8425.62696491019,1228.67073853783,44,7.88768672992903,TRUE
773,2.56680348613612,0.741052973991098,0.682815938108817,0.344689858522889,0.812538696952317,0,3613.55728530675,1012.06289565975,44,3.38284711225122,TRUE
774,2.62912259826412,0.67101140930746,0.711638164507388,0.214910708582473,0.773357261947784,0,4495.61244515928,747.183183475011,44,4.20858682377764,TRUE
775,2.64566543326409,1.1593281366235,0.817743234037564,0.319041245529388,0.774638401557775,0,43543.2012767968,10761.3364530429,43,40.7631541628878,TRUE
776,2.97444278866833,1.24901170317725,0.599860703347282,0.210328003072941,0.790614188214918,0,67666.3751492766,11252.1267213681,42,63.3461665879766,TRUE
777,2.40415210933064,1.23643171246581,0.893400564223235,0.259841140983095,0.714120554453265,0,14192.9385862315,2633.61187418677,44,13.286780178086,TRUE
778,2.56229828165355,0.955849552658886,0.698466713639885,0.197196292278334,0.727762870832487,0,8733.99808793338,1253.43475448617,44,8.17636967602825,TRUE
779,2.54858836668009,0.802766730487176,0.822559487773038,0.348514396025673,0.87554034670199,0,8095.81830709111,2470.34516738155,44,7.57893494391604,TRUE
780,2.65686532880871,1.0754842171413,0.761787168120303,0.224619626331874,0.836555619821555,0,31753.1355577243,5966.63043333399,44,29.7258336994236,TRUE
781,2.42973589200467,1.07285561542159,0.620581333269577,0.206687474593852,0.7664778674627,0,2781.42113499877,440.636559987314,44,2.60383929507468,TRUE
782,2.74936905079815,0.717457669571832,0.551939003373468,0.253983445694537,0.828527628042979,0,4655.59787274991,979.688176727249,44,4.35835786627028,TRUE
783,2.48192271241045,1.07979766511961,0.873671702948027,0.175200978946052,0.732695287345954,0,16378.9670423935,2102.55050014299,44,15.3332400696438,TRUE
784,2.18778618710439,0.946727863166627,0.998794118722954,0.213306920684304,0.931415493884321,0,1106.94851599627,219.92562085557,44,1.03627458902478,TRUE
785,2.34869909763034,0.86523796578279,0.892199574183627,0.33954521824705,0.786399402655449,0,2748.86263075659,733.996232972003,44,2.57335951203575,TRUE
786,2.44286578705177,0.983420344792802,0.793797284049027,0.235050403619188,0.830111860669206,0,6191.49533191784,1208.07297806151,44,5.79619484358532,TRUE
787,2.3618605886038,0.929369772637354,0.878531447681707,0.340181535595389,0.808232178539768,0,3697.25357565794,1016.54383790579,44,3.46119975253505,TRUE
788,2.54371737879798,1.15450727550895,0.662699988319717,0.187425605046517,0.75355224466784,0,10855.3468035386,1533.15474721234,44,10.1622793517493,TRUE
789,2.50725872171532,1.01589222599051,0.65938969485097,0.297505712457662,0.871066322344572,0,5551.37224796151,1438.62261211614,44,5.19694087994899,TRUE
790,2.85162568762083,0.832422181688685,0.705498105816854,0.181300382395232,0.841921530070508,0,33164.93705188,5062.31905279024,44,31.047497708182,TRUE
791,2.56866232022947,0.965120595651749,0.782292712477994,0.229340280672879,0.780775286491082,0,14586.1344545156,2611.84025158826,44,13.6548721723606,TRUE
792,2.04579021802916,0.993738351243389,0.736110324268425,0.137590697268367,0.793080729890332,0,146.251090817476,15.9589966331303,43,0.13691358436386,TRUE
793,2.90081292175345,1.04353222366987,0.714882264752074,0.197030333707581,0.750708086644692,0,63246.1010670464,9354.87405040432,42,59.2081080949695,TRUE
794,2.57476634439842,1.0500791481868,0.699571514688507,0.26250656956575,0.812885381384933,0,12865.6358282233,2745.36911923952,44,12.0442200226768,TRUE
795,2.34619992106481,1.05452325456294,0.638717024088459,0.274881307948702,0.851311400385082,0,1511.87670784714,353.793650362464,44,1.41534984819991,TRUE
796,2.61372463135529,1.00649737998944,0.618457418365856,0.204810337186337,0.784021946828113,0,8978.86706304383,1441.78875537908,44,8.40560481468248,TRUE
797,2.44789491606869,0.927031222260684,0.74414562992954,0.263778939418758,0.804222589117951,0,4207.68289973454,892.605149939122,44,3.93904034800088,TRUE
798,2.2139024977973,0.939316754206717,0.893542737731702,0.276631562764352,0.721199357370743,0,1021.56486323779,203.808835795833,44,0.956342317204449,TRUE
799,2.18902791266295,0.996951627137554,0.836382024129223,0.212401379854547,0.758858629275421,0,776.067357087935,125.088569890668,44,0.726518776528679,TRUE
800,2.6912032486061,1.11518857465711,0.5965436986158,0.272840556623939,0.783265730883848,0,17218.7993016954,3679.77205351749,44,16.1194526321806,TRUE
801,2.55571495432082,0.859294514676453,0.871718626370832,0.208073943839399,0.797818945903772,0,13303.2090632082,2208.40367104652,44,12.4538560786446,TRUE
802,2.32553421842812,0.936369726138922,0.729027182435141,0.180027571347562,0.653776882816525,0,1471.52828907913,173.195737053283,44,1.37757750335061,TRUE
803,2.58009669411027,1.23453149914264,0.598587789286312,0.193288892708286,0.86497779506316,0,10973.8521595169,1834.72492933018,44,10.2732186477409,TRUE
804,2.19657453116739,0.941115206880651,0.67528531705612,0.261696489427234,0.850445489132151,0,400.564553714422,89.1490858657612,44,0.374990220665065,TRUE
805,2.26456563611453,0.816461558333853,0.800426381681289,0.253483802553535,0.769815035192393,0,808.202845430294,157.709181419173,44,0.75660255142323,TRUE
806,2.56902586221963,0.968305327218727,0.700399556849016,0.222719861660077,0.754780949988191,0,9657.86301312867,1623.53224911456,44,9.0412497782519,TRUE
807,2.31215557548959,1.05187096095571,0.798038272736363,0.277443209202283,0.730557762926523,0,2461.77194835068,498.972347206396,44,2.30459834146291,TRUE
808,2.41300445017501,0.918749075442854,0.80333269583155,0.274280508468606,0.668149971932274,0,4054.78270713066,743.08156320846,44,3.79590217855332,TRUE
809,2.22582017359062,1.17304654700828,0.736515406384126,0.169695270130128,0.791326401698362,0,1105.967653451,148.514144696794,44,1.03535635035667,TRUE
810,2.30791771392924,0.989626746526648,0.770923672347932,0.270413577337904,0.743389410925323,0,1771.73482735132,356.15872372258,44,1.65861713850526,TRUE
811,2.32376332941505,1.20455120247612,0.798617127856466,0.23853835714415,0.789745384919145,0,4054.54649310651,763.813984190975,44,3.79568104578404,TRUE
812,2.6300922592688,1.04181881448103,1.10307826100161,0.239486117236238,0.82163258326915,0,59935.0870218262,11793.4029291487,42,56.1084881312734,TRUE
813,2.71681585457331,1.1303238847262,0.666715247337556,0.242264173610581,0.844400139755659,0,31664.7519825927,6477.59188215707,44,29.6430930374393,TRUE
814,2.26811886028885,0.850708010976496,0.667650773959858,0.260385906068792,0.933977163467799,0,553.22818301138,134.542045797359,44,0.517906930360775,TRUE
815,2.6793281701029,0.831703119966333,0.666404518778976,0.252052118958011,0.724697417710627,0,10288.8276661244,1879.37289781011,44,9.63193003756266,TRUE
816,2.2334646747171,1.03176355678752,0.671038403131827,0.320248765485221,0.762972108377998,0,655.788509759315,160.235938819224,44,0.613919219022014,TRUE
817,2.76784919618754,1.10036549462747,0.984844453039137,0.175897089191276,0.714490799911607,0,74367.762456488,9346.30627272134,39,69.6196989856656,TRUE
818,2.6444525563951,1.0818428028195,0.786132069623251,0.340550505812997,0.78115815555378,0,33259.7768756147,8847.89239769541,43,31.1362824149174,TRUE
819,2.90675191859884,1.02947070135825,0.803090896730712,0.32404132881526,0.811748599436962,0,72983.3255901944,19197.5408839236,40,68.3236524903524,TRUE
820,2.52374168085056,0.929121683433797,0.938623170032758,0.230235921105203,0.860607418996344,0,17721.9414236967,3511.47406411069,44,16.5904712822474,TRUE
821,2.65878126765401,1.16287214972051,0.93209025938674,0.305138885434255,0.801081976439055,0,59404.2853760902,14520.858451803,42,55.6115758997287,TRUE
822,2.25425599154916,1.09758165407494,0.672517577615653,0.197626866507559,0.831359058571619,0,909.897462139426,149.495139120014,44,0.85180440192794,TRUE
823,2.50900762703349,0.787394081369161,0.593197271562247,0.29037498425668,0.730431007766003,0,1790.58582050141,379.781269240835,44,1.67626457639151,TRUE
824,2.39159706087683,0.878645375610842,0.931348959962668,0.282634544710367,0.854755529128092,0,4856.10244192097,1173.1539320074,44,4.54606107650344,TRUE
825,2.33616263193872,1.07497445106936,0.831689279622227,0.298392815484068,0.875147325084741,0,3798.56189380436,991.947618615149,44,3.5560399679876,TRUE
826,2.77651712127659,0.872902271255477,0.98728612350355,0.252848305888369,0.885605940406497,0,59398.4356318021,13300.7330264332,42,55.6060996365869,TRUE
827,2.33268588177395,1.02201698943424,0.805541383081761,0.270028497035754,0.841217409790178,0,2823.06277889714,641.266255838405,44,2.64282229816246,TRUE
828,2.57240562923561,0.952623350436242,0.673553873867732,0.303798714915449,0.760218429562944,0,8047.38563173725,1858.57092755596,44,7.53359448767764,TRUE
829,2.25284660711931,0.887980978069564,0.896271716483014,0.312536308142615,0.806856437541832,0,1271.27933029607,320.580965074513,44,1.19011358387575,TRUE
830,2.32185736058597,0.953810420446852,0.815725579470459,0.259437280746386,0.792445725077752,0,2181.22686627647,448.438353029807,44,2.04196486264414,TRUE
831,2.59411923160857,1.18102300359752,0.722315922681102,0.304057288395916,0.749228048482339,0,23244.2137768736,5295.22363551444,44,21.7601701711979,TRUE
832,2.23239876001433,1.37217710197186,0.915745379485177,0.257283015040329,0.742444867995183,0,3835.9471908831,732.736702561405,44,3.59103837379059,TRUE
833,2.61881639277746,0.824558748837826,0.718515884626598,0.280785727192223,0.8102002465513,0,8926.62061410533,2030.74071651049,44,8.35669407798664,TRUE
834,2.34713343898477,0.726353377413328,0.688380384171847,0.222020722732715,0.769364688253992,0,738.563790630681,126.157703091341,44,0.691409652341023,TRUE
835,2.39121999488968,1.147807364862,0.846366282462596,0.164265725225563,0.855861952696776,0,8217.45221691801,1155.28161765292,44,7.69280304897773,TRUE
836,2.30665964187543,0.959069418533099,0.709200456561091,0.176381793646237,0.757325627497062,0,1222.11714913619,163.248517619111,44,1.14409019765604,TRUE
837,2.27862964179422,1.19687711253798,0.811442683733477,0.209921929063237,0.783516321686063,0,2727.22474142109,448.566446602905,44,2.55310310936257,TRUE
838,2.43767424116078,1.11053972801834,0.667279145478003,0.310003327563173,0.823857592190547,0,4350.06497261278,1111.00048223907,44,4.0723319346684,TRUE
839,2.19803730452485,1.27028483511491,0.870876687337827,0.276989111720221,0.711143717845189,0,1786.69350086752,351.941218300126,44,1.67262076471402,TRUE
840,2.82628008320508,1.00833080950038,0.743722023681975,0.291190814427814,0.740340347846514,0,53033.857599083,11433.0554003565,43,49.6478726821597,TRUE
841,2.43323163056735,1.01218906721191,0.733476590609276,0.369860057199537,0.810744946622317,0,4637.69267163857,1390.66859912558,44,4.34159583564742,TRUE
842,2.33957741147079,0.915675862878989,0.530607537469339,0.225570145425406,0.759861341503829,0,555.969588794234,95.2943179757232,44,0.520473309112745,TRUE
843,2.59121564141523,1.06042917521911,0.914151488588758,0.213611241745991,0.737973255635472,0,36817.7762397035,5803.9315486958,43,34.4671187415311,TRUE
844,2.21658237619318,0.989973812930893,1.05417985704568,0.306381481675953,0.861484632529496,0,1989.80996953236,525.196289729379,44,1.86276911583258,TRUE
845,2.60915125850509,1.11649280364122,0.772399765450696,0.252530072067529,0.845673007743853,0,27899.8568789137,5958.23388535852,44,26.1185703790617,TRUE
846,2.41583496096685,1.17698543897673,0.846060947816504,0.203943666581967,0.838927936930318,0,11014.5418862068,1884.52246406419,44,10.3113105094616,TRUE
847,2.83169757670314,0.955500981430575,0.900017552457167,0.244432858670252,0.842577877702942,0,67439.4994001628,13889.4157291427,41,63.1337758848182,TRUE
848,2.15715076072403,0.880730145778329,0.845608988345319,0.222558711689523,0.829753581749581,0,440.242642263699,81.299119273601,44,0.412135033012263,TRUE
849,2.27211185155427,1.02130544454949,0.70587897507793,0.248742832731345,0.806515425441355,0,1049.39405227172,210.524115982057,44,0.98239473157809,TRUE
850,2.57615654001411,1.13212698865518,0.774109496241527,0.303463814601772,0.745868348351421,0,23768.9076675017,5379.95092492677,44,22.2513646016679,TRUE
851,2.56738873426261,1.06442796032631,0.647447239323602,0.231424420623235,0.758967331026726,0,9253.50747217687,1625.31913235896,44,8.66271060866586,TRUE
852,2.45537978076613,0.894993292873799,0.981056516449831,0.284668569328425,0.7571009690089,0,10634.0908818027,2291.88957065462,44,9.95514967403357,TRUE
853,2.40510371572201,1.10527519901918,0.817409153969134,0.231979460091394,0.728197098770775,0,7239.6222187756,1222.96599608392,44,6.77740331283992,TRUE
854,2.18137373331796,1.06580153481241,0.734437896761189,0.271559368848105,0.873549226897685,0,579.661688103481,137.507621984799,44,0.542652769241229,TRUE
855,2.39711930191878,0.864933342956043,0.66854957445793,0.21807800754573,0.780016908886653,0,1574.32511794011,267.799839515761,44,1.47381119447679,TRUE
856,2.21246586627129,1.00912122569517,0.745279559777492,0.276073759210926,0.90975374231882,0,710.349840602255,178.410851937956,44,0.664997042316285,TRUE
857,2.92061714182656,1.0799900768868,0.728579739008666,0.246792209491217,0.690360566278875,0,70035.703430448,11932.3756585538,41,65.5642233949149,TRUE
858,2.45660753247301,1.19477714723077,1.04199882298927,0.192732163102527,0.863435560107799,0,32106.4140493703,5342.8862562164,43,30.0565568707829,TRUE
859,2.24884340907342,0.951717811427165,0.889816623088429,0.292996478710692,0.724477843988749,0,1460.76050242911,310.074838939043,44,1.36749719381119,TRUE
860,2.46895948238516,0.770383677854998,0.795268035744567,0.299222880052494,0.84830676728939,0,3431.03802098009,870.909967447575,44,3.21198092209333,TRUE
861,2.71408207673062,0.973874761319008,0.8585334574951,0.244191401931417,0.755058424940581,0,45715.815229946,8429.02602514398,43,42.7970560100599,TRUE
862,2.55401104922867,0.713355460097152,0.768609247033037,0.263317503447976,0.760321787211468,0,4372.22424747303,875.345679955038,44,4.09307643463119,TRUE
863,2.13573093507633,1.0309249511541,0.760203627614222,0.184741498113921,0.901341295025584,0,388.296533078036,64.6572520154738,44,0.363505460660959,TRUE
864,2.08350091076145,0.848544284127575,0.865389610231264,0.233738018063255,0.741044452883341,0,218.066670440255,37.7713850579964,43,0.204144046470937,TRUE
865,2.21487950698999,0.932065001694701,0.920718829022842,0.207280868239123,0.853937474466842,0,1100.62349484496,194.815752885739,44,1.03035339341412,TRUE
866,2.51752369251908,1.13973343287142,0.74109082968911,0.287744771277396,0.786982188159766,0,13576.3938359008,3074.37451625728,44,12.7095991723468,TRUE
867,2.1854380086822,0.984018277355,0.848245028022699,0.315044890881999,0.81428786852982,0,755.623372969275,193.845529055542,44,0.707380053332031,TRUE
868,2.39363983449032,0.913370943764485,0.761366926569799,0.237951877988644,0.679281364156349,0,2804.24202414879,453.267238581652,44,2.62520316808537,TRUE
869,2.00498536531582,0.89636944333781,0.802511697551381,0.232914106254772,0.771603470015138,0,101.096015790764,18.168706294571,43,0.094641467694031,TRUE
870,2.29348322158317,1.10783025991583,0.779426319407673,0.244090073939549,0.867912293585809,0,2201.76323257421,466.440845674186,44,2.06119006981297,TRUE
871,2.70959738972041,1.03789623116456,0.723254204504071,0.254667155762973,0.728369456105282,0,32447.2566873312,6018.69932542571,44,30.3756381645115,TRUE
872,2.59560947534235,1.38849023002767,0.714790221118538,0.216562097622481,0.778169253319993,0,33189.015670694,5593.078163935,43,31.0700390101985,TRUE
873,2.36682410518694,0.868336722219485,0.66564705508496,0.215202914024672,0.740895409853522,0,1242.75274426732,198.148040867669,44,1.16340829832177,TRUE
874,2.47477455570859,1.08129024380035,0.757843904411458,0.179046197792208,0.742721356114954,0,9059.7834224682,1204.78299878205,44,8.48135501073601,TRUE
875,2.37199545820412,1.10107432712568,0.62375153799603,0.273032536619318,0.743710801353003,0,1907.1957460737,387.269916933724,44,1.78542945709951,TRUE
876,2.49682089632841,1.10148312572864,0.634470816323159,0.208566048816513,0.701759796127237,0,5531.22125756661,809.567618716255,44,5.17807644408034,TRUE
877,2.26127454980608,1.16533156894494,0.68790179155699,0.331590424096055,0.744080233313727,0,1201.95079840352,296.55717640744,44,1.12521138214147,TRUE
878,2.38351941498816,0.955215974318935,0.576470572110019,0.228969781927622,0.755208939347818,0,1105.90408433821,191.232963185655,44,1.03529683985977,TRUE
879,2.45620334998382,0.977543178192439,0.794907636738949,0.200181769476701,0.802017350702575,0,6814.34435644412,1094.03789212314,44,6.3792776225839,TRUE
880,2.84841735460354,1.08905474543381,0.784722025507582,0.210056973554769,0.737344489571403,0,67836.3122995789,10506.7832689712,41,63.5052539782615,TRUE
881,2.6383279502824,0.841914757644939,0.653866627445563,0.283751036978002,0.764020659444512,0,7604.916160208,1648.68235586871,44,7.11937479892155,TRUE
882,2.51056184697083,0.829585264221494,0.790208057104636,0.238432273204212,0.836213694792142,0,5928.17890263356,1181.96227855557,44,5.5496900417839,TRUE
883,2.70102853236499,1.0337303675165,0.937087474430359,0.330789296653663,0.798619125064548,0,57537.1837442493,15199.8658767155,42,53.8636807191999,TRUE
884,2.34175887915673,0.97864913905855,0.662146604000491,0.17433704555901,0.73997877167395,0,1369.07900413079,176.619012848508,44,1.28166916694513,TRUE
885,2.4701678937064,1.06296384238835,0.836074942237015,0.199649021227583,0.834055178361521,0,12084.5520266131,2012.29905985008,44,11.3130050801471,TRUE
886,2.87958756306426,1.05093242934956,0.975178019463562,0.262632892182309,0.849872295381639,0,81494.007274326,18189.8225392666,38,76.2909635595638,TRUE
887,2.43570040503515,0.989325130853384,0.720323927472323,0.152767592699393,0.796157380045962,0,4123.20451662337,501.493186892957,44,3.85995554823382,TRUE
888,2.22837824248588,1.16791561757215,0.935628663635672,0.325131576784226,0.717337735358853,0,2510.20066327738,585.451964475381,44,2.34993509013048,TRUE
889,2.45857825487132,1.25947359142109,0.920823768682807,0.312063260721254,0.774949061430991,0,25668.6109356353,6207.52055106332,43,24.0297799434893,TRUE
890,2.62792678000116,1.16379094190407,0.644481302319785,0.15605705224334,0.95069614448208,0,17819.1411374226,2643.69834785669,44,16.6814652100942,TRUE
891,2.41537906741046,1.11720628357028,0.860703841711705,0.177111234100208,0.809581636845733,0,9971.41274009767,1429.76101513756,44,9.33478069659022,TRUE
892,2.41674006515818,1.11937979469931,0.68493011629853,0.177879616773755,0.681135870441405,0,4153.35575462153,503.221362420148,44,3.88818175867959,TRUE
893,2.4015453770489,0.733864505513197,0.918896672143034,0.207791739935126,0.862159465972296,0,2710.93881232069,485.66364596866,44,2.53785696716035,TRUE
894,2.60856287558171,0.93796372282974,0.782009303364246,0.183131483244817,0.754666504590652,0,17494.320222588,2417.77097257233,44,16.3773827210148,TRUE
895,2.67824177741976,0.992482919644984,0.711943993622432,0.250613970183806,0.874864293089005,0,22905.4994669932,5022.10437327742,44,21.4430813209073,TRUE
896,2.22691867200213,0.90402760814123,0.758643688722213,0.211575568971388,0.752754625087787,0,653.634269218077,104.100727290845,44,0.611902517523008,TRUE
897,2.33018843399854,1.03929466481482,1.07673185505739,0.319969410644092,0.615156036503096,0,8008.78302084494,1576.37768741359,44,7.49745648834014,TRUE
898,2.47350351427327,0.907917463469205,0.7443547730124,0.179772822257289,0.711806400073938,0,4831.04647444588,618.197351960969,44,4.52260482535657,TRUE
899,2.28037067905327,0.96909363751674,0.704393168310589,0.223728191010664,0.811640202193177,0,982.739709432948,178.452553357381,44,0.919995983367298,TRUE
900,2.39762065153567,1.10201133793556,0.601235491188965,0.254128047552056,0.784349243685872,0,2042.4581165291,407.113253895479,44,1.9120559038842,TRUE
901,2.37598028385111,0.775277811432803,0.766837973477159,0.236407036230341,0.843920223561004,0,1517.56575534247,302.767538942031,44,1.42067567435169,TRUE
902,2.47308305704266,1.07695706359761,0.737947955333291,0.239720949445519,0.957468327318923,0,7945.01755169843,1823.58187356173,44,7.43776217159561,TRUE
903,2.51447619604458,0.884669181399111,0.738811583373036,0.173985214811204,0.831699113670284,0,5922.97116053132,857.07376266441,44,5.54481479173499,TRUE
904,2.49269426526177,1.17485678347398,0.862038414785737,0.227798740680616,0.800807048019638,0,21729.1559223561,3963.89427042816,44,20.3418422789329,TRUE
905,2.36171083625858,0.925433161964375,0.768180195506502,0.183515861575463,0.759738726581467,0,2302.63934746895,321.04343471981,44,2.1556256763424,TRUE
906,2.090484659072,0.972844465142615,0.719006650636448,0.27628223807181,0.713126016539173,0,200.412999844656,39.486181278154,44,0.187617487216491,TRUE
907,2.50163739003279,1.11228041903551,0.761069583995734,0.180866041651467,0.803154362006955,0,12419.4680589506,1804.09353907904,44,11.6265381566659,TRUE
908,2.52418953504485,0.794655605338897,0.753979348900954,0.255018691898184,0.779809469410093,0,4795.54591616102,953.670990134308,44,4.48937082583881,TRUE
909,1.84610370305002,0.834476402792784,0.78299592374869,0.23146213294768,0.864560955867238,0,22.2079168306325,4.44409559026602,43,0.0207900363514628,TRUE
910,2.40314491299257,1.12846071907324,0.772951435864913,0.248853965428152,0.767438948357446,0,6102.72577419151,1165.49994465866,44,5.71309284234367,TRUE
911,2.54039828519018,1.09153331319145,0.692641795287348,0.218685757147958,0.716538820578995,0,10802.2659973556,1692.68088725822,44,10.1125875279494,TRUE
912,2.85833541851249,1.08352619539835,0.716229785704392,0.179257209081078,0.755544764701733,0,60181.1655889406,8150.74724731898,42,56.338855634657,TRUE
913,2.45600054330239,1.21769676886368,0.722491838653541,0.206198205549027,0.785594304145565,0,9116.83839073365,1476.81965534449,44,8.5347672633717,TRUE
914,2.37141530134347,0.961252391571346,0.741287611190108,0.208339293006695,0.860465512838404,0,2468.43253611411,442.512880872258,44,2.31083367919314,TRUE
915,2.4769221169872,0.982092746762215,0.67654793874007,0.325536447346727,0.803824293467684,0,4400.34801271324,1151.45712697563,44,4.11940461778061,TRUE
916,2.95059449074424,0.833106563112556,0.745093151582313,0.311674168474209,0.906987235046493,0,54798.0295005928,15490.5531484066,43,51.2994097552826,TRUE
917,2.28283275431479,1.25300119527381,0.866703471345456,0.205009770715121,0.676056822828914,0,4128.10238393854,572.147783731874,44,3.8645407076751,TRUE
918,2.30406014022825,0.97000470072563,0.694020470137536,0.311343257847257,0.826186298833922,0,1147.1146137461,295.069463157532,44,1.07387625327288,TRUE
919,2.53766726677105,0.818205770568522,0.63346849980383,0.253806172512319,0.861472776717082,0,3089.92304175692,675.602737585458,44,2.89264467492691,TRUE
920,2.519713422574,0.788390663178763,0.986273420978218,0.244330616373081,0.720284286778568,0,11300.8146944989,1988.8021684539,44,10.5793060236837,TRUE
921,2.4345862719944,1.13027169228654,0.755439351756425,0.247550215839013,0.717448912115196,0,7341.97268212733,1303.96836405459,44,6.87321913698496,TRUE
922,2.36462916817056,1.01961866894939,0.707699024265574,0.216154196662277,0.691191158297546,0,2335.0503884005,348.865563648993,44,2.1859674109722,TRUE
923,2.35231339068575,0.798037059924533,0.847043546768388,0.211079879915051,0.809232480808489,0,1861.03698237271,317.888742216309,44,1.74221773298325,TRUE
924,2.40036571940274,0.980039609508228,0.712108341591459,0.2304302996118,0.791561995193312,0,2876.41556270688,524.65781812739,44,2.69276873498117,TRUE
925,2.55849076503874,0.838139912026807,0.862207289282856,0.277664355479339,0.813711133870095,0,11969.5580494397,2704.38491938193,44,11.2053529764461,TRUE
926,1.97780895655006,1.03533435087493,0.771596573838399,0.253648189754045,0.719917988608739,0,90.2334922320693,16.4771675702931,43,0.0844724697922386,TRUE
927,2.57001983235287,0.962076935325936,0.796688927271484,0.197378863357908,0.80419949248011,0,15592.6724239612,2475.05579445821,44,14.597146998653,TRUE
928,2.42247083143743,0.998521035714662,0.788073396214269,0.374924802024917,0.769559492568544,0,5332.25405644487,1538.49894832904,44,4.99181244752375,TRUE
929,2.51343838233904,1.01090455305144,0.733288200900362,0.206532869831197,0.709140442312799,0,8757.56703982373,1282.64036809889,44,8.19843385117368,TRUE
930,2.31558791346236,1.24127092515142,0.702695795078422,0.269434785131312,0.793424932421122,0,2494.73176329903,533.314466437783,44,2.33545381323631,TRUE
931,2.2213334069726,1.23291314356054,0.855766479537696,0.148611312903402,0.850488495864881,0,1993.24508253497,251.930654999294,44,1.86598491156616,TRUE
932,2.35816335133218,1.14723345901639,0.610141846836773,0.189310088237764,0.869970754180854,0,1733.1255396149,285.435793984385,44,1.62247288861159,TRUE
933,2.60768693124775,0.863688214593435,0.726869510212052,0.239155039214223,0.734148709229571,0,10102.504985114,1773.75098345474,44,9.45750326260434,TRUE
934,2.28385864620666,0.867114644554762,0.841041279262734,0.30989996759356,0.795034197781105,0,1300.46274111768,320.409404419268,44,1.21743375876959,TRUE
935,2.32102450913205,1.03750848397569,0.99038091262514,0.250529706378638,0.782503593239264,0,5464.54486630944,1071.27153656995,44,5.11565705514833,TRUE
936,2.53947073705755,1.014818114408,0.669488890032728,0.280233088492988,0.6910146345715,0,7501.27583716692,1452.5857989977,44,7.02235146711002,TRUE
937,2.8146971731201,1.23861846861841,0.789886953584987,0.30013051091514,0.774187996862782,0,71873.8315730914,16700.4194385168,40,67.2849949195763,TRUE
938,2.52112218475685,1.01198836572443,0.756342115637862,0.262271929905882,0.856375042918076,0,10517.0986992586,2362.17334137007,44,9.84562694182611,TRUE
939,2.04195360125566,0.919225749488928,0.807446732325192,0.301551812531326,0.862017295321973,0,149.649471638922,38.9003143247114,43,0.140094993108895,TRUE
940,2.37906343948361,1.22310543063389,0.781624251987148,0.265002991477924,0.766924866792716,0,6524.12790009316,1325.94668689758,44,6.10759024535963,TRUE
941,2.52260821845395,0.98841713601396,0.830319417475935,0.279022621208954,0.90008343777893,0,14027.9123790511,3523.02097810099,44,13.1322901882148,TRUE
942,2.70739462281776,0.773777185047325,0.68561560435988,0.351910248421637,0.73490198726495,0,10724.7231279381,2773.62297166947,44,10.0399954389984,TRUE
943,2.38637805915078,0.953594759923319,0.955294777162096,0.255577967696614,0.817860600263475,0,6697.7620594795,1400.01411516992,44,6.27013860651516,TRUE
944,2.55346116552018,1.09495709684107,0.626166195823375,0.220085537740583,0.805367707592337,0,7884.97690787024,1397.61046168435,44,7.38155486600846,TRUE
945,2.03208437963846,0.871545869863375,0.560739005795627,0.213169430879996,0.686144291229462,0,64.1951610274808,9.38950446138318,43,0.0600965746372223,TRUE
946,2.22548953116011,1.22744053524216,0.749048025744364,0.160242805274914,0.83867176876188,0,1300.36864288901,174.757994340264,44,1.21734566831025,TRUE
947,2.40818718507607,1.19008718338941,0.868365488959379,0.2168758604245,0.721818738034567,0,11772.7610831189,1842.96758873066,44,11.0211206544832,TRUE
948,2.80637748836938,1.12094093613826,0.660386436879937,0.248103519903151,0.79735740779419,0,45056.4192493793,8913.3843382305,43,42.179759641808,TRUE
949,2.25612983213394,0.804158545371481,0.868644417752294,0.25825079218537,0.758557370973459,0,904.623798304911,177.214030809158,44,0.846867438967338,TRUE
950,2.490426413644,1.34915394017109,0.834350206782473,0.253246954385306,0.673291083785669,0,27442.5729061492,4679.20336900276,44,25.6904820315945,TRUE
951,2.52723078638565,1.30920257836481,0.771795364383228,0.328019927487755,0.789975298758863,0,24881.1544123062,6447.39482871083,44,23.2925991502586,TRUE
952,3.02423731276544,1.14041230437552,0.659776228641109,0.240012498443058,0.758145544507753,0,76343.0785087604,13891.7229575471,40,71.4688995588471,TRUE
953,2.19427149227868,0.889406747514221,0.677580114362178,0.219484127377476,0.71808620529691,0,352.374494522771,55.5372240303277,44,0.329876890584882,TRUE
954,2.54596452778325,1.0127791402477,0.881573023859759,0.287687868325623,0.927888216751182,0,22106.1824965937,5901.07261612547,44,20.69479731941,TRUE
955,2.38746381233222,0.916087183375637,0.852193772867958,0.225240274929031,0.768888961682872,0,3977.90612480172,688.912721978972,44,3.72393383711076,TRUE
956,2.51613788893583,1.14405405837182,0.797159671109879,0.217133532285702,0.780287430900074,0,18004.1121464338,3050.37489609989,44,16.8546266115276,TRUE
957,2.55771384994707,1.14264786515341,0.759825465765458,0.190994427609046,0.745058260947821,0,20146.5051789271,2866.88749817044,44,18.8602370145358,TRUE
958,2.41349922258338,1.12307580587226,0.612078372651442,0.285257115944357,0.82015619885289,0,2609.00854591429,610.391616852426,44,2.44243451218338,TRUE
959,2.44125822543616,0.88511268361166,0.684184033833962,0.228064902369167,0.708615345878705,0,2556.73907267045,413.195342157971,44,2.3935022211856,TRUE
960,2.88879405427613,1.09658412668604,0.904917775427518,0.218566031822602,0.754487817712625,0,80780.2253265988,13321.0960461835,38,75.6227535354792,TRUE
961,2.52749519508463,1.10231584056599,0.730063371551263,0.217633367709558,0.91154422386303,0,12489.5317031932,2477.70376443845,44,11.6921285369717,TRUE
962,2.51821891163676,1.06813573799045,0.803851791095676,0.255242951583439,0.818132192765584,0,15369.3909924872,3209.47427654403,44,14.3881211313305,TRUE
963,2.66019478487521,0.800075887806588,0.73215585861805,0.283040955813244,0.707377084473543,0,11378.9016415866,2278.24597824758,44,10.6524074532734,TRUE
964,2.6897811672883,1.33299336770672,0.993732668492582,0.212672191344678,0.762116467739358,0,75267.3816727606,12199.4109274052,38,70.4618813637527,TRUE
965,2.31382767750961,0.960382943577006,0.792317780318378,0.251873046035078,0.89681792426528,0,1880.13939949127,424.693901319531,44,1.76010054249323,TRUE
966,2.25916802799699,1.16298543557136,0.718375871886546,0.187829682267995,0.693478308192364,0,1362.55021153,177.480081860271,44,1.27555720982026,TRUE
967,2.35399985807,0.908553113351453,1.06147944749104,0.226236169258752,0.683298921597361,0,5997.41405273512,927.121829234878,44,5.61450482375503,TRUE
968,2.39249992427421,1.17819767916843,0.754747007339357,0.300241190347854,0.865784057563524,0,5743.49336428788,1492.98684600767,44,5.37679588493529,TRUE
969,2.17188155439889,1.02059774046848,0.693854151934425,0.215543828283058,0.851145005739516,0,413.105430483388,75.7879310495703,44,0.386730416105026,TRUE
970,2.44897815244813,0.82650558965103,0.756529162381667,0.207663102394132,0.728640928848896,0,3128.79339315499,473.423472207576,44,2.92903332068432,TRUE
971,2.13928904083856,1.01653736716315,0.887112668341532,0.215863627303828,0.784626447213513,0,586.965201151355,99.415652580338,44,0.549489984227069,TRUE
972,2.00983245521823,0.944276704092209,0.75586312561765,0.219039186988729,0.748887056705643,0,102.562909194377,16.8239695830397,43,0.0960147062295239,TRUE
973,2.48878229003009,0.858588358998645,0.767365359650631,0.332613964805491,0.774426924486668,0,5070.58424604799,1306.10750685541,44,4.74684913503837,TRUE
974,2.36040202819455,0.998259020507864,0.683741331863843,0.224530368455125,0.786531255903768,0,1879.96908058772,332.002826683415,44,1.75994109772301,TRUE
975,2.54320541156374,0.855162693196623,0.745940263950614,0.171163380384198,0.832757413247436,0,6796.66629488718,968.780324222887,44,6.36272822962664,TRUE
976,2.45764137500545,1.26565383709537,0.825483125337855,0.267749055651643,0.811480763989056,0,17550.1250906986,3813.1719834263,44,16.4296246870423,TRUE
977,2.43948126162332,0.971568661862076,0.691841855202316,0.231644034836588,0.691795219772022,0,3458.20886951975,554.1787874386,44,3.23741702819674,TRUE
978,2.48296545432267,0.93126218590104,0.763239249512442,0.210293234237283,0.849543037129268,0,6200.2727117536,1107.69826880502,44,5.80441182527017,TRUE
979,2.39004642705288,1.11804547452937,0.75275181007168,0.308769674781057,0.698416835977758,0,4773.89658157109,1029.49050807116,44,4.46910370864173,TRUE
980,2.73282031768221,1.00969594000303,0.777016173224223,0.303338611997683,0.825326409008428,0,41799.4406542875,10464.6307212999,43,39.1307251959254,TRUE
981,2.8157355155036,0.912901732248017,0.617686834758897,0.250341285950404,0.779320980203401,0,22923.5213496281,4472.29228078244,44,21.4599525834377,TRUE
982,2.310956513601,0.702339951838934,0.837632957965334,0.20079161345118,0.719398453564619,0,876.56547719615,126.619161071186,44,0.82060052162156,TRUE
983,2.75250645340158,0.897529163870608,0.839448964250504,0.328701947964436,0.807039508940505,0,42286.0481576703,11217.4508204948,43,39.5862648920336,TRUE
984,2.50334122625537,0.898931263964263,0.97225909042789,0.161593916703455,0.839634501726983,0,15303.922672468,2076.433591846,44,14.3268326834563,TRUE
985,2.14821020070514,0.974849436503699,0.786994322487733,0.314898027260347,0.680377124808915,0,424.1386551701,90.8714584926442,44,0.397059216598109,TRUE
986,2.4175000091667,1.03955534107387,0.906592440269228,0.184233438647834,0.907867846362767,0,9774.38810541721,1634.86039306574,44,9.15033524191838,TRUE
987,2.54704099640093,0.829188400743698,0.721108364143379,0.277947490561606,0.819973193356245,0,5562.13924779526,1267.66432717866,44,5.207020452907,TRUE
988,2.71192792496545,0.863359862273641,0.790947265230949,0.256460615929064,0.67753862697009,0,26340.5137634479,4576.97965687128,44,24.6587846502976,TRUE
989,2.48965289103389,1.00057748424489,0.841482152664382,0.271392999561431,0.782955087646008,0,11904.5191935,2529.5737809043,44,11.1444665732073,TRUE
990,2.45440685236141,1.43223725186351,0.819987647630481,0.214094813975193,0.810434749989569,0,23146.1591375569,4016.08722586061,44,21.6683759011018,TRUE
991,2.24390331718399,1.18528370969261,0.888198388358395,0.252964054587354,0.764357620354295,0,2577.17587755166,498.309849018971,44,2.41263422350839,TRUE
992,2.35694031252316,0.975178763892167,0.843569957642154,0.274703106488703,0.888779110654211,0,3582.58841122779,874.69033158254,44,3.35385546829038,TRUE
993,2.33127684658009,0.851647881073877,0.804735142854507,0.325868022270503,0.739595786221804,0,1621.83498866386,390.879449888309,44,1.51828776321275,TRUE
994,2.46541255230232,1.06839179431765,0.644825590159671,0.221044540524339,0.831065619218791,0,4245.03216602802,779.823097660232,44,3.97400502343009,TRUE
995,2.09546178455018,1.01673136852474,0.751748461123106,0.25706415834321,0.842862005874736,0,252.246576708263,54.654167938936,44,0.236141711953064,TRUE
996,2.29746288548683,1.13547721346985,0.838603846691627,0.23468325552617,0.867151908692016,0,3184.49187622975,648.063308748984,44,2.9811756939054,TRUE
997,2.33554894126133,0.961033069428483,0.811877118838935,0.29214253994902,0.920423264240634,0,2479.80444118768,666.806495057878,44,2.32147953677933,TRUE
998,2.87499971104,0.943360542071323,0.636852420964312,0.291734474532941,0.781555589804822,0,36880.4354969173,8408.98673557156,44,34.5257774732422,TRUE
999,2.71985539332609,0.795863884002042,0.692229773512961,0.258022617892972,0.832228973075723,0,13226.294310214,2840.13373755165,44,12.3818520035705,TRUE
1000,2.23999871229304,1.03325545108202,0.969636332227686,0.256065149953747,0.84084014986691,0,2226.98359646116,479.491524289225,44,2.08480022136413,TRUE
