"draw","transmission_row","R0_scenario","coverage","ve_cross_protection","delivery","delay_weeks","hosp_rate","cfr_hosp_band_1","cfr_hosp_band_2","cfr_hosp_band_3","cfr_hosp_band_4","cfr_hosp_band_5","cfr_hosp_band_6","cfr_hosp_band_7","cfr_hosp_band_8","cfr_hosp_band_9","cfr_nonhosp_band_1","cfr_nonhosp_band_2","cfr_nonhosp_band_3","cfr_nonhosp_band_4","cfr_nonhosp_band_5","cfr_nonhosp_band_6","cfr_nonhosp_band_7","cfr_nonhosp_band_8","cfr_nonhosp_band_9","dw_mild_mod","dw_severe","dw_chronic","dur_mild_mod","dur_severe","dur_subacute","dur_chronic","life_expectancy_band_1","life_expectancy_band_2","life_expectancy_band_3","life_expectancy_band_4","life_expectancy_band_5","life_expectancy_band_6","life_expectancy_band_7","life_expectancy_band_8","life_expectancy_band_9","rec_acute","rec_subacute","rec_chronic"
1,1,"high",0.312403318590814,0.372298929291958,0.101323459848636,2,0.042875821424737,0,0,0,0,0,0,0,0,0,0,0,0,0,0,0,0,0,0,0.0513110788646703,0.082862344625949,0.321981491170721,0.0210567581187251,0.0216130286376322,0.19869426895541,0.488551476319225,69.7695804669792,58.8282467010532,50.997135633411,42.252145703757,34.1920956794207,27.8884811072998,15.8771182198414,10.9160547665386,5.85751655220652,0.00453946703856508,0.551075558561667,0.444384974399768
2,2,"high",0.33343417793832,0.265300109856607,0.0980329772204025,1,0.0599731155198112,0,0,0,0,0,0,0,0,0,0,0,0,0,0,0,0,0,0,0.0606073261756559,0.0920049139079314,0.223323382188971,0.0173880991692072,0.0177395217648472,0.0538684128260043,0.548795943717245,70.0060376387509,61.7774786281523,51.973708674046,43.2299079060243,33.7416495154625,26.186974460583,18.1968688092649,11.0245552020787,6.21379267957986,0.106711872454814,0.222252894864913,0.671035232680274
3,3,"high",0.241839037400189,0.239489266744101,0.100664784188047,2,0.0404142939954747,0,0,0,0,0,0,0,0,0,0,0,0,0,0,0,0,0,0,0.0514861620730753,0.170805069793314,0.114448405181968,0.0192424687768035,0.0363548671093633,0.0491632911914093,0.479774314949167,71.2459616575421,59.5948885429806,51.8984467914956,45.5705964826104,30.8446892600068,26.3760981799815,16.8697959164558,11.1339695600154,6.56921807856234,0.073382154273502,0.272035560991906,0.654582284734592
4,4,"high",0.295129509813611,0.524074277229276,0.0970991565374616,2,0.0614182336024608,0,0,0,0,0,0,0,0,0,0,0,0,0,0,0,0,0,0,0.0438467054191748,0.147336008651072,0.337979257152866,0.0192606046156149,0.0220287419641228,0.0274403400441693,0.533479410056092,66.7391960234782,67.3496450945848,56.7076398891458,42.0286604281694,33.5449880344975,25.2076519886925,18.1955832651151,10.8957912101079,5.89566430024067,0.093602331146979,0.320337822315458,0.586059846537563
5,5,"high",0.442305617436565,0.251205944344316,0.101004211184528,3,0.0533067071898765,0,0,0,0,0,0,0,0,0,0,0,0,0,0,0,0,0,0,0.0493704968474221,0.0996535339528248,0.292094961348291,0.01863118070076,0.0494234221417949,0.121243532205061,0.565112540164303,69.8407605141889,60.0447109116264,52.2419548010893,43.3635481197902,33.3299659168736,22.6728064733474,18.2807934804531,11.1940987618524,6.00716317030497,0.0420608400580952,0.236516795133245,0.72142236480866
6,6,"high",0.256039620724964,0.459896024464261,0.100828716859417,1,0.0460637578209152,0,0,0,0,0,0,0,0,0,0,0,0,0,0,0,0,0,0,0.0465332532919382,0.106235746757316,0.139366334870022,0.0163811526799371,0.0262134326311933,0.149934130929498,0.54422200624177,68.6783034339811,59.7520856838984,54.3497039535352,42.0966563522887,32.7326450562379,26.7424370018912,18.4897394458873,11.1496670864738,6.15973530436793,0.01831392823645,0.132222744955946,0.849463326807604
7,7,"high",0.287388383464257,0.35424122956736,0.09860417884352,1,0.0576976369140718,0,0,0,0,0,0,0,0,0,0,0,0,0,0,0,0,0,0,0.066382280756312,0.0735221042148214,0.371853270020674,0.0187679775094425,0.0250356518744288,0.0789932234330693,0.51390156366181,68.7771062506604,60.8921740531847,51.3326879690813,43.3400557052719,34.9620316873963,25.3774803411627,16.7090697299413,10.7347601063823,5.89114351584616,0.127609280638775,0.565231175688424,0.307159543672801
8,8,"high",0.31364732099828,0.541703832457965,0.109291253962419,2,0.0499513782745555,0,0,0,0,0,0,0,0,0,0,0,0,0,0,0,0,0,0,0.0530956830030991,0.123760608846872,0.208776345390396,0.0151679002865368,0.0450790710887638,0.126599424755096,0.530949305760251,79.9247491028247,58.3643436846357,51.1236724812423,40.9724818728893,32.574245978368,27.1570048035738,17.2270521856191,10.42540972653,6.0241206418091,0.144708598177257,0.182324165632279,0.672967236190464
9,9,"high",0.24986870468924,0.240670117380661,0.0964626413796933,2,0.0416011455512909,0,0,0,0,0,0,0,0,0,0,0,0,0,0,0,0,0,0,0.0474890087871521,0.109440530003766,0.176508752262266,0.0225302361744893,0.0332247849127816,0.156776562863366,0.485636176564683,64.9651844786988,59.9580856839066,49.5035414626928,40.604642936388,35.116470026973,25.541479425956,17.5696813904133,10.0565611798068,6.35409350907792,0.149477341918346,0.205583776567365,0.644938881514289
10,10,"high",0.253187299760459,0.423313595034272,0.0940457607895998,2,0.0542728262103797,0,0,0,0,0,0,0,0,0,0,0,0,0,0,0,0,0,0,0.0622862480543231,0.122136207036978,0.166927035391987,0.0171578977215936,0.029595276839611,0.090017025739196,0.50958240434196,72.0399156583446,61.9239611168128,53.7143831417528,44.2778456723131,38.328099792668,24.992070203677,17.5962548194286,10.4867905172825,6.0579093316009,0.0813374310841096,0.0665466391049348,0.852115929810956
11,11,"high",0.279327730147045,0.195544819962801,0.0950846248611563,2,0.050891380303664,0,0,0,0,0,0,0,0,0,0,0,0,0,0,0,0,0,0,0.0451267119929294,0.158026403672729,0.40522119351219,0.019862228540914,0.0382954175836191,0.112700472360808,0.514566712517657,71.8544844606086,64.4392733915873,54.0223512806588,42.0943200117463,35.1779486291613,24.8869965303954,17.4285374457377,10.8772508904355,5.5444040059906,0.0200433251464453,0.443276272237361,0.536680402616193
12,12,"high",0.306138720274002,0.225938561166594,0.10324079233737,2,0.0448925858730396,0,0,0,0,0,0,0,0,0,0,0,0,0,0,0,0,0,0,0.0471541341312211,0.142650730467252,0.339713480067788,0.0238831695579943,0.022498672558042,0.375983631117224,0.567421807502752,69.0431656934676,56.727489447034,55.1475063779558,41.7357696405877,36.1680148735454,23.8782227816719,16.6399735387647,11.4846381002129,6.0645587565445,0.139137845325194,0.318726860003542,0.542135294671264
13,13,"high",0.272082383921542,0.459089787019163,0.0986371214125608,2,0.051285339950206,0,0,0,0,0,0,0,0,0,0,0,0,0,0,0,0,0,0,0.0361870702785487,0.135340845916984,0.666626237490788,0.0136449224119427,0.0144509315235681,0.0702493718628215,0.492055880766211,68.0363330307857,62.4621481373986,55.4030093395487,42.1864869603319,31.2979338672326,25.7913274200276,16.9990094614955,11.1279776692347,5.71434163545628,0.0364530081932873,0.315347537077624,0.648199454729088
14,14,"high",0.308472045042558,0.48287773485795,0.0930012665225612,2,0.0419415247918784,0,0,0,0,0,0,0,0,0,0,0,0,0,0,0,0,0,0,0.0562382907846247,0.103163997257439,0.194045361180093,0.0164452371288859,0.0370026556072317,0.0389951822423203,0.519089964186443,70.5359308362497,64.3220349916822,48.5286624781922,43.6149801101706,33.5089240883596,26.126381545622,18.5386954678074,10.8819688582136,6.25315944100775,0.0420409018815674,0.327576761609742,0.630382336508691
15,15,"high",0.307866920195528,0.219863105737347,0.104110361598687,2,0.0489014813273064,0,0,0,0,0,0,0,0,0,0,0,0,0,0,0,0,0,0,0.0415690090712149,0.146268223794983,0.40441004178431,0.016241012959485,0.0169861301895156,0.0939124606539979,0.511783857694225,69.7863614115895,62.2000643759496,51.3896106175158,44.734506772606,30.8624395234245,25.2662445843194,18.2072450681054,11.404154312475,6.04656477148359,0.0313880914306758,0.0891217348273697,0.879490173741954
16,16,"high",0.38494319393242,0.1914182139155,0.101337719523749,1,0.055463798494377,0,0,0,0,0,0,0,0,0,0,0,0,0,0,0,0,0,0,0.0539932148310621,0.131283192275002,0.574742934903147,0.0202054335464703,0.0220721850262275,0.0951148411012909,0.578678619871461,67.7554269860912,62.0038438499643,48.0705675051752,43.7443096883471,35.3453327517663,25.0002640293008,18.0359191990921,11.26776067406,6.40252782147162,0.152992034752919,0.078565017872388,0.768442947374694
17,17,"high",0.322041548332523,0.368159565045126,0.102957089341285,2,0.0561632156897347,0,0,0,0,0,0,0,0,0,0,0,0,0,0,0,0,0,0,0.0545339736983331,0.190783222090322,0.378123600356645,0.0185059086172078,0.0258911252846503,0.12019956481772,0.557971650818855,72.9981617093934,59.9942750918412,50.9558402867315,42.2413905936372,35.208090801597,25.4726444712636,16.4676066533952,10.3600619313068,6.21659446714834,0.0236677382790241,0.372267374122287,0.604064887598688
18,18,"high",0.271033913684915,0.115658614128022,0.0983595283837382,2,0.0452093829328831,0,0,0,0,0,0,0,0,0,0,0,0,0,0,0,0,0,0,0.0436514129763163,0.097376485604807,0.460713907318231,0.019878261113403,0.0126367671701233,0.17584514290806,0.550248771049395,81.030935206842,58.7992249067129,48.4466200561049,43.4782412951504,31.4606816429188,26.4979242379961,18.0563077707073,11.5796965762749,6.266959012636,0.0855578740285773,0.105172995395821,0.809269130575602
19,19,"high",0.388317390089395,0.187370123744387,0.097851909501379,2,0.0583234216879528,0,0,0,0,0,0,0,0,0,0,0,0,0,0,0,0,0,0,0.0477577856389066,0.110158054031818,0.369459114606349,0.0216282809927863,0.0724035958933245,0.0604190141700427,0.431888263101647,75.7024045820584,62.7987045904433,51.7275710991486,42.7957677672496,33.2681948323232,24.104669896868,16.3075879140013,11.3101577836141,6.35867463147582,0.0218453969959809,0.260054745712683,0.718099857291337
20,20,"high",0.335825033908226,0.344594425647099,0.105365972463458,2,0.0539720880359659,0,0,0,0,0,0,0,0,0,0,0,0,0,0,0,0,0,0,0.0516715748246944,0.164677642611557,0.199798470744448,0.0188016554095896,0.011471983363411,0.125547797437584,0.484778063394318,71.7706427714623,59.911008699209,50.9830278725778,44.5623872084424,35.9353665183015,25.6559343608204,17.3754541441551,11.5123052643867,6.33904120505618,0.0492303624106503,0.310535413797088,0.640234223792262
21,21,"high",0.235351343761026,0.106622225032323,0.09221285053644,1,0.0425751876453447,0,0,0,0,0,0,0,0,0,0,0,0,0,0,0,0,0,0,0.0562988982908813,0.134016170766823,0.119648352351891,0.0210078320165973,0.0508887921448043,0.135123857734917,0.507844083782667,70.157529334413,61.9866785861741,54.6103313434957,43.0948337737012,34.7075397034928,27.178910295634,16.7463743408436,11.2532668893519,5.69981987639462,0.0204143251969056,0.192959275505662,0.786626399297433
22,22,"high",0.239893300388023,0.484414270013971,0.0971403102172724,1,0.0543306793477849,0,0,0,0,0,0,0,0,0,0,0,0,0,0,0,0,0,0,0.0597398378829792,0.134870259248221,0.296587030936945,0.0199828489581694,0.0166667629152264,0.0761333769183183,0.588667962337085,66.7632252096385,65.6597333782826,55.7153222908379,46.7656461380411,32.2765197551003,23.1885313259051,18.7000392959254,10.4549865653628,5.94454779238445,0.086128667073165,0.274789751429229,0.639081581497606
23,23,"high",0.284087875717728,0.240986479530784,0.106253944633094,2,0.0448733312269101,0,0,0,0,0,0,0,0,0,0,0,0,0,0,0,0,0,0,0.0369422538398849,0.139832761326173,0.215701952411844,0.0178832241626885,0.0273785159577783,0.0656001591473406,0.620881069010715,68.5044969516815,60.1535095345449,49.619171043001,44.0013719449086,34.74837285503,26.1160599697414,16.2272764473832,10.843596164088,6.61110407674465,0.0452489887723618,0.256216266508028,0.69853474471961
24,24,"high",0.287776400145488,0.311209640246756,0.0993681054857432,2,0.0519698136494432,0,0,0,0,0,0,0,0,0,0,0,0,0,0,0,0,0,0,0.0493161332215432,0.150136044584792,0.280765395474256,0.0279756752075311,0.0350531419370755,0.142732797060871,0.533738933532141,73.0089314872747,63.0013739886586,49.7755446292268,42.2720130701922,35.4663925788391,27.2996215621046,16.6094184855367,10.9544755900437,6.50066156469657,0.0690577659755295,0.356011152356354,0.574931081668117
25,25,"high",0.25389935667514,0.218291479258508,0.0942346956329009,2,0.0459881844004265,0,0,0,0,0,0,0,0,0,0,0,0,0,0,0,0,0,0,0.064323855953622,0.109218726079515,0.118327865780834,0.0183438786247853,0.0271599121806588,0.0352775593115442,0.56190067817853,71.159109268149,60.3376296932011,51.7985305740262,38.3706694333064,33.451753683167,25.1413531316131,17.3403057671735,11.4810832060113,6.34710146709769,0.0626430856230997,0.214049441277019,0.723307473099881
26,26,"high",0.356058506852468,0.335399614387533,0.0947986456754243,1,0.0484417648426378,0,0,0,0,0,0,0,0,0,0,0,0,0,0,0,0,0,0,0.0500592454825035,0.159500178252654,0.368234217625091,0.0213798348941207,0.0220483036336922,0.0593979622575301,0.567262355451887,73.1161048086452,60.1490901283381,53.9489468472977,48.2172130294371,33.1545824341437,26.0296962377932,17.2431581787608,10.7058481249801,5.81868301219209,0.00767089317622675,0.390097333223218,0.602231773600556
27,27,"high",0.30887448534109,0.219145678181586,0.0845123231120143,2,0.0648451401841703,0,0,0,0,0,0,0,0,0,0,0,0,0,0,0,0,0,0,0.0636464001918682,0.132077101502659,0.236258214573243,0.0243303047160648,0.0283255139941629,0.0470643840584792,0.53003820952083,78.0197886801092,59.8161224659898,51.0882863577751,41.5489149678443,34.6828028627759,24.2510373946469,16.539221094866,11.9515342102658,6.17709312895167,0.0193080480969768,0.0324255205936571,0.948266431309366
28,28,"high",0.264061423284108,0.322768695694076,0.0927285381478374,2,0.0503247041707484,0,0,0,0,0,0,0,0,0,0,0,0,0,0,0,0,0,0,0.0537882717146115,0.176807269467862,0.30740410278594,0.0214922543625215,0.0165050341615168,0.186362731608439,0.49974177966592,71.1219953630962,58.6691923718324,52.8668803957071,43.4068081361761,32.0280510447806,26.106188490604,19.4812768247295,10.9621408619644,6.67045738982644,0.0313379791301453,0.226824103607344,0.741837917262511
29,29,"high",0.28012553213674,0.136840943092491,0.0976867880375707,2,0.0436176498092575,0,0,0,0,0,0,0,0,0,0,0,0,0,0,0,0,0,0,0.0452132584680263,0.125169329873437,0.362104261856694,0.01815297108496,0.0216403440560964,0.0768281406018404,0.609924764347301,69.7446368725293,64.7976981197265,53.164633165272,41.8222288436388,35.2324389614434,25.6352088647092,19.2321281910251,11.172537875122,6.0223501227161,0.0175471560078462,0.240902276207301,0.741550567784853
30,30,"high",0.186497064521444,0.298854320583945,0.0963509582076959,2,0.0544894273878634,0,0,0,0,0,0,0,0,0,0,0,0,0,0,0,0,0,0,0.0440551792606809,0.13987574852124,0.138311784569842,0.0273629350896918,0.0178900876209156,0.0753249006159832,0.504100719358857,68.6340098670366,69.7356485744843,56.0345416007698,44.4119993146239,36.1513887108498,26.0792309864965,16.9285659658504,10.580295976738,5.9776383101059,0.00677034774031273,0.221668211443072,0.771561440816615
31,31,"high",0.282488087775,0.432684539764441,0.107534006876138,2,0.0495523091230029,0,0,0,0,0,0,0,0,0,0,0,0,0,0,0,0,0,0,0.0513880665435449,0.116942520133695,0.352586650228404,0.0228105403836526,0.0131405947581599,0.170627437395007,0.539728577441924,70.8595906315314,58.7145139950608,55.9365173311546,42.0081564731375,33.2926966766983,26.8490466079062,17.8303917838992,10.8601496437206,6.54275567155761,0.108544910036628,0.419016737403678,0.472438352559694
32,32,"high",0.317836924405913,0.413918864788708,0.090789507836305,3,0.0502148051916833,0,0,0,0,0,0,0,0,0,0,0,0,0,0,0,0,0,0,0.0505154508526604,0.126635390408051,0.619109838362585,0.0156107630067108,0.0180253059547537,0.072400961289256,0.539063804689866,67.0627379581324,59.6324344335179,52.5192451278158,35.9317822736219,32.9661865491138,25.1957931181174,18.3960622689557,11.0275631955565,6.25914660551589,0.048201276344443,0.211456133269636,0.740342590385921
33,33,"high",0.355730686765665,0.252708456917414,0.0985853184872506,2,0.0593440481463111,0,0,0,0,0,0,0,0,0,0,0,0,0,0,0,0,0,0,0.0442578766536504,0.138086281669981,0.335098688120168,0.0192727239301395,0.0471070978526545,0.0422771990089383,0.53011310843572,70.2467906664165,60.4385702188785,51.4398501018502,45.066994734874,34.9362425463292,23.8439402324945,17.5792502085161,11.296274538264,6.06196897887681,0.0204254107083501,0.186800265448308,0.792774323843342
34,34,"high",0.282913405864259,0.27503726161335,0.100556562487448,3,0.048799926915715,0,0,0,0,0,0,0,0,0,0,0,0,0,0,0,0,0,0,0.0501266402337579,0.100828028419978,0.105318110776097,0.0201053568612021,0.0204110884380421,0.0531841744061834,0.592265942222376,71.3250464520544,61.7992109242445,51.9191560349958,40.5151066366313,32.358755220406,25.1710888834767,18.9146253036706,10.6681484786448,6.63721968443566,0.0601982723761987,0.143765225129858,0.796036502493943
35,35,"high",0.282791113318981,0.628219083664463,0.0956184897795588,1,0.0533871104518288,0,0,0,0,0,0,0,0,0,0,0,0,0,0,0,0,0,0,0.0484618240298121,0.110803988350367,0.178379991455658,0.0211302868733367,0.0516798267283612,0.134464045689494,0.50991771073638,69.9883145807338,61.1667194220072,56.996404891284,46.327373389934,31.7005837024071,23.5923278302884,17.0515425664491,11.1359060452679,5.97618385930617,0.00218221665297363,0.257392254807713,0.740425528539313
36,36,"high",0.338257148321621,0.334601405379757,0.100846398998551,2,0.0559656623536301,0,0,0,0,0,0,0,0,0,0,0,0,0,0,0,0,0,0,0.058185047655323,0.0930485174312941,0.199459994277745,0.0191533932532017,0.0161248415283438,0.107264966426934,0.499168878819925,68.6044024622286,64.2622173214819,54.3573907352369,41.4515747769348,34.3666543377489,26.9558911279235,18.1400925389916,10.8059701311223,6.06581722278708,0.0637773654775869,0.16298882476769,0.773233809754724
37,37,"high",0.324405312049017,0.129251699385897,0.0999356018417412,3,0.0439074836543974,0,0,0,0,0,0,0,0,0,0,0,0,0,0,0,0,0,0,0.0499074500760075,0.166189982567375,0.263725529481493,0.0175182029093942,0.0193692202075586,0.064726143172265,0.483728073589179,68.8157601820298,64.9667053517067,54.3418738565808,38.8927895071854,31.419368165041,24.9593867217712,16.3359684991831,12.0709486680424,6.3693564087934,0.0536578019576887,0.240193517844847,0.706148680197464
38,38,"high",0.293784427729384,0.293423988160263,0.106216784206817,2,0.0548897066453491,0,0,0,0,0,0,0,0,0,0,0,0,0,0,0,0,0,0,0.0432380196090373,0.140321839558151,0.206414600296989,0.018338943989006,0.0231441554563689,0.139935349328748,0.521946547112183,67.4927139651147,63.4624221690859,55.1913403448755,41.4324960220348,33.9245352842992,24.5198609486495,18.1064831228683,10.8503638910936,5.91557586508004,0.102632424951065,0.285075383080733,0.612292191968202
39,39,"high",0.351859166895443,0.275380192976778,0.101843229398888,2,0.0383352506678642,0,0,0,0,0,0,0,0,0,0,0,0,0,0,0,0,0,0,0.0476745199755812,0.216276373350791,0.0811214305064716,0.015544317896757,0.0136472614132916,0.0654892525781474,0.486580096878215,67.4779312854601,64.3926128100437,51.9269916470285,47.5342509405241,30.2214362083476,26.3401000776621,18.7707584941357,9.7403420877865,5.91395689838692,0.143736802867147,0.293220561902485,0.563042635230368
40,40,"high",0.420808069676132,0.291962834522328,0.103901153065166,3,0.0542112491527799,0,0,0,0,0,0,0,0,0,0,0,0,0,0,0,0,0,0,0.0555427408205226,0.112157792342295,0.513415916144591,0.0145057523028438,0.0104305227628273,0.288418366946265,0.592811767624334,74.3698285609126,66.4217540040442,50.833074416901,42.0713702783517,33.464681689267,26.6515198574847,17.6301113769288,10.3996795814179,5.90831439288569,0.0399993022744282,0.209277720641374,0.750722977084198
41,41,"high",0.302582495553639,0.458263370635047,0.0956884111679835,2,0.0522988259862142,0,0,0,0,0,0,0,0,0,0,0,0,0,0,0,0,0,0,0.0474114955928071,0.113898840375853,0.261843093360235,0.018973976768992,0.048417054903678,0.0817415774709833,0.538418741923046,74.7560017845843,60.184612709653,49.5202850160122,42.2628224341062,33.2832218531852,23.861418817318,17.0144611802796,11.3688857167294,5.83852318341758,0.139931594059937,0.336079967475352,0.523988438464711
42,42,"high",0.296119702784646,0.221809108521895,0.0962409844640118,2,0.0502664238423878,0,0,0,0,0,0,0,0,0,0,0,0,0,0,0,0,0,0,0.0380583174564156,0.178420698643842,0.371115438015909,0.0227614165408769,0.0388383485906086,0.0609178220170214,0.539656706318118,72.8349394069783,53.9679391695263,57.610805651558,43.6474132173439,36.4103191698385,24.790037376588,19.3618096027255,10.608642026908,5.74086271932671,0.114737551032522,0.361062941735822,0.524199507231656
43,43,"high",0.234046408866038,0.309392975377512,0.0942996184700544,2,0.0480988225481039,0,0,0,0,0,0,0,0,0,0,0,0,0,0,0,0,0,0,0.0484426512166113,0.121788746517801,0.395492368584253,0.0138380132452859,0.0275754002836419,0.0669881207177017,0.50485649843026,75.6381678785534,58.0119139861535,54.5828620836536,41.294690661041,32.7137723078435,25.1157099163936,17.6780614731565,11.3475871606855,6.21108701688218,0.238368502424889,0.111630964548659,0.650000533026452
44,44,"high",0.299220324744503,0.324549591525018,0.109670208082118,2,0.052612646399643,0,0,0,0,0,0,0,0,0,0,0,0,0,0,0,0,0,0,0.0573195557077382,0.161142931768946,0.275246507352951,0.0180139923087592,0.0405377946342454,0.154129956136948,0.495709302754465,66.6906638948349,63.1907031090944,55.7245033032922,46.0611795993679,35.3358523277294,24.4909549420984,18.8312779521467,10.7443507592871,6.19587521755955,0.128811531858927,0.237237822386236,0.633950645754837
45,45,"high",0.37267894224163,0.308316416390668,0.0980833556047302,2,0.0538496784452198,0,0,0,0,0,0,0,0,0,0,0,0,0,0,0,0,0,0,0.0428136581032922,0.171047172541879,0.519340293051642,0.016092918183937,0.0161090395688317,0.0558458243815053,0.520156621789406,71.5526106281584,59.4983424885339,54.8096842221439,41.0827894593294,33.7055032533689,25.40546589803,18.7603254345464,9.72512126029754,6.2468220524919,0.129056810437527,0.326527566579568,0.544415622982904
46,46,"high",0.311509062306459,0.273622976646126,0.105204387728218,1,0.0555846239948333,0,0,0,0,0,0,0,0,0,0,0,0,0,0,0,0,0,0,0.0612969383869468,0.107160416970316,0.37367405790321,0.0183761540964033,0.0134953563216853,0.095178561035107,0.532056075080722,70.389946183119,61.469570782902,50.0230986946127,42.6845596762764,32.6485708496305,24.8654186275426,17.1306314225338,10.1372543457259,5.81213816109024,0.17230020620599,0.173383926742785,0.654315867051225
47,47,"high",0.393044834551329,0.21050948261937,0.100455058916767,3,0.0608954615220512,0,0,0,0,0,0,0,0,0,0,0,0,0,0,0,0,0,0,0.0672772978665481,0.147547633385425,0.126025953692808,0.0205692002621635,0.0354425099033357,0.117267549892725,0.476405364940964,70.7488085935162,55.7213646760481,52.2081446641021,42.5904873447504,34.3789620909984,25.2512893322241,18.3791597624896,10.2807531237263,6.23439242085432,0.169486397464771,0.250754036434101,0.579759566101128
48,48,"high",0.30651903239664,0.490547859347699,0.0963965831747741,1,0.0488035874584985,0,0,0,0,0,0,0,0,0,0,0,0,0,0,0,0,0,0,0.0316476272511675,0.156414835858584,0.215946587856963,0.0180838659656096,0.022428528800033,0.187716860924731,0.577134725809143,68.1539394091635,62.3686184176704,52.5092402904841,45.5627434721806,35.5367328086727,24.4999639495092,16.6105762791614,11.8400073672338,6.45453587694028,0.0153522542641502,0.376314098377377,0.608333647358473
49,49,"high",0.359991333015289,0.289538267718168,0.0914684662268235,1,0.0479438235076452,0,0,0,0,0,0,0,0,0,0,0,0,0,0,0,0,0,0,0.048269040974548,0.171856587463889,0.193019356427005,0.0167963575186317,0.0192553549577511,0.117774912283334,0.47590875125144,66.6469369731434,65.6804622931523,54.4813749949283,40.0411591141283,33.0973397240451,28.9884596850397,17.7669290811887,10.9863696720135,5.76258647890534,0.0731480975723183,0.0680901299175807,0.858761772510101
50,50,"high",0.31276793018172,0.184050125353322,0.0991083490078738,2,0.0495800330058829,0,0,0,0,0,0,0,0,0,0,0,0,0,0,0,0,0,0,0.0461998180268301,0.114595876430402,0.356514499286533,0.0199169879871398,0.0194267336529952,0.134374430258003,0.585310857242496,72.23192071792,62.9494793571053,55.9641829121038,45.3775117711294,32.9998823673209,24.535339903354,16.5325293362865,10.9496475280836,6.02112391786973,0.0434009539811647,0.290400910690873,0.666198135327962
51,51,"high",0.334206124361283,0.711308560990271,0.105342001709099,2,0.0475819479343201,0,0,0,0,0,0,0,0,0,0,0,0,0,0,0,0,0,0,0.0488469998130924,0.184946859608069,0.257922208550282,0.0219595938475047,0.0255015939567598,0.0412718127715512,0.497212581321968,72.6279246239121,57.4975607400683,55.2050348977305,41.4832403674318,35.1322600222626,25.0697123898669,16.7461470164885,10.8894973753762,5.92609203440743,0.0121904302480656,0.220699238019694,0.76711033173224
52,52,"high",0.332175906488141,0.355000226300713,0.0991901571398707,3,0.0435243576800765,0,0,0,0,0,0,0,0,0,0,0,0,0,0,0,0,0,0,0.0679468984798723,0.0995243797480436,0.158372567298903,0.0178494616344663,0.0137945199944446,0.0707836488907342,0.581201658793036,70.2094961524504,63.3251041551876,53.5150240369017,43.9514875030979,33.6087202768889,25.0894064546788,17.3514916834673,11.2839797281708,5.97934717474504,0.0493214395825976,0.191918845130052,0.758759715287351
53,53,"high",0.21897222861544,0.232551988128385,0.0982769979301556,1,0.0479186434927212,0,0,0,0,0,0,0,0,0,0,0,0,0,0,0,0,0,0,0.0547019541454705,0.151606916051345,0.313796779939852,0.023113277849999,0.0227968469384693,0.136156822060879,0.496729929287401,66.9957829880039,66.6140105809512,51.548099190656,43.0845047311888,34.3063398268023,25.8822839261538,17.8549431714387,11.6589282244932,6.07031682265975,0.0790466768665896,0.187757203161128,0.733196119972282
54,54,"high",0.270749217839363,0.281681807060627,0.0961693143284785,2,0.0551372138691356,0,0,0,0,0,0,0,0,0,0,0,0,0,0,0,0,0,0,0.0535487408553552,0.168156625016267,0.509204985890107,0.0216025552480386,0.0339089249716957,0.0559208802387242,0.54034137291974,75.0325866287207,58.8174837804045,50.9118634274311,45.0069168496654,29.6501033340805,24.5639130104969,18.2186555361238,10.1999061662624,6.48835889000851,0.0226131838935792,0.110708341057881,0.86667847504854
55,55,"high",0.200970353257947,0.20169269573464,0.100963772444023,3,0.0481373386230309,0,0,0,0,0,0,0,0,0,0,0,0,0,0,0,0,0,0,0.0417079959478465,0.126164461094119,0.312562077037778,0.0203954180338137,0.0105190953800577,0.0507151678686497,0.56328030180637,74.3269344021889,58.4133373048526,51.6767028774955,41.6069229845723,35.0571946973145,24.4015399828019,18.8508718587911,11.0714176095637,6.02548952386776,0.0601784288778167,0.227416979491968,0.712404591630215
56,56,"high",0.339506864143347,0.273047918864427,0.110406459896919,1,0.0476799633268493,0,0,0,0,0,0,0,0,0,0,0,0,0,0,0,0,0,0,0.060652971048957,0.148805416198462,0.182169916362364,0.0229224244243719,0.0323382298796471,0.161140450732172,0.580029468606808,74.5024396023334,62.2221219183677,53.3328620697269,43.6201366296939,32.1492724373162,26.4219392976835,17.0279604730614,10.5907502550415,6.07179502364855,0.0106694497839805,0.170892296463478,0.818438253752541
57,57,"high",0.389532962631864,0.303825270517132,0.100766762268066,2,0.0471652188877662,0,0,0,0,0,0,0,0,0,0,0,0,0,0,0,0,0,0,0.0406777198353062,0.135062362344305,0.493919505008008,0.021317307615082,0.0307487898140222,0.100514810153836,0.508264784058142,70.5155783630599,63.5552502096764,57.440230772986,44.6006606844467,35.0891313057214,24.0928011945788,15.730190263511,11.5717081380435,5.55086934873539,0.00407468376622506,0.113561519352776,0.882363796880999
58,58,"high",0.309346364225477,0.24443914300538,0.101121419752128,2,0.0468363860552163,0,0,0,0,0,0,0,0,0,0,0,0,0,0,0,0,0,0,0.0594694953044489,0.165572673918774,0.342152833942947,0.020492418382174,0.0123305068423111,0.177125396144073,0.575804126912633,74.211840325553,60.8790756186407,49.5703758458873,42.0230598371838,35.358195941359,25.6744709118971,16.9973060117837,11.2405871388844,5.9030638126038,0.000512491529513244,0.231769331188936,0.76771817728155
59,59,"high",0.342591884322874,0.428710698053315,0.111868885888061,1,0.0466348620999071,0,0,0,0,0,0,0,0,0,0,0,0,0,0,0,0,0,0,0.047910711213769,0.155149077855374,0.232144005912189,0.0174527082529712,0.0261902715342928,0.0848204709131027,0.498156509360899,76.4812852450884,56.0836073182639,54.4251517160851,42.9284199766485,35.7729298879076,25.6431567213477,18.230290428392,9.32550398443835,5.85079723524156,0.0731884812784572,0.169781645235821,0.757029873485722
60,60,"high",0.248429393384758,0.381342427641015,0.0898980299269038,2,0.0548511338262064,0,0,0,0,0,0,0,0,0,0,0,0,0,0,0,0,0,0,0.0436835913944147,0.192843394125535,0.327680233137655,0.0191209771465232,0.0230010892808915,0.0455047849303319,0.555335690591936,67.6262960088282,63.5811865470778,57.2825794985913,45.3180752945043,32.2613265170401,25.4482354689991,15.6969475344064,10.3010153471496,6.30966309445597,0.0224320246501744,0.0640179888327342,0.913549986517091
61,61,"high",0.326188551479153,0.536508556961462,0.10095122291904,1,0.0475225029967694,0,0,0,0,0,0,0,0,0,0,0,0,0,0,0,0,0,0,0.0575113863965019,0.153846768261621,0.226777704224147,0.0137665486686652,0.0191032016437126,0.0787850498772469,0.510260987198339,71.7944674526315,61.1283559938286,52.308940996604,42.0538932958577,32.9227371919679,25.4138165351681,19.7573277853916,10.6966094563646,6.22368410248588,0.303186265024699,0.266791180930199,0.430022554045102
62,62,"high",0.283598310596977,0.189995579063198,0.10000720297089,2,0.046519041248013,0,0,0,0,0,0,0,0,0,0,0,0,0,0,0,0,0,0,0.040989897033684,0.10367355093271,0.171719366700453,0.0211031006662904,0.063244383760343,0.138288187721195,0.49692927410278,71.5125252351219,56.0269191657131,53.0305264310379,45.1550974755425,32.492511156921,25.2198971962068,17.4098930514056,11.0046215728916,5.98054706627833,0.0557960044962305,0.267624452423041,0.676579543080729
63,63,"high",0.268436302024221,0.336205915300752,0.103208378411513,1,0.0453229601296662,0,0,0,0,0,0,0,0,0,0,0,0,0,0,0,0,0,0,0.051240107068286,0.16712299038666,0.200460960955937,0.021703395075448,0.0397447175405736,0.144279111489384,0.608935226288522,70.1178291042812,60.877378333896,55.4414338457554,43.8493415724914,32.8343747425044,25.8007074675125,17.0852107529179,11.1038466127145,6.17564916661023,0.0657153703238685,0.431410986174694,0.502873643501438
64,64,"high",0.270224327088525,0.362753968414653,0.0930534595080135,2,0.0552784841085227,0,0,0,0,0,0,0,0,0,0,0,0,0,0,0,0,0,0,0.0528580336926822,0.136518486717124,0.492007939474745,0.0233847933028578,0.0230319409499891,0.143922728334626,0.601808976187099,69.5153839699089,59.0924631594153,53.4235622552383,44.1982830723844,34.5914830596335,24.9448981526072,17.6363728807294,10.977058946826,5.98588729669699,0.0268627829446296,0.200211360338727,0.772925856716643
65,65,"high",0.338479376390343,0.234655935431193,0.0967150038849412,2,0.0578798844953631,0,0,0,0,0,0,0,0,0,0,0,0,0,0,0,0,0,0,0.0626310383858882,0.128008759503903,0.314334136586365,0.0145488273966389,0.0207643357559254,0.334064509437759,0.598504573637376,71.0731605365116,63.4750665580987,52.5703573735586,42.8724482060047,34.2258936011783,25.126513325037,17.4914481075337,11.1906060950777,5.67711856266271,0.0123833960898793,0.289537327267762,0.698079276642358
66,66,"high",0.402322650090019,0.228221740153001,0.0946064453589884,3,0.0420220447110506,0,0,0,0,0,0,0,0,0,0,0,0,0,0,0,0,0,0,0.0358736761411376,0.0929125224646315,0.255727369148782,0.0172770808468175,0.0174367511747341,0.166338354256289,0.542330843667979,76.4613486100752,63.0193978148345,56.3010381975886,46.5551230597457,31.973561713757,24.4284987563577,17.1525254846762,10.6667759525517,6.25746125646057,0.0466045453704974,0.0400274786156821,0.913367976013821
67,67,"high",0.3802928126806,0.505228203453244,0.0868557497365579,2,0.0482594848605029,0,0,0,0,0,0,0,0,0,0,0,0,0,0,0,0,0,0,0.0642534230300127,0.145029825256882,0.0624993365167602,0.0288610960338191,0.0171522440033402,0.11523288730161,0.489529772742858,64.7054381666637,58.2703762800055,50.1568614980881,40.2807344574229,34.3559635672113,26.9954242774012,16.209676360521,10.5335673639761,6.03803924453053,0.0544728495562955,0.249890947936638,0.695636202507067
68,68,"high",0.344716841697628,0.0821990516686496,0.108904065531136,2,0.0420688257833129,0,0,0,0,0,0,0,0,0,0,0,0,0,0,0,0,0,0,0.0262635944209513,0.134352151379834,0.352630204465628,0.0192518067841485,0.0160800378083004,0.145850631311196,0.44531010314945,72.0518524926718,56.930796253289,51.5282540411971,41.5264441284118,33.3240237024244,24.431682013997,18.0070173467924,11.214091189996,6.14697578281011,0.0437945053285469,0.186370778265116,0.769834716406337
69,69,"high",0.318006229405412,0.309476010709994,0.102728921999523,3,0.0482701840345236,0,0,0,0,0,0,0,0,0,0,0,0,0,0,0,0,0,0,0.0867347718085912,0.113037386591221,0.465230079863687,0.0193126001298446,0.0488574223677097,0.126272195267039,0.57206738618833,76.1794065311362,63.7061501416414,53.8673271769096,45.8320638957144,32.5373747752764,25.7600154964025,16.961007799715,11.2261731768581,6.11177524111939,0.0409113607509303,0.0510775789596137,0.908011060289456
70,70,"high",0.341676062089803,0.390596634445484,0.0928120964685332,1,0.0491876140363594,0,0,0,0,0,0,0,0,0,0,0,0,0,0,0,0,0,0,0.0422904358270001,0.172241101613885,0.358353629355604,0.019702561686923,0.0141789366870853,0.101496474729263,0.481938587225438,72.746837692222,57.7152848171928,55.6436706207405,42.5289207838925,31.8823617816606,26.4370895670086,17.8750871160174,10.5199486952224,5.68681235970892,0.0324076293730927,0.158096863662081,0.809495506964827
71,71,"high",0.352891373238268,0.154193309045365,0.102156288588461,3,0.0438610233828857,0,0,0,0,0,0,0,0,0,0,0,0,0,0,0,0,0,0,0.0441823993456261,0.12781373113732,0.177192465032841,0.0227873386966813,0.0163777244877959,0.190243759716583,0.462392382664641,77.9976595289168,60.3312895751608,51.0753953963291,45.5549553984484,34.538805554361,28.1828323410765,17.7304292339987,10.9352700103001,6.10567912411279,0.0145972981602245,0.195381490531571,0.790021211308205
72,72,"high",0.276815943358238,0.286635891770253,0.0997679421687709,2,0.0434143124567727,0,0,0,0,0,0,0,0,0,0,0,0,0,0,0,0,0,0,0.0459539120906938,0.157426156324561,0.234624383812741,0.0232073041256527,0.0157719449388253,0.16104698523455,0.619682777195716,66.8830148734088,64.789971160297,54.8360571035995,45.7429270430086,36.0424119174377,25.8733049195915,18.7502706676884,11.0124843081513,6.15276278342486,0.0571103857518129,0.105446044311567,0.83744356993662
73,73,"high",0.25658619056721,0.156105262391032,0.106516612385155,3,0.0490278971745215,0,0,0,0,0,0,0,0,0,0,0,0,0,0,0,0,0,0,0.0524552392374338,0.129446301251908,0.489326018510902,0.0190209395435977,0.0376378897154518,0.21619707319972,0.48052941528749,76.0642198791133,64.560916680917,52.0341446134437,41.5509119907487,33.9308347243695,25.6344277072846,15.6127185951304,10.9934197420182,6.98697307312483,0.0115832885908198,0.263764746820658,0.724651964588522
74,74,"high",0.367296013560544,0.37828100008857,0.0995118150915154,2,0.0438876481463537,0,0,0,0,0,0,0,0,0,0,0,0,0,0,0,0,0,0,0.0584621733713764,0.211043395659802,0.401735793337344,0.0234544304049653,0.022842275278505,0.122175064393001,0.557271995288646,71.1502734701349,64.2861202835003,47.2683792300525,43.8367704273233,35.381330165621,26.8603103041194,17.1654816923436,10.776908003865,6.47566951902634,0.00972625332178636,0.2961423580223,0.694131388655914
75,75,"high",0.347818964714966,0.496829845531798,0.0967748431459667,2,0.0488727189798656,0,0,0,0,0,0,0,0,0,0,0,0,0,0,0,0,0,0,0.0412664520043571,0.111226062088875,0.292361797272369,0.0199011838296202,0.00910008819928964,0.0395277868172767,0.51612791802871,71.1013276030357,57.5778581684554,49.7594792326242,42.733014829161,32.5213959262121,24.2780750457942,16.8113741553735,11.6709792315729,5.76878853342635,0.288294760454308,0.214124951703783,0.497580287841909
76,76,"high",0.39545690965231,0.179626878263491,0.100132576081735,3,0.0469299558301183,0,0,0,0,0,0,0,0,0,0,0,0,0,0,0,0,0,0,0.0523592764151576,0.144018877442024,0.365042618133966,0.0173943730042718,0.0403434378017782,0.0488756545606751,0.553940160649471,74.5148162195743,61.299215783112,54.11720967159,40.760060495933,34.0315283720297,25.731798298716,20.2816371617651,11.6690563620639,6.07076417096547,0.107406345150663,0.374435460619358,0.51815819422998
77,77,"high",0.234445531441033,0.429475485288716,0.0925497584938062,2,0.040882553109947,0,0,0,0,0,0,0,0,0,0,0,0,0,0,0,0,0,0,0.0487454471327863,0.108993993580186,0.315820455375663,0.0176048989756807,0.0298245379182067,0.12358210989654,0.560993268413287,74.1259754115587,58.4294224914598,50.4460040261372,47.9972419340121,34.1519548797004,27.734106469836,18.0725744083041,10.8328514708195,5.96309482348143,0.0174429972322463,0.317303015590459,0.665253987177295
78,78,"high",0.328281925639124,0.0598723922682455,0.0884000849234625,2,0.0474453637859288,0,0,0,0,0,0,0,0,0,0,0,0,0,0,0,0,0,0,0.0556756175459979,0.17851651138462,0.201000253670347,0.0219193173489083,0.0291601135225354,0.0733329082805979,0.578881054508142,71.6188973529295,60.8413084724447,53.3598842668769,46.3949072839214,32.5387111220456,24.9367873608908,18.0107809475708,11.6937633227857,6.74117235925078,0.0829687917686472,0.1928987982793,0.724132409952052
79,79,"high",0.283818167821704,0.452594305387478,0.101281299262829,2,0.0483112853606277,0,0,0,0,0,0,0,0,0,0,0,0,0,0,0,0,0,0,0.0447915094693545,0.135130004245674,0.580555515966278,0.0153637473941278,0.0147637362429822,0.088647480594326,0.586494838193833,64.4594823362053,65.3185796418165,52.5145981192324,39.6398867022723,33.0815921402034,25.6292212286049,17.2931225587416,10.8481036657799,5.86924385012366,0.112562623755621,0.208107617770488,0.679329758473891
80,80,"high",0.243245990503171,0.514910721141827,0.112453270205705,3,0.0486920032335274,0,0,0,0,0,0,0,0,0,0,0,0,0,0,0,0,0,0,0.0449702440694122,0.141787178662069,0.168156102965465,0.022593577107382,0.0254832078312772,0.119135719239644,0.456484416353777,70.2994568503141,60.4115303425926,48.8923728855583,43.1519195896699,35.9086893958353,25.0433014176944,17.4950166140834,11.2149593219632,5.56987769056145,0.0682581990081083,0.197918420748995,0.733823380242896
81,81,"high",0.29259565444388,0.167118266089435,0.0967332928613512,2,0.0532815521084503,0,0,0,0,0,0,0,0,0,0,0,0,0,0,0,0,0,0,0.0399688171886009,0.11950059658838,0.250903481299143,0.0196142182212039,0.0251204617839079,0.125760092194337,0.589798103623549,73.9892744227166,57.4573157844283,50.8976926565042,44.6181291509793,32.8090639958902,23.3298095273509,17.0466019291359,10.8377810718543,6.31411600607858,0.0125603313969628,0.277776511094642,0.709663157508395
82,82,"high",0.293932542719347,0.402451556839812,0.100306573269534,2,0.0460680456375876,0,0,0,0,0,0,0,0,0,0,0,0,0,0,0,0,0,0,0.0535527716220271,0.135777584501395,0.152879339513618,0.0193983872655541,0.0355649561415212,0.176142353095136,0.609472167340785,71.0985445648075,63.2503178145251,52.0248156141648,44.1214685866427,33.6590607608999,24.739179962152,16.9391496929317,10.7127790003785,6.89026305265264,0.0112968321099545,0.172397080786843,0.816306087103203
83,83,"high",0.311394747707042,0.157556488449999,0.0967350209434335,3,0.0366899683666513,0,0,0,0,0,0,0,0,0,0,0,0,0,0,0,0,0,0,0.0345653356675212,0.161009798999936,0.468786036070788,0.0186644210028445,0.0291798740796536,0.0642479483990105,0.51095576651171,74.6559415489684,62.3183643247881,52.0487254808182,41.7042065331888,30.80454435221,23.7456031862857,18.02204195538,10.6399321711335,6.40035694962603,0.0667893790007855,0.198603336809329,0.734607284189885
84,84,"high",0.314923416435142,0.51066447668142,0.0939182874508463,1,0.041515384389962,0,0,0,0,0,0,0,0,0,0,0,0,0,0,0,0,0,0,0.0587125758313228,0.128829215969741,0.614050665759208,0.0171332855194114,0.0155274390836439,0.0845301420962163,0.492998118780074,76.6053861340747,61.00107606453,54.1232782159753,46.1036411717261,35.9974541118234,24.947073843441,18.4568917541558,11.4902735629102,6.08805582499095,0.111982510761537,0.280583771116419,0.607433718122044
85,85,"high",0.394739872738353,0.140098368221961,0.100589802930262,3,0.0560914291725488,0,0,0,0,0,0,0,0,0,0,0,0,0,0,0,0,0,0,0.0552896279754866,0.114194074755551,0.296675982353705,0.0184129514740929,0.0283534761398748,0.184979655396326,0.491376525257991,65.4745132965581,61.285318239736,54.1636442867382,46.7796711227553,33.14648845642,24.8360077875836,17.8108915667532,11.943157434235,6.57769877093808,0.0143549695329835,0.306370222727551,0.679274807739465
86,86,"high",0.377520294796425,0.306518301053792,0.107095045016438,2,0.0547883837917524,0,0,0,0,0,0,0,0,0,0,0,0,0,0,0,0,0,0,0.0386551480591088,0.0820188203684959,0.377140505784463,0.0177141117549449,0.0158384981981251,0.0742089536572078,0.483353059623793,69.4575422784201,62.5344415483911,52.7970279744857,45.117826462198,32.4082170953939,23.4911341707718,18.3035390701645,10.9810540204562,5.92797540083138,0.0529426562456963,0.222791903199626,0.724265440554678
87,87,"high",0.239117600711488,0.23711332649276,0.108958638063788,2,0.0516927152237654,0,0,0,0,0,0,0,0,0,0,0,0,0,0,0,0,0,0,0.0526128515297866,0.105689654586041,0.212750703260829,0.0153801733314454,0.0386098949695653,0.155579193619579,0.440985971813289,64.8500268990207,58.6114589289202,50.5212836606716,44.1060663269755,36.0333019864614,24.2580126335076,17.4673517041258,10.5745381397301,6.31813509951388,0.0128598717197867,0.273593788894441,0.713546339385772
88,88,"high",0.254805707430199,0.619621398886192,0.10297806965816,3,0.0565373774395459,0,0,0,0,0,0,0,0,0,0,0,0,0,0,0,0,0,0,0.065294704851607,0.106837841082856,0.16932443807628,0.0222225484351838,0.0252090952770354,0.0457809128455053,0.528723186733949,73.1582829886004,64.1878992312831,48.741507904257,45.323561789361,32.8627250148934,25.5635513716932,19.32065734275,11.178233122267,5.9295450764104,0.082096978582208,0.577949034875547,0.339953986542245
89,89,"high",0.300485776891551,0.297626316794069,0.101552815057365,3,0.0423609475987844,0,0,0,0,0,0,0,0,0,0,0,0,0,0,0,0,0,0,0.0695055405083259,0.136599463400028,0.306101919348004,0.0207482828017878,0.0223023978941804,0.057781966370263,0.518151284541561,68.4521698998143,65.8749796985668,54.0602855117739,41.6407242850918,35.1011156108785,28.5685618804052,16.8213443304232,10.124413286386,5.79656140269429,0.0789849712032027,0.0583308338505364,0.862684194946261
90,90,"high",0.211743206495117,0.189441893166441,0.104556996948563,1,0.0452704460885408,0,0,0,0,0,0,0,0,0,0,0,0,0,0,0,0,0,0,0.0639455642829931,0.227846856984064,0.374414382745495,0.0129750519944333,0.0314180149844569,0.0827393959995107,0.577705245407984,80.2020272031899,60.4190232432233,51.8355142510677,43.2328049248775,37.315507559285,23.6635885405098,17.5434832339228,9.96771681602526,6.0162309535457,0.00385935347417612,0.198233474121479,0.797907172404345
91,91,"high",0.284276134155381,0.215110986738963,0.0999953227385866,3,0.0547811953307985,0,0,0,0,0,0,0,0,0,0,0,0,0,0,0,0,0,0,0.0529644280531977,0.0769953848965372,0.375017127871206,0.0238511310942647,0.0203542795502268,0.121836235605817,0.520562555662306,75.6706556052046,63.9421988482364,55.0592265110127,46.3668235768172,34.9935620262021,24.3464411693771,18.6845289199813,11.6053369272167,6.11636512616365,0.0253527992420373,0.168056837197978,0.806590363559985
92,92,"high",0.300698056857572,0.192778815950688,0.101045450820583,2,0.0440243912342277,0,0,0,0,0,0,0,0,0,0,0,0,0,0,0,0,0,0,0.0384984716576524,0.117686468145606,0.217710058523561,0.0215281447170931,0.0351379292244175,0.0862731816048436,0.503548864869144,68.988109009953,56.1838967804808,50.8898588142297,42.6004392720826,34.3948863319221,24.3104037318334,18.6073403782378,10.3271736791342,5.842089077451,0.0305029745240051,0.184670842505281,0.784826182970714
93,93,"high",0.23796287719754,0.389732360515607,0.0985093614301588,2,0.0429708939627855,0,0,0,0,0,0,0,0,0,0,0,0,0,0,0,0,0,0,0.0621385617280781,0.173968104706657,0.384156192865576,0.0216885217893153,0.0370795333256481,0.170443206824622,0.441383691803931,75.136894757344,62.5005592935515,53.8987103496494,43.4059731844608,33.5480783170212,28.086272828765,18.4657323360197,12.5377186054147,6.1936279951087,0.0233825163021292,0.325054418903793,0.651563064794077
94,94,"high",0.39981243901928,0.31444095575169,0.0981451902191393,2,0.0460103391487294,0,0,0,0,0,0,0,0,0,0,0,0,0,0,0,0,0,0,0.0505852136432674,0.106330725682042,0.285060930042559,0.0160713842715517,0.0139395967098055,0.0661788152872426,0.508650295614804,74.9011485390549,59.2521947220422,51.582303301452,43.7181559462857,33.6153344863225,23.6598870279664,17.6589490491573,11.4676147151924,5.93696093391931,0.0334030439564922,0.159923278207356,0.806673677836152
95,95,"high",0.30990589271233,0.305870832194543,0.0991202577879594,3,0.0446936910546553,0,0,0,0,0,0,0,0,0,0,0,0,0,0,0,0,0,0,0.0527128112261799,0.192184158410853,0.322834193809774,0.021307716125221,0.026691640840435,0.0435766233648701,0.562115093873706,68.4347434651102,63.1557450995725,50.7899131094753,41.416783099181,32.0990545495749,25.1987273650897,16.5271431274307,10.7275743305474,6.15496614631531,0.193147585157429,0.23360325692999,0.573249157912581
96,96,"high",0.354117751618468,0.411662518670556,0.0911348033136517,2,0.0419105256265419,0,0,0,0,0,0,0,0,0,0,0,0,0,0,0,0,0,0,0.0468500723591164,0.110782840827098,0.346248820946484,0.0183934086999596,0.0312684383108123,0.126768210212373,0.489828927987902,73.3801556075637,60.9594613622571,51.8547166110918,41.1090530746237,35.492737078381,23.0402473110283,17.9592829345033,11.2552244308471,6.0975381287086,0.050778928685147,0.211529791522455,0.737691279792398
97,97,"high",0.236418057656317,0.332897549831908,0.0936288809755898,2,0.0502416770103826,0,0,0,0,0,0,0,0,0,0,0,0,0,0,0,0,0,0,0.0591624945536394,0.114045624087576,0.341509766140134,0.0196629493310955,0.0189233416077769,0.128493527928541,0.504715524365518,73.2632854260454,60.3073952641461,55.5986778660771,40.5664123027247,33.7137165776862,25.4857306931828,18.4671644519771,10.8614150534982,5.98978753140532,0.177912425847612,0.252486011389581,0.569601562762807
98,98,"high",0.272412420545282,0.295660520130541,0.104486519676257,2,0.0526957466297203,0,0,0,0,0,0,0,0,0,0,0,0,0,0,0,0,0,0,0.0305740691212169,0.0983126697786,0.388980225209835,0.0197563475347888,0.0286758965239572,0.0402944483154046,0.471676877624455,70.0920121792389,61.3677183183762,53.7452594494204,40.3111441353969,33.6941897852593,23.8074242798451,19.5280042598539,10.6585346661138,5.81487914436681,0.022893645952026,0.440001654269083,0.537104699778891
99,99,"high",0.337169879249237,0.339425274354421,0.0917773028286841,2,0.0456987473175824,0,0,0,0,0,0,0,0,0,0,0,0,0,0,0,0,0,0,0.055051108901682,0.125323653129036,0.317504562928008,0.0192013406929647,0.0183181286647777,0.146391504591562,0.624322340185614,75.2170119083186,61.188833629491,57.5711157571829,45.2805111658349,33.3948734204352,25.4339647361437,16.6900353921351,11.0683888477878,6.68800292364142,0.0180845265203743,0.369723349458489,0.612192124021136
100,100,"high",0.292159128803995,0.140976915075173,0.0876584485334764,2,0.0523951589432274,0,0,0,0,0,0,0,0,0,0,0,0,0,0,0,0,0,0,0.0636773967738788,0.17462557073619,0.78328067922403,0.0188520946182599,0.0259925908969355,0.0663213361507823,0.558317818168365,76.369812344658,70.1860389648112,50.7862063498886,40.0628852127516,31.3240101062995,26.0934203051011,18.807299518432,10.7233091735368,6.53711016636315,0.145168667846445,0.144395564788895,0.71043576736466
101,101,"high",0.264322097435405,0.236599195658812,0.102193742345341,2,0.0462126724742478,0,0,0,0,0,0,0,0,0,0,0,0,0,0,0,0,0,0,0.0842706870964401,0.0921899926188886,0.458253181026151,0.0190922915957344,0.0379772374144793,0.081388814804834,0.498770191170937,74.3947688649959,60.0402515789352,53.3503893352331,40.8340768004675,33.8317426114074,26.3166594620007,16.8075349746991,11.0945243026584,6.04585996161234,0.00522238103922508,0.0863263152035843,0.908451303757191
102,102,"high",0.304401990611408,0.612928088514221,0.100255919393997,3,0.056189824264686,0,0,0,0,0,0,0,0,0,0,0,0,0,0,0,0,0,0,0.0344260644790803,0.141685097345934,0.16743764911363,0.0172921658494572,0.03042496920237,0.138041696149931,0.498996534686012,67.8108833376236,56.9650263893382,53.5922890086203,41.1526935264279,34.5293292031055,24.4853330600786,17.0788293853535,11.8129372005094,5.91696604325523,0.00200205128223811,0.370504851205393,0.627493097512369
103,103,"high",0.391665375677315,0.441069412880883,0.104398239438532,3,0.0546610690657531,0,0,0,0,0,0,0,0,0,0,0,0,0,0,0,0,0,0,0.0334550356704963,0.139053822227419,0.40284301226713,0.0205902878789869,0.0213071753992596,0.197231706143821,0.534041005989464,71.4785733226865,65.2643557870754,58.1098754267333,42.8753506692106,34.6961238374294,25.9363793100911,16.9777183879804,10.9753388709041,6.18981241555051,0.163609297526166,0.297760383323081,0.538630319150753
104,104,"high",0.212976917813088,0.495421044312469,0.0970468307592984,2,0.0504819698376723,0,0,0,0,0,0,0,0,0,0,0,0,0,0,0,0,0,0,0.0419914228200511,0.129923460562301,0.248214811228407,0.0247328619984429,0.0233546166370962,0.0651590248397826,0.526300695060511,71.6008492062471,64.0087768962312,48.028213245389,45.2061231483723,34.8287363433198,25.7070702354791,18.4922882129995,10.3159551784846,6.27564818967247,0.078034044758675,0.238370344308658,0.683595610932667
105,105,"high",0.34278668382061,0.292932703523344,0.0957416620856326,1,0.0610777177521608,0,0,0,0,0,0,0,0,0,0,0,0,0,0,0,0,0,0,0.066693471526336,0.14605862387178,0.328517941754866,0.017416921561352,0.0127306507729069,0.038695799489068,0.606517253830839,69.9816002108451,59.578291973586,54.0299732600535,41.3088571606381,32.7212849274895,26.373846838848,16.896619731072,11.2067537152518,6.23022763011036,0.0628091240995593,0.297186538571155,0.640004337329286
106,106,"high",0.290029380598164,0.368866501171764,0.101174999704372,2,0.058661593690583,0,0,0,0,0,0,0,0,0,0,0,0,0,0,0,0,0,0,0.0461666830142619,0.130282832834859,0.379507527594619,0.0174024470814644,0.0418044953003037,0.106648138360595,0.502909383377849,72.9354391362575,62.0150641452023,51.4889493576816,45.4913173570383,32.9309828878702,24.6995117890275,16.6813375207654,11.0983950212935,5.6310219528049,0.00788390013752952,0.325532996319834,0.666583103542637
107,107,"high",0.223009590106917,0.429629402752604,0.105997408118158,2,0.0528114341236122,0,0,0,0,0,0,0,0,0,0,0,0,0,0,0,0,0,0,0.0643898494581429,0.0904941239558588,0.391447963346289,0.0199803060460796,0.0181240905291337,0.0975187248526242,0.565403786370689,75.4564534123889,58.8985118204888,50.6725491957136,48.8317836066823,30.9249678051324,26.4640530682886,17.381452129897,11.3835673577912,6.20853782997566,0.0945468873779345,0.197199757460071,0.708253355161994
108,108,"high",0.288941705802264,0.448408973326038,0.0922202593365394,1,0.0414223047261236,0,0,0,0,0,0,0,0,0,0,0,0,0,0,0,0,0,0,0.0348739020494483,0.146582535029682,0.185750138227042,0.0171426504783739,0.0598084498797805,0.130397030861945,0.508822079983077,76.2253673871443,61.0529934742616,54.0973915795085,43.3585925292284,32.8873861124717,24.7072504061081,17.8679159319772,10.4763423483873,5.46281648127636,0.00145603091932749,0.279839583614393,0.71870438546628
109,109,"high",0.313149241148864,0.223712212000597,0.0952051295461599,3,0.0484138352715773,0,0,0,0,0,0,0,0,0,0,0,0,0,0,0,0,0,0,0.0545583782254118,0.161502155004644,0.467443404476983,0.0169417472449061,0.0400558153598097,0.104738691399188,0.464377531463924,74.3483571353278,61.4303319738194,53.7427827396906,39.6153940252554,32.2571761081046,28.045113856096,19.0948940335073,11.3140208140381,6.36409863983382,0.035487032585425,0.0862468072879318,0.878266160126643
110,110,"high",0.233882322290309,0.3115967088592,0.102073327050911,1,0.0436377598454751,0,0,0,0,0,0,0,0,0,0,0,0,0,0,0,0,0,0,0.0307818093860697,0.169958348169514,0.222559532136566,0.0185226905913277,0.0288002149117477,0.0949309643822046,0.532714679390183,72.9910820233897,62.3103376589807,51.7942847635501,42.9682143254462,34.5673801766741,28.4375690951713,17.4551719937508,9.86474950735904,6.45567067865935,0.127807352668401,0.274550697469439,0.59764194986216
111,111,"high",0.307669924413666,0.312887377222286,0.0999491835654442,2,0.0474776310612919,0,0,0,0,0,0,0,0,0,0,0,0,0,0,0,0,0,0,0.0523820262623548,0.12605292788115,0.327115122232259,0.0166911571892098,0.0111103337295824,0.0671472961616284,0.469236996425267,77.074413682397,61.2517128763095,52.4860094581945,42.6740298062842,34.1591963458586,24.3031121368218,16.988947537734,10.2902217969429,6.07990310955149,0.0999039891334472,0.143662722997067,0.756433287869486
112,112,"high",0.382595941714031,0.663575903982259,0.0958597567071814,3,0.0491289166964602,0,0,0,0,0,0,0,0,0,0,0,0,0,0,0,0,0,0,0.0488891926391534,0.134575013292325,0.240832330139847,0.0170329972149133,0.0313374447045796,0.100276630426583,0.468709062875227,71.5925022850293,58.6983119417012,53.025614761081,40.3471512126146,33.5411811331735,23.3869191462968,16.419437109676,10.8132464669872,6.15395729517865,0.0369082357172142,0.212823546944578,0.750268217338208
113,113,"high",0.350157834335056,0.350035690355751,0.0988182268944351,2,0.051167550986624,0,0,0,0,0,0,0,0,0,0,0,0,0,0,0,0,0,0,0.0536761570134495,0.125697702032586,0.40071039225723,0.0173113128316402,0.0320155293806014,0.221319425669618,0.510370943891224,69.301653707382,62.0918020710439,51.6079885515131,43.5805028372557,34.6198595401458,23.2092213728184,18.9770577136063,11.7080089945909,6.48037673325636,0.000879392454366624,0.411992433637397,0.587128173908236
114,114,"high",0.292806185275977,0.427998489108064,0.102244578969781,3,0.0471900991813093,0,0,0,0,0,0,0,0,0,0,0,0,0,0,0,0,0,0,0.0394099829388962,0.135648921675361,0.0921870101631825,0.0184817015981008,0.0322054453073731,0.168443507420439,0.554693347118116,67.6376039800652,65.853790592597,52.0382878642793,42.1791229272538,32.6992118526867,24.3359320263095,17.9236126672148,10.5931280386216,7.05722738685624,0.0354856774243869,0.14452310899252,0.819991213583093
115,115,"high",0.304028323832577,0.351900490752768,0.0974616626624268,3,0.0490880460926939,0,0,0,0,0,0,0,0,0,0,0,0,0,0,0,0,0,0,0.0604899266600677,0.135499441787893,0.333318956794773,0.0224672035585876,0.0244509036463186,0.11636563344537,0.493712269601218,76.7332000306243,67.8975525789289,58.032506822,40.6418212462066,34.1851475779881,24.1721627797169,17.0363593710377,10.3507952191003,6.77649247898033,0.189138204460546,0.217020146789219,0.593841648750235
116,116,"high",0.361627166815787,0.417049453357618,0.0945836583088447,3,0.0439819822246035,0,0,0,0,0,0,0,0,0,0,0,0,0,0,0,0,0,0,0.0333455485271825,0.133960735008516,0.302233318719462,0.0179235616487766,0.0234292156463322,0.0601797719200009,0.501577670485023,72.3003355895375,60.9528858324709,57.0467666736049,41.4235439233464,32.4681337285038,24.3066640972273,16.6362802974015,10.4938976511498,6.02061084791233,0.0321522647122537,0.336736110363485,0.631111624924261
117,117,"high",0.260250251517569,0.41500153275521,0.105647443396219,3,0.0563555963035411,0,0,0,0,0,0,0,0,0,0,0,0,0,0,0,0,0,0,0.0445336082347205,0.132878257091098,0.160785184938835,0.0181448636306024,0.0177138751149862,0.0947063584492557,0.52683406132879,71.7542269379965,64.5972649692226,55.8953752700545,43.9305018298506,37.211630503069,24.8273596871817,16.436004351136,11.3282222640218,6.01170794855908,0.0122717579208133,0.150359722943689,0.837368519135498
118,118,"high",0.190899795699559,0.358996882328019,0.0935479241776953,3,0.0458756008161809,0,0,0,0,0,0,0,0,0,0,0,0,0,0,0,0,0,0,0.0495695388901277,0.13212255069598,0.237119905277129,0.021049976684261,0.014348621304103,0.116909186135137,0.570834618779959,75.8002232009584,64.6932210861917,52.1030006918592,43.5250027408815,33.7088464043364,27.5804842188541,16.6185160072389,11.4295881547846,6.34877322631047,0.0208525165779711,0.483151140523362,0.495996342898667
119,119,"high",0.36425023786783,0.148080353166269,0.0954764224028076,1,0.050091527427703,0,0,0,0,0,0,0,0,0,0,0,0,0,0,0,0,0,0,0.0566156353721792,0.129081258464727,0.314584030823785,0.0167357836384847,0.0353976915381866,0.0891093066718136,0.528137335864648,69.5694200642913,60.7582310032668,53.9164874023519,44.0202802247376,31.5445866331314,24.2444662392363,17.7222872969523,10.4440585315448,6.18355049006771,0.039276360821586,0.383611939140605,0.577111700037809
120,120,"high",0.250745048821726,0.415682475623043,0.100718987782443,2,0.0534453750721874,0,0,0,0,0,0,0,0,0,0,0,0,0,0,0,0,0,0,0.0551757768986607,0.152341704937046,0.209417570410963,0.0171756078594559,0.0151201447697785,0.201838860713905,0.511951279897988,67.7652752891546,65.2509264610222,54.0991044053485,44.4578851523405,34.3889452499023,26.2556702133498,17.3503898871377,10.4216821592421,6.0950951271937,0.0684983971212624,0.431605363975774,0.499896238902964
121,121,"high",0.334820430458665,0.440235870240475,0.0947032766075848,2,0.0477949390331225,0,0,0,0,0,0,0,0,0,0,0,0,0,0,0,0,0,0,0.0312232482667002,0.1359656792029,0.129336509811002,0.015711186580354,0.0146374285707256,0.1066149071775,0.6049230184173,72.9138247928589,58.5647714739858,50.0536318759302,43.9728828807782,32.05487328647,24.5659685557379,16.5215258137204,11.496633921561,6.55187443651695,0.0160113287687309,0.295791009629898,0.688197661601371
122,122,"high",0.289796018075415,0.359827510384461,0.0944910488279377,1,0.0444995478448835,0,0,0,0,0,0,0,0,0,0,0,0,0,0,0,0,0,0,0.0547985638638672,0.158813847190605,0.181738996084975,0.0170924294654012,0.022526888534922,0.167028651863849,0.574766642011516,73.7745296046093,63.0100727456695,52.9161837109378,43.8937191132277,36.5757024840354,24.6326033332926,18.4199769715401,11.0032413552317,6.19051294859925,0.0213182987868517,0.277881961736444,0.700799739476704
123,123,"high",0.21807106056711,0.136340582401727,0.0966073218945473,1,0.0488840142052633,0,0,0,0,0,0,0,0,0,0,0,0,0,0,0,0,0,0,0.0405618213992832,0.151487927790644,0.32077113431967,0.0165944087404555,0.0319481505632973,0.12606699642117,0.570733343815214,71.6387956494665,57.7955648611728,51.2513749126585,43.1077742998195,34.6626729843288,25.1459793985528,18.7654016647739,10.6331246756301,5.25540215265538,0.0510486989074823,0.353547955201964,0.595403345890554
124,124,"high",0.290162398696034,0.433779232814685,0.0932131989123818,2,0.0569992172867669,0,0,0,0,0,0,0,0,0,0,0,0,0,0,0,0,0,0,0.0375347677045846,0.120384926599894,0.677602052773376,0.0201811038126051,0.0277764305893489,0.0693000460751052,0.556892522539587,75.0542085537283,62.8265492083956,46.9524290180573,43.5105885287257,35.1091118971565,25.6834367611974,17.4447464466413,10.3639299716654,5.91482054358423,0.0424790192397077,0.151061143654488,0.806459837105805
125,125,"high",0.240555325284711,0.389186919180628,0.106966988979658,2,0.0463002493050042,0,0,0,0,0,0,0,0,0,0,0,0,0,0,0,0,0,0,0.0574240159513224,0.150248697738096,0.562655327168897,0.0132969112123914,0.0360503012479058,0.191376834061654,0.552082593782978,73.4625916309892,66.080877764909,51.9368713386626,38.9103061558141,36.1746855558487,26.4687437306563,18.0385542883904,11.0766239338074,6.17077354313447,0.037416721845486,0.226245418597708,0.736337859556806
126,126,"high",0.358353382851544,0.329408692575323,0.0963009070453639,3,0.0451973950117934,0,0,0,0,0,0,0,0,0,0,0,0,0,0,0,0,0,0,0.0391489538043194,0.104366602647294,0.261137900281286,0.0184901991684224,0.0250684819181287,0.0346056525020255,0.521410787559604,68.2410556825792,62.5194687705349,55.7016029332365,43.2214973949715,34.327647260942,26.0515471847075,17.0559098651651,11.3562509929833,6.2379108042924,0.0339384566813261,0.37201961816542,0.594041925153254
127,127,"high",0.244956512634405,0.264346898436095,0.0982527769358487,1,0.0477050434996203,0,0,0,0,0,0,0,0,0,0,0,0,0,0,0,0,0,0,0.0814633802019162,0.183687983827141,0.189620201932496,0.0243576063285501,0.0254653638178196,0.346399172077736,0.494628357736336,78.6619278258735,55.7124870531477,54.3033121749384,42.0002176766971,31.4713124100055,25.6810498139398,16.2779470662709,9.81817821114,5.93267992946866,0.143678534747286,0.308919417403177,0.547402047849537
128,128,"high",0.276641120459224,0.291513375246462,0.0996762442447589,2,0.0451001396241293,0,0,0,0,0,0,0,0,0,0,0,0,0,0,0,0,0,0,0.0377112406747599,0.121373024760036,0.398876532469088,0.0189854502438126,0.010157786933838,0.136536572507198,0.506952732288685,68.7962907789504,67.0308466631193,54.2724022863079,44.3724108195942,34.6782385325521,25.3731994852057,17.1278868960707,11.9957948537298,5.73532264486152,0.00210237802082983,0.215801006988855,0.782096614990315
129,129,"high",0.386215286000534,0.327596616575657,0.106667033527825,3,0.0492102488279452,0,0,0,0,0,0,0,0,0,0,0,0,0,0,0,0,0,0,0.0358008897408007,0.19566109192773,0.462876236347121,0.0236038506614422,0.0281562081990286,0.061190082481903,0.492026071254531,75.205164639922,61.5735306416234,50.1087229849106,45.048839610707,36.0108167042532,25.6083006111423,17.0829285485695,11.4397317981542,6.12599707572749,0.00853197973026191,0.445785355898118,0.54568266437162
130,130,"high",0.239411013615982,0.241475930305797,0.0989189258009909,1,0.0445632294772761,0,0,0,0,0,0,0,0,0,0,0,0,0,0,0,0,0,0,0.042832692121925,0.12961937499203,0.162192885319201,0.0157927529249947,0.0391923832323391,0.043257926485329,0.488413323723331,70.4798372233646,58.0003636897245,53.1808343301464,42.5186752653374,34.4261076000954,24.6856639444863,17.1879528761974,10.5964285931496,5.84540063311762,0.0408672872623553,0.10370189234391,0.855430820393734
131,131,"high",0.324749044394161,0.103308661321182,0.101504080038853,1,0.0475606225022538,0,0,0,0,0,0,0,0,0,0,0,0,0,0,0,0,0,0,0.0517029539154672,0.14323624572188,0.330120926080212,0.0191808354717857,0.0232409958807776,0.0580042719722046,0.546362060374948,73.450724052302,64.1813835661254,51.9487803230733,45.2572270552099,35.6774976717033,27.2713758595889,17.6811373530607,11.4927275669074,6.61710166942897,0.0510683989455833,0.14157865697029,0.807352944084127
132,132,"high",0.251413022950868,0.397786902633643,0.0971598218904452,2,0.0444441296080911,0,0,0,0,0,0,0,0,0,0,0,0,0,0,0,0,0,0,0.0483814915993005,0.103392597364162,0.121441493953519,0.0162871721195411,0.0162753134743282,0.0616977624045981,0.542732616609213,71.3862716922657,65.0957614656322,49.5565964901178,46.1902774343874,31.7466677217456,25.8382574726001,17.3201187885119,10.6579108362209,6.23572410664422,0.0257116592483283,0.292238472419189,0.682049868332483
133,133,"high",0.359276125340361,0.590283086266812,0.0975388834032555,3,0.0484333318032336,0,0,0,0,0,0,0,0,0,0,0,0,0,0,0,0,0,0,0.0580807376661375,0.157251633351721,0.273912418899014,0.0174665446709879,0.0336741048542389,0.149362648393683,0.495480871112109,72.2519434194122,57.6714274581322,51.197043939055,44.6145717037906,33.7250449471242,25.2127030245585,18.360503089365,10.3413953489085,5.65786816552422,0.0402761200017772,0.213980310619497,0.745743569378726
134,134,"high",0.268896933107677,0.23192756155693,0.111256878182203,2,0.0375433706594157,0,0,0,0,0,0,0,0,0,0,0,0,0,0,0,0,0,0,0.0356902962753729,0.142014171554043,0.312843787795463,0.0236886073065973,0.0300047392934333,0.0945268111172332,0.481749041752522,66.7854009884536,58.0778262650673,50.6010353084884,44.7990360314209,35.1260819684612,23.7591119049164,17.332603893944,11.2176457334453,6.76436702131877,0.0114195602831918,0.286368604308193,0.702211835408615
135,135,"high",0.346847931811555,0.355308306791752,0.095091547960866,2,0.0524418158974436,0,0,0,0,0,0,0,0,0,0,0,0,0,0,0,0,0,0,0.070067100772052,0.111815677742245,0.383291076419708,0.0261427544209299,0.0593937812977824,0.130883796949177,0.480672718075359,74.4196656085198,66.1242355240287,53.5775704214033,42.2794785118583,33.2787694000942,26.1029091666756,18.2007055590381,11.4110151468907,6.37133668037648,0.104862569349927,0.351725762614805,0.543411668035268
136,136,"high",0.309262206498273,0.384857616063571,0.0983957101308045,2,0.0551140242426746,0,0,0,0,0,0,0,0,0,0,0,0,0,0,0,0,0,0,0.0271056884355211,0.167964914110277,0.396989636350697,0.0200066377667157,0.0218239094493173,0.153514286730497,0.525640354495691,69.6980608105802,65.3106708032212,55.2951574513788,44.0558081342556,33.6334185594849,24.7924856748725,16.2880788830788,10.855961375662,6.50542662082555,0.0833297891945821,0.219553407475774,0.697116803329644
137,137,"high",0.366300687430742,0.315999762769872,0.097696010870314,1,0.0486205892610964,0,0,0,0,0,0,0,0,0,0,0,0,0,0,0,0,0,0,0.0499418129573689,0.168847435398681,0.317896646432334,0.0236335359957917,0.0166313789489633,0.129285740414955,0.511055948618481,66.7107445569564,59.5656406438716,53.1294047053641,43.9556894871002,34.0638107261556,24.4370472011779,18.0453247910476,11.5946155574253,6.10456427221102,0.28487308607573,0.143338002791425,0.571788911132845
138,138,"high",0.323961617771332,0.544028414145182,0.0950485699574525,3,0.051455066737041,0,0,0,0,0,0,0,0,0,0,0,0,0,0,0,0,0,0,0.045087475706598,0.12050606629913,0.486808366625587,0.0141503838995335,0.0345487354321452,0.0493491234715126,0.553371076791071,67.8487347196415,59.6056177922405,52.7118541843575,42.3592386539007,31.0422728735935,26.5511771650752,18.3949895440972,10.9081791139935,6.25772399012626,0.0104329023231958,0.241949958755717,0.747617138921088
139,139,"high",0.289859685692878,0.46341807158508,0.0973048539436065,2,0.0503543857096596,0,0,0,0,0,0,0,0,0,0,0,0,0,0,0,0,0,0,0.0671387616929412,0.120815088622797,0.324425325012946,0.0184504831294832,0.0288298881740271,0.0640333418496521,0.531221316305797,73.9654204418808,64.1249497831512,57.132167563613,43.2737340730632,38.4596412618009,24.4584182241725,16.9862233698682,11.5568020459843,5.94632214500043,0.00808037182570225,0.302848312192517,0.68907131598178
140,140,"high",0.325144348425725,0.296431033294041,0.0959206343656188,2,0.0523222373107857,0,0,0,0,0,0,0,0,0,0,0,0,0,0,0,0,0,0,0.0593632342786683,0.142192404371128,0.471021513650717,0.020157374859268,0.0225841165004958,0.0895198370954235,0.529490530075035,72.2798017135706,64.4495725438385,51.1052816812557,41.9103530685476,34.8501497344609,26.1738304378032,16.0536625741661,10.8825280636413,6.43158555027812,0.0247316521905472,0.113336329952123,0.86193201785733
141,141,"high",0.341421289961939,0.414594773888819,0.0900614984558828,3,0.056110201459298,0,0,0,0,0,0,0,0,0,0,0,0,0,0,0,0,0,0,0.049175938288842,0.0894164369625373,0.423651791802973,0.0159581296062694,0.0298636192739991,0.109080218795239,0.52506475001558,75.5937207216201,63.049354250879,50.8178783037181,45.7035902518586,35.1612278888777,26.9317966665757,18.2532829534735,10.8665618288545,5.98280316565738,0.00367431015023928,0.270757533344057,0.725568156505704
142,142,"high",0.310963083065816,0.350997938200547,0.0942901097997605,1,0.0578005612897978,0,0,0,0,0,0,0,0,0,0,0,0,0,0,0,0,0,0,0.0402368081160763,0.142430870609509,0.367494834993729,0.0198180227826918,0.0176936375982547,0.0821733288164638,0.536938613049168,74.9773588498159,59.0030165226021,51.1706553135551,45.8068995403211,29.5712511221452,29.1573589051963,17.79223938047,10.9659774615372,6.38423799462811,0.000158864774740826,0.288414329451067,0.711426805774192
143,143,"high",0.265606008992673,0.138018323488253,0.0903235925708347,2,0.0513541123563035,0,0,0,0,0,0,0,0,0,0,0,0,0,0,0,0,0,0,0.0376503736309195,0.120983291931034,0.182652803218034,0.0176373421857685,0.0178364456815754,0.194583271867422,0.545702175810581,78.3302367838293,64.9999554484163,51.326580656866,44.7672956307457,31.9880167746586,25.6509102627876,17.933607883722,11.7682615718532,6.3407045793554,0.0314177265516529,0.406076525383109,0.562505748065238
144,144,"high",0.433713551930399,0.360080048610389,0.0960382452398463,2,0.0589736216823826,0,0,0,0,0,0,0,0,0,0,0,0,0,0,0,0,0,0,0.0430452864303853,0.143380303318297,0.433013350179106,0.0183634624760327,0.0507418607425104,0.0809289545651189,0.619177029654943,77.136689704093,59.1134147612826,52.7235097992165,46.6410129511706,34.8041331328419,23.4590396910376,18.3702470413674,10.5381886131177,6.12456112699139,0.0726001106631668,0.168598376162552,0.758801513174281
145,145,"high",0.252906546356136,0.481397177908988,0.0925874306265832,2,0.0462272973374079,0,0,0,0,0,0,0,0,0,0,0,0,0,0,0,0,0,0,0.0464289282249711,0.0964147261561068,0.197601764484195,0.0163125109598587,0.0207462119066601,0.16865037198193,0.54639500528157,74.0012384522891,64.7132080860508,49.9279955838368,37.5568597387285,33.1852936802987,23.84208428215,19.2914228214468,11.5907761421246,6.25353272474917,0.0568194432678912,0.4870412181513,0.456139338580809
146,146,"high",0.217113833120564,0.185827302862197,0.101961888058283,2,0.0509572664554054,0,0,0,0,0,0,0,0,0,0,0,0,0,0,0,0,0,0,0.04124024131769,0.0867136169163346,0.284531449116124,0.0200795646163496,0.0151543214693895,0.0665582695277123,0.518631422127668,73.600837996813,59.3508058605424,52.501330537516,46.5735828065056,34.3229582186989,22.7172624926041,18.1704749971161,10.5389155619002,5.91967290602611,0.141267710960681,0.122169279401309,0.73656300963801
147,147,"high",0.263887847837903,0.279005340968395,0.102330689357474,2,0.0510359937654042,0,0,0,0,0,0,0,0,0,0,0,0,0,0,0,0,0,0,0.041756201341679,0.10549586843901,0.360213445728895,0.020621492496315,0.0248575479018555,0.195688641460651,0.478152684197677,71.7746305510147,59.9486055505716,52.7836162444674,43.3391403337531,34.1681071358211,24.5316642492107,17.0625746665141,10.0977647699541,6.29023114518191,0.0198823123262136,0.384374692073096,0.59574299560069
148,148,"high",0.401219481508079,0.405317878239312,0.0973521870653222,1,0.0521348631581733,0,0,0,0,0,0,0,0,0,0,0,0,0,0,0,0,0,0,0.0432670892849127,0.143654003914258,0.0468534079916418,0.0180246694523259,0.0229216047492302,0.111869394740663,0.545011197313763,70.0269190132105,62.8431454420535,55.1577359453505,44.9539017504053,32.9672042854475,26.14938867313,17.2589378894563,10.6557456758971,6.42649535751401,0.177904041256138,0.155754979122739,0.666340979621123
149,149,"high",0.275596955895314,0.26071475758909,0.0998669936088779,1,0.0604551277068531,0,0,0,0,0,0,0,0,0,0,0,0,0,0,0,0,0,0,0.0455124326232538,0.144788068611585,0.291631570851997,0.014365054354919,0.0160257844923696,0.167274968062714,0.533617738273727,73.8516462237187,61.2300724964048,48.9989629742086,43.4991652926531,36.4702676062824,26.4855607577717,17.6941859180702,10.3966123608903,5.8295728819982,0.0301969310286904,0.188871404592625,0.780931664378685
150,150,"high",0.324583850181355,0.256366068813724,0.100410343211646,2,0.0529218575141013,0,0,0,0,0,0,0,0,0,0,0,0,0,0,0,0,0,0,0.047863789069968,0.197043343541477,0.257141133887222,0.0149514679388822,0.0207189924137135,0.0842405604469251,0.510743939663916,68.8825145236116,64.5695746421109,49.1266163482758,43.1769276392242,31.1513529850403,25.356152283225,16.9446307592099,11.3904923498248,6.1294939847011,0.00273502397814668,0.27538497850058,0.721879997521273
151,151,"high",0.243031010849797,0.173678483481876,0.100984998112547,1,0.0513272358145875,0,0,0,0,0,0,0,0,0,0,0,0,0,0,0,0,0,0,0.0493508070193482,0.154457890642603,0.193539576331372,0.0229257133022871,0.0374487963425318,0.105480566705841,0.659803627767268,73.4415153945697,65.615765708576,51.7213085069764,39.8829739998841,34.7670411373072,24.6652476968878,18.0982425685417,10.8844237428401,6.35779459125275,0.0195609725712278,0.112135456314069,0.868303571114703
152,152,"high",0.32213818817927,0.376957353750749,0.103416150918763,3,0.0433360714584602,0,0,0,0,0,0,0,0,0,0,0,0,0,0,0,0,0,0,0.0697987309106574,0.135814490155151,0.263367067367692,0.0194058620188642,0.0116996919027754,0.0802967976678035,0.532349104390394,70.3522677480877,62.5618851559776,51.955137893316,41.2937474179658,35.6704927417953,28.3614256606075,16.5025968513149,10.5905410508506,6.03174755222393,0.146406434162324,0.387979026415021,0.465614539422655
153,153,"high",0.247095863097735,0.172893844465789,0.108534055724136,2,0.0482889919809262,0,0,0,0,0,0,0,0,0,0,0,0,0,0,0,0,0,0,0.0756165048457041,0.133086152638891,0.222934319774188,0.0171293897937166,0.0203263107355742,0.169070589663457,0.510546835207815,63.945028605797,68.7976132599307,50.1356690695406,43.6784185511775,33.4782126603983,26.5604419202701,16.5040352638971,10.7990664387975,5.88391700170097,0.0142055200317933,0.282614936804393,0.703179543163814
154,154,"high",0.231209468042304,0.207888391306393,0.0950042137862042,1,0.0482416480569389,0,0,0,0,0,0,0,0,0,0,0,0,0,0,0,0,0,0,0.0422225810306712,0.0949661451964296,0.179009548701868,0.0196761923761649,0.0108258963038202,0.101909200510429,0.45833159868419,71.7088194252492,60.1923166423619,50.5794353677523,43.0549602031606,33.5749168730063,25.1502028520106,16.5493748894546,10.9689627140608,6.48941403571932,0.019908158731385,0.365671858033722,0.614419983234893
155,155,"high",0.274990685932722,0.39724448077051,0.100604639747999,1,0.0441309774161855,0,0,0,0,0,0,0,0,0,0,0,0,0,0,0,0,0,0,0.0508479993738962,0.0987059590183249,0.197193084999994,0.0181920820355998,0.0158200494563143,0.0248208600185854,0.582879420762313,74.1133345726248,57.7649369801883,49.6473871255531,39.6722308805617,29.0544128880522,24.8041654996346,16.9707532698327,10.9409931408369,5.82456291043381,0.13018035802889,0.468733496991232,0.401086144979878
156,156,"high",0.288903274294649,0.400620182435408,0.0936948151439378,3,0.0498869837340277,0,0,0,0,0,0,0,0,0,0,0,0,0,0,0,0,0,0,0.0608326746421544,0.104876031041317,0.234192453402368,0.0166656576075105,0.0314462425841616,0.0825391257061368,0.516232348436139,78.8083128201245,64.7629387153778,56.5979249736988,42.553886256812,32.6865777319629,24.4396890123459,16.8738215901994,9.62031723731185,6.63375969353265,0.0297557318364431,0.393107512190655,0.577136755972902
157,157,"high",0.328637411056732,0.269902577212237,0.104077720102008,2,0.0496465631039962,0,0,0,0,0,0,0,0,0,0,0,0,0,0,0,0,0,0,0.0471378726576139,0.127248243467577,0.26838220598235,0.0176718603504336,0.0413715472091535,0.0566515907248951,0.552003515312388,72.9541901573172,63.5885306122723,52.4904318883993,40.4954557269063,33.7832160900322,24.0837091532563,18.2488673474215,10.4581171766978,6.22253805192487,0.0874078478376004,0.193860084187589,0.718732067974811
158,158,"high",0.343664562555934,0.290396634393351,0.0962287338774448,1,0.0402824424344511,0,0,0,0,0,0,0,0,0,0,0,0,0,0,0,0,0,0,0.0467094515009284,0.156621356870649,0.435494389408823,0.0160477048981628,0.0212391491672385,0.104929025007394,0.53052821662225,70.7348756709124,66.7225589807213,49.6894234472964,44.629632843177,32.4741632668507,24.5504784047006,18.3084769451918,10.6140631110042,6.29265260121488,0.102270265920623,0.158549765926548,0.739179968152829
159,159,"high",0.290308954032035,0.369667358799514,0.0980543798092773,2,0.054955378035018,0,0,0,0,0,0,0,0,0,0,0,0,0,0,0,0,0,0,0.0639109244987038,0.114640400662244,0.399958044203292,0.0227131107159049,0.0406435237405013,0.0689692951906655,0.436228839547089,66.9720535268952,58.9839780167821,54.81875631894,45.2359288916125,36.3758335252955,24.8909326980464,18.3002899176016,10.6148876885594,5.91812553982329,0.0129549767303755,0.129547282170339,0.857497741099285
160,160,"high",0.311893715499611,0.331703569847498,0.106461173224619,1,0.0462624190210108,0,0,0,0,0,0,0,0,0,0,0,0,0,0,0,0,0,0,0.0533140570984435,0.118041152453803,0.244236095325644,0.0146763112853253,0.026851644658115,0.0509659672224323,0.484497438097393,63.5207738822119,60.2131056742788,49.2718971216118,41.8830309244352,36.0600899170808,26.3349425365181,16.5586756820014,10.6214445828127,5.72399359207025,0.083502498269156,0.236510282325321,0.679987219405523
161,161,"high",0.314108007127687,0.386404931652088,0.095147325076341,3,0.0461546386146357,0,0,0,0,0,0,0,0,0,0,0,0,0,0,0,0,0,0,0.043828785468232,0.185822323720961,0.251330175027119,0.0198865804421136,0.0102625406527769,0.132255502803853,0.50332064127517,67.7054000939014,59.6249346788729,56.7986840617744,43.2109690866008,34.4496635162728,26.6152867206147,16.2691925252505,11.8792484076836,5.90510642927751,0.00180086112394038,0.215374731273288,0.782824407602772
162,162,"high",0.210241805990373,0.471912053536,0.103602710252648,3,0.0449434294062763,0,0,0,0,0,0,0,0,0,0,0,0,0,0,0,0,0,0,0.061143624398074,0.115990709540423,0.506269090977063,0.0228668664024119,0.0469756663462783,0.084985333806817,0.630450939960974,73.4737814681875,59.8075408892783,49.3351139084206,44.2227711498914,32.9153658335258,25.0164936866363,18.3227185450481,10.844865131908,5.70639517387067,0.0200287007556028,0.344936541542994,0.635034757701404
163,163,"high",0.227447693767136,0.209414217183604,0.0931737017311687,2,0.0446062734968062,0,0,0,0,0,0,0,0,0,0,0,0,0,0,0,0,0,0,0.0631682500236469,0.137789753273173,0.429445991030021,0.0188976452532407,0.0184400310276557,0.204368461342354,0.497812086976619,74.0546922997659,58.8602095131729,57.4910598592124,45.512701481304,33.8123252257313,24.9890260808248,17.9799071285957,10.6884372413585,5.86609858243738,0.00376537419975334,0.331269159417299,0.664965466382948
164,164,"high",0.243572357965984,0.199581269422721,0.0959515076735077,1,0.0481259897602747,0,0,0,0,0,0,0,0,0,0,0,0,0,0,0,0,0,0,0.053663802643212,0.0750010511298932,0.233175252449616,0.020464054591195,0.0238462062339569,0.177885102313952,0.538629287898243,69.6618816863001,58.3061178657108,50.948239806152,43.3135950944597,33.9354998481328,25.8503208523235,16.901968410365,10.6324189389862,6.11788926733447,0.01419948529604,0.122829358892345,0.862971155811615
165,165,"high",0.320322741405312,0.507379465135378,0.0920901741083407,2,0.0457988332677012,0,0,0,0,0,0,0,0,0,0,0,0,0,0,0,0,0,0,0.035148613001567,0.115360122444956,0.319311258518314,0.0182439130998242,0.0286045188968565,0.200340169222158,0.564333215607456,63.7526781903593,67.1000383056385,53.0140380662963,46.8885874583797,30.3922002899393,24.4532375461013,17.7834728761773,12.1623401338513,5.82588924451681,0.112481995361688,0.181366986966771,0.706151017671541
166,166,"high",0.270489590815834,0.544324189049838,0.099025354373539,2,0.0548393826381769,0,0,0,0,0,0,0,0,0,0,0,0,0,0,0,0,0,0,0.0558690346209034,0.10777264757006,0.289164312202737,0.0175024092778428,0.0202865401907033,0.29885886674377,0.484959958106872,68.9483937450629,62.0806620078845,52.8726575148405,42.3006003240839,30.9801698442174,24.3821238580039,16.9667634612841,10.4044628564567,6.16389523690707,0.10471121948606,0.301734668256557,0.593554112257383
167,167,"high",0.404310227295913,0.338496355497377,0.0984882452580713,2,0.0439661790939268,0,0,0,0,0,0,0,0,0,0,0,0,0,0,0,0,0,0,0.0389500909550627,0.119400375512348,0.252140554916509,0.0182030718378231,0.0275207463700059,0.0735028543777169,0.580950190272448,76.9552321928296,59.4814419590424,50.3150387507433,40.8106695279992,33.2037744037628,25.3593847193591,17.5370748182276,11.7381711914559,5.93979591402927,0.0160013678641534,0.193672018443183,0.790326613692663
168,168,"high",0.388815581431028,0.405949668515475,0.098283831946122,3,0.0499969136736311,0,0,0,0,0,0,0,0,0,0,0,0,0,0,0,0,0,0,0.0467470213340944,0.117067804595878,0.454538364161857,0.0235670793347467,0.0278575066204788,0.0797948017288023,0.473838685205704,73.3224462483363,64.2010557847249,49.9020237420902,40.9922861934664,33.5915721593102,26.395685219017,18.0397340334234,10.5036514653734,6.28183732529973,0.0482027763337184,0.235552054341048,0.716245169325234
169,169,"high",0.24734203002072,0.401531088176329,0.100520838197361,2,0.0568522430357824,0,0,0,0,0,0,0,0,0,0,0,0,0,0,0,0,0,0,0.0670776868741731,0.104350268646491,0.290853581982739,0.0196084484713593,0.0201440348127791,0.0717704102816458,0.525768458303934,73.1658949345911,58.1425108960372,53.6472336572191,43.8765429154086,34.1773407657894,25.2772343978328,17.3298910948797,11.1836469422495,6.13001691866713,0.00667596077359059,0.289884957226343,0.703439082000066
170,170,"high",0.382094433917208,0.204491689815506,0.111052039074765,2,0.0495249643087261,0,0,0,0,0,0,0,0,0,0,0,0,0,0,0,0,0,0,0.0502543169082391,0.156171531276011,0.384059873750756,0.022198537787932,0.0176830832026645,0.178267149657683,0.517891358280234,71.9079957432265,57.1979136525129,52.989140423039,43.6935285558742,33.8598506080355,25.0073654292489,16.2317120515025,10.6012816632935,6.28010661274852,0.0596929579985086,0.239324119514328,0.700982922487163
171,171,"high",0.276098758211999,0.302176087035805,0.103586610769037,2,0.0602647082149838,0,0,0,0,0,0,0,0,0,0,0,0,0,0,0,0,0,0,0.0414503234969464,0.0932738307542758,0.587985696498584,0.0178482437046973,0.0467517771578802,0.0561497884714992,0.486144114050163,69.1452022128013,64.6547360452499,54.0351875282649,45.1635808088731,31.2330980617878,26.0341878632821,17.7282477345995,11.0366624203059,6.04885088871648,0.00552843552534599,0.210071609483756,0.784399954990898
172,172,"high",0.346518809482307,0.529566731883736,0.111798539116806,3,0.0452233439721902,0,0,0,0,0,0,0,0,0,0,0,0,0,0,0,0,0,0,0.0713202697396627,0.131355067745878,0.144958632017832,0.0217614000005299,0.0269649192055942,0.150775732780997,0.485715118960881,66.2259150913858,60.2722620318616,56.5204777542663,44.7793943313116,33.0406441121358,25.9045042735177,17.7439376768167,10.9316028716864,5.7836460024889,0.0472070078296657,0.246340952403699,0.706452039766635
173,173,"high",0.221663914729259,0.170529543060699,0.0990462578422211,1,0.0443304759608261,0,0,0,0,0,0,0,0,0,0,0,0,0,0,0,0,0,0,0.0347391016444339,0.125565118464805,0.318948084856148,0.0182134134015601,0.0195687103476892,0.0938046324008901,0.451832624044945,75.9957205426669,60.9240255163228,52.8969948808915,41.6927237218133,36.3264430029297,23.9133536957508,17.8172260687607,10.6029046232113,5.70458099769346,0.171687912341921,0.227865695977259,0.60044639168082
174,174,"high",0.225266728734774,0.368293947367202,0.0990565064716105,3,0.0450163962481528,0,0,0,0,0,0,0,0,0,0,0,0,0,0,0,0,0,0,0.0556046209480265,0.139751976952412,0.2972883187147,0.0205731411134205,0.0234921485448361,0.0598968715578294,0.55373297264656,72.6563441274004,58.3551258079131,49.0768208171369,42.689095940245,34.6328511255445,26.3646153412026,17.6751059023434,10.9403543691045,5.64737212883964,0.0314485440959941,0.256108589706151,0.712442866197855
175,175,"high",0.275928701654726,0.32337348515672,0.103338130298879,2,0.0623436412275388,0,0,0,0,0,0,0,0,0,0,0,0,0,0,0,0,0,0,0.0466662787466009,0.163070797341751,0.531727591074168,0.0175993470207468,0.0243716933364552,0.162759754905216,0.479959734596092,74.2633946680534,59.8996424821339,52.011463416242,45.3889120124165,28.8552954616651,26.2912040797372,17.5533747701466,10.9338867328183,5.76501043276006,0.0396435869125921,0.259158963095661,0.701197449991747
176,176,"high",0.371824288353432,0.351476004569034,0.102505055460952,3,0.0477260408904583,0,0,0,0,0,0,0,0,0,0,0,0,0,0,0,0,0,0,0.050219747397427,0.177190994360151,0.424829541433558,0.0162999158235194,0.0220123221438136,0.118476538958687,0.499794522350849,66.9343665810727,64.2462828833035,51.3810381970705,52.6310904302676,32.6254676252638,22.939530127286,17.41249348001,10.1962661821745,6.54152020995218,0.119696833754083,0.41683911749126,0.463464048754657
177,177,"high",0.328373471436795,0.183699206118966,0.102817839858218,3,0.0479672874559585,0,0,0,0,0,0,0,0,0,0,0,0,0,0,0,0,0,0,0.0616354493814327,0.156785775508948,0.338441359008964,0.0165228085027921,0.0256633671694291,0.10836832319509,0.503395748395217,65.0368187909307,60.2403770941238,51.8597774558183,40.720434797027,32.9780247484864,26.2411946754437,19.2706981676625,12.3187588770941,6.18585974142872,0.043138039056893,0.329009181853856,0.627852779089251
178,178,"high",0.22473366585484,0.2342449899815,0.107323024939561,3,0.0541447087223829,0,0,0,0,0,0,0,0,0,0,0,0,0,0,0,0,0,0,0.0500754105713268,0.124729338523611,0.247225108591838,0.0234741533577742,0.02467690732941,0.134972154456262,0.590286927262877,74.1325366567969,62.9544516581241,52.6270593257021,41.0411409886948,36.896027838708,28.0324172651018,17.649173839125,10.5213492155078,6.26221461466913,0.0240216351524441,0.307655293535728,0.668323071311828
179,179,"high",0.237207463981746,0.239129087171678,0.102561364910633,2,0.0612604740386002,0,0,0,0,0,0,0,0,0,0,0,0,0,0,0,0,0,0,0.0302593357147107,0.130655400612776,0.517841584649314,0.0189029265802136,0.0176475451843965,0.124250306108534,0.514363675270748,68.8991333516905,65.9839574470788,48.5506439950159,45.1780152788521,34.5321456264278,24.7045255705197,17.2026456775913,10.8537445524983,6.24871750892228,0.174283436535465,0.147251605343552,0.678464958120983
180,180,"high",0.184739326133534,0.345552647661617,0.102660395098632,3,0.0517501785902302,0,0,0,0,0,0,0,0,0,0,0,0,0,0,0,0,0,0,0.0517603197071673,0.142685392841867,0.599729995988423,0.0188667931923231,0.0366643642520541,0.123453955488838,0.639527323414618,82.5061376364155,61.2364795284053,52.9639564961711,42.4929462110176,33.9042259289937,25.8927408921752,17.8996221456734,11.4286665570089,5.75132125880167,0.0112779412999822,0.502437615339641,0.486284443360376
181,181,"high",0.223344069107842,0.316499849997985,0.106055860368693,2,0.048011366414543,0,0,0,0,0,0,0,0,0,0,0,0,0,0,0,0,0,0,0.046901956138911,0.110485800976124,0.230540349611918,0.0171015628031068,0.0196775856534599,0.100436301851338,0.529358273223237,64.9204235648379,64.5017997088278,52.2239842698962,40.6490250093711,32.6299539794473,27.227627713673,17.585648604247,11.4817983127205,6.4637862666591,0.103619825645887,0.149058420809479,0.747321753544634
182,182,"high",0.343745404848749,0.268820346272067,0.0949061318067567,2,0.0579505352261431,0,0,0,0,0,0,0,0,0,0,0,0,0,0,0,0,0,0,0.031448422740063,0.128759089714672,0.416966231666562,0.0204244548502779,0.0236919142697282,0.102372187026557,0.505396343164827,65.8983591130228,62.7558662307289,55.259383372627,44.4432191596279,31.7928241468575,26.1704850959707,17.9846380959855,10.1432720086992,7.0174991461078,0.085633720085229,0.384131018132469,0.530235261782302
183,183,"high",0.261945828090297,0.40417705389495,0.0965029227902455,2,0.046327767858857,0,0,0,0,0,0,0,0,0,0,0,0,0,0,0,0,0,0,0.0503303136838232,0.116252447796512,0.298663961636154,0.0239581106419059,0.0128216433906284,0.055020971202566,0.492305669992614,71.7634853399185,62.2632547446252,56.1384429795411,43.1393444828775,34.8198283164542,23.8266973685518,18.2970568387026,11.4996574298742,5.91007964679537,0.21466133564569,0.417585046096289,0.367753618258021
184,184,"high",0.256373164733353,0.473670514187919,0.10279527669819,1,0.0449757179174442,0,0,0,0,0,0,0,0,0,0,0,0,0,0,0,0,0,0,0.0377396374545536,0.138484665432408,0.382904819035478,0.018779064450849,0.0414187169745466,0.0850926519644728,0.495418393768507,65.9735047318198,60.00626969279,53.6710139397654,43.0118613065004,35.0736706337264,25.1554567206256,16.6475914582306,11.07092932066,6.46722119015131,0.0238911855348172,0.194191409173073,0.78191740529211
185,185,"high",0.274537972924692,0.444431512534286,0.0997837036874828,2,0.0432715658371253,0,0,0,0,0,0,0,0,0,0,0,0,0,0,0,0,0,0,0.0499781856253956,0.118048867052865,0.47436150812076,0.0208047283483411,0.0219617773522046,0.0915798412782749,0.522441279108876,68.6625956484235,58.7592413510069,50.3768868256562,44.889147548051,33.1208472741893,25.4707580887405,17.2090845777263,10.4173742631978,5.77967154655843,0.0371068087754012,0.226101318273893,0.736791872950705
186,186,"high",0.246523705666989,0.464979675685436,0.0971200200788442,1,0.0515838747634915,0,0,0,0,0,0,0,0,0,0,0,0,0,0,0,0,0,0,0.0348262315320478,0.184255695327879,0.438114019908452,0.0221834612019221,0.047877885690916,0.0562438205634812,0.527838154303353,73.3553776381262,62.3321554387001,51.5370718119697,41.1717118288931,32.0461446011022,27.3241276410278,17.7130138415905,10.8116731706464,6.20412484597724,0.00941025176276097,0.255374528409408,0.735215219827831
187,187,"high",0.318330505764655,0.133176797337593,0.0979928797956595,3,0.0531397788253046,0,0,0,0,0,0,0,0,0,0,0,0,0,0,0,0,0,0,0.0411892530992631,0.106925396295925,0.314168093975748,0.0195469950675801,0.0273254523424505,0.0668273218706018,0.554152094833862,66.6348841443039,62.7857811810481,52.6400955634489,39.4952758622733,31.3601278254255,23.8758846753671,17.3080488445524,11.1651640304004,5.89990362388408,0.0891185442031337,0.26425263996262,0.646628815834246
188,188,"high",0.343939085597099,0.2536108923658,0.103641981377747,3,0.0480409826053643,0,0,0,0,0,0,0,0,0,0,0,0,0,0,0,0,0,0,0.041523280848975,0.160862136078366,0.267560882471268,0.0196917351030534,0.0204059561071246,0.070115124029458,0.585145608380899,74.4510883883377,55.9148023832001,53.5523230892894,43.1578229354233,36.8074071046616,26.2332076828257,17.3962305606542,10.678814122614,5.57464111362633,0.14085742839309,0.197845004109185,0.661297567497725
189,189,"high",0.422834214607615,0.439565827433344,0.0994637392112821,3,0.0477660440381867,0,0,0,0,0,0,0,0,0,0,0,0,0,0,0,0,0,0,0.0532880627007937,0.158897221081093,0.132904037109029,0.0163371598679014,0.0279759538526279,0.0641583798146141,0.564009913485749,71.8548795800006,60.9257262099288,54.4552656092446,42.7806598516197,35.5011294379382,25.1315735455716,16.9364135275784,10.8650116552855,6.04231782846837,0.107580750614064,0.309320758244962,0.583098491140975
190,190,"high",0.305959083343242,0.380808977332135,0.104643453862777,2,0.0550630290960438,0,0,0,0,0,0,0,0,0,0,0,0,0,0,0,0,0,0,0.072234236208953,0.163809104861056,0.130372339718058,0.0180544339878356,0.0310738313693529,0.13364283829717,0.560285388883196,68.346869940334,60.2654280592654,48.7818859214253,41.2044356947805,32.1315240518635,25.8045949620209,19.3287716623494,9.9703625933886,6.2519573513587,0.00237596130735006,0.087378906464813,0.910245132227837
191,191,"high",0.283314837762027,0.161891500135668,0.0924569704662424,2,0.0493809886360305,0,0,0,0,0,0,0,0,0,0,0,0,0,0,0,0,0,0,0.0563956741917419,0.131769907070408,0.480274302279727,0.0175784998980823,0.0251323559505979,0.0452802519985031,0.543156452408028,71.9551373908931,64.6803091316523,54.9935807374431,40.1054888533395,34.7313521530118,25.3402332580082,16.7154902504357,11.2639773196481,6.90889563349076,0.340017096806712,0.202309610163519,0.457673293029769
192,192,"high",0.263027187455331,0.514119566769044,0.0940628807847358,2,0.0358962639991886,0,0,0,0,0,0,0,0,0,0,0,0,0,0,0,0,0,0,0.0513532664768637,0.114880902914831,0.197724631533189,0.0175689178855803,0.0191791004916433,0.0536362928042443,0.464274423967257,71.9202882551046,64.0317864490177,46.81186595604,44.2374559899637,33.645013243868,23.2201170072306,17.9293793499173,11.1567498575038,6.17239287597462,0.0361597003966301,0.300505786561863,0.663334513041507
193,193,"high",0.273686145073417,0.508840396649629,0.101239263031102,3,0.0487128737390837,0,0,0,0,0,0,0,0,0,0,0,0,0,0,0,0,0,0,0.0485052600298837,0.110417074724889,0.599060394139411,0.0230947160625734,0.015270192573561,0.147661239667878,0.524359076573366,75.7254337937705,59.980456218645,52.1392694662169,43.599637954976,33.8854857185393,25.6695356185605,17.3440378582942,10.9025430540755,6.59547021503589,0.0719904320202717,0.542465484228614,0.385544083751115
194,194,"high",0.284452411028515,0.300792054874699,0.103316129258896,2,0.0487492279158094,0,0,0,0,0,0,0,0,0,0,0,0,0,0,0,0,0,0,0.0482100933365366,0.112057968376189,0.109729747201242,0.0185064248935295,0.0432975373464628,0.0936955094986315,0.516376514742943,69.9503222672257,65.5939138964219,52.9348637768614,44.5777213221289,33.7015560545829,24.9072431389153,18.1271551522705,11.0853712736629,6.27203000887161,0.07145715006742,0.173483614850913,0.755059235081667
195,195,"high",0.330457701139559,0.362140806117051,0.0983366088434265,3,0.0574529223205589,0,0,0,0,0,0,0,0,0,0,0,0,0,0,0,0,0,0,0.0613996509527687,0.0887506151364384,0.319704310779663,0.0155849015890112,0.016606507694215,0.0632202797876205,0.543472876032299,74.8506776282791,65.4207346417996,52.5796223932907,41.0210880679182,32.7558577508542,25.1342681939179,16.5372145810435,10.6656586195531,5.78665634790658,0.00851422686130465,0.0975551305304464,0.893930642608249
196,196,"high",0.287099685855889,0.315714767663005,0.105711990214461,2,0.0483666467575032,0,0,0,0,0,0,0,0,0,0,0,0,0,0,0,0,0,0,0.0506037048870789,0.135905587735084,0.242188645768868,0.0164835151874423,0.0338241187954493,0.0929577011353426,0.567511272608284,62.7084715500158,61.2255982059252,54.9706933964372,42.0374166635443,33.3741364008623,24.3280162415294,18.4067770173198,10.5833888245088,6.59656508065965,0.011245088670393,0.184918193001396,0.803836718328211
197,197,"high",0.376943426795105,0.571947510682736,0.102113983352007,2,0.0455200390008426,0,0,0,0,0,0,0,0,0,0,0,0,0,0,0,0,0,0,0.0491304960371032,0.121567633039275,0.148530033318863,0.0231484293429302,0.0296846176324518,0.179019093757771,0.573490532238191,75.314733506868,65.7766705644868,49.361827076798,43.6224559308888,35.2666355864271,24.9140086084886,16.5439648937287,11.7473456279244,6.26627849101448,0.0116266262138266,0.414820346034675,0.573553027751498
198,198,"high",0.261255031362675,0.449190499527331,0.100601441773643,2,0.0566627763623203,0,0,0,0,0,0,0,0,0,0,0,0,0,0,0,0,0,0,0.0490282984797066,0.165001791927646,0.411679684505696,0.0189656675863918,0.0164396009185133,0.181958955627519,0.507427211967036,71.5394305409839,61.2078886089118,50.478121306268,42.6664539458598,31.8584628700979,24.6175534088926,15.8953153842294,11.0004830851152,6.03607751127918,0.0287035003038148,0.15941408425069,0.811882415445495
199,199,"high",0.348771024540305,0.32146532753344,0.11511861531412,2,0.0411608969912546,0,0,0,0,0,0,0,0,0,0,0,0,0,0,0,0,0,0,0.0650653689931346,0.114785001436433,0.341092183419674,0.0192889692125691,0.0198253337779461,0.0588737028043739,0.54445763031387,76.5620155968352,62.0350581681041,50.2936750760436,41.5088190969185,31.8317540383361,24.3922487394034,17.1896567336987,10.5230220415401,6.05556598053543,0.0301191001961849,0.43602585830071,0.533855041503105
200,200,"high",0.294838263543985,0.143510574234785,0.107063317841275,2,0.0554978079225493,0,0,0,0,0,0,0,0,0,0,0,0,0,0,0,0,0,0,0.0462478010997501,0.131460028263945,0.241171247171508,0.0174374078369418,0.0231783906922992,0.220071311003632,0.489319856280639,72.0575644492428,61.6288305270132,53.6564450949833,37.0501674853186,32.3823081517877,24.6694404328378,16.9643199417445,10.6996235360448,5.93654564507955,0.0230551864783096,0.160341402334573,0.816603411187117
201,201,"high",0.444367121151039,0.366429762350353,0.0985508786652318,2,0.0541764422949399,0,0,0,0,0,0,0,0,0,0,0,0,0,0,0,0,0,0,0.0381447307309743,0.137880276703607,0.27298155387304,0.0187622599753759,0.0399769148136492,0.153678685345747,0.543812827671312,67.6142645837123,59.3214096390225,54.0696571393356,44.4986361668844,31.5043590476979,25.0049894028825,19.068286579877,10.8197150570641,6.37867918147906,0.013686986277088,0.575280782295314,0.411032231427598
202,202,"high",0.387241089915025,0.417823730782652,0.10908937917452,2,0.0461161821716605,0,0,0,0,0,0,0,0,0,0,0,0,0,0,0,0,0,0,0.0553173899890502,0.12014867962949,0.218598282801475,0.0155570765456214,0.0343340117603838,0.0769763851155632,0.580544592993562,66.1035162273353,61.7026645258858,50.1266150268527,42.9554053335818,34.5473944865687,26.868872161691,16.823504968541,10.6687417625091,6.06268924168754,0.0945632726300154,0.242981922847123,0.662454804522861
203,203,"high",0.313434515263852,0.124276726115841,0.0934519356638188,3,0.05491091942104,0,0,0,0,0,0,0,0,0,0,0,0,0,0,0,0,0,0,0.0760952655763257,0.157678927319768,0.357895654204501,0.017459309004333,0.0428847963704577,0.0965293778356231,0.504400372723372,76.0278245889775,55.787314362563,54.4435953508033,44.2668722727016,34.1830349094365,26.9653784603718,17.787149061926,10.2561977479323,6.24524951530691,0.124656962479175,0.203353912227618,0.671989125293207
204,204,"high",0.233196774202177,0.417630208876688,0.098984663834519,3,0.0520116170225829,0,0,0,0,0,0,0,0,0,0,0,0,0,0,0,0,0,0,0.0434456890612868,0.113470934192678,0.228418532725342,0.0183250960318108,0.0198892496818623,0.0812507566151544,0.617016585013585,70.1041000124337,61.1475384499359,57.4149993179016,42.6361257394878,34.0270839597407,24.7207058784487,15.717058971701,11.552658964349,6.22550924228508,0.0191386760354739,0.362312606143477,0.618548717821049
205,205,"high",0.255378941525349,0.151864685350525,0.105533014258516,2,0.0575285260961896,0,0,0,0,0,0,0,0,0,0,0,0,0,0,0,0,0,0,0.080610592685493,0.0876525312580234,0.4045776029455,0.0222450674932883,0.0177905413290852,0.0686562009897975,0.520967806660103,74.030094866797,65.8063906997438,53.0817825316272,39.1990469501356,34.1713465057699,26.2805853742354,15.9972747982292,10.4197278036877,6.40901741871681,0.146537666488651,0.341303791268215,0.512158542243134
206,206,"high",0.304753508086749,0.331815635679773,0.102373828674662,3,0.050685463015453,0,0,0,0,0,0,0,0,0,0,0,0,0,0,0,0,0,0,0.0387323468425747,0.148706577736351,0.200904215466768,0.0217357321455427,0.0107254376110406,0.0979360577752819,0.51884098219399,75.5249749003913,59.037274948508,53.4703928066068,44.4048692325219,35.4452268424246,24.8079458483565,17.1082115719571,11.9671376087676,6.16999794194949,0.00272493149905412,0.289605418330426,0.70766965017052
207,207,"high",0.222425407163229,0.560747094450425,0.113922691712481,3,0.051305814134405,0,0,0,0,0,0,0,0,0,0,0,0,0,0,0,0,0,0,0.0591032872988294,0.139132394556575,0.347251322603871,0.0177842541185233,0.0307991741261753,0.112944705242589,0.625243140414576,72.7352640429445,59.6777817876625,49.9218765691874,38.2401397647468,31.1084845568591,26.9830581024217,17.3649323578636,11.2861363318031,6.19929593164835,0.0350206238239411,0.358153869805724,0.606825506370335
208,208,"high",0.24006223959545,0.193600864368351,0.100866425758139,2,0.0472962584057397,0,0,0,0,0,0,0,0,0,0,0,0,0,0,0,0,0,0,0.040970906560436,0.152160446735267,0.226326833640419,0.0169180653923981,0.0266044912360978,0.24682053442426,0.582385956901011,70.5247127224909,59.3388370705194,49.2006441499146,42.8211948836288,31.9997323496995,26.389372372007,18.425842173838,10.702540222825,5.99588088909135,0.0664119472620614,0.326697807476661,0.606890245261278
209,209,"high",0.333206776910873,0.376244236881949,0.100618951099393,2,0.0479607274173406,0,0,0,0,0,0,0,0,0,0,0,0,0,0,0,0,0,0,0.0369882030793479,0.121730321012397,0.290413490838535,0.0221082221228605,0.0426224792135752,0.14456488092229,0.600942672067456,78.6256691349408,61.6389947005672,48.2302680928021,43.2454175479762,32.1195278413471,24.7244603550686,17.3784361462223,9.68445888280583,6.10872727592702,0.000493169212715465,0.212392850712242,0.787113980075042
210,210,"high",0.296500172515221,0.101209354554347,0.100631827308418,3,0.0394931142114371,0,0,0,0,0,0,0,0,0,0,0,0,0,0,0,0,0,0,0.0386444431522867,0.117854583080961,0.239936944947494,0.0197497269055422,0.0145556405325033,0.147098657719887,0.516979496401137,68.7489129697661,62.0489464681273,53.3941141505848,41.044437999711,33.0928294852038,26.440771738777,18.4218726696477,11.6135624502464,6.33807889272882,9.71089105082559e-05,0.18958535911856,0.810317531970932
211,211,"high",0.340168209268528,0.451336906646641,0.103973196765357,2,0.0491690200816156,0,0,0,0,0,0,0,0,0,0,0,0,0,0,0,0,0,0,0.0539041594894611,0.124299263721257,0.355828345422897,0.0188315303153585,0.0209439048571655,0.128252217623211,0.51998651230357,74.4282455188256,67.1226744680114,52.4779271103273,44.1643831782516,34.4855233188689,25.0957788917855,17.4714407192956,11.1676359133196,6.37396134107078,0.018135377253286,0.115258828814714,0.866605793932
212,212,"high",0.319797556649191,0.347460650573954,0.113206512670089,1,0.0494448538449384,0,0,0,0,0,0,0,0,0,0,0,0,0,0,0,0,0,0,0.0472645002180491,0.13218896962756,0.228980006919948,0.0190046399525203,0.0232179343271425,0.114187080971451,0.565968907036379,74.7399667791249,66.7842697304578,53.8590830537879,43.072841876216,33.6028248633926,23.0172383330584,16.8449435693617,11.6000954378627,6.06029591376116,0.0606620571532692,0.227917711560309,0.711420231286422
213,213,"high",0.376248968632999,0.20118001469812,0.103657306686365,1,0.0492175753144928,0,0,0,0,0,0,0,0,0,0,0,0,0,0,0,0,0,0,0.0396449322757926,0.115000947201564,0.239250911328353,0.0188861816081972,0.0303973452883696,0.166620724576314,0.499591461901429,73.7196019863756,59.7922416921491,54.4896461520456,41.8132189472231,32.7941007369125,24.9295565478055,17.0233279976283,11.3666070381891,5.72157961252492,0.0914200495394891,0.209254895915296,0.699325054545215
214,214,"high",0.297742804936754,0.224164051369418,0.0956680938121217,3,0.0413486721192115,0,0,0,0,0,0,0,0,0,0,0,0,0,0,0,0,0,0,0.0449827164071646,0.120900203333663,0.213567645703535,0.0256194961680762,0.0193263944745592,0.0716379947450942,0.526135581715287,67.3541751912833,64.6312243926194,53.8940261816402,40.5264177875399,34.0441257609736,25.96552636137,16.8364035018631,10.5059555624296,6.17831022962905,0.00535588019768882,0.504625520712329,0.490018599089982
215,215,"high",0.228374056132602,0.442239508824996,0.0969768981605438,1,0.0480953408657909,0,0,0,0,0,0,0,0,0,0,0,0,0,0,0,0,0,0,0.0443953312477199,0.0860490111191025,0.108458864453289,0.0189809796120186,0.0333705559403683,0.0500946116072116,0.582708737430316,72.3988144246563,53.2753638119964,52.0737965364608,42.3205819522464,31.9440110780471,24.9624598217597,19.0008980514773,11.3084632718237,6.91453562357583,0.0955550013008889,0.240675460663328,0.663769538035783
216,216,"high",0.368043930420275,0.233934936899927,0.10006242404216,2,0.0488614933666003,0,0,0,0,0,0,0,0,0,0,0,0,0,0,0,0,0,0,0.0346858965298317,0.084131335139417,0.525843103867307,0.0193871838192361,0.0222096551271804,0.0324311503171432,0.627405218897876,69.1507587635438,61.8172225079346,58.6156017201435,42.1698564468219,34.4835102507771,23.2922686452801,18.7471865451494,9.49504847784223,6.32301773350604,0.0271042012067976,0.225850240577978,0.747045558215224
217,217,"high",0.285338112604149,0.139809799077793,0.101970633297183,1,0.0513939772777878,0,0,0,0,0,0,0,0,0,0,0,0,0,0,0,0,0,0,0.0619688709887491,0.12933537569351,0.366284711515528,0.018252508122644,0.0328079722589291,0.0448284813403958,0.555767845874723,69.3459037476322,63.7900234735763,57.2171947169719,42.3873846818995,31.0734217894252,27.4238729136081,17.6521641936674,11.1417224536259,6.4974230136888,0.100675587045458,0.361049115635006,0.538275297319535
218,218,"high",0.348536325850374,0.473040331428951,0.109080025335978,3,0.0431013183506901,0,0,0,0,0,0,0,0,0,0,0,0,0,0,0,0,0,0,0.0416675014337451,0.180825364818474,0.156725406354597,0.0170029504342544,0.0363825488149222,0.0690198278706374,0.472598776194289,72.6083569225948,60.1006890962202,53.097516204563,45.9326313204089,32.3505604472172,24.5683154066623,17.6084846252964,9.6349095293446,6.48484128736243,0.0873083121900945,0.498969672441813,0.413722015368093
219,219,"high",0.25831418814594,0.280418514132066,0.0972542103039232,3,0.0482058173839842,0,0,0,0,0,0,0,0,0,0,0,0,0,0,0,0,0,0,0.0633961156753946,0.155902115552584,0.243107006549373,0.0154233891591682,0.0239669837283049,0.113237540933768,0.564932208798847,75.0841039645425,58.0903985758538,54.4350685282803,38.7701094962041,32.8501086758782,26.5267289357425,17.78080799848,10.9698368064069,6.10649379944457,0.0896526733753809,0.338520015579588,0.571827311045031
220,220,"high",0.213893995367673,0.282924373190967,0.0975826953582258,2,0.0537411489610795,0,0,0,0,0,0,0,0,0,0,0,0,0,0,0,0,0,0,0.0479639304687129,0.127567813166078,0.367973334909405,0.0164521442462207,0.0254391368831555,0.0586512787573044,0.551015608388739,68.9827837051495,59.3877068171428,51.9407565824509,38.525645819078,32.867828967174,26.57532270365,18.0520534510689,10.9729698459598,6.05470087149069,0.00646688593231603,0.520229758563536,0.473303355504148
221,221,"high",0.269660341606753,0.333179638981097,0.108739249915757,2,0.0456005876611584,0,0,0,0,0,0,0,0,0,0,0,0,0,0,0,0,0,0,0.0541160975977576,0.123911395814172,0.355507619469306,0.0156885022045268,0.0210974301681959,0.0624748420477808,0.548261376188709,70.5511957829999,62.0223520260221,54.3219745595379,44.454339284281,36.9743117308219,25.1802857378099,17.6682536118423,11.3316148038427,6.7850822484877,0.00515638480605106,0.136064062081005,0.858779553112944
222,222,"high",0.24939684373082,0.176560344359885,0.109522712444144,2,0.0522782216029518,0,0,0,0,0,0,0,0,0,0,0,0,0,0,0,0,0,0,0.0476390634256785,0.101004461361711,0.381875140908708,0.0177732852141204,0.0175947287026128,0.103588436628678,0.557761686710672,75.0950402061301,61.6954666640188,54.3936001868753,43.924990028314,31.5928139436844,25.9563941854393,16.3758457469765,10.2956280965169,6.00296057488382,0.0889207882096722,0.184085940769712,0.726993271020616
223,223,"high",0.294014355541118,0.289215319215702,0.0984764245656454,3,0.0472014914732351,0,0,0,0,0,0,0,0,0,0,0,0,0,0,0,0,0,0,0.0578764204447656,0.170136341891491,0.280244805507077,0.0142738922047397,0.0191576074514505,0.0568638935893485,0.515992772658549,69.8382348637255,60.1283379494027,51.2188831674507,46.4889470748784,34.5100516003109,22.7598596228945,18.9066783291092,11.3885602284583,6.46830097937674,0.229119257919758,0.239349968189109,0.531530773891133
224,224,"high",0.32421471174379,0.113079406818753,0.105797580322043,1,0.0523450043249509,0,0,0,0,0,0,0,0,0,0,0,0,0,0,0,0,0,0,0.0374112947769023,0.123039911800369,0.294110768892086,0.0174076764101396,0.031733613586284,0.116450863227496,0.517049251149447,68.5951494573971,67.4200348685622,50.3415279694281,40.4874142242679,30.7547852837858,24.1773630487136,18.6346727339209,11.033541919549,5.84059236738373,0.0224931592477887,0.263325892807495,0.714180947944717
225,225,"high",0.272589916256927,0.52809290504465,0.0973665153887682,2,0.0549853089304518,0,0,0,0,0,0,0,0,0,0,0,0,0,0,0,0,0,0,0.0453011946250395,0.120335775338009,0.590300917510911,0.0191721276426093,0.0213693104922634,0.0445110882637053,0.493975907003297,72.0181801605886,56.5022937604609,50.0073880545989,42.447167835935,32.2937628360244,25.8561694907971,19.2737486139907,9.79794232704637,5.4153453761963,0.00435809517039723,0.372809806039694,0.622832098789909
226,226,"high",0.405452542837224,0.383268913420796,0.10848953675299,3,0.0519101318926738,0,0,0,0,0,0,0,0,0,0,0,0,0,0,0,0,0,0,0.0421018240458349,0.128882304900073,0.309769764727653,0.0244903107855805,0.0492094847970034,0.0739724084672085,0.544116806735921,67.0961694517332,63.4370093084598,51.4269368879125,45.0121818359029,35.8486118768141,23.2987924808847,17.6953852296319,11.0287630184017,5.97500684829545,0.0374139475924351,0.227942288884341,0.734643763523223
227,227,"high",0.296650823295675,0.381431738837094,0.103727669771558,2,0.0592508915871918,0,0,0,0,0,0,0,0,0,0,0,0,0,0,0,0,0,0,0.0593216208356158,0.124858332187345,0.60986127532307,0.017211466591333,0.0233685862164953,0.0892951054988546,0.47781745049665,68.38879070305,66.5245690537432,51.4143711370211,43.8649632122217,32.4106684515459,27.0781286726392,17.1207314875241,10.1768877074535,5.81942700695972,0.0780494428873079,0.53522570416129,0.386724852951402
228,228,"high",0.235578264473536,0.372537318953238,0.107202355843755,2,0.0476285481217473,0,0,0,0,0,0,0,0,0,0,0,0,0,0,0,0,0,0,0.0352378421204812,0.0826121009984057,0.482660350881306,0.0215820257956738,0.0255896921954309,0.145730555761509,0.513070430119184,70.4163400816333,61.6844598924544,51.4511738339929,41.2274945199116,32.586249126193,24.6976207997571,17.8529895122162,10.4818277703235,5.84631416160944,0.0639639836977327,0.11431008095061,0.821725935351657
229,229,"high",0.302063804331765,0.300935808106788,0.102599676167066,2,0.0608426240994718,0,0,0,0,0,0,0,0,0,0,0,0,0,0,0,0,0,0,0.0480115269704984,0.167502428260459,0.192409053798541,0.0178748579266278,0.0240559858450035,0.0486210904045291,0.596167946716792,72.6505487142942,63.2385695704157,50.4231921229579,45.9960793990985,39.9614720760965,25.2857328531441,16.7597867782554,11.3231788576433,5.88903379001936,0.00136092911063779,0.181021967956731,0.817617102932631
230,230,"high",0.373083729616595,0.280268050000477,0.0944552989554139,2,0.0535511273730017,0,0,0,0,0,0,0,0,0,0,0,0,0,0,0,0,0,0,0.0411735297955225,0.137378462098924,0.261587052969353,0.0159282447817541,0.0199647731492889,0.067221346403682,0.529883427682464,68.4731576315658,68.0181853138203,51.7003231241637,44.6750377661377,36.2929960250719,27.4501547480785,17.2247655007716,10.6539333483679,5.61172863676405,0.0498487571626026,0.22275202764861,0.727399215188788
231,231,"high",0.425205978865185,0.392452062407802,0.0913056422373816,2,0.0485610568277308,0,0,0,0,0,0,0,0,0,0,0,0,0,0,0,0,0,0,0.0459984580651577,0.125781679125523,0.313033899382175,0.0198251186530509,0.0173014803830682,0.114081481136807,0.673999927488679,71.7397583461901,62.4943429387978,59.6294561418043,44.3141110891701,33.0157364339536,25.6114796377713,17.6600499543872,10.8147899798029,6.04443670933886,0.0499186100792054,0.383755165175254,0.566326224745541
232,232,"high",0.363510913298777,0.435042677802446,0.101140587568976,3,0.0457789781430418,0,0,0,0,0,0,0,0,0,0,0,0,0,0,0,0,0,0,0.0444222216780183,0.129989316127011,0.267956450613146,0.0200715709827446,0.0160447905250595,0.183241278559019,0.465839243766003,73.6973364594353,57.6171658054637,52.8196802931698,40.3969844968821,34.5986977368238,26.3945742960539,17.7960544387329,10.4234135418133,6.15152008911677,0.0740747523763688,0.0927514952282052,0.833173752395426
233,233,"high",0.275253465109634,0.309805301006261,0.100118329329871,1,0.0483569698130434,0,0,0,0,0,0,0,0,0,0,0,0,0,0,0,0,0,0,0.0485227734802809,0.154743667894916,0.191288522996199,0.0251471055455586,0.0322710366477415,0.0766230976547085,0.530240767425339,70.984886218394,61.1067962907099,51.2791218439674,43.8599163361225,33.410391673198,26.3259133609145,19.198917109645,11.3437018882192,5.84000171939391,0.0164452292618429,0.443298462114598,0.54025630862356
234,234,"high",0.286119324108533,0.41314879966723,0.102694452044369,2,0.0583711083659151,0,0,0,0,0,0,0,0,0,0,0,0,0,0,0,0,0,0,0.0728684909139337,0.117584931602383,0.397460422803649,0.0204828454878018,0.0185823898927085,0.0789454099311156,0.595082640739277,67.939564890134,63.7343844528287,55.997338675819,39.7402758923507,34.6290905407855,26.2183779661934,17.5146472816462,10.4114924687246,6.10357878329422,0.112390932056442,0.197214750688807,0.690394317254751
235,235,"high",0.28621181721206,0.0719175487293196,0.096478908956433,2,0.0469571951891982,0,0,0,0,0,0,0,0,0,0,0,0,0,0,0,0,0,0,0.0473704022165285,0.134705587663708,0.381064249557849,0.0239243783929376,0.0216921314573064,0.0961778426097613,0.573778163043501,65.8102273628247,61.0111950579048,53.8097566498995,43.6513081563504,36.3083865567157,27.976720644856,16.6728678558563,10.9765023338055,5.87052235348555,0.00933916087635949,0.196275413673122,0.794385425450518
236,236,"high",0.273761873289642,0.524230394999624,0.102317312736937,2,0.044963133197447,0,0,0,0,0,0,0,0,0,0,0,0,0,0,0,0,0,0,0.0440254773475894,0.148084724507129,0.269230020387994,0.0185349029142532,0.0326699447271171,0.10631289576115,0.477365776863171,70.7969109353812,59.175112044852,50.1453071786124,42.2959738458499,37.1242394862548,25.7161716084373,17.7109456827143,10.5102913758125,5.99964070655395,0.0188517480757962,0.356174118702711,0.624974133221493
237,237,"high",0.25860189903357,0.191661656579667,0.0957911639014352,2,0.0564988196686738,0,0,0,0,0,0,0,0,0,0,0,0,0,0,0,0,0,0,0.0301662465144066,0.118855510234668,0.297608028454025,0.0180465948020511,0.012141782090629,0.0644607827978365,0.573857799231329,77.7169964473835,64.4028147432228,55.1828763900412,45.0611843312885,36.6568589283343,25.4493078349186,20.2027855745926,11.0629020383971,6.45117361815462,0.105015613978034,0.127146721899437,0.767837664122529
238,238,"high",0.391271148994741,0.322058471294151,0.097319227314795,2,0.0565469519588646,0,0,0,0,0,0,0,0,0,0,0,0,0,0,0,0,0,0,0.0624119510216993,0.144703889764607,0.393203805765813,0.0223446337975035,0.0339873103913706,0.0860196280704636,0.535397711286293,66.717730868865,70.4735259049238,56.1639007784054,40.8170788804134,38.2852901559516,27.3092441053212,18.8366312202415,10.8587786699492,5.87362686265283,0.0235224659311507,0.266836017948873,0.709641516119976
239,239,"high",0.300237566652237,0.104379350972103,0.0994843545199554,1,0.0563025313696429,0,0,0,0,0,0,0,0,0,0,0,0,0,0,0,0,0,0,0.0395980006736276,0.100208253309624,0.346692184859529,0.0209689307579782,0.02157420679562,0.120833185305291,0.455583179521725,78.1731638884241,60.6407867009215,48.8450693936027,42.7342098539065,32.8460241840756,25.8572542003641,18.334470984473,10.5351586869158,6.49608893092987,0.0584139732669659,0.403851920296772,0.537734106436262
240,240,"high",0.348221340967703,0.096592636296339,0.10067693946587,1,0.0501194371049825,0,0,0,0,0,0,0,0,0,0,0,0,0,0,0,0,0,0,0.0490560442831533,0.0968810309488237,0.254738421417424,0.0114338184907083,0.0249199798656868,0.152813451595547,0.563452556418144,68.6507298639877,54.7546242116903,55.5425570630538,43.5018333005257,33.2247953342899,26.2674344748269,16.450178922036,11.5503110956166,6.32113303816251,0.00451781161734515,0.271674092276211,0.723808096106444
241,241,"high",0.278810554444778,0.296089669066763,0.104233024698083,1,0.0464718249377127,0,0,0,0,0,0,0,0,0,0,0,0,0,0,0,0,0,0,0.0704478903566419,0.101176798579636,0.327227682357104,0.0194555345870134,0.0198151914441941,0.124008127972084,0.499439157633125,67.4602043102331,63.4265467940008,56.7728746062421,42.3773898710521,37.1703254548008,26.6798136756417,18.4598921234535,10.4524752427915,6.06910898807914,0.0135009385668234,0.325147386861778,0.661351674571398
242,242,"high",0.264789787104177,0.270266821531554,0.102610318087129,2,0.0478389494681245,0,0,0,0,0,0,0,0,0,0,0,0,0,0,0,0,0,0,0.0550912386286366,0.180198324867721,0.642728041593441,0.0203899230879137,0.0259442253837161,0.0824829674823686,0.534146527359388,71.5710669537567,62.7008168813279,52.4692766791817,42.5485498992272,34.2911308469852,23.7660774110762,17.8252767904471,10.8721003418784,6.22112739951191,0.0295093954015946,0.475790380304889,0.494700224293517
243,243,"high",0.260606035264281,0.363458596680991,0.0995823289027178,2,0.0475950634695098,0,0,0,0,0,0,0,0,0,0,0,0,0,0,0,0,0,0,0.0510269196780451,0.129407501785329,0.418883320559915,0.0201932147886193,0.0157415778896748,0.104438982181707,0.553793970355877,74.9697594602275,62.3620829682365,45.1848652294605,41.1606263525909,33.9124075372588,24.8850585698453,17.4413774234325,10.1991758250784,6.03961256025795,0.0416255062975035,0.313640071490551,0.644734422211946
244,244,"high",0.378134637660326,0.284570432898966,0.0891135419708434,1,0.0540565075348219,0,0,0,0,0,0,0,0,0,0,0,0,0,0,0,0,0,0,0.0516056705764618,0.108529742735021,0.300513592651146,0.0198407089889769,0.0143052190063614,0.0709498916513327,0.522282938307819,76.705366770272,60.3894552130088,51.3516471171862,44.8554252747673,37.0167470289609,24.5740334410217,16.5770014863735,10.5180230347895,6.28761135203993,0.0294185503970252,0.158739694648947,0.811841754954028
245,245,"high",0.309745836222975,0.182185123341641,0.112904700595033,1,0.0505225052163292,0,0,0,0,0,0,0,0,0,0,0,0,0,0,0,0,0,0,0.0569014982271687,0.145273812829165,0.419948013179038,0.0151125077888752,0.0172540556530552,0.0948100896130912,0.492935963894327,73.0935705381328,66.336563829764,52.8525123122012,45.1257564620817,31.7852365088737,23.9636236457549,18.2263742746267,11.3851267104209,6.10115198997537,0.00954382111127369,0.266412306487585,0.724043872401142
246,246,"high",0.19270702290499,0.232640898704639,0.105915065684056,2,0.0539297241348274,0,0,0,0,0,0,0,0,0,0,0,0,0,0,0,0,0,0,0.0630128566590376,0.139448636364912,0.210292774754124,0.0242587919945547,0.0459905873646005,0.0580798018209729,0.475048425623511,74.2560685138179,56.4699963300297,52.4622000196781,40.2847952622519,35.0226168180354,24.6628366735422,15.7730263979011,10.8709880742746,6.16585314202147,0.0139719995279756,0.384453115462813,0.601574885009212
247,247,"high",0.318760465581093,0.399304660766552,0.0965396560100105,3,0.0441818708604523,0,0,0,0,0,0,0,0,0,0,0,0,0,0,0,0,0,0,0.0354445575296588,0.202253494097462,0.221540529907466,0.0257161056416232,0.0275939805109647,0.064642412181861,0.553209439588758,68.1349836480894,58.9573504548402,52.1540430150664,42.8133725021051,32.9912757628927,23.6765888654117,17.5352274144234,11.1599987328097,5.6362947005339,0.0122203073464203,0.300916145484242,0.686863547169338
248,248,"high",0.210663771871787,0.502479241520342,0.0934898609033524,1,0.0512105513443327,0,0,0,0,0,0,0,0,0,0,0,0,0,0,0,0,0,0,0.0509471565625172,0.144515425069596,0.311988805217388,0.024429196114133,0.0206409840190837,0.129553731134634,0.53547760768262,66.0418991013938,59.2670711144257,50.3002378742435,44.6388803325556,29.8871376962851,25.7852536796894,16.9600821919179,10.4956429604213,6.31273771444488,0.0191546989845302,0.346083457067573,0.634761843947896
249,249,"high",0.291505433900651,0.378219342546109,0.103580497897146,3,0.0484717396176773,0,0,0,0,0,0,0,0,0,0,0,0,0,0,0,0,0,0,0.0703009197529277,0.145386612707495,0.242148114579825,0.0194174775617401,0.0143889477850025,0.0925049549161267,0.554309293289328,71.3374944549695,67.7369885503785,56.5598257460891,46.1328902124202,32.3806087129275,26.3836284893918,17.9157074657682,10.8459662239536,6.16704932042429,0.12128446746952,0.241639593768614,0.637075938761867
250,250,"high",0.321308694050421,0.355951695052025,0.10288456715784,2,0.056370594697821,0,0,0,0,0,0,0,0,0,0,0,0,0,0,0,0,0,0,0.0358567982541153,0.138250542113387,0.208624584731873,0.0168593569445412,0.0267482984790084,0.0680049617349365,0.513545680961401,68.227085226581,61.3209910476563,50.1916912208898,41.3390951467816,32.0324625531337,23.9411831491876,17.9530018249169,10.82704412281,6.20738606949488,0.0677389574121223,0.256496290650221,0.675764751937657
251,251,"high",0.4151717709259,0.259445979201482,0.0961615794348754,2,0.0483821132720035,0,0,0,0,0,0,0,0,0,0,0,0,0,0,0,0,0,0,0.0647691995593589,0.146962774747947,0.290119911542692,0.0150668861144226,0.0358299709185517,0.0903321773048222,0.489667835454832,78.9030086857526,65.5196189049601,52.321506622782,43.2174504387249,32.0185577101889,24.7755823814599,18.623229849138,10.4281051140368,6.13796380878237,0.0886844155771004,0.332243190384103,0.579072394038797
252,252,"high",0.286720190526086,0.371903259987747,0.103715517786433,2,0.0473674605484982,0,0,0,0,0,0,0,0,0,0,0,0,0,0,0,0,0,0,0.0713984171078191,0.126614651004716,0.215330604740146,0.020382345461164,0.0463848120678352,0.233434446739886,0.531789956197421,67.2148130809321,60.5380138233945,55.1036853647263,43.0467013724247,35.4007148507288,24.575750549804,17.0525898087926,10.9262719507274,5.96016542386093,0.0897044646966815,0.438319733718921,0.471975801584398
253,253,"high",0.241011423523557,0.249563672556968,0.102343932557621,3,0.0573307342638941,0,0,0,0,0,0,0,0,0,0,0,0,0,0,0,0,0,0,0.0505611693241983,0.190112958811045,0.329730625040051,0.0295676226638779,0.0118550664571594,0.0745722111875146,0.610225341880225,70.0613172902324,59.5355889488057,51.0161444359206,48.1485289526954,32.5649022779588,23.5700072767467,18.9358964457908,11.1539078842637,6.44375184471367,0.142900026627836,0.211351145671712,0.645748827700452
254,254,"high",0.357134047441697,0.202930886231819,0.0996356867736944,1,0.0525645946967985,0,0,0,0,0,0,0,0,0,0,0,0,0,0,0,0,0,0,0.0479502244230763,0.120734378008024,0.275967729788521,0.0180917860182111,0.0317862159584586,0.119569733080744,0.497388820575473,74.6095497219657,59.5477259163844,55.0814072188229,43.9945746694375,36.4362737626207,23.6085421276879,15.9875051516791,11.2846810447498,6.1127401787591,0.00984187272078132,0.122341500716784,0.867816626562435
255,255,"high",0.317026086699767,0.29403737459033,0.0961074039539389,1,0.0568715107449188,0,0,0,0,0,0,0,0,0,0,0,0,0,0,0,0,0,0,0.051876294786081,0.130467063004141,0.303033888189393,0.0193306374968039,0.0356716932339329,0.109493974974812,0.535287607831585,72.548102710929,65.166831623938,52.4509803682654,39.5029391901296,33.0197427566742,25.0965256573723,18.1533433111182,10.7154810087748,6.15695573696839,0.0710095422007843,0.200124806190462,0.728865651608754
256,256,"high",0.366496475766618,0.339638284433597,0.096806307360793,2,0.0459761708585288,0,0,0,0,0,0,0,0,0,0,0,0,0,0,0,0,0,0,0.0766647710399749,0.15785124155902,0.50493982202225,0.0185309663092415,0.0222376857398033,0.0628477719377157,0.523685630919525,67.8713223144825,61.7507342878917,52.9522498414306,40.5761025289392,30.9694023286375,23.2549347981667,18.9324094339942,11.1816380499583,6.34520664550072,0.0675379413753137,0.142286213032497,0.79017584559219
257,257,"high",0.338918183792811,0.494686070870625,0.0953388182579047,2,0.0474668474647161,0,0,0,0,0,0,0,0,0,0,0,0,0,0,0,0,0,0,0.0554420663702622,0.176567811171987,0.246861796654345,0.0139404267460815,0.0214681440457074,0.263129004181657,0.531131249475635,69.8116175500245,60.7521503463018,45.7013674936325,41.3868950758512,31.7632805618251,25.3711865765756,19.6577486592793,10.4374612120439,6.18013735495889,0.0416157475932096,0.401959856975265,0.556424395431525
258,258,"high",0.302915596319145,0.282304256509252,0.100540729134679,2,0.0468924855590354,0,0,0,0,0,0,0,0,0,0,0,0,0,0,0,0,0,0,0.0447275126504291,0.116133511624355,0.367139182399097,0.0182197795078536,0.0206472030018329,0.0684943310336876,0.590701660701375,68.9093315253152,64.2288561083687,54.0835540285758,44.547345199647,32.2228251062107,24.5498175909879,17.7762779018064,10.4398791720949,6.34002658353799,0.0594675777540611,0.109491222630032,0.831041199615907
259,259,"high",0.316653775898688,0.409753564592214,0.0999768926375777,3,0.048076066447703,0,0,0,0,0,0,0,0,0,0,0,0,0,0,0,0,0,0,0.0383673103887619,0.116806389411028,0.237713667139579,0.0226812655419787,0.027411706639427,0.0974122937921438,0.538704056132613,70.341616978719,63.4084003732416,52.8330662923416,46.6748593885977,31.2058554655066,26.6301625914914,18.6771488490601,11.0468299656356,6.28717694764781,0.0538602936342531,0.153566555229588,0.792573151136158
260,260,"high",0.247891312497156,0.340352829868676,0.10533641318264,2,0.0495384634748496,0,0,0,0,0,0,0,0,0,0,0,0,0,0,0,0,0,0,0.0575710826994955,0.112658548470684,0.423020373184667,0.016129591775435,0.0318026808264128,0.061407400344314,0.53562367070874,74.895209429952,60.7635182888616,56.6658302403337,47.0478133312625,37.8549826451858,26.2770190152543,16.4825029249262,10.7860128550752,6.4696927283576,0.0357700565506858,0.316859336120241,0.647370607329073
261,261,"high",0.334426437226082,0.117545179468537,0.0953861712878297,1,0.0518448415281335,0,0,0,0,0,0,0,0,0,0,0,0,0,0,0,0,0,0,0.0397794837426307,0.156990099792542,0.567158969119366,0.019170859330752,0.0124380374569445,0.0917052216291334,0.515598824856154,80.5384629830439,65.607615898416,49.6693883706569,41.2827320494432,33.2893057143322,27.2177750447041,17.1435236858372,10.8209794331364,6.02420118788945,0.12197883130833,0.169761469752225,0.708259698939445
262,262,"high",0.207220604690198,0.211523045900857,0.0960620245481017,2,0.0516539678400164,0,0,0,0,0,0,0,0,0,0,0,0,0,0,0,0,0,0,0.0356076121497813,0.144255411777577,0.391998011888024,0.0205377506889336,0.0329820667712118,0.047503418517282,0.490187111799219,73.2794438941336,59.8291869783044,53.9855072346315,41.6158901848803,37.0087315337788,25.701375667764,17.2355596192675,11.3567956880016,5.51749325026983,0.023858689461976,0.229839070700145,0.746302239837879
263,263,"high",0.321860005683595,0.298557209224585,0.104022805131262,2,0.0511090189981377,0,0,0,0,0,0,0,0,0,0,0,0,0,0,0,0,0,0,0.0289644728700071,0.140531708484271,0.349823770224699,0.0197611944029932,0.0258125308057796,0.205000454420057,0.511094967666462,69.2969553405681,63.0535605375259,52.4051708697882,43.5557017019413,34.4040464711368,23.9823602944929,18.9902668757966,10.0303930309749,5.38240956261042,0.00679991727332645,0.535518763248308,0.457681319478365
264,264,"high",0.229624575748778,0.0755206499008483,0.0897000775335262,2,0.0507393781180515,0,0,0,0,0,0,0,0,0,0,0,0,0,0,0,0,0,0,0.0407293811761832,0.150054106569538,0.166747061066483,0.0166217375427671,0.0216542089865161,0.0793691902378404,0.603275483929816,67.6881087302658,58.6847977193482,49.9615199005838,39.0029094366563,38.5880323800177,26.3294470871456,17.6454430224986,10.5741337809896,5.71376000691482,0.14091283925214,0.534316248402852,0.324770912345008
265,265,"high",0.265374106387272,0.283542904395197,0.104579136382635,2,0.0499738020852856,0,0,0,0,0,0,0,0,0,0,0,0,0,0,0,0,0,0,0.0541506542004468,0.128982214373458,0.14474506809684,0.0212838792372993,0.027649312638797,0.142420003120241,0.500026753489045,73.549039991198,60.4001887541236,55.7493729673792,42.5401400317465,35.2722108517227,24.1078725203342,17.9855091710517,12.2916107902025,6.06352572231177,0.0496210159191103,0.256146078190972,0.694232905889918
266,266,"high",0.396842847045615,0.199142411813953,0.108270632897291,3,0.052421130569939,0,0,0,0,0,0,0,0,0,0,0,0,0,0,0,0,0,0,0.0514422516323575,0.105552219392795,0.460130387954595,0.0190901911973875,0.0394255564634843,0.150281898395417,0.51578567029821,70.2279057195794,58.9361273920373,50.5398389028209,38.3393755013451,33.7526968642633,23.3638970596742,19.9049286797949,11.0324006016274,6.69768961918528,0.08478844699464,0.199709013577194,0.715502539428166
267,267,"high",0.315833145769186,0.404802265589922,0.0993369898582622,2,0.0446788829430244,0,0,0,0,0,0,0,0,0,0,0,0,0,0,0,0,0,0,0.0453439581704,0.150372900440051,0.343445180291732,0.0146352254842158,0.025368723050258,0.0827053939100828,0.450386213461099,70.4042911544758,62.9190787442144,51.5550668824183,43.4245868691277,33.3164555382573,25.9196944088124,17.2711991201342,9.93571251893105,6.51125941339133,0.126798601913618,0.421190487318849,0.452010910767533
268,268,"high",0.436161036526431,0.650272597420421,0.104470473113941,2,0.0570934122294099,0,0,0,0,0,0,0,0,0,0,0,0,0,0,0,0,0,0,0.0322184733133999,0.117709437121025,0.161745397461137,0.0168196537987753,0.0304358423494512,0.124400277173934,0.53946853332851,71.0291545468973,58.776423683789,57.9305619688517,41.2155010423734,35.8886284196847,26.6957919039665,20.4401273966395,10.3422419760453,5.98424291295677,0.0160983096650004,0.237345188375877,0.746556501959123
269,269,"high",0.370583424435963,0.269243997943869,0.100439240872756,2,0.050066353752817,0,0,0,0,0,0,0,0,0,0,0,0,0,0,0,0,0,0,0.0657050685649244,0.142879009195272,0.304737826749746,0.0128636617793888,0.0250881620562987,0.0703247597570169,0.570238800389105,71.8359302987622,61.9979622957274,57.5127829602823,43.9140667326104,32.7600185524032,27.515114449705,18.3838399700987,11.1230768780667,5.8793797719852,0.0392292978754981,0.202309019729604,0.758461682394898
270,270,"high",0.318560075507458,0.377733227052388,0.102670069104134,2,0.0507549837865019,0,0,0,0,0,0,0,0,0,0,0,0,0,0,0,0,0,0,0.0459803341113709,0.193161513708494,0.0958909365656687,0.0195780458970816,0.0362272369507624,0.0906537628768583,0.574456408122429,77.9472639619188,62.2701108017088,47.2074174667736,43.6808749810535,35.7771723182595,25.7435122294184,17.9984126682517,9.90132809766411,6.31553549646326,0.0762720818380036,0.146668443246216,0.77705947491578
271,271,"high",0.206414288652742,0.406336472994961,0.104270774440236,2,0.0427926642270117,0,0,0,0,0,0,0,0,0,0,0,0,0,0,0,0,0,0,0.0520542976373812,0.153487995565406,0.216368268528426,0.0216865481637057,0.0269961622914255,0.161875461503249,0.541454429227568,71.303857030703,60.1744774884022,49.1484723470195,42.9909267139809,36.7351635625138,27.6846744090225,18.015995954378,10.1650638919129,6.26950456674572,0.00674429652039486,0.295509548259989,0.697746155219616
272,272,"high",0.266082464503976,0.142993034207519,0.0973320180613116,3,0.0575679075442609,0,0,0,0,0,0,0,0,0,0,0,0,0,0,0,0,0,0,0.0503623676283924,0.123668375716467,0.217026635459144,0.0238347979223474,0.0246982487932682,0.125400310893366,0.549554140306609,67.7193721766384,56.368186176427,49.0347140449539,42.383550261834,34.7596792651473,27.7177354832031,15.5650356471502,11.1378786036082,6.21040094863804,0.00705930941443914,0.196543042905903,0.796397647679658
273,273,"high",0.325819864185126,0.274825282712034,0.0906395280998221,2,0.0617342039117067,0,0,0,0,0,0,0,0,0,0,0,0,0,0,0,0,0,0,0.0374769216295931,0.11824502396408,0.472640434284507,0.0218426649373178,0.0218682066827953,0.107752086414618,0.510054852473821,67.5782260528168,64.3372701542449,48.5884439914837,41.0059148483016,35.615956505616,24.2992526336601,16.8164016311832,10.7175065480263,6.1954152938396,0.113176648480686,0.0555394912294765,0.831283860289838
274,274,"high",0.252634859762752,0.126876145482476,0.095132700172046,3,0.0421686320733369,0,0,0,0,0,0,0,0,0,0,0,0,0,0,0,0,0,0,0.0319125047813285,0.138736994395433,0.560650634513571,0.0225679063956487,0.0202216792442348,0.143246294481584,0.591685928712705,65.4932283471198,60.5168540750495,52.71642971113,44.7441785812737,33.7558505932101,24.3606944916929,18.1794985478412,10.7217168376438,6.10717237190101,0.0714958429746382,0.378222656754199,0.550281500271163
275,275,"high",0.335609048894743,0.184823791140348,0.0940146282044042,3,0.0472852394515802,0,0,0,0,0,0,0,0,0,0,0,0,0,0,0,0,0,0,0.0398279956155768,0.136160927184397,0.250130225538148,0.0172563899096554,0.0206688381797553,0.139233436018359,0.58222392509313,79.2113663180964,58.3341003703656,55.2374292829235,38.8530306542123,32.3339288210456,22.8070283678484,17.3739300994688,10.7301727639786,5.64980103029416,0.0239528381230033,0.287285954191571,0.688761207685425
276,276,"high",0.257660299797873,0.401205991983278,0.100237223015001,2,0.0450552659691149,0,0,0,0,0,0,0,0,0,0,0,0,0,0,0,0,0,0,0.0508232132849941,0.157937511980599,0.653473165487056,0.0191342085019885,0.0243099296334556,0.0685546149810183,0.567673621847944,72.0668448192513,63.1713592189577,52.6659060157089,44.2055196001976,32.9339320605208,23.7436473265904,16.793989813574,11.0237256591015,6.34965437237347,0.0978145745999568,0.301210551717687,0.600974873682356
277,277,"high",0.293508124820309,0.546110155193657,0.0970716225841877,3,0.0397582909895885,0,0,0,0,0,0,0,0,0,0,0,0,0,0,0,0,0,0,0.0411444091132051,0.112860863652222,0.428470572320457,0.0214783890710748,0.0173803599775307,0.093423557914176,0.490732442812226,72.3379988923026,61.3943119340293,52.8141717097405,42.325353480377,35.0469524752928,25.3538991746696,16.7372024565183,10.6820070445037,5.64381142255935,0.00976051133586376,0.257405868394178,0.732833620269958
278,278,"high",0.298895649408637,0.515281281034138,0.0934190738715319,2,0.0522599531181306,0,0,0,0,0,0,0,0,0,0,0,0,0,0,0,0,0,0,0.0329419606451506,0.154084969960591,0.406539073128189,0.0189251625196597,0.0415671932851765,0.0969156789815275,0.527705217899962,72.4783420773238,61.7420941221459,54.6422029653703,39.4647052540495,33.1728701941225,24.4615611472626,17.5084594532583,9.78232721049953,5.4365036949965,0.050163762202779,0.2489430509574,0.700893186839821
279,279,"high",0.353890634974841,0.253036557932095,0.0998011357867979,2,0.0457539314069697,0,0,0,0,0,0,0,0,0,0,0,0,0,0,0,0,0,0,0.047731481997989,0.119243418890161,0.338765144055543,0.0187711918645168,0.0392117921411161,0.111698126454285,0.477000622774197,75.5537165504467,67.4941176501941,52.9991748298544,44.7114065544624,30.5494303503206,26.0495772086678,17.654882112872,10.3346781424271,6.36216757201818,0.00564518449199155,0.195283341271057,0.799071474236952
280,280,"high",0.368424935834475,0.194669878243807,0.0941815848868103,3,0.0585151716681801,0,0,0,0,0,0,0,0,0,0,0,0,0,0,0,0,0,0,0.0500923958329509,0.150707692976044,0.270376780893744,0.0222753885666566,0.0279670045116396,0.0643397627375816,0.512151166178041,78.4058918315887,63.7152960344154,52.3823367529761,42.6575367197517,32.232004538127,27.8159157149922,17.5985994920666,11.2436887687944,5.62618783660082,0.223759322417704,0.0928286543383334,0.683412023243962
281,281,"high",0.232128297816001,0.159432665355537,0.0985641016479368,3,0.0463173096322132,0,0,0,0,0,0,0,0,0,0,0,0,0,0,0,0,0,0,0.0454410580282924,0.130445591316143,0.487867587287163,0.0208603592558656,0.0390093841576151,0.189437516120371,0.560019205140615,68.0754014998145,57.9877718792892,55.3253127544233,40.4528324506999,33.4171410104064,25.7243514150003,19.1122303716968,10.4142180649633,6.01003284301843,0.0344141643848014,0.228051812469324,0.737534023145875
282,282,"high",0.418452797992959,0.268480782942546,0.0929567691275923,2,0.04922437354076,0,0,0,0,0,0,0,0,0,0,0,0,0,0,0,0,0,0,0.0498566311960363,0.111652848932933,0.416116952527547,0.0211544618311708,0.015109040455771,0.109253979020503,0.498371815991409,72.5878573352185,65.1366730747754,52.085100195243,44.6917572880079,32.5052532536151,23.632431627025,18.8623809066207,10.7550235373806,6.04049736681522,0.0513551356702513,0.251711713687973,0.696933150641776
283,283,"high",0.302768133363275,0.168852756500286,0.103146085425952,2,0.0478700631268463,0,0,0,0,0,0,0,0,0,0,0,0,0,0,0,0,0,0,0.0528955798431638,0.155549431373988,0.371243365220045,0.0153217686164437,0.0297255051498723,0.165563549135197,0.489025694376773,65.2803477931746,62.6027872722798,54.9127903022226,41.487966830799,35.2955899347363,26.0887749142736,17.2371964286757,10.7793293393827,5.89299242764142,0.00792433658941541,0.3499988467273,0.642076816683284
284,284,"high",0.30170310109746,0.223393168548296,0.0995153691534714,2,0.0392730139826442,0,0,0,0,0,0,0,0,0,0,0,0,0,0,0,0,0,0,0.0463033894747384,0.131402844984379,0.542619491433537,0.017526823927268,0.0126979767864604,0.103618642489937,0.466773668297404,71.0636769349246,63.4362805490409,54.6471126726352,45.4885961904324,34.5606420340642,26.0115582711057,15.9576746743796,11.8691185282655,6.1448296452476,0.153394557236635,0.31260665240385,0.533998790359515
285,285,"high",0.360716448373971,0.556333359808346,0.0974881094685849,1,0.0497833699288867,0,0,0,0,0,0,0,0,0,0,0,0,0,0,0,0,0,0,0.0610490146163921,0.154167668471566,0.288530652520968,0.0183119249485017,0.0136009164586719,0.237571967527782,0.583823508810132,73.983923561018,59.246987815807,56.7443025098106,41.9762106508624,31.637251042431,25.3251224406877,17.7541508021121,10.7964168647662,6.33109663481472,0.117469414375397,0.291682409465356,0.590848176159247
286,286,"high",0.383474573412636,0.336519385782596,0.0944783138157534,3,0.0475354426802899,0,0,0,0,0,0,0,0,0,0,0,0,0,0,0,0,0,0,0.0468185182378116,0.103140362368678,0.271289430083154,0.0228343534331166,0.0206943095823331,0.0754508477100754,0.494744077717592,69.2511501458884,59.8422112820925,44.3753146012789,42.1939928276446,34.7857080397877,27.202165694482,17.4320204831364,10.765906623501,5.95252990008097,0.0757543740466144,0.142546115430612,0.781699510522773
287,287,"high",0.284210814113683,0.180581810728763,0.105041719829959,2,0.0602745106876751,0,0,0,0,0,0,0,0,0,0,0,0,0,0,0,0,0,0,0.0467723569827671,0.0985356852546628,0.394939033911321,0.0233032694850668,0.0375188798055474,0.13979285893445,0.517415186825985,76.3246074394637,65.1965726763904,56.9631177182474,44.6397523062582,33.5354688370723,25.317516946928,17.9545934959793,10.6465521319347,5.95470331182196,0.0821135987914134,0.0541354455653222,0.863750955643264
288,288,"high",0.345414664934435,0.244662310759967,0.096955098447882,3,0.0453927916171546,0,0,0,0,0,0,0,0,0,0,0,0,0,0,0,0,0,0,0.0686904284434401,0.14923783740287,0.301635947808245,0.0193608597797963,0.0194150756479514,0.0554171486084819,0.530748739484092,78.1348379049576,60.7377523775798,52.9397713846368,40.3374195101958,35.0532396662419,22.918297582513,17.727249116639,10.1887036327066,6.07627529621266,0.023136067825544,0.300934136946386,0.67592979522807
289,289,"high",0.279910154010097,0.201929755841211,0.0997756492733661,1,0.0475093515585069,0,0,0,0,0,0,0,0,0,0,0,0,0,0,0,0,0,0,0.0591397357764603,0.119988103113342,0.363685932239598,0.0182852442887097,0.0255343911027396,0.111339942614236,0.558179738713445,73.6779918143833,63.603415718989,52.5565589126177,42.5143720659897,34.8783856908227,25.384294872874,18.4866605262981,10.7648062186382,6.32576833048633,0.0707825951254361,0.192785854910763,0.736431549963801
290,290,"high",0.337439165609537,0.366348611597164,0.106876666528317,2,0.0487534375293112,0,0,0,0,0,0,0,0,0,0,0,0,0,0,0,0,0,0,0.0617283817359447,0.123189132691094,0.547489493589192,0.0190071487087383,0.01453869800253,0.0879663538377941,0.526468036224176,74.5342649180763,64.9272017291919,51.6366820990465,42.6042570731705,35.1299212950359,24.5863665921528,17.0869812025749,11.1964743628219,6.08398539917284,0.113915245046368,0.175055040846819,0.711029714106813
291,291,"high",0.253559792723869,0.28789276876409,0.0958886057630828,2,0.0576253697687594,0,0,0,0,0,0,0,0,0,0,0,0,0,0,0,0,0,0,0.0429068636431968,0.129149766657063,0.181527010989196,0.0156758071095401,0.0242444961089667,0.0911863277855476,0.563854688200912,70.5676790597349,62.6649928229514,53.2327748620491,43.540238548901,33.6129730044835,27.2395172562286,18.27045409556,11.6920178350261,6.40499990929166,0.0877641107667652,0.267252782915128,0.644983106318107
292,292,"high",0.301116735819814,0.472551284554729,0.101660605154579,2,0.0493390560536846,0,0,0,0,0,0,0,0,0,0,0,0,0,0,0,0,0,0,0.0475747113916242,0.183774375533632,0.124384178120204,0.0147404560722861,0.0291197467847324,0.0737643620849821,0.566504175569221,80.0146759298069,63.1617394299834,51.3155175786166,44.012328168667,33.622013977899,22.9625011878576,19.2440897375463,11.0579912330017,6.42888698248519,0.0693999905296353,0.357668819919502,0.572931189550863
293,293,"high",0.266958691648521,0.253961670517756,0.0933281102258196,3,0.0417110611447983,0,0,0,0,0,0,0,0,0,0,0,0,0,0,0,0,0,0,0.0623159995987002,0.152538771928483,0.299510988482745,0.0161052202360555,0.0353039681797986,0.277591960643936,0.654004209566427,72.365356208367,60.7283432693322,45.7437359044413,42.4092928528172,32.4418203940223,25.1186866997941,16.8300337918868,10.9435583122003,6.32009369765969,0.0203554895111375,0.431137000416008,0.548507510072855
294,294,"high",0.297254184607229,0.211969045186704,0.100753116199328,1,0.0560013197241668,0,0,0,0,0,0,0,0,0,0,0,0,0,0,0,0,0,0,0.0726232271352304,0.122514773711149,0.378564129234799,0.0170733281165697,0.0275450630932343,0.213759788824868,0.528270117799035,71.1117825666985,63.7547845717223,53.0198543241659,41.9664273703572,33.2068302130035,23.9085366786664,19.0845497478478,10.4583176729524,5.84962524309211,0.0540911730758492,0.403730950797116,0.542177876127035
295,295,"high",0.352393155740121,0.216879016771954,0.0952717087659016,1,0.0581661057570116,0,0,0,0,0,0,0,0,0,0,0,0,0,0,0,0,0,0,0.0497776992709916,0.116393338448684,0.385041935670437,0.025009540129807,0.0346462221858511,0.135987957349714,0.515294374752573,74.7218663985006,62.2512790521873,50.4641068047423,44.7561197007699,32.3972107763014,26.183349210396,16.6226263096289,11.0301003106483,6.37031710811353,0.150815441963429,0.200967774588206,0.648216783448365
296,296,"high",0.3386172576639,0.55126139921632,0.0986578499254446,2,0.0538945552912976,0,0,0,0,0,0,0,0,0,0,0,0,0,0,0,0,0,0,0.0446574401166292,0.127141256193337,0.441956603941239,0.0219826244368967,0.0412613556396271,0.215727463182798,0.611119133969841,72.16655369759,66.8925967994897,50.8055743115262,40.6175111759981,33.7430448926105,27.3712016234145,18.3427822790753,11.5313328969403,5.8619950837455,0.00760094383666713,0.23644824879101,0.755950807372323
297,297,"high",0.362473439610466,0.242850610569218,0.110480783659426,1,0.0566885125120984,0,0,0,0,0,0,0,0,0,0,0,0,0,0,0,0,0,0,0.0904339390915199,0.0969476038309262,0.164974593404837,0.0193520772010757,0.018467124739608,0.0982694517557559,0.517336571168498,74.0747291154122,67.6053967061408,56.1652767169968,40.7838047702281,34.2956825421473,25.677579607943,18.4505784759061,11.3169555674802,6.09645403879628,0.0159733395662164,0.248079861008141,0.735946799425643
298,298,"high",0.320810841915761,0.281108503674411,0.10257451890578,2,0.0527971593564385,0,0,0,0,0,0,0,0,0,0,0,0,0,0,0,0,0,0,0.0444829436878742,0.166364256211638,0.150542830709711,0.0207249832784754,0.0257976209785659,0.0885408477214261,0.560717376161835,74.8656460069003,59.1487698095142,55.6584664922546,40.696822723781,35.4538991184229,24.3196865718222,18.7827766436935,10.2489554412138,6.39641859793478,0.0699019259423345,0.43060892577451,0.499489148283156
299,299,"high",0.21837876457763,0.739160185499297,0.104835359847336,1,0.0493249078304368,0,0,0,0,0,0,0,0,0,0,0,0,0,0,0,0,0,0,0.0336070722587306,0.109974884502293,0.491443596974454,0.0191177383155717,0.0262472779199346,0.0983818354060677,0.519706224079479,72.2178805163963,62.9038994031472,50.2523543506157,42.0820731832242,33.0256069416895,24.7099804423196,18.0831212300047,11.0774202171882,6.29599779896616,0.0581318658121064,0.373284885086435,0.568583249101458
300,300,"high",0.178643213550141,0.158250303473776,0.106781732792203,2,0.0445700390174805,0,0,0,0,0,0,0,0,0,0,0,0,0,0,0,0,0,0,0.0637359645043323,0.153160321733572,0.464127189398459,0.0200455734338623,0.0236665452067303,0.106210470383577,0.514262960166107,73.8199102566712,58.9693831252883,49.4282027856574,44.8679985521582,29.9722990973222,25.3625462484875,18.6715276619521,10.8739188944063,6.5108921482571,0.0103983334639084,0.475331137804389,0.514270528731703
301,301,"high",0.361056453541605,0.25547862476795,0.10069148113353,1,0.0448159076742284,0,0,0,0,0,0,0,0,0,0,0,0,0,0,0,0,0,0,0.0340631134410363,0.135296767414927,0.244832798900322,0.0196927586092237,0.0379347406833905,0.0563898892269001,0.496179008145809,70.9394237340685,55.4675329022808,55.1113408231129,42.5758713760165,35.6636866724411,25.5199494489606,17.3895686141084,10.9232927967991,6.39780006638424,0.015975938183228,0.571304613694308,0.412719448122464
302,302,"high",0.272485599396363,0.305999601493068,0.104975520594762,2,0.0423411979844076,0,0,0,0,0,0,0,0,0,0,0,0,0,0,0,0,0,0,0.049409076924044,0.149050865786203,0.374590154005592,0.0244430271725982,0.0253176867892566,0.100934820229752,0.523523988747061,69.8771065798621,56.7187498120819,50.7540542340521,43.8689580231713,33.9997274637845,27.0515817763539,18.7264498243594,10.9578630111651,6.21783644102706,0.020911533140884,0.26941111368065,0.709677353178466
303,303,"high",0.364959018548135,0.23541886348786,0.107634194416112,2,0.0542540007974913,0,0,0,0,0,0,0,0,0,0,0,0,0,0,0,0,0,0,0.0388565196912855,0.121049574741532,0.470278076694937,0.0265538073402022,0.0699149190380694,0.117054762084199,0.478701991277253,69.5866390166655,57.2872117535762,54.1351595054352,40.0106170431514,31.627662601914,25.9623943229522,17.3797911716411,10.903580798841,5.45272237708723,0.0206581492636391,0.513913332786791,0.46542851794957
304,304,"high",0.280818060761463,0.270903041288769,0.090957591135829,1,0.0499178270701274,0,0,0,0,0,0,0,0,0,0,0,0,0,0,0,0,0,0,0.0431345040005287,0.137677949519364,0.146496613516121,0.0146636871460816,0.0251639400281096,0.0964231231728054,0.595375553620852,78.9677573701558,64.2707935266163,52.2806645648533,43.9842071511516,35.7935864859635,24.2481412379919,16.691780712647,11.3343056527723,6.39060908406938,0.0274982607805365,0.120648889907313,0.85185284931215
305,305,"high",0.345823919130083,0.166288741881799,0.0938405134789427,2,0.0458588725086024,0,0,0,0,0,0,0,0,0,0,0,0,0,0,0,0,0,0,0.0471134706699861,0.136040382485917,0.494649848328951,0.019136341047794,0.0269259764740225,0.042407769010002,0.571291387621385,70.7862743199174,59.5417016795432,53.1875299301302,44.5824024244146,34.140834843918,25.8191027218724,18.3891785591914,10.0037270792863,5.68522407399538,0.0778942081954224,0.282246340054165,0.639859451750412
306,306,"high",0.32347860041275,0.325560767810446,0.0992752701351391,3,0.0422212364998988,0,0,0,0,0,0,0,0,0,0,0,0,0,0,0,0,0,0,0.048791470818715,0.178907978610679,0.28823433384062,0.0173563523573885,0.0305829857442,0.131376024832885,0.480891601281314,69.9947633422559,59.4291857129054,51.0686419341002,49.7531396971248,35.1035428411209,25.5391260896156,17.9766315378051,10.3367180110478,6.18866083516873,0.00799359675869138,0.10400780444987,0.887998598791438
307,307,"high",0.257504364326326,0.40751270767845,0.110896316215398,1,0.0461399019640844,0,0,0,0,0,0,0,0,0,0,0,0,0,0,0,0,0,0,0.0365806088084728,0.0887685388561791,0.428179956855633,0.0206956510976309,0.0481118603689375,0.159639456057996,0.487897330574685,75.7580945345996,63.2125709565615,53.6925030873995,40.7459911808422,33.9719601152991,25.3222982624227,19.8296836855687,10.8870098761992,5.9519614851045,0.000236021933755879,0.410502907766719,0.589261070299525
308,308,"high",0.252463172021873,0.36129819378718,0.109005752364793,2,0.0513670321750433,0,0,0,0,0,0,0,0,0,0,0,0,0,0,0,0,0,0,0.0423750559886883,0.200073600596903,0.417578500772148,0.0159810806870311,0.0272697385706521,0.0781635438958947,0.638394426002458,72.7946289861552,54.8856663233995,51.2852413984904,42.7274315148814,35.203112641683,26.1347002122172,17.5243990895002,11.2088471073025,6.00476829787078,0.100194113800057,0.205853722245869,0.693952163954074
309,309,"high",0.252061849621125,0.240522504390018,0.120390083680732,1,0.0395597268179879,0,0,0,0,0,0,0,0,0,0,0,0,0,0,0,0,0,0,0.0578056130449779,0.10488781265532,0.51079612000544,0.0154210875753297,0.0211827913594862,0.11310304102207,0.493892136445295,74.4812735720704,62.0723806295428,48.1663210341595,42.0592760334606,31.2716499314508,24.4657709357448,16.7001435257283,10.8009730868759,6.11363451121854,0.0779084184300511,0.274739691833779,0.64735188973617
310,310,"high",0.262287928908274,0.314683239079989,0.105005760391733,3,0.0474944376033065,0,0,0,0,0,0,0,0,0,0,0,0,0,0,0,0,0,0,0.0356661232632028,0.112718316435185,0.346866603019521,0.0158974543480784,0.0128155215450942,0.0894182671102237,0.524767049831929,70.0426490253321,60.8096832183889,52.0688969392996,46.3240718257549,30.513540768564,25.0382018417451,18.0707457146655,12.2468383518759,6.4990330536816,0.0320072397554104,0.2970812942843,0.67091146596029
311,311,"high",0.28005603890192,0.243971332754192,0.104152850251918,2,0.0494988228054131,0,0,0,0,0,0,0,0,0,0,0,0,0,0,0,0,0,0,0.050989473765234,0.119136979314775,0.296114398978353,0.0176589970935315,0.0344987083805688,0.0710578145250174,0.514051269149751,70.1422522796807,61.622705677544,53.3424198764874,43.2659569428363,34.7424060061141,25.6011736847019,17.7549877544681,11.6746772002736,5.78115091911368,0.0477894296503511,0.187458535820848,0.764752034528801
312,312,"high",0.368926521879639,0.758319427248941,0.0946649420173059,3,0.044206777324976,0,0,0,0,0,0,0,0,0,0,0,0,0,0,0,0,0,0,0.0571144745389783,0.118276424618102,0.334529040009551,0.017038828631705,0.0190549706142718,0.067852984734621,0.571654542832621,72.6791063320906,60.525765818532,54.6870465297111,44.028444639207,33.7851683139544,25.7268212653095,17.1358004556892,10.4879456899712,6.08119196423916,0.0104809208136288,0.111211518723054,0.878307560463317
313,313,"high",0.272829594152187,0.304329247700776,0.10151777745757,1,0.0488318733164248,0,0,0,0,0,0,0,0,0,0,0,0,0,0,0,0,0,0,0.0342064272657619,0.0879094985546115,0.298279702261171,0.0190541566664421,0.0226271802410416,0.155858294022748,0.480190814294025,70.2216283254661,57.5567041346752,51.4353891471074,41.3559417381699,30.7364769401763,24.3659496347708,18.5477584581354,11.2616659536667,5.70791737609096,0.0266272999655854,0.320467751721422,0.652904948312992
314,314,"high",0.2865960439876,0.145080730920261,0.0994450421683363,3,0.0425245245282385,0,0,0,0,0,0,0,0,0,0,0,0,0,0,0,0,0,0,0.0564429068750292,0.117510095622222,0.175225608839929,0.0211755273285942,0.0169434689348985,0.208042314199739,0.48595943643721,84.3363613231035,59.1253762862514,53.8772824043543,42.0372012044258,33.4917603181794,24.8957563924294,17.5736063820643,11.2600909983224,5.97174039894691,0.0346475958797841,0.358685335466971,0.606667068653245
315,315,"high",0.212509295737852,0.323823799875826,0.101700781663435,3,0.0518185798662345,0,0,0,0,0,0,0,0,0,0,0,0,0,0,0,0,0,0,0.071718449464697,0.0900623990015021,0.486600523447635,0.0175530330203351,0.035294596573086,0.15871382818889,0.482206851510196,72.489259096072,61.4657229841092,52.7682926727984,44.1837425441528,34.5866007347423,24.9249835779419,16.5089226454773,10.3871349621953,5.97300837980928,0.0269415962642713,0.267130753265279,0.70592765047045
316,316,"high",0.304880953503569,0.469477656880155,0.102521602788128,2,0.0483987700190076,0,0,0,0,0,0,0,0,0,0,0,0,0,0,0,0,0,0,0.0637850185190285,0.172933799209459,0.133794032367541,0.0180942789939424,0.0318924932472191,0.0688359854962943,0.478258756596911,71.0421253095049,60.2853045218814,52.4383012076469,46.5268708878786,34.3450121872109,26.7758972127407,19.9467142560713,11.2568314180581,6.44923100014963,0.0155254361195622,0.349634974755276,0.634839589125162
317,317,"high",0.23781476613915,0.373903468270188,0.106176705140221,1,0.0517618457585992,0,0,0,0,0,0,0,0,0,0,0,0,0,0,0,0,0,0,0.0530815543542681,0.134435289711275,0.430616379089587,0.0239339254614946,0.0241267462815555,0.050325468015359,0.460410926703535,71.7221897014767,62.3268254129163,53.4908711795915,41.4659003286023,34.0902658502259,25.9262869662289,16.8727219519942,11.7276143457672,6.29116223178954,0.00427661415733591,0.369047122060682,0.626676263781982
318,318,"high",0.255770428965087,0.45567273676202,0.0887182437612157,2,0.0671089678543134,0,0,0,0,0,0,0,0,0,0,0,0,0,0,0,0,0,0,0.0480704038330013,0.151260471012468,0.336461162994013,0.0229055717113144,0.0240273041336553,0.132356303672839,0.547618707933335,71.4953745152045,60.7058831233646,53.5689489686235,43.5809533966318,32.8187638450263,22.1146700666439,16.8857728726917,10.7431573318198,5.74722096139362,0.0100707041502101,0.122254696478792,0.867674599370997
319,319,"high",0.355639562876699,0.405214006393923,0.0982202927294168,3,0.0630013697720909,0,0,0,0,0,0,0,0,0,0,0,0,0,0,0,0,0,0,0.0326573435637395,0.141204524934427,0.209518643542027,0.0160272252947272,0.0308840285436686,0.0464693120598713,0.48725944616737,71.5609433588535,60.1260951485416,54.4965809311782,46.6775688130527,34.3964463352655,27.0614458283143,17.4267736817245,10.8902873254013,6.09031656906966,0.155125987951652,0.484771964255038,0.36010204779331
320,320,"high",0.411123178206074,0.450758769517543,0.104140253052098,2,0.0481806351038478,0,0,0,0,0,0,0,0,0,0,0,0,0,0,0,0,0,0,0.0396069761546627,0.113291697562045,0.421724145797733,0.0228397986638306,0.0115310464842198,0.0384487498141272,0.518764149330081,77.5911172514067,65.57411030284,49.5921884151804,41.5222687351643,36.8297334053684,24.7145919875489,18.319264181178,11.6391571265549,6.12522267646136,0.00907221394026119,0.30123649050096,0.689691295558779
321,321,"high",0.336731878814171,0.20307230478585,0.0898546634940485,3,0.059653780898681,0,0,0,0,0,0,0,0,0,0,0,0,0,0,0,0,0,0,0.0439721433764047,0.133587671918515,0.349305635989771,0.0181261834237202,0.0157579107568619,0.0942966836056866,0.545496078339431,73.9141358912167,61.083791702383,51.3641687997562,44.5910866493529,34.7734159325132,25.2891342762908,18.3689767104173,11.2519656580537,5.7733304284058,0.0891175726292427,0.17911569599255,0.731766731378208
322,322,"high",0.298744905354946,0.272696077436878,0.103696934471813,2,0.0516216271812316,0,0,0,0,0,0,0,0,0,0,0,0,0,0,0,0,0,0,0.0472275792975266,0.112432764971244,0.451495064947233,0.016806528790786,0.0244884625928561,0.0533640026744772,0.496365733708343,74.8137083164364,64.8460805342761,54.2817326580229,42.3938963282951,33.2379150830404,24.169180098185,16.3535572955874,10.8238613253706,6.25074127784511,0.043685180692605,0.177219534466332,0.779095284841062
323,323,"high",0.261986953825584,0.329173950406313,0.103030958351351,2,0.0468291512125635,0,0,0,0,0,0,0,0,0,0,0,0,0,0,0,0,0,0,0.0640077838638324,0.151335042731725,0.219326042067069,0.0260132644689686,0.0147029221785612,0.0905375866861832,0.608227399499165,72.3221427831651,62.9744314621395,53.1155130359137,38.6730869911955,34.1958629316091,25.2714769798479,17.6715367008664,10.9673473757204,6.05108272291757,0.00687745918002876,0.296970536161035,0.696152004658937
324,324,"high",0.226913738140133,0.235116687532971,0.0987235077065283,2,0.0580878277838907,0,0,0,0,0,0,0,0,0,0,0,0,0,0,0,0,0,0,0.0349961314926236,0.150944980318044,0.225508839757159,0.0212710184129724,0.0150490843021082,0.0546226056455241,0.584359940888375,70.9810338351364,62.4384735988193,54.6593222816656,44.0842909887593,34.3837468974354,23.4221490922644,16.2170622390863,10.0200658495748,6.14890982415413,0.00526740613896491,0.407314583615132,0.587418010245904
325,325,"high",0.228816931948406,0.587799048117702,0.103784008787219,3,0.0503127537224956,0,0,0,0,0,0,0,0,0,0,0,0,0,0,0,0,0,0,0.0548928249074832,0.158445458095915,0.192029818837026,0.0182909119548061,0.01544433174862,0.0929954349787235,0.538090790224733,71.1835062211285,62.6881377590125,51.6713167809611,41.9721086543445,34.2212611854424,22.6342206464662,17.6869197835342,11.6197716955862,5.72090229384857,0.0352229917635332,0.23733034691221,0.727446661324257
326,326,"high",0.28499730667003,0.327001396103985,0.0932595953773159,1,0.0456775240543626,0,0,0,0,0,0,0,0,0,0,0,0,0,0,0,0,0,0,0.0413450408789081,0.13747091769851,0.47471551652587,0.0214692995595841,0.0794591167836464,0.0864069795708122,0.51370614197213,71.5237867255146,59.2329090951788,48.2021193255806,44.9612132196383,32.7892937935903,24.3730630779978,17.2102022077385,11.0070006901817,6.09532694856015,0.0525073360379782,0.300753571149166,0.646739092812856
327,327,"high",0.2730782210383,0.468323920092694,0.0937269214919425,2,0.0456841220129562,0,0,0,0,0,0,0,0,0,0,0,0,0,0,0,0,0,0,0.0525483704328891,0.109358710581884,0.411117772387287,0.0171722942513807,0.0106374096386863,0.20101029279397,0.492560552588958,75.9394928728937,63.3167672190799,49.8016758581343,44.2880353738096,31.5357213216002,26.8839183733451,16.6520620671436,10.9505912427673,6.20189874820778,0.0971564352850936,0.134324101989683,0.768519462725223
328,328,"high",0.316432186284577,0.0470527316193277,0.089217838361569,2,0.0418286431119127,0,0,0,0,0,0,0,0,0,0,0,0,0,0,0,0,0,0,0.0693359323786112,0.0659743984691734,0.270267351808159,0.0216343991353477,0.046637525456397,0.177651559390716,0.599645146848192,70.892768679961,57.8694547104325,50.9680202121722,47.2400258447382,32.6530320967834,25.2057292878237,19.5144755865124,10.024569161451,6.07812846707013,0.0481338735804952,0.0955207901891194,0.856345336230385
329,329,"high",0.327504339947041,0.284272665093053,0.0937961611418619,3,0.0551029173260811,0,0,0,0,0,0,0,0,0,0,0,0,0,0,0,0,0,0,0.0254042271494238,0.157649754901813,0.336754797702439,0.0215733889867908,0.0226939452729112,0.0629170514688851,0.50024525723296,67.1142730209453,59.6493313093008,52.3454684445703,45.890214638879,34.2765392411311,25.1104242801894,18.3627478420403,10.7503319088419,6.01147619903419,0.0585353516573894,0.145979791421584,0.795484856921027
330,330,"high",0.282258532270255,0.247617958172456,0.10225868523566,2,0.0546196677598313,0,0,0,0,0,0,0,0,0,0,0,0,0,0,0,0,0,0,0.022404876794301,0.203842734036813,0.154081803044654,0.0202680091623879,0.0474250491694733,0.203526860975777,0.59794595134508,77.5482039465174,63.5280829839604,53.9632219039938,42.9250086708785,32.5460649182322,22.1845422738664,16.9112457865145,10.3149369728791,5.84721792251946,0.0870652437474471,0.315306550756256,0.597628205496297
331,331,"high",0.30578234477709,0.462317175097945,0.0996863631381599,2,0.0433087936472022,0,0,0,0,0,0,0,0,0,0,0,0,0,0,0,0,0,0,0.0548459495544945,0.0984380934806557,0.399038331033655,0.0135479386463917,0.0338594002362808,0.0680698765696192,0.402932215849562,74.6682003123589,61.5823715488433,48.7603806275037,43.5217290882646,33.8936318637207,23.3988421302274,16.5136828966447,10.7205156877536,6.52406645139375,0.220603384539594,0.152308861659106,0.6270877538013
332,332,"high",0.321700307626566,0.169571996844971,0.102914554009039,1,0.0503691840605298,0,0,0,0,0,0,0,0,0,0,0,0,0,0,0,0,0,0,0.0480982420500227,0.107402239759952,0.220894779562467,0.0190736648503798,0.0190899869531573,0.092763666320214,0.548142394841788,73.7326095949789,65.4599191720298,53.2812855825429,46.8150648730431,35.9233211589835,24.97730099393,17.6656940872419,10.1528534275538,5.56315631850767,0.0292906733091637,0.264204905869012,0.706504420821824
333,333,"high",0.349661699212321,0.298009310002019,0.0965315490006015,3,0.0436909707218774,0,0,0,0,0,0,0,0,0,0,0,0,0,0,0,0,0,0,0.0654040688395371,0.11865157688195,0.508206074408916,0.0161820342789328,0.0327400057519806,0.0478946116449291,0.506041685779174,74.0855577495402,65.1775825716232,51.1622861496266,44.5558346013059,33.763307579266,24.9201514490098,18.0252992706686,11.4136667839195,6.22900893342323,0.108612763726827,0.330388380301924,0.560998855971249
334,334,"high",0.236175158106479,0.198680412251428,0.101068648049197,2,0.0471181011378414,0,0,0,0,0,0,0,0,0,0,0,0,0,0,0,0,0,0,0.03627493383138,0.16687565674884,0.273662709402769,0.0173051975328732,0.0210067410467595,0.127399130786954,0.60527299847281,75.3913208813477,56.6949577605693,52.4310542900245,41.1473297012959,34.522030547682,26.4083419331357,16.5630961491984,10.5843580083445,5.90893746522403,0.135418882659862,0.246790996056868,0.61779012128327
335,335,"high",0.350960132975893,0.27144481606351,0.0972718117534209,2,0.0496060311773764,0,0,0,0,0,0,0,0,0,0,0,0,0,0,0,0,0,0,0.0465938475856773,0.157536732673692,0.304914839337294,0.0199983385169028,0.0230770170616971,0.315548817715337,0.481343417445488,75.9119461766482,64.902860945462,56.8274041963485,45.6971378967906,33.9550989219334,25.4281703966485,17.773945491989,10.90587190489,6.39184974043796,0.0947453631395396,0.207054242251904,0.698200394608556
336,336,"high",0.197591799510611,0.357621439414511,0.101644270616049,3,0.0532023756117468,0,0,0,0,0,0,0,0,0,0,0,0,0,0,0,0,0,0,0.0481842507959845,0.135031892976487,0.469824064962658,0.0212511241765581,0.0212128452697212,0.110315855752149,0.590039446321503,73.8291563441277,61.4451942199788,54.9999573074316,40.3522042529976,32.6718253223918,27.6138480253519,17.488323766612,11.2279581865428,6.60099472177737,0.0664975142595746,0.337332976924111,0.596169508816315
337,337,"high",0.258956040384167,0.272119668578051,0.0979252325126234,3,0.0455548861593028,0,0,0,0,0,0,0,0,0,0,0,0,0,0,0,0,0,0,0.0508108385078264,0.130002363534162,0.334116923316088,0.0189578358515288,0.0140512473984352,0.167874965937227,0.62907244137366,71.8738643700442,66.1316136769394,52.3910237367717,39.8314890418452,36.223795486558,27.3456817591942,17.5180047913023,10.9391193517086,6.38844171382749,0.0124821660083349,0.300760576907849,0.686757257083816
338,338,"high",0.161776102210663,0.318459902166426,0.0935376964219085,1,0.0637597131591338,0,0,0,0,0,0,0,0,0,0,0,0,0,0,0,0,0,0,0.0663050852833004,0.095490237521565,0.112361435978757,0.0170869544140441,0.0209586217089769,0.206959133859957,0.571915907380376,72.1252239714284,59.5575937994273,53.0044378061719,43.6566462307224,31.8200142351234,26.0947874345781,17.99084828564,10.362177497853,6.02923454871654,0.0850630143031702,0.29158510580532,0.62335187989151
339,339,"high",0.316111003667845,0.312008149442959,0.0992930976833669,3,0.0530925713020117,0,0,0,0,0,0,0,0,0,0,0,0,0,0,0,0,0,0,0.0641048965245378,0.162419857619024,0.377463825942196,0.0240565771030471,0.0257025997611752,0.147487858010644,0.559290428904659,71.7862985104892,63.8803101766675,54.3130584799789,44.6664733594672,35.0055606761689,24.1563676446846,17.1130340418313,11.9611509727901,5.96651736611473,0.00954799309365707,0.131862851870796,0.858589155035547
340,340,"high",0.380486490294574,0.158942326116143,0.0976096207779561,2,0.0507036510397023,0,0,0,0,0,0,0,0,0,0,0,0,0,0,0,0,0,0,0.0502429979891068,0.13610433309013,0.409121533151168,0.0151824227402058,0.0222832702697886,0.0596928650535247,0.65156280592131,72.1851113327607,62.5236402261428,54.284370115691,46.4478603937112,33.937877349058,26.9072607518477,16.4459497163734,10.5522762757198,6.0262181132729,0.0698821782454316,0.305349158268119,0.62476866348645
341,341,"high",0.327090481403387,0.242461539632052,0.0950453159451049,2,0.0500794496614967,0,0,0,0,0,0,0,0,0,0,0,0,0,0,0,0,0,0,0.0501826226511666,0.107710372078997,0.254142743362856,0.0229797815804129,0.0205398247022761,0.113524143296342,0.478558063166482,72.2269142054499,60.5471370405453,50.2051189574799,41.4452409280951,35.9620868301309,23.6171771213287,18.949948150808,11.6640254662776,6.29908005905526,0.000904737931423546,0.536640383392619,0.462454878675957
342,342,"high",0.283836347467403,0.271751986856749,0.0964073072967803,2,0.0430782660492664,0,0,0,0,0,0,0,0,0,0,0,0,0,0,0,0,0,0,0.0595220934091797,0.133528480870501,0.28551021341632,0.0215636539872352,0.019584262045694,0.101151140195603,0.491782246759138,70.2619910207569,58.0504801958464,48.6015685508607,44.4797222824355,33.5881355152596,25.993027204537,16.3464424745842,10.0662183820828,6.20259858349191,0.00785565128606477,0.583537974538053,0.408606374175882
343,343,"high",0.251815109387851,0.284972240826103,0.103615313142287,2,0.0537029608296727,0,0,0,0,0,0,0,0,0,0,0,0,0,0,0,0,0,0,0.0462749078304017,0.108300008927198,0.22879030251191,0.0163987512278948,0.0227193461157484,0.0970341726544552,0.548887913014604,70.5779063932564,56.5436792129149,50.0851915540982,44.0255837941653,34.118531504748,24.0577659578435,18.5162041985123,12.0420576322976,6.58340698068085,0.107554384468549,0.338254921114413,0.554190694417038
344,344,"high",0.254726967068374,0.591758877860528,0.107900812655749,2,0.0531231445577148,0,0,0,0,0,0,0,0,0,0,0,0,0,0,0,0,0,0,0.0397381813215848,0.107274085169693,0.22944421289127,0.0208430809717413,0.0443302088250112,0.0607392663137477,0.598203717416612,64.2345691112415,63.1402112580515,53.2708457546116,42.9466864309706,33.6501896954286,24.6287435347995,18.5015660073441,10.3539872357682,5.51096063493521,0.169595702367332,0.350848996779853,0.479555300852814
345,345,"high",0.350502455072773,0.42013109794388,0.110289431751054,2,0.0579263395957054,0,0,0,0,0,0,0,0,0,0,0,0,0,0,0,0,0,0,0.0435412249325539,0.115618033065693,0.203985467591562,0.0240064374804576,0.0226060178095165,0.0735798444973649,0.541524587687853,68.1845301010677,60.0759352079375,47.7522929687495,44.0586432703889,34.9570290871299,25.7938372052299,16.0851410538323,12.7079269690137,6.30433864593421,0.0820361439670588,0.281883864571907,0.636079991461035
346,346,"high",0.375082634998797,0.247148249351679,0.0972687116589719,2,0.0533765745620632,0,0,0,0,0,0,0,0,0,0,0,0,0,0,0,0,0,0,0.0552244819306738,0.155732683756828,0.140114935425063,0.0187051800062046,0.0122454405447557,0.0469666076010631,0.506213750703723,67.3016759263907,61.6518213312873,53.6222509574566,42.2820627726398,33.3607417035537,23.9279742833937,16.4055083521171,11.0347846002752,6.26540036591752,0.0133071647640627,0.295006886932998,0.691685948302939
347,347,"high",0.266873302123277,0.561972113027469,0.107714468898919,1,0.047231662303166,0,0,0,0,0,0,0,0,0,0,0,0,0,0,0,0,0,0,0.0458357955345031,0.130895262831616,0.503508654626823,0.0209380764310096,0.0420885281599552,0.115968365022684,0.434202721851857,66.4170091548674,61.0404870151797,52.6546615407422,38.5893362039684,35.9206283334311,24.151347145349,18.2307337348514,10.7664154712623,5.36481922257627,0.0257145384707021,0.125816982384756,0.848468479144542
348,348,"high",0.358138281789113,0.317344039183118,0.107144128205767,2,0.0510609485191966,0,0,0,0,0,0,0,0,0,0,0,0,0,0,0,0,0,0,0.0609277123273644,0.101114143978613,0.342124065913992,0.0215974623940638,0.0281317536881587,0.190576335206446,0.478964768935352,74.0441493206511,61.5111153087204,55.0721215049237,44.3995715477734,33.3060188903124,24.6009648283168,19.7304292437808,11.1867615319621,5.89746041309658,0.00641626981255867,0.216852063127575,0.776731667059866
349,349,"high",0.307299767617649,0.446671145088115,0.0966380392414884,1,0.0425594759584674,0,0,0,0,0,0,0,0,0,0,0,0,0,0,0,0,0,0,0.0506651620122923,0.115138955054698,0.158600201439348,0.0255401796000899,0.024727961328871,0.212813938843203,0.525895188834615,71.9898053197356,56.5980440416182,49.393125377811,41.597070252865,32.2863131453544,25.7747421565354,17.9698255676067,10.3077685578667,6.29829421150952,0.0458482562965632,0.247409620865383,0.706742122838054
350,350,"high",0.26944298866986,0.5509268511435,0.102429637304828,2,0.054045733931289,0,0,0,0,0,0,0,0,0,0,0,0,0,0,0,0,0,0,0.0655793727463853,0.101988486044513,0.276741911852391,0.0199993770776387,0.0243358061643114,0.21711864819515,0.534692688158245,68.7100603781193,56.2483827451949,56.337907962755,41.1150609338154,35.4078982902439,26.665065728375,19.4174798858862,10.7395780598042,6.50603334723842,0.0298673283182157,0.273458320704018,0.696674350977766
351,351,"high",0.363795067859546,0.299305253176671,0.103744965149859,3,0.0498213218607993,0,0,0,0,0,0,0,0,0,0,0,0,0,0,0,0,0,0,0.062736016365098,0.131973323777227,0.186838709651772,0.0187351637960214,0.0311254691168275,0.122503964155594,0.606136188851173,71.448384658473,58.5465362819504,50.3058762292901,41.6669512007565,35.646986549936,24.560608781841,17.7580372642303,11.7136549960956,6.71351196107475,0.0295261496299547,0.296607081644277,0.673866768725769
352,352,"high",0.330630591876065,0.518986646543619,0.109819156147025,2,0.0506693404575015,0,0,0,0,0,0,0,0,0,0,0,0,0,0,0,0,0,0,0.0634573966557012,0.132740554713279,0.492896923409387,0.0183300169346873,0.0439328647065666,0.110709362142967,0.468326036413737,70.7024270228819,59.768189698628,53.371585785248,42.7997761525987,33.5292402396571,26.7463232802197,17.5224186345463,11.9082619111866,6.02769575367784,0.191578549657522,0.17630262785652,0.632118822485958
353,353,"high",0.345127817241793,0.287940074604661,0.0976549097159607,2,0.0444082545970057,0,0,0,0,0,0,0,0,0,0,0,0,0,0,0,0,0,0,0.0497455147323205,0.129526824343382,0.256049246625353,0.0215179908271554,0.0192790895712047,0.120043084199829,0.572242206473283,74.5675660471123,60.4844978383747,51.3989112980873,43.5905688558589,33.0622251770314,26.1916679097632,17.6048845824394,11.0182491333362,6.6454198961621,0.06315510304808,0.275311933609522,0.661532963342398
354,354,"high",0.230227784837504,0.298345694155097,0.102857514314222,1,0.0455015129990771,0,0,0,0,0,0,0,0,0,0,0,0,0,0,0,0,0,0,0.0359741547657603,0.102375182984177,0.375711246320264,0.0190617172413348,0.0344917001637079,0.108132711772354,0.503001760642248,71.64791035693,63.2188069756666,50.6142878201308,41.7283373909145,34.7430052982442,23.4142604849992,17.9066278300071,10.5885373617419,6.22057539642743,0.0612887569235228,0.12802345281767,0.810687790258807
355,355,"high",0.31259347547047,0.217930270891588,0.105169381996095,1,0.0462784684861209,0,0,0,0,0,0,0,0,0,0,0,0,0,0,0,0,0,0,0.0299260461263109,0.180000369789364,0.422448447060691,0.0205594708201361,0.032236344932414,0.218053041060964,0.491416870183386,76.5986832636683,61.3290467304548,49.626821130899,43.1974267893378,36.9528603429343,26.0991259344559,17.8956634592576,10.8164723525097,6.24569421656662,0.136605180207139,0.263645573508259,0.599749246284601
356,356,"high",0.173340408994864,0.243395933127007,0.100147244215085,1,0.0438507261353939,0,0,0,0,0,0,0,0,0,0,0,0,0,0,0,0,0,0,0.0567733898375115,0.166973856815937,0.555803591791287,0.0172415807138582,0.0255592943686569,0.0508548653603399,0.512717072428811,66.2896041633781,67.5539626291221,49.5763405291216,43.2539401254946,35.0189147504966,26.2995887908426,16.713244903153,11.9892457584993,6.72252774548783,0.190592971877327,0.171179823422887,0.638227204699786
357,357,"high",0.314863954876493,0.421862631627003,0.105856979103287,3,0.0468084822732974,0,0,0,0,0,0,0,0,0,0,0,0,0,0,0,0,0,0,0.0548565189264897,0.105359241762518,0.461589283179165,0.0178700612406276,0.0318434543864912,0.0566934404056908,0.558443415356349,68.9335265439792,64.8489606991369,53.2418195706959,46.2319882449049,35.2294563477217,25.9853374109655,17.9348745923113,10.9457535649816,5.46779340870135,0.0604018150483122,0.120945531961655,0.818652652990033
358,358,"high",0.308946846392885,0.1320306769066,0.101346509192209,1,0.0532441918702501,0,0,0,0,0,0,0,0,0,0,0,0,0,0,0,0,0,0,0.0494859576115288,0.140636288365254,0.207318360035524,0.0226730979776243,0.0119639776941705,0.0615475728140655,0.555400015736773,70.5656509817404,66.7037319832169,53.28612505599,43.7650465356643,35.9772652986946,24.7840627846001,17.1740149969843,11.3811150879902,6.01301278477922,0.0123798771117437,0.392266122744764,0.595354000143492
359,359,"high",0.32282851441609,0.416074016450511,0.107007425367238,2,0.051825301099515,0,0,0,0,0,0,0,0,0,0,0,0,0,0,0,0,0,0,0.0433770337942016,0.15425361895807,0.188204433765551,0.025378427508366,0.0257550987123656,0.264267134202944,0.516570763810557,67.3803227485634,68.308229967839,48.7114062693279,40.8034635025941,35.3669111120212,24.0741968671832,18.3852774880967,11.5766062745394,6.12245603722076,0.0159872899333521,0.400975879143087,0.583036830923561
360,360,"high",0.311847988948537,0.421059523815358,0.102025829599788,2,0.049158698792387,0,0,0,0,0,0,0,0,0,0,0,0,0,0,0,0,0,0,0.0576589091399614,0.0913022638044533,0.386649086340572,0.0149972537666295,0.0267039719857609,0.127743683160079,0.498873372383675,67.1292118983794,63.2782493029171,50.8578074958637,42.4662228685891,33.391042866491,24.3425254305159,17.69762824487,11.1935213754815,5.80063958072024,0.0236194562055423,0.185754764243737,0.79062577955072
361,361,"high",0.229912482314347,0.485461547984379,0.109399687105057,1,0.0531746070935841,0,0,0,0,0,0,0,0,0,0,0,0,0,0,0,0,0,0,0.061790311301549,0.149415906599874,0.174392345560122,0.0155702207701131,0.0235855769949676,0.133886559774295,0.596714649725839,66.8206721360178,54.4925656887943,50.5085359706339,42.3343652457357,29.7939547467097,25.4433157217707,16.9754371654496,10.3771329697483,5.88781059398803,0.12959289927074,0.186730691207624,0.683676409521637
362,362,"high",0.282227056816812,0.286384085360746,0.102169331169857,2,0.0494625508310309,0,0,0,0,0,0,0,0,0,0,0,0,0,0,0,0,0,0,0.0522579061053458,0.111339447573291,0.100622145822968,0.0230666902695157,0.0186966480977402,0.0673459124012352,0.527111682876757,71.8887969185969,58.3847011297519,49.3712669138802,41.2562901137335,37.2702627664643,25.3282964590771,18.7374356980072,10.339618929591,6.6555991667491,0.0350339681150619,0.136912534898989,0.82805349698595
363,363,"high",0.237492848060521,0.374209148874446,0.0933695462285112,1,0.0520588021208457,0,0,0,0,0,0,0,0,0,0,0,0,0,0,0,0,0,0,0.0439247567294709,0.124276087680454,0.326008332095428,0.01934506462229,0.0258506142440166,0.0415202774297324,0.511444980228682,73.3617921943612,61.7575183654344,50.4898485678292,45.8495519913023,32.2372966295722,24.3891665442196,17.851522107173,11.265711713626,5.93780370554065,0.0366515137942481,0.286444812673219,0.676903673532533
364,364,"high",0.305159022139988,0.166348720403412,0.0964888230841355,3,0.0512714082495078,0,0,0,0,0,0,0,0,0,0,0,0,0,0,0,0,0,0,0.0320716736885706,0.125844023533459,0.265500746847459,0.0177631780764717,0.0190265864435007,0.0540388618830596,0.442968742604217,67.7888414832321,58.5143131156575,52.8275613109668,44.5413550177934,34.8770233776182,25.2684688072822,19.039382444946,11.4225857874628,6.70399759972616,0.0367939622682834,0.298671607263905,0.664534430467811
365,365,"high",0.375465421572587,0.438990439541192,0.0976461230675091,2,0.0512308409246079,0,0,0,0,0,0,0,0,0,0,0,0,0,0,0,0,0,0,0.0421654894539771,0.0937969753389237,0.446924804625962,0.0141857631908471,0.0219835473965233,0.0572235764083565,0.556542268645041,65.7647283079498,60.9939380679553,52.7518865673306,43.3187478398452,33.9973020518166,24.7345620041363,17.7417638563654,11.1071692926975,5.83313034555703,0.0712262437460745,0.247179489171477,0.681594267082449
366,366,"high",0.275445284696435,0.342100700110631,0.106848008559412,3,0.0493116076789573,0,0,0,0,0,0,0,0,0,0,0,0,0,0,0,0,0,0,0.0395004078772076,0.129205403739378,0.211184640381091,0.0165582767097051,0.0153150118289741,0.139635058888584,0.449896530203691,69.4201145170424,64.0850708351114,47.6191875097747,39.5273549578671,33.2372010282584,25.8885356127574,18.5861031339439,10.9903715733033,6.56481885974457,0.0259310074719905,0.200526123591462,0.773542868936547
367,367,"high",0.276493497047283,0.128767718648466,0.102861583507301,2,0.0480606525542015,0,0,0,0,0,0,0,0,0,0,0,0,0,0,0,0,0,0,0.0608653722532727,0.12454729364864,0.264336764224701,0.0173447015807959,0.0199457357847891,0.0592925545191532,0.538800064803007,74.4097188596996,58.2094633968053,56.0748896094389,40.9997750215918,30.6351454924453,26.5098829555062,18.2027441095165,10.3666184453628,5.77115284696793,0.212872289245566,0.247051183556266,0.540076527198168
368,368,"high",0.297330905640963,0.346209994931738,0.0996574237001382,3,0.0488155635784426,0,0,0,0,0,0,0,0,0,0,0,0,0,0,0,0,0,0,0.034985006245275,0.122382491558351,0.303789764671205,0.0206379877909688,0.021810729888419,0.128962433501202,0.473409373021921,72.8500267116128,60.5911214473382,51.1792463349754,47.4239804618352,33.5780487760837,25.173252860042,17.4629800548012,11.3934007308104,6.40321525938631,0.0198863613364596,0.519095902458685,0.461017736204855
369,369,"high",0.346184983205323,0.287007283854256,0.10027842243085,2,0.0555314508123222,0,0,0,0,0,0,0,0,0,0,0,0,0,0,0,0,0,0,0.0424649875916661,0.127689232274391,0.37779353596095,0.0191977854229268,0.0163891596649082,0.0714238775512773,0.47488200527062,72.1290001702284,65.6399521547721,48.6734368419703,47.741955692816,35.7109300623938,25.4227791235155,18.5914174827431,10.468921772782,6.14276171248246,0.0337263221348102,0.0576839819189569,0.908589695946233
370,370,"high",0.196939195515803,0.559090618560712,0.102473237676976,2,0.0452966755722314,0,0,0,0,0,0,0,0,0,0,0,0,0,0,0,0,0,0,0.0495282382605851,0.154792033278637,0.219421455834855,0.0237821566456043,0.0325460499004297,0.127958823865538,0.598843517943483,78.4268523328206,60.4617316089099,57.6985912810796,42.7552025712691,32.9090603984237,27.1251256279063,17.6129184075004,10.2313960109536,5.7449252572479,0.21309113962919,0.242569279551846,0.544339580818964
371,371,"high",0.371603398784528,0.25158815602752,0.102802540206126,3,0.0454165655717484,0,0,0,0,0,0,0,0,0,0,0,0,0,0,0,0,0,0,0.0543413369072094,0.162093552388519,0.255627261281763,0.0213868825028435,0.0208648488460082,0.0810780820053553,0.526617660634764,70.3323998831412,62.9398539654286,58.1737231807883,43.3718225194787,32.9594915553537,24.6911774079175,18.1033141009115,11.6834148696306,5.99931470894806,0.269148355931894,0.266580502019176,0.464271142048931
372,372,"high",0.32721457835543,0.144426240516111,0.0994188757837285,3,0.0496950656250803,0,0,0,0,0,0,0,0,0,0,0,0,0,0,0,0,0,0,0.0529164493712827,0.126737763498634,0.142173426706639,0.014565894307987,0.0169142699242551,0.0591341421470016,0.534785000602134,71.2924251742596,62.7133022427347,50.8799453072804,44.4341065672617,33.7961348178101,26.5526128088164,18.8381453184755,11.3402306794988,6.15586376520295,0.0245556392190331,0.141939762319464,0.833504598461503
373,373,"high",0.262137996876039,0.27114434145054,0.0990668659170862,3,0.0490688689856228,0,0,0,0,0,0,0,0,0,0,0,0,0,0,0,0,0,0,0.0410631704866144,0.139622969573172,0.441741216113641,0.0184715787577127,0.0323701684691994,0.137586006903349,0.616304952782266,70.6871439267493,60.5753079839067,56.0927106226359,42.5673031425251,33.6648367353752,24.0226910157861,16.2020232719838,11.3655840370018,5.82207459448145,0.106473906137573,0.116699938873785,0.776826154988642
374,374,"high",0.288617928769633,0.38369879450535,0.101436132091874,2,0.0584990089077249,0,0,0,0,0,0,0,0,0,0,0,0,0,0,0,0,0,0,0.060140014882341,0.146824178596239,0.51459633762741,0.0202848297762827,0.0309233895245398,0.1800341256011,0.545099853896922,69.4360994408523,61.3472892422261,51.3223375877611,46.034595452958,33.4877935727112,26.5222600830891,17.5926289667776,12.0078413628971,6.21278531799775,0.147122686686351,0.368664451529438,0.484212861784212
375,375,"high",0.394310749433815,0.528528141916499,0.102293141502105,3,0.0479041112519383,0,0,0,0,0,0,0,0,0,0,0,0,0,0,0,0,0,0,0.0744853754502874,0.127210203992259,0.259667314586111,0.0150874337737326,0.0189557431095668,0.206457819638179,0.51412745926363,65.6087962507322,63.0740290890582,53.322891669976,46.9193703877902,31.0042418406876,25.092469868889,18.3728461389676,11.8459256249852,5.75359070361444,0.0624023335862265,0.178462412081876,0.759135254331898
376,376,"high",0.280513217973954,0.174402203549567,0.0983191066070122,2,0.053337598736527,0,0,0,0,0,0,0,0,0,0,0,0,0,0,0,0,0,0,0.0385513175010165,0.106049880149984,0.279052742415438,0.0193008948407923,0.0167809281642748,0.126328639367372,0.561357055668596,77.2564506526182,62.8063709251578,51.9880536860113,40.7001738509642,34.8868542183834,27.9215344705662,17.0675702303393,9.81364303998029,6.14029874037475,0.0194573472700904,0.252868668736336,0.727673983993573
377,377,"high",0.361818983138209,0.563102498081723,0.101428137226353,3,0.0482172203004911,0,0,0,0,0,0,0,0,0,0,0,0,0,0,0,0,0,0,0.0544988528868541,0.111386579445112,0.149908434832584,0.0161716540160917,0.0548566842196971,0.0994352539733265,0.505934772523883,75.9752520950448,54.1790297092854,48.419970344085,42.9815193326068,33.4417515794329,24.3782451453335,17.064473699712,10.8228897762494,6.28543997177724,0.130197004213186,0.0351204887994907,0.834682506987323
378,378,"high",0.301314806894034,0.370595590550221,0.0980001252542048,2,0.0522945026560325,0,0,0,0,0,0,0,0,0,0,0,0,0,0,0,0,0,0,0.0542250802833241,0.124149974934362,0.275625137791573,0.0202373015516124,0.0189859481728778,0.10426887157697,0.532892231208635,79.4521191043678,58.1808036253086,51.3691695723603,45.3426965667573,35.6107138399217,24.7461163701357,17.8655821292157,11.5070744736529,6.66266262854522,0.0029244418718587,0.263439048351337,0.733636509776805
379,379,"high",0.264499966146427,0.456482836764911,0.0998453431314812,2,0.0491455924122296,0,0,0,0,0,0,0,0,0,0,0,0,0,0,0,0,0,0,0.0509142249475132,0.137743718284173,0.354320865098025,0.0175433794119699,0.0441423841254523,0.200302664928923,0.519270438215605,74.6842302721577,61.8828537174968,49.1117315588349,44.4769734205887,34.6242772695856,26.119873132662,17.6164341131805,11.4443143711243,6.24336896900682,0.0259699714151378,0.351238830129175,0.622791198455687
380,380,"high",0.253497077412976,0.209742888929373,0.10019881352497,3,0.046798470880484,0,0,0,0,0,0,0,0,0,0,0,0,0,0,0,0,0,0,0.0429406544552279,0.161920682310525,0.359437453990912,0.0192651553859524,0.0187447979641724,0.160440712024169,0.550267944263569,72.5969773844827,63.0953078791808,47.3596834254262,42.846206440061,35.8425989133781,26.0431717075232,17.5051104535877,11.2023220535528,5.58810494803681,0.148207578568092,0.214297962934027,0.63749445849788
381,381,"high",0.295273096991205,0.412430543092372,0.101491093724099,2,0.0532302668674129,0,0,0,0,0,0,0,0,0,0,0,0,0,0,0,0,0,0,0.055250292456835,0.125922448488323,0.344735867130885,0.0185654553836826,0.0349689012991027,0.0691404916896007,0.50398284366821,75.1173252877122,53.6347463555457,49.9951020256384,45.6457445991115,32.8223757731493,26.6718313377728,18.2621750788006,10.1361139432493,6.08242279884067,0.0260168569201978,0.129353649991932,0.84462949308787
382,382,"high",0.294988610135603,0.220980454939226,0.104088666851555,3,0.0530657144112229,0,0,0,0,0,0,0,0,0,0,0,0,0,0,0,0,0,0,0.0427013326798142,0.181895070808825,0.414221055795587,0.018806747261074,0.0221847699428074,0.0620822099961933,0.560143203561139,72.3755254625772,62.7383022790008,49.9852874244985,44.9754313248748,31.8764605991704,25.5145847949298,15.363531319744,10.6363606068902,6.92956219003195,0.0088220372335537,0.231181201688819,0.759996761077628
383,383,"high",0.455654597657479,0.330921701942178,0.0978031584422165,2,0.054724186234817,0,0,0,0,0,0,0,0,0,0,0,0,0,0,0,0,0,0,0.044523807940142,0.185960762911676,0.522175361310953,0.0213360470661839,0.0157127490095451,0.102447174795087,0.463982006496301,70.1666296647671,61.9585052593172,52.7374016219128,41.1387985479833,31.0313212962324,24.4829813758388,17.3221299641166,10.4925029615351,6.07485112151816,0.00749632350358654,0.189753451095197,0.802750225401216
384,384,"high",0.33925818734498,0.481507829454863,0.103092396295679,2,0.053589871376228,0,0,0,0,0,0,0,0,0,0,0,0,0,0,0,0,0,0,0.0578441243467787,0.121218810473025,0.221196918472594,0.0176839128697908,0.019616600235935,0.148384860799441,0.575007855545353,69.7228735719553,70.9075114538652,54.7946783925989,40.2425591371439,35.0010594645962,26.2256867624231,17.0008267273909,10.6960485987406,6.3431941033309,0.0960235424000612,0.399831267280586,0.504145190319352
385,385,"high",0.332892950435659,0.210989506127868,0.0980698220243581,1,0.0470173226538176,0,0,0,0,0,0,0,0,0,0,0,0,0,0,0,0,0,0,0.0419159664511762,0.116559190775354,0.271542047454657,0.0178636005574015,0.0259313131922246,0.142085895229031,0.523163534929741,69.3353282424424,64.638074199658,53.9240537607113,39.3604971382503,35.9484484400651,23.392440851627,15.0334268127909,10.2257483993886,6.46223011599063,0.0712312675367825,0.178706426840777,0.75006230562244
386,386,"high",0.292365792027767,0.52294166031791,0.108148052520141,1,0.0472203498450499,0,0,0,0,0,0,0,0,0,0,0,0,0,0,0,0,0,0,0.0596128495413363,0.133702720796218,0.310559764825552,0.0166589897325865,0.0320728878972402,0.101019248506168,0.469324048770294,72.1067807618439,61.2732136213226,50.3629051918617,44.1100362108853,36.5267944624989,23.0799462463629,18.2114020580951,10.7403272320726,6.39827285353648,0.0512548505550686,0.115404248499956,0.833340900944975
387,387,"high",0.326113142798231,0.585719722859785,0.0982415249486672,2,0.0508560612160901,0,0,0,0,0,0,0,0,0,0,0,0,0,0,0,0,0,0,0.0544533763625752,0.145577402204039,0.546508786459193,0.0201977034123538,0.0342687129799489,0.0846920551132301,0.587307023207694,69.4786734869291,69.8240059377253,51.7868124827635,47.6250365830199,33.7759181304009,24.5210210098565,17.0084811795421,10.6281454664509,6.6780720621013,0.0295591403284873,0.309833528454093,0.66060733121742
388,388,"high",0.285976528889485,0.228902237368547,0.0941007769499145,3,0.0546529897406522,0,0,0,0,0,0,0,0,0,0,0,0,0,0,0,0,0,0,0.0685804029164655,0.127483519850576,0.357724190714884,0.0179973049081497,0.0247803224245036,0.163672497379437,0.488364626079883,74.6409437343057,58.0298088576577,53.3180967646719,41.0158072828776,35.7624468181071,25.7203949462348,17.3625228507639,10.6910690504698,6.22317415232315,0.393447322825633,0.203315975015333,0.403236702159034
389,389,"high",0.250484727494492,0.410954078015099,0.0979625140884696,2,0.0529489812572534,0,0,0,0,0,0,0,0,0,0,0,0,0,0,0,0,0,0,0.0564564146060149,0.128622783393249,0.308288012301144,0.0224889674577034,0.044040718224212,0.115392705558273,0.5284201059582,72.7637216412051,68.0887432888826,49.5306325528477,43.2932174282607,32.9444698583611,26.4332951214214,17.1416656289341,10.0709250783342,6.31055467600252,0.159677626453937,0.187686524800497,0.652635848745566
390,390,"high",0.340801005042665,0.184720035777739,0.105725821884003,2,0.0543891410477088,0,0,0,0,0,0,0,0,0,0,0,0,0,0,0,0,0,0,0.0323888764164514,0.125123504047725,0.306995231329313,0.0220430629601895,0.0131899778017857,0.190777986483009,0.546123597141419,69.4082278190845,57.7777141920821,54.8299387122026,44.2501742456933,32.774668747889,24.6124330997378,17.2316463366066,10.9866512337042,6.29992831170071,0.0267844286368072,0.259364241395914,0.713851329967279
391,391,"high",0.298085366293721,0.302656574949201,0.105306970897563,1,0.0611950352802155,0,0,0,0,0,0,0,0,0,0,0,0,0,0,0,0,0,0,0.0403832489309488,0.122615458928833,0.235491488191636,0.018385516359337,0.0248463655277247,0.0901601187081321,0.562895489794975,81.7508776983615,66.9832519887805,50.2644843058933,45.9209032150252,32.2022798229855,24.8182127790059,17.2806782169726,10.4894977628643,6.16533450733773,0.00926411615069837,0.0944762890492503,0.896259594800051
392,392,"high",0.231580386990814,0.565690266649771,0.100920941813326,1,0.0484919762520873,0,0,0,0,0,0,0,0,0,0,0,0,0,0,0,0,0,0,0.0627779065722482,0.117239491744126,0.316149894813945,0.0176553594301407,0.0420196725672939,0.23912604821849,0.568092860014915,66.8868976306093,60.6858362542328,54.4156347460202,43.7886927705546,35.2753493560438,27.699852307694,18.674456391254,11.1203377548545,6.73530615057975,0.0609088588587627,0.157641371433379,0.781449769707858
393,393,"high",0.249113771783324,0.240036661718247,0.100774486582581,2,0.0496583603588024,0,0,0,0,0,0,0,0,0,0,0,0,0,0,0,0,0,0,0.0537181470051594,0.102492062148269,0.262907289969171,0.0175362158485281,0.0219544056465884,0.0756319980288111,0.597256321463862,63.6424537378892,64.3516521916886,50.1579186909151,40.8902142539057,38.1251220896651,25.3442198820444,16.9003951747263,11.5142770094305,6.77038912216077,0.0641124545576071,0.231164018079138,0.704723527363255
394,394,"high",0.338040017909204,0.117879201111274,0.0991665880372119,2,0.0468682398615778,0,0,0,0,0,0,0,0,0,0,0,0,0,0,0,0,0,0,0.0654085165369354,0.143801018276703,0.24120400504058,0.0145902277236987,0.0429749420275195,0.181763154385008,0.514589499005675,80.7936983226825,58.7685437197765,49.2598974560663,37.3409249164072,36.5516540865485,23.1679405459349,17.8475599790423,10.8099862594279,6.31336147641936,0.154171474015771,0.351086979081501,0.494741546902728
395,395,"high",0.274376141886064,0.193013534229579,0.0954296008658527,1,0.0577505240068695,0,0,0,0,0,0,0,0,0,0,0,0,0,0,0,0,0,0,0.0393399734695112,0.148526578844702,0.310059708021779,0.0173301756052805,0.0266224100017337,0.159978380903711,0.512910049047683,71.866087918028,59.0754062085751,51.7545924897542,42.9375738867613,34.8124456384027,24.4514532422072,17.4696203997103,11.219562588494,5.82840795820428,0.196488168165886,0.311377557655266,0.492134274178848
396,396,"high",0.2541463251398,0.49935046081928,0.0920043282573929,1,0.047605114722847,0,0,0,0,0,0,0,0,0,0,0,0,0,0,0,0,0,0,0.0447701622183455,0.11235743392728,0.53618328840806,0.0203658428664117,0.0160080911382497,0.136393679249996,0.536616551260934,76.9354066612873,60.7203606467069,58.6740007225679,42.2355627876435,31.6783585872376,26.2142786298983,18.3514511340869,11.3329775733435,6.74784188547476,0.084159759089779,0.246898386745557,0.668941854164664
397,397,"high",0.319380687143299,0.379637155165597,0.0986867371251049,2,0.0549153486465866,0,0,0,0,0,0,0,0,0,0,0,0,0,0,0,0,0,0,0.0590325723822264,0.134219618855763,0.199077946257841,0.0260820603080735,0.0294841544880926,0.0805375088934565,0.523110144768943,69.8595636435424,65.4018083151309,52.5658714517643,40.4193329034812,31.8884112206878,25.7189288344251,17.8083458339911,11.6369312269756,6.13209744750308,0.0384410572075836,0.216824998272287,0.74473394452013
398,398,"high",0.374300181638297,0.410706076829577,0.100020060265093,2,0.0458127584896535,0,0,0,0,0,0,0,0,0,0,0,0,0,0,0,0,0,0,0.0448982585074559,0.103362961967284,0.276772639379983,0.0242013339615,0.0187588684369608,0.15818060842658,0.531711782386754,73.0237053233955,63.1952509889863,52.5503818137072,44.140144062556,31.144545990025,25.8407091903528,17.2411975660235,11.0148816976578,6.65203352300016,0.0307081355351741,0.206282610667253,0.763009253797573
399,399,"high",0.379796459234891,0.308718867890178,0.104702905608055,1,0.0490017212926172,0,0,0,0,0,0,0,0,0,0,0,0,0,0,0,0,0,0,0.056048875832533,0.112574682051302,0.271040685040114,0.0198478488256184,0.0304978861911223,0.152216986452264,0.589434177905814,69.243992487789,63.6155212532955,47.889537054043,46.1506912594155,35.3027119027163,27.1296299805855,18.5061032470082,11.0100784525956,6.31190957941109,0.014025918892804,0.171603587104454,0.814370494002742
400,400,"high",0.272266494948428,0.26942033128971,0.0899989273105676,2,0.0564437178588642,0,0,0,0,0,0,0,0,0,0,0,0,0,0,0,0,0,0,0.0460432498833859,0.0882612393321782,0.490330375041721,0.0233813132136802,0.0155678313899073,0.0652189363647967,0.54859911452286,71.3902701441863,64.7491269253251,52.0222780365818,44.3464887693879,32.0975333303729,24.4711813241823,17.2458453129517,10.8018404797619,6.14126622247177,0.0629893363098027,0.102264530226601,0.834746133463596
401,401,"high",0.313350178212111,0.458746336774914,0.098953016052756,2,0.0539197128620336,0,0,0,0,0,0,0,0,0,0,0,0,0,0,0,0,0,0,0.0462331897148403,0.165166748316713,0.398082032667307,0.0213559991095037,0.0348907738236712,0.158271887552792,0.500375035122473,67.2442889814737,63.9957258164674,55.7938206882206,40.9124291838077,35.1449298316689,25.9097972242483,17.2037822483429,9.98924526688078,6.0519346129234,0.0623433336911597,0.305379380434137,0.632277285874703
402,402,"high",0.271375739395841,0.392907462612298,0.101738468067378,2,0.0489524829732638,0,0,0,0,0,0,0,0,0,0,0,0,0,0,0,0,0,0,0.0620544850644995,0.16934530105449,0.329607784774082,0.0219481751710297,0.016553863902697,0.151822570960909,0.574313621484485,77.0563674398705,62.9213444818067,50.6529092600031,42.0479851224045,33.431896396475,24.0372230278222,16.8135342160617,11.0471798473137,6.70102472696252,0.0833903416674317,0.238650581855174,0.677959076477395
403,403,"high",0.304599047043661,0.390197785440207,0.106327128524178,1,0.0485043663695534,0,0,0,0,0,0,0,0,0,0,0,0,0,0,0,0,0,0,0.0519124839705726,0.163712135564994,0.290681120752378,0.0187920719729507,0.0376715541233687,0.148030529433195,0.460608835505191,70.7122100869029,56.8875030684967,49.4496939400223,47.1714220444368,33.4382491051659,25.8233090133532,16.6289545086957,9.8688821242171,6.47268599227565,0.077726817256923,0.403766861525445,0.518506321217632
404,404,"high",0.299630584558149,0.604400101315407,0.0953572952684939,2,0.0471383278206605,0,0,0,0,0,0,0,0,0,0,0,0,0,0,0,0,0,0,0.0474395384687787,0.131074597434873,0.426631448404846,0.0206701587406774,0.0197534652276433,0.0801715436299675,0.531023982540474,68.4198680042075,58.6659824584185,60.4003555021556,43.072219113358,34.0480217371501,25.2326797385922,17.2573065239205,11.4664493348599,6.16287309155182,0.0820918599385446,0.229522931742994,0.688385208318462
405,405,"high",0.301602836991593,0.509652718587791,0.0882059767269753,1,0.049512057294705,0,0,0,0,0,0,0,0,0,0,0,0,0,0,0,0,0,0,0.0648856441325205,0.179691414072453,0.286644790558702,0.0195027250790483,0.0214293200790249,0.0613969125212312,0.502071689281215,71.4399286527219,59.914313005584,49.215663399753,42.3713375578093,35.6305427276796,23.7289053886367,17.4785697117665,11.3960137304242,6.08561246891972,0.01291575300423,0.14665366352347,0.8404305834723
406,406,"high",0.223966146141951,0.367788328210956,0.0979433692751017,1,0.0415648136097676,0,0,0,0,0,0,0,0,0,0,0,0,0,0,0,0,0,0,0.0483472839963533,0.120430165755261,0.156015883482065,0.0193284121716446,0.0416625644395156,0.267440896383408,0.53677703578237,67.5466186142621,59.974252535201,58.3400353448964,41.829158210896,33.6666025822867,25.9238483073557,17.9941372700304,10.751863739118,6.07355915215668,0.067104656467768,0.116221946038741,0.816673397493491
407,407,"high",0.231708580155288,0.496149278852226,0.102895144966858,2,0.0572219992294114,0,0,0,0,0,0,0,0,0,0,0,0,0,0,0,0,0,0,0.047512112619607,0.143603722816865,0.308445580813649,0.0164679476563585,0.0197434276922252,0.151143947295705,0.521695750386781,70.1281887276443,62.7400719026728,49.3055954339902,44.488820844412,36.587772872301,24.7650383159321,17.9812315454117,10.9553024408877,6.28950132941171,0.0105450124920039,0.119062901520304,0.870392085987693
408,408,"high",0.321089716371397,0.568759064532077,0.0980112047699189,2,0.0531901105259055,0,0,0,0,0,0,0,0,0,0,0,0,0,0,0,0,0,0,0.0377998536734382,0.148982799579961,0.34019451077016,0.018836975614528,0.0134873872824799,0.0958504347421497,0.576327473080177,74.5729494917781,59.285184055264,56.3555434674613,44.1887545257148,31.7255864795666,25.7964651440516,18.2776114630809,11.1449458510968,7.23777263947086,0.0567038331250207,0.504664146969515,0.438632019905464
409,409,"high",0.198905140217698,0.511441065826962,0.100477307827259,2,0.0587024269048141,0,0,0,0,0,0,0,0,0,0,0,0,0,0,0,0,0,0,0.048285330281965,0.150628137368004,0.234564236767432,0.0205124075434893,0.0196369429081999,0.121585724137537,0.448401165223963,72.2459129054394,57.0031944263629,46.5947360639429,44.4150530654075,35.9519324579015,26.7522752559697,16.2419259703063,10.8567062231496,5.72887050620692,0.0115012716219911,0.135747465649288,0.852751262728721
410,410,"high",0.27469441283673,0.522318450364065,0.0976307680574646,3,0.0479366407021478,0,0,0,0,0,0,0,0,0,0,0,0,0,0,0,0,0,0,0.0343406550434699,0.139335931212693,0.27978649529649,0.0268781833176955,0.0200883852913517,0.132940453941328,0.517849966309559,77.4686877188853,59.0964636055035,54.5625933919175,41.7679607752049,32.1369409175473,26.4446832124123,17.4071881863694,11.5061233189927,5.98766752286812,0.167441810029579,0.27941000972968,0.553148180240741
411,411,"high",0.225753296689037,0.426752867286421,0.100375778482963,3,0.0464365551527754,0,0,0,0,0,0,0,0,0,0,0,0,0,0,0,0,0,0,0.0399255818425528,0.198573967555375,0.307830104442181,0.0177236479218817,0.0235108166990981,0.0493910975211788,0.534985302521361,64.6619449948948,59.016016516034,54.9284440541327,42.1471298429919,33.1635834140175,23.9053151448371,18.5956486570659,11.0491467782965,5.82081414695941,0.00374628702543697,0.299800383675983,0.69645332929858
412,412,"high",0.315256356846939,0.289826491158544,0.103408878625269,2,0.0441077423168385,0,0,0,0,0,0,0,0,0,0,0,0,0,0,0,0,0,0,0.0419715502643548,0.154612991279984,0.195613579443943,0.0235484132869911,0.0128653122599867,0.100807246520079,0.566148736247382,68.7009364311846,60.2968237671,57.8617378676354,40.4057946172503,32.9478247798901,26.7995722352759,17.2663452518455,10.3576599321777,6.24986081757973,0.0289817649760115,0.358395847354163,0.612622387669826
413,413,"high",0.333976496640703,0.0945569365927312,0.0955955791211886,2,0.0463431932672264,0,0,0,0,0,0,0,0,0,0,0,0,0,0,0,0,0,0,0.0477077412505837,0.131152422436862,0.264532705152485,0.0248821887774259,0.0394673740563521,0.214631243402608,0.481620512045763,72.0931318583302,61.8466465225279,49.9768561249449,41.2437606788658,32.1395234010274,24.0024416078848,17.3552696043315,10.4843233534711,6.17284662953167,0.0283323201232102,0.464628677649472,0.507039002227317
414,414,"high",0.305312634355648,0.238879170139831,0.0929120074509025,2,0.0558479777043872,0,0,0,0,0,0,0,0,0,0,0,0,0,0,0,0,0,0,0.0449465020920942,0.135412766432464,0.224152678744334,0.0143106402968344,0.0498683697983469,0.110067594210575,0.615664090812085,71.1696138964015,61.7615209950311,49.6649517421072,43.494674987433,35.2928782722623,25.8418748162316,16.7508204336768,10.920037347331,6.44190460779846,0.0237404681519105,0.126001592994194,0.850257938853896
415,415,"high",0.373645300973964,0.512663387737911,0.0998918647717611,1,0.0567754222099252,0,0,0,0,0,0,0,0,0,0,0,0,0,0,0,0,0,0,0.0678898704345291,0.105233890195129,0.302707441945344,0.0186393367931708,0.0248979637397285,0.105156197422084,0.582985701318517,68.2447259738606,59.3299849215605,59.3247408778216,37.9365881992447,36.2086916886381,25.4190527957632,17.0389071219893,10.3192565912925,5.90059170844259,0.000774418284164238,0.409680978709014,0.589544603006822
416,416,"high",0.25805374111698,0.238093963415101,0.0893959480725104,3,0.0515447819077729,0,0,0,0,0,0,0,0,0,0,0,0,0,0,0,0,0,0,0.0632372548282608,0.122306987867942,0.294916357449468,0.0171186008034849,0.0297925932612797,0.090445296184334,0.533398264157502,69.4468372533685,64.6104384799551,53.44597233707,49.0467555042997,34.3315636667744,24.282543910941,16.249906399917,10.5719021058708,6.45963011136837,0.44760619303666,0.165151647471382,0.387242159491958
417,417,"high",0.359162303070363,0.270397740462835,0.10015919255082,1,0.0467735353386096,0,0,0,0,0,0,0,0,0,0,0,0,0,0,0,0,0,0,0.0604305532183387,0.13119999085463,0.479047448454389,0.0204312975543133,0.0110307817058639,0.0841205548400072,0.524620829529869,70.8323816676472,54.3871387191468,48.4729947009076,40.9444437890653,32.2491930088258,24.7942646172563,18.0948814085439,10.6599459076721,5.8720955785217,0.102610593496464,0.128687045798434,0.768702360705102
418,418,"high",0.284615207311246,0.540166438607494,0.0905774008290768,3,0.0461689693923093,0,0,0,0,0,0,0,0,0,0,0,0,0,0,0,0,0,0,0.043357856651818,0.141309002589282,0.204362825588806,0.0172434015676602,0.0315017978599561,0.0731018013107351,0.546994344732858,68.4060728682773,59.2984917122937,50.3369961234961,43.3560887002057,34.6036735086524,26.3552799625204,17.0213759474475,10.7241955248744,6.32330464675536,0.0814822627037227,0.393524617092994,0.524993120203283
419,419,"high",0.306848055864938,0.371330199175019,0.0969231265980567,3,0.0506134133171163,0,0,0,0,0,0,0,0,0,0,0,0,0,0,0,0,0,0,0.0463800248279027,0.162702121050738,0.244072995432779,0.0193178597012974,0.0374253046108057,0.0818853348581323,0.603436069979794,68.3022510544877,63.6863385739172,49.2069011793756,40.5878291479835,33.427700654612,24.8432933876398,16.7844302339917,11.1523293795664,5.6201867056799,0.127726820466219,0.186097044264779,0.686176135269002
420,420,"high",0.238245809470242,0.120915107755883,0.101271076144396,3,0.0468979933032878,0,0,0,0,0,0,0,0,0,0,0,0,0,0,0,0,0,0,0.0427252158541545,0.108414277941926,0.244659324286064,0.0140203688257944,0.0152031189442841,0.105275288599681,0.473350948046715,68.9656975734975,62.9926361412094,53.9741932436054,42.8594373380481,31.6194038335856,23.4655450996776,17.2773517479503,10.3239331156154,6.201058942866,0.0578689693452812,0.232297650769081,0.709833379885638
421,421,"high",0.24454728953098,0.348016443929679,0.0952240304737956,3,0.0481180530367854,0,0,0,0,0,0,0,0,0,0,0,0,0,0,0,0,0,0,0.0622037967663358,0.155401705782495,0.312193325010165,0.0148691855961537,0.0289725426287584,0.125900442631319,0.536399301759835,69.2261211224943,61.6687381956243,52.6774208132964,43.5420028855998,33.213055717592,25.7470789962358,18.9439345413862,11.2346727797982,5.88820148528683,0.0557666752152885,0.237490253306485,0.706743071478227
422,422,"high",0.232973551873505,0.476064883233384,0.0989324058979265,3,0.0409076177017002,0,0,0,0,0,0,0,0,0,0,0,0,0,0,0,0,0,0,0.0394653312445147,0.0976111216104479,0.134523493230824,0.0254534121911537,0.011796416177619,0.202434454195885,0.632006765130195,67.3653107268371,64.1037080309847,51.0846959377399,44.9808594697087,31.0594597252318,24.3975025796907,17.9443622283998,11.1463091227447,6.26419408443287,0.0299014397802227,0.17429797962677,0.795800580593007
423,423,"high",0.267521562297252,0.343522713167433,0.0997164438369216,2,0.0464498810595144,0,0,0,0,0,0,0,0,0,0,0,0,0,0,0,0,0,0,0.0692197090928357,0.174220648742466,0.323295836361912,0.019525114723957,0.0233203540331378,0.055613310925259,0.593479806944491,72.66169321872,65.8244093022682,49.8672107011905,42.5349694717942,34.5733868595857,25.4879172953563,16.8040374481429,11.6105803441413,5.49614414293104,0.000450212228797053,0.17457425313471,0.824975534636493
424,424,"high",0.29757264475952,0.285885531050516,0.0984465402020586,2,0.0562741802049241,0,0,0,0,0,0,0,0,0,0,0,0,0,0,0,0,0,0,0.0611982523819373,0.108590747326388,0.359090361464948,0.0158259160691409,0.016416294617414,0.174679096218494,0.53329226109163,74.5938182716377,60.5790742890032,55.364594375757,42.6297138778408,32.5304785141829,23.2396237599583,17.910799042648,10.8068247751368,6.14426082854504,0.247475410500414,0.141565754999014,0.610958834500572
425,425,"high",0.335282593654273,0.567482946030801,0.0926828168705392,3,0.0471078392374657,0,0,0,0,0,0,0,0,0,0,0,0,0,0,0,0,0,0,0.0408891488961007,0.172589864017138,0.213431739499357,0.0196607822228628,0.0333525514699379,0.0898537899072963,0.615195455562629,74.3533009172826,60.0152985812704,46.7505637138299,43.7919378726626,36.6748684335502,24.7471995162707,17.2935632847084,10.922140856843,6.40022057128839,0.0053061672527765,0.56635147251989,0.428342360227334
426,426,"high",0.311689551560353,0.27937608336266,0.0975605692930629,2,0.0474573863296487,0,0,0,0,0,0,0,0,0,0,0,0,0,0,0,0,0,0,0.0429942263728802,0.13626520671818,0.249831239068827,0.0252699644164089,0.0265768219048242,0.118917515085632,0.557626473175407,65.6471511156257,61.8848295853907,54.7903742059338,44.8330459231372,34.6980424771092,24.9493124820185,16.2657552972186,10.2179661277807,6.07692446575232,0.119372914825034,0.0996583074755819,0.780968777699384
427,427,"high",0.220775644269064,0.161157515612499,0.105433241660268,2,0.0458957163704489,0,0,0,0,0,0,0,0,0,0,0,0,0,0,0,0,0,0,0.0573893923348271,0.127380058011176,0.380459895953842,0.0209919944826717,0.0189045714143961,0.271587838984764,0.467805487471288,67.6645465975282,60.0825311557612,55.9116296165525,43.7320603468521,31.963509273565,24.7973497623475,19.5918625502874,9.54974118959024,6.3745619402352,0.0439809404932865,0.23608580586342,0.719933253643294
428,428,"high",0.350593941056296,0.492678612913772,0.098412287928016,1,0.049467203133431,0,0,0,0,0,0,0,0,0,0,0,0,0,0,0,0,0,0,0.0588446178200648,0.170417488396754,0.380031783333519,0.0160662273225441,0.0176299568650717,0.123781976076231,0.520211678618497,69.2647734178009,57.3962374294199,50.6541281028839,43.8872014298404,32.1756647443358,23.9730669547545,17.3105483094236,11.7173366965175,5.99546564514645,0.0456824561158797,0.331489468448488,0.622828075435633
429,429,"high",0.431890279073295,0.348111329181253,0.098935336327962,2,0.0484871713648179,0,0,0,0,0,0,0,0,0,0,0,0,0,0,0,0,0,0,0.051180516328028,0.186600489274994,0.392446344639333,0.0178118066592696,0.015386980464694,0.0884667259012405,0.538005476284662,69.2760512589611,61.9109313786909,51.5459030570069,45.4581799254977,36.0653447603645,24.3159679814045,15.8373937074359,11.1216906027171,5.95939310027254,0.0503630880765707,0.263641843804997,0.685995068118432
430,430,"high",0.34422343471215,0.305217907934974,0.100426060290678,2,0.0572914187362354,0,0,0,0,0,0,0,0,0,0,0,0,0,0,0,0,0,0,0.051269210177041,0.080049590770727,0.406016174923621,0.0184562239493026,0.0427648371515221,0.0427707189586291,0.501622381483329,68.0107053933861,61.7908478995265,48.646822403529,44.9449918258153,36.5449902266606,24.2713865939179,18.1893379077498,10.3919963279313,5.32622375537559,0.0326302735792736,0.268368873973538,0.699000852447188
431,431,"high",0.325080405568319,0.40937654965273,0.0928014457441722,3,0.0506275861520913,0,0,0,0,0,0,0,0,0,0,0,0,0,0,0,0,0,0,0.0571008137853866,0.114393587207125,0.242777366863903,0.0225189382780468,0.0261086670361272,0.117410991448296,0.537751314690895,69.8033016120441,60.4071581504857,53.942452797471,44.9940173995087,33.3651270772645,27.390043656238,18.0319638556681,11.1512111846211,6.33505126048071,0.0694929471457091,0.379328765464557,0.551178287389734
432,432,"high",0.324859862571136,0.366797999509167,0.105394238749079,2,0.0465233116167121,0,0,0,0,0,0,0,0,0,0,0,0,0,0,0,0,0,0,0.0561361901667258,0.129267257160382,0.31167848769203,0.0222572106424237,0.0192210908179612,0.0667989972220343,0.51229536954266,69.2041712963959,58.8441153758467,52.5978183168635,45.9812070609686,32.7470247303034,26.7620750818236,16.6140312346889,12.0304871946199,6.27660331028232,0.164864614112813,0.0935553985161381,0.741579987371049
433,433,"high",0.214837025703732,0.393085834125987,0.106141901790292,2,0.0429681653931565,0,0,0,0,0,0,0,0,0,0,0,0,0,0,0,0,0,0,0.0378606875809756,0.140604754249939,0.136408596456435,0.0144391138585834,0.0192254369651083,0.119875564100865,0.574625915263175,73.144730055098,59.0695449407779,55.4492023748721,42.1140187713474,32.2811025937748,27.2616941279127,17.3394087791672,11.3515671340214,5.88990718060574,0.0767375327545654,0.223368397504232,0.699894069741203
434,434,"high",0.263817625132054,0.134106191194617,0.0965664104014684,2,0.0374449509062224,0,0,0,0,0,0,0,0,0,0,0,0,0,0,0,0,0,0,0.0460668772919883,0.171992789420803,0.238583584225744,0.0225496084512519,0.0208520265535405,0.134146185299296,0.547908507122196,69.1831130995851,59.413165655476,51.2098719721499,40.7401344480108,37.0419310775833,25.7809179820209,18.6537428140497,10.6904960333691,5.74598463289259,0.0321895651868542,0.214618408971797,0.753192025841349
435,435,"high",0.303844919491713,0.375055678553095,0.101293380381535,1,0.0426691862664216,0,0,0,0,0,0,0,0,0,0,0,0,0,0,0,0,0,0,0.0743135094410827,0.0980840086011053,0.353534336913811,0.0201679512766874,0.0395901810122172,0.25552364647794,0.505743946960369,69.6278916402967,62.0502780866343,54.892396481301,40.7325946454989,34.1649490367134,26.1586663551864,17.9958327706856,11.7949390147345,6.16017802071949,0.0957942360246536,0.122618364955048,0.781587399020299
436,436,"high",0.383774829356522,0.397088573145916,0.100894338276207,2,0.0538009131976956,0,0,0,0,0,0,0,0,0,0,0,0,0,0,0,0,0,0,0.0432983801812905,0.0960488525503343,0.247849976349939,0.0176349759224037,0.0223890164367188,0.222399358778489,0.552976713122902,73.0149512165368,65.8477287718676,55.8102934873956,41.8078414307842,32.3400548009364,23.9911055355027,17.9308393564146,10.2057561289338,6.05020207547444,0.0542696712479034,0.271975084034913,0.673755244717184
437,437,"high",0.299844614996772,0.535980305188207,0.0963702070507272,3,0.050478246018965,0,0,0,0,0,0,0,0,0,0,0,0,0,0,0,0,0,0,0.0425696629938099,0.102844618505019,0.241620829196353,0.0201336129008028,0.00966058661178526,0.106465241544709,0.515701927820398,70.6817374855176,62.81029239631,53.3396744753431,45.756352550201,34.2045805957347,28.119358819343,18.2455350511542,10.635491052293,6.26108750090504,0.0247881289199719,0.121257030230023,0.853954840850005
438,438,"high",0.271742209998075,0.453556170568758,0.102130271586636,3,0.0445236513135629,0,0,0,0,0,0,0,0,0,0,0,0,0,0,0,0,0,0,0.0507311920405653,0.139654209305602,0.0976228585333823,0.0159893615045909,0.0135415135754994,0.0379838977599024,0.51489658936856,74.4592016925033,61.3087183366476,49.7301530304696,42.2234965289515,33.0810565838272,25.2282269413302,17.8185551887695,10.3473185505374,6.36780859504205,0.0196845698675623,0.406970809368423,0.573344620764015
439,439,"high",0.294935413791469,0.322914846159762,0.0932898627019551,2,0.0407541343078176,0,0,0,0,0,0,0,0,0,0,0,0,0,0,0,0,0,0,0.0522703761653184,0.183170571318221,0.342883257861382,0.022152857781417,0.018339355936375,0.20856619470682,0.469957288784221,70.9348915333323,57.919867826631,49.2454918645725,42.1852027629511,33.1231538773519,22.9362572952978,17.1601575105107,10.757052980082,6.2388408173986,0.390197186551503,0.126898203418331,0.482904610030166
440,440,"high",0.271160869878341,0.324213422559716,0.0978667419473789,2,0.0470745832555661,0,0,0,0,0,0,0,0,0,0,0,0,0,0,0,0,0,0,0.0294753344002412,0.169756198236713,0.381514894183112,0.019447585665136,0.0302362198354997,0.0768006932327495,0.482610129133748,74.1868285668299,59.5266869565552,53.847674311905,43.3749490491503,31.6431197114042,22.702378476659,18.4431192844627,10.9074941978233,5.9492328597887,0.00813205066257882,0.323808997377043,0.668058951960378
441,441,"high",0.249420576975771,0.160631424627144,0.0992327781056976,1,0.0489073832846649,0,0,0,0,0,0,0,0,0,0,0,0,0,0,0,0,0,0,0.0677056599917352,0.156304147442781,0.386286905821163,0.0166776085093436,0.020567808477515,0.0922409848161752,0.505015577998353,73.2940252833033,65.6948332280763,50.2163880201668,43.8811254587506,31.0213342295242,25.587688345971,17.2216079854952,10.9133496017343,5.76982772083419,0.0697990471263286,0.134304715440301,0.795896237433371
442,442,"high",0.365384817886977,0.20483422592553,0.0977625097047418,2,0.0406270702376283,0,0,0,0,0,0,0,0,0,0,0,0,0,0,0,0,0,0,0.059272867000889,0.0951804465659908,0.360723559643984,0.0208765046787682,0.0159800660865138,0.0513626506991003,0.544761814760669,65.6973398556722,62.104516908681,50.3948897299357,43.3102335694911,35.7343402263271,27.0915924824658,18.5306573720098,10.4169595595258,5.69882860534088,0.0347213823102639,0.106339306399917,0.858939311289819
443,443,"high",0.312981693376788,0.31550945023606,0.101925736199032,2,0.053988675013569,0,0,0,0,0,0,0,0,0,0,0,0,0,0,0,0,0,0,0.0494329736257662,0.118172760406249,0.0953609088227229,0.0206929959656476,0.0302170807090953,0.0666838621239792,0.549992406303934,76.8117304576459,63.9805322957761,57.0943193318274,44.7000202183075,35.6000241472613,25.4642480906367,17.2697642914883,10.9803028365085,6.409473831284,0.0278108596889367,0.190602428494184,0.781586711816879
444,444,"high",0.305009273618528,0.53091750346097,0.10842992777657,2,0.0546066825971426,0,0,0,0,0,0,0,0,0,0,0,0,0,0,0,0,0,0,0.0497670879325979,0.133049989550978,0.482322382627841,0.0169670322884679,0.0174908467856071,0.102978459931423,0.508123080452324,77.1777692897558,61.9667310490197,60.1680708174079,43.6420457552113,32.5768631116493,25.5578814473735,16.4563937876466,10.7844030178467,6.30230374279034,0.0178742174021135,0.0951402404535506,0.886985542144336
445,445,"high",0.32300416806617,0.33590637110597,0.103555725376773,3,0.0472530282414218,0,0,0,0,0,0,0,0,0,0,0,0,0,0,0,0,0,0,0.0371006725917212,0.100021175576776,0.163433749491794,0.0231361982556669,0.0285312554231794,0.0713162175611454,0.554659949795008,73.0665528300514,58.7074633705591,53.246605903763,41.2091944765176,36.7033259061222,24.0405643501647,15.9463232366248,11.3628229126039,6.37687573817315,0.0398465769212939,0.483382405441059,0.476771017637647
446,446,"high",0.301239323442681,0.408801071238613,0.0954044693365345,1,0.0492881274615079,0,0,0,0,0,0,0,0,0,0,0,0,0,0,0,0,0,0,0.0496370206311896,0.185124512662952,0.291337372377873,0.025116630736058,0.0226577606426923,0.0843850128763345,0.541870657340706,79.3758867992489,66.9574492580512,54.0131197696385,48.9553884835751,35.0122586938068,24.4082719312981,17.1838788359206,11.1015035537284,5.72787039051468,0.0153110615897468,0.234783668147166,0.749905270263087
447,447,"high",0.319336954866271,0.207766245001157,0.105129261012031,1,0.0597641566095256,0,0,0,0,0,0,0,0,0,0,0,0,0,0,0,0,0,0,0.049146205676459,0.152968861099187,0.178875037105221,0.0177042818213357,0.0159488394490465,0.171008556917594,0.507004170332788,81.4922454725428,59.2949570509967,50.7997588070224,39.4254887935795,35.7454336836033,24.509016380551,17.8366016067227,10.4839407621935,6.1099956265404,0.204793195615173,0.239999422715144,0.555207381669683
448,448,"high",0.294639130919163,0.297158342517674,0.0928971519225583,2,0.0460821779223653,0,0,0,0,0,0,0,0,0,0,0,0,0,0,0,0,0,0,0.0381804138019131,0.0831791921231084,0.229997184642321,0.016711549658792,0.0653129895261402,0.0780037427632945,0.507877264059823,68.1089098267746,60.5064601965815,55.37185084519,44.7763574518508,34.0371205594016,25.3194313848179,17.3999254499195,10.1834931569103,6.08167068368983,0.0218208499038585,0.369019494227745,0.609159655868396
449,449,"high",0.319090122999497,0.141678600762694,0.0956372527894133,3,0.054185343680028,0,0,0,0,0,0,0,0,0,0,0,0,0,0,0,0,0,0,0.038962693398282,0.134168106424895,0.466253639141096,0.0158252065147316,0.0188873374200325,0.118854965037135,0.589274197374345,75.4729076464022,61.3580021221573,51.4983638656249,44.0762178325008,36.6312551760712,24.9663629518102,17.6222756318347,11.392405162525,6.09060397920926,0.139217159492814,0.280840692907541,0.579942147599645
450,450,"high",0.312328065099086,0.305501635781826,0.095444721234309,1,0.0591447470007916,0,0,0,0,0,0,0,0,0,0,0,0,0,0,0,0,0,0,0.0521549614542877,0.188148575794494,0.537893668274116,0.0190346464120433,0.0154667802979306,0.0875903048723179,0.490249878788118,71.2369637998195,58.2881947919079,49.9426374557259,45.9531332438626,33.8950871986693,24.6580801926166,16.1191163719263,11.3623972977747,6.48622711929404,0.00489827700963723,0.200793923476751,0.794307799513612
451,451,"high",0.342400879843271,0.249875991770035,0.106562185810037,2,0.0535295167341397,0,0,0,0,0,0,0,0,0,0,0,0,0,0,0,0,0,0,0.044829275228019,0.143328692141157,0.552152162989494,0.0147095276395444,0.0152483591700615,0.090859200524592,0.542445216409502,62.3688296842338,62.6137280183954,53.8556524637378,43.8156318725349,35.555940496074,24.5792709437612,19.1425427358286,11.6313750656262,5.8173004025242,0.00839591046362429,0.249945106382969,0.741658983153407
452,452,"high",0.30090109788343,0.135243873846702,0.101611117608659,1,0.0494206994335026,0,0,0,0,0,0,0,0,0,0,0,0,0,0,0,0,0,0,0.0391767185459321,0.163369038498256,0.103003940951639,0.0165083442474863,0.0181645360751485,0.0683768587834475,0.457401126544619,68.3095484162191,64.0467222814599,55.0127258977035,46.2473331507725,31.3476123621606,25.0155086020716,16.7343895607434,10.6790647753681,6.21745766007214,0.0633038466049029,0.316639455090148,0.620056698304949
453,453,"high",0.357798843194695,0.464002241642324,0.0986157855650691,1,0.0506593549261367,0,0,0,0,0,0,0,0,0,0,0,0,0,0,0,0,0,0,0.0557241795800544,0.100743740485413,0.419393753174966,0.0197786540899903,0.0337173954654287,0.133228698814003,0.5517711891617,67.9631746894474,58.5967282722543,52.0020145631011,46.1861107685437,33.8413694377384,26.0025938726229,16.9727025047221,10.1685259885113,6.12172282489174,0.181557026715781,0.295217255847068,0.52322571743715
454,454,"high",0.290613517513277,0.277180567051907,0.103276669032534,1,0.0460418516459704,0,0,0,0,0,0,0,0,0,0,0,0,0,0,0,0,0,0,0.0478410099014944,0.116530886827583,0.230323536100556,0.0177978219853483,0.0334778768310716,0.0985998393283706,0.542061811772839,71.073899429432,63.6309943285533,51.8114393570278,39.775337825997,34.1448680256381,24.8825695618697,16.9185556958733,10.6846223554847,6.44962245003099,0.0697140247923966,0.225870947283919,0.704415027923685
455,455,"high",0.343436217680253,0.313774286255897,0.107913013704889,1,0.0510510324747703,0,0,0,0,0,0,0,0,0,0,0,0,0,0,0,0,0,0,0.0592073429113293,0.0946907170189025,0.328844131232437,0.0194956032578153,0.0180626849436913,0.0574246588061114,0.529045346310351,70.6461139569646,60.9359115851299,51.6527017284534,44.8439459739669,33.1038878207756,25.6870217899865,16.9215777727918,11.1251196554783,6.00055546465518,0.194039706522612,0.137573090338933,0.668387203138455
456,456,"high",0.277981385132246,0.625781156485486,0.0954631195896928,2,0.0473806811134954,0,0,0,0,0,0,0,0,0,0,0,0,0,0,0,0,0,0,0.0443053066495172,0.198214873965962,0.472243914575761,0.0246015811470722,0.0237970217335924,0.248392239943286,0.556405983435187,68.9260261424131,63.2730127263686,49.9483775332656,45.0896431010177,34.3027371897212,24.8226397951405,16.9922460068612,11.2218772565234,6.11923458633382,0.0040669035814053,0.225688301722079,0.770244794696515
457,457,"high",0.371149249919154,0.257512637299257,0.0948307209952997,2,0.0509114078462628,0,0,0,0,0,0,0,0,0,0,0,0,0,0,0,0,0,0,0.0418758138444451,0.0902312033863313,0.291857011212463,0.0206514760199772,0.012591458085898,0.149038741893411,0.51853067327906,75.8178151513227,63.5094049405708,52.2594484822379,41.7500786360668,35.2168083664497,22.4676401872312,17.3475496915598,11.4624018938134,6.80711114650141,0.00807416564677495,0.0846187049822422,0.907307129370983
458,458,"high",0.274937055222683,0.231713808606755,0.0987346155887205,2,0.0521170244301108,0,0,0,0,0,0,0,0,0,0,0,0,0,0,0,0,0,0,0.0489214901630658,0.142771822883793,0.400364279304423,0.020603456613192,0.0290524617725461,0.116003366813519,0.68700647997413,76.8050409432718,56.4346145629183,56.4322978354805,44.3538912200424,35.6924442660791,23.7863367755201,18.436950239532,10.6070917660766,6.30258338180759,0.0532611992604942,0.220846911054138,0.725891889685368
459,459,"high",0.256749552790857,0.542871632011635,0.0982112870825127,1,0.0448531571382409,0,0,0,0,0,0,0,0,0,0,0,0,0,0,0,0,0,0,0.0360953969842334,0.121463543567833,0.285709757870527,0.016770152405544,0.0458549084626853,0.0545451412397058,0.527289860325286,72.4092379517121,64.6667802761691,53.9551245539949,46.0200684521718,34.0099453447966,25.1937323509859,18.1456870227009,10.5672872022828,5.89885329511107,0.0742416275037276,0.416425191242274,0.509333181253998
460,460,"high",0.354292483965257,0.525624920903385,0.0935693347894653,2,0.0462425123500372,0,0,0,0,0,0,0,0,0,0,0,0,0,0,0,0,0,0,0.0331539094522728,0.124777656562615,0.473221290567981,0.0227348629448106,0.0569155186932952,0.164682958655238,0.557209023322726,74.9336071942898,62.6366146704757,52.7293305329263,40.4358134469125,36.0069139540194,24.8443333600421,19.367454469278,11.2790560836266,6.45761140064036,0.0837217077316785,0.138473315590966,0.777804976677356
461,461,"high",0.269740278839223,0.203520569254321,0.100402083460875,2,0.050028081729041,0,0,0,0,0,0,0,0,0,0,0,0,0,0,0,0,0,0,0.0530304984635299,0.177687285334162,0.36485574753434,0.0169327792684268,0.0186863545858794,0.119668710606712,0.472019179524022,71.8161695849166,55.421482506362,48.4591648997465,43.0192098620683,33.8668754953798,24.5423187256835,18.2368340195155,10.6376626833429,6.38735424458502,0.0252769705245632,0.187094207582625,0.787628821892811
462,462,"high",0.295360798229536,0.260064896615198,0.0931231981956113,2,0.046777810602437,0,0,0,0,0,0,0,0,0,0,0,0,0,0,0,0,0,0,0.0485755545936282,0.135179551581632,0.58504349333578,0.0217321138401076,0.0120784410210931,0.136962300811894,0.484107224742926,66.3478765149669,59.2678239800843,53.5415680276312,41.8778196863092,35.1682044654608,24.064489768023,17.7889686134906,11.0864605155129,6.41469002368549,0.0237610078099537,0.0977635432125858,0.87847544897746
463,463,"high",0.278994778865644,0.408419474897092,0.101450230201911,1,0.0512838707458829,0,0,0,0,0,0,0,0,0,0,0,0,0,0,0,0,0,0,0.0594397275838879,0.110063129627581,0.299852036366394,0.0174843796673417,0.0253756901661869,0.150686621140102,0.549076938555528,68.737148184264,61.4809866699102,52.0603404697107,42.4339999778585,35.0805633220152,27.1497121740428,18.0439666913942,12.102421589163,5.92743377240806,0.0367824672152717,0.155780045152868,0.80743748763186
464,464,"high",0.308193626912841,0.322156875059874,0.101795587632352,3,0.0456342846595366,0,0,0,0,0,0,0,0,0,0,0,0,0,0,0,0,0,0,0.0517720991104957,0.142544279635994,0.408012987255743,0.0267473915230957,0.0340990468680242,0.102257501851607,0.448114308643631,73.7862088726447,59.3666691203134,47.9743498761858,42.7185758979118,34.255410538795,25.0245853052219,17.4820449183491,10.2734450626761,6.23325776446083,0.0845798352716147,0.392640294226897,0.522779870501488
465,465,"high",0.287513110367478,0.3177936266631,0.102464384416973,3,0.0453748539404182,0,0,0,0,0,0,0,0,0,0,0,0,0,0,0,0,0,0,0.050451546312444,0.150766358545243,0.168438182018542,0.0188800017710744,0.0162306434536563,0.182862178076436,0.492723906290311,72.9285804118625,59.2262844724953,50.4311473515261,41.2766212183401,38.8302323356429,25.4520155742218,17.8456115260779,10.9101032133366,5.63880990551999,0.0157177783549017,0.365690921915082,0.618591299730016
466,466,"high",0.299471363399519,0.314005123848492,0.108622233877676,3,0.0616067417150385,0,0,0,0,0,0,0,0,0,0,0,0,0,0,0,0,0,0,0.0595520313014549,0.121353657768758,0.434992693065834,0.0208526070413316,0.0264812961568252,0.192107146331,0.58203022862829,70.654937881738,63.932158508133,51.045426891218,42.58054880755,34.4540443998315,24.1980365637685,16.9470937946778,11.4173231319692,6.24778201592148,0.142401753784334,0.325617240783352,0.531981005432313
467,467,"high",0.38153659923466,0.288674256361056,0.0872728242837507,2,0.0557385555708676,0,0,0,0,0,0,0,0,0,0,0,0,0,0,0,0,0,0,0.0623570616051439,0.149711799602688,0.219922698156682,0.0214627626935094,0.0254179364375581,0.221973438003079,0.518244003847319,74.189356956343,63.9558548502869,52.6723786922136,41.6465052833972,34.0551936447117,25.3007753155015,18.435243244784,10.1025445709067,6.43351955195239,0.00813645082122888,0.219031647007566,0.772831902171205
468,468,"high",0.327334578757927,0.29470781387723,0.109870639360537,1,0.0510218846314126,0,0,0,0,0,0,0,0,0,0,0,0,0,0,0,0,0,0,0.0642144563287326,0.152481693571906,0.330729893305691,0.0185595174654614,0.018529267191409,0.103841851885637,0.560531112708417,68.7607746292031,66.6760408900544,52.9143488985678,42.6937218677991,34.3399345574014,25.9295229821916,19.8064237030819,11.0786515137802,5.86320718950701,0.0457941180156692,0.157309462521301,0.796896419463029
469,469,"high",0.239650157378342,0.230498310326028,0.108628088652065,3,0.0401340177601882,0,0,0,0,0,0,0,0,0,0,0,0,0,0,0,0,0,0,0.0549318076086347,0.189273309970863,0.379060462844616,0.0177435372370029,0.0346673240759877,0.170144142067753,0.475637771541088,71.195825071926,64.1499914561916,53.8243745674132,41.3069932060111,33.5306101933554,26.8195840527689,17.5291873268843,10.3707819101303,6.27474123650002,0.0427660916716175,0.24472799487913,0.712505913449253
470,470,"high",0.259189074773315,0.393600100829968,0.0926425503329183,2,0.0506964187774226,0,0,0,0,0,0,0,0,0,0,0,0,0,0,0,0,0,0,0.0328531900710066,0.110620302523628,0.16013091853315,0.0209246622186272,0.0239702272628181,0.175282494376187,0.523371153194314,70.133776253324,65.4455834614672,57.0189355737751,44.0344042245196,32.8334183356551,26.7118162579718,17.1101949549154,10.8760352917948,6.00788892481214,0.115713008024757,0.212959461576457,0.671327530398786
471,471,"high",0.291639172550222,0.260937418358827,0.110046419448341,1,0.0544660098281214,0,0,0,0,0,0,0,0,0,0,0,0,0,0,0,0,0,0,0.0453365037758104,0.099918147085395,0.256396853636382,0.0211174339101778,0.0327106341925507,0.146516821577384,0.476177849935754,69.6072666874499,65.0713455730851,55.4071166553784,40.2156020644041,35.7854712747015,25.6891461051137,17.0683290293105,11.1149129783828,6.13531598397888,0.0865058845210903,0.177394652689015,0.736099462789894
472,472,"high",0.351355973932138,0.146946081012869,0.0999373095871018,2,0.0418765961671297,0,0,0,0,0,0,0,0,0,0,0,0,0,0,0,0,0,0,0.060165691680131,0.164890742652321,0.418655036812792,0.0203105122827764,0.0424848822539016,0.0991916185547843,0.57062893180408,67.8278564303597,57.6524652571657,53.8873622126794,43.1227363431482,32.7991166506644,26.4538254460477,16.3576044195598,10.2193435731252,6.06086040888121,0.0142378531909943,0.188569749146641,0.797192397662364
473,473,"high",0.27792184240304,0.138784722062247,0.0979097633208104,3,0.0574319349535909,0,0,0,0,0,0,0,0,0,0,0,0,0,0,0,0,0,0,0.0354048454034693,0.10789756497388,0.326593845171559,0.0225007991425629,0.0201217957880612,0.305484049325916,0.534436023684862,73.2033999509635,62.5434827012128,54.7461283447259,42.5630799212151,35.2457489528673,26.6581538271645,17.8860564216076,10.1141734480096,5.87871598689293,0.031781666745346,0.150383800893807,0.817834532360847
474,474,"high",0.29852659670074,0.381876620508392,0.107406474016015,3,0.0466733693231502,0,0,0,0,0,0,0,0,0,0,0,0,0,0,0,0,0,0,0.0698618626336972,0.145452087825438,0.165958249489579,0.020057200992292,0.0063824315686389,0.123404626057778,0.452399212783513,75.4219678476042,59.400406713842,50.1144642626912,41.9520758220752,32.1057930768276,24.4256049170288,18.9824103669366,12.1957924257277,6.13906641028272,0.0361923897815253,0.262122845332361,0.701684764886113
475,475,"high",0.339455986808242,0.638060224689691,0.0933772529457248,3,0.0576391639349259,0,0,0,0,0,0,0,0,0,0,0,0,0,0,0,0,0,0,0.0439478496189443,0.150319605510248,0.395786092850486,0.0238181394195606,0.0256907846640925,0.093313704619997,0.584725617662115,69.5024627490793,65.0545326616177,54.5962425053158,41.1005324300422,33.6415649209568,26.0626708363173,17.7627490524551,11.3769221467543,5.61837183128158,0.0475695061662648,0.220315209106475,0.73211528472726
476,476,"high",0.291059733936474,0.261543157456453,0.0996221837147061,3,0.05045971136914,0,0,0,0,0,0,0,0,0,0,0,0,0,0,0,0,0,0,0.0436366036863942,0.116857943068503,0.299247538518542,0.0201512147839536,0.0446640783799703,0.107108847693325,0.533036017210288,76.5173178470713,60.6565343915706,50.6848981210343,45.2822219866356,32.9836092942623,21.7619238346132,18.1301878905003,12.2658261822533,6.1341535597337,0.0147160583635447,0.336212384134199,0.649071557502256
477,477,"high",0.249016068528134,0.385280046818065,0.103186695140942,2,0.0453486221552649,0,0,0,0,0,0,0,0,0,0,0,0,0,0,0,0,0,0,0.0424456168684528,0.113675901345181,0.262690081121157,0.0215528346642401,0.0361609072244851,0.115841100358477,0.525712615459206,70.6060181777016,63.9158249795899,52.4203014738392,42.1548513578036,35.1433175784443,25.8248815631896,16.3830329281487,10.2767193530505,6.12884210301599,0.11132766720616,0.151638195936115,0.737034136857725
478,478,"high",0.3312906553175,0.47075798430484,0.0938852000254711,2,0.0385214289395739,0,0,0,0,0,0,0,0,0,0,0,0,0,0,0,0,0,0,0.039004405990315,0.102792240377934,0.281391602417314,0.0236998423005076,0.0409852599121201,0.0854505452316123,0.5430709641088,74.9254557363837,58.4890958255433,49.9034536794367,39.5779204661014,33.7621694859152,25.0100815710092,17.4470831113521,10.9114825856922,5.82498928972556,0.0479630282876799,0.242495692909689,0.709541278802631
479,479,"high",0.279263264863651,0.488057900155928,0.0972225165722708,2,0.044793028033794,0,0,0,0,0,0,0,0,0,0,0,0,0,0,0,0,0,0,0.0527300216197005,0.120670502898141,0.24911979138223,0.0198330749342072,0.00943869265361552,0.067660966638619,0.517224113183771,71.2303373469142,65.3002293254783,53.4738141830188,44.092860548963,34.7159124649489,24.0493893423251,17.4143983377458,10.797710202947,6.12799561659771,0.0646963419491622,0.338289518517566,0.597014139533272
480,480,"high",0.293427070086358,0.333760606374872,0.0993151925009271,2,0.049936720185069,0,0,0,0,0,0,0,0,0,0,0,0,0,0,0,0,0,0,0.0509619711714611,0.112210624851263,0.289589590394879,0.0182818835525622,0.0186217146718821,0.0806524446880248,0.54555166323235,72.5241549568821,56.7978497582781,50.5531138812444,41.2664095088739,35.4261452580747,24.6731101670426,17.3664558820379,11.1327200413531,6.57360576605709,0.0247215217603971,0.125040425931437,0.850238052308166
481,481,"high",0.33707663356706,0.675972050293525,0.0904693624593233,1,0.0525257649094771,0,0,0,0,0,0,0,0,0,0,0,0,0,0,0,0,0,0,0.0783522781234695,0.131598910744456,0.386040502265433,0.0168246755178139,0.0384892308205031,0.11439735363002,0.575351835087594,72.2570071456655,59.3619387678884,52.2490681941558,44.3306432378416,34.4416868062614,24.8798562929756,17.6415154783743,11.1394830824068,5.6306427685401,0.0841473746966632,0.369924618346371,0.545928006956966
482,482,"high",0.331924304303746,0.281807196638482,0.10125933377072,2,0.0496425991214856,0,0,0,0,0,0,0,0,0,0,0,0,0,0,0,0,0,0,0.0384176377920834,0.0956586663720834,0.273064257012909,0.0204458197441497,0.0371683969072887,0.0839777868973228,0.572624429215481,73.0856492037551,57.9699508617652,52.0945339351187,41.6386321919752,32.5600626283857,25.548476987906,18.3476925067409,11.4015199732453,5.81633431044334,0.0120408047495614,0.333495943711272,0.654463251539166
483,483,"high",0.33814209164505,0.715634550284125,0.113403477537009,2,0.0435650638870931,0,0,0,0,0,0,0,0,0,0,0,0,0,0,0,0,0,0,0.0664072213768401,0.116410819586518,0.32784002821668,0.0187118772814608,0.022685574307035,0.124069413490343,0.515505104987812,70.1515856804166,62.6575751863446,54.1996113410332,45.299900626828,34.0023367245406,24.1333760944348,17.8790646599007,10.2598459956197,6.23958548493677,0.12257705378401,0.18271324459256,0.694709701623429
484,484,"high",0.287165253621066,0.442685207646861,0.0873039348817783,3,0.0598404158537509,0,0,0,0,0,0,0,0,0,0,0,0,0,0,0,0,0,0,0.0483616250288077,0.14709815028874,0.41209398812099,0.0166896474095887,0.0264476971659667,0.12268647682524,0.522096065945067,68.5312960769565,58.2681145536157,54.1096526706326,44.1558374855494,34.1254827480155,22.8589917941032,19.6272564003836,11.0400736679988,5.18835808136919,0.0314787242696927,0.131344273593407,0.837177002136901
485,485,"high",0.245572056463675,0.349262774713731,0.10208618456156,2,0.0472787775633017,0,0,0,0,0,0,0,0,0,0,0,0,0,0,0,0,0,0,0.0368934826507564,0.13620199006797,0.0708446664387058,0.0153472968813235,0.0240754324184528,0.15148979847657,0.520471328600161,70.9601283752084,62.1979314402919,54.5246647761308,42.9013965164226,35.2867915661858,23.8228031385189,16.379792983529,11.250594052313,5.94178711669392,0.149995553341166,0.272338517249378,0.577665929409456
486,486,"high",0.275874531511581,0.334355571029468,0.103299963835321,2,0.0553748105741582,0,0,0,0,0,0,0,0,0,0,0,0,0,0,0,0,0,0,0.046489776172873,0.0993883135922416,0.194811504613197,0.0212439847576088,0.0296232282862666,0.0674920975553051,0.536858205320527,79.7992669347675,65.3776762458662,53.6683396029697,45.2023671980746,33.8157689972713,23.7209685166989,16.852403445534,10.5301505776268,5.67247792235367,0.0496477605356414,0.322582749635384,0.627769489828975
487,487,"high",0.367723459753408,0.179506979566094,0.101785643128675,1,0.0481960260945079,0,0,0,0,0,0,0,0,0,0,0,0,0,0,0,0,0,0,0.0446195168920768,0.159593790993578,0.387080829525341,0.0157595758597755,0.0310413775075068,0.0317881081782785,0.527635415924867,70.4891782433088,59.2134388277335,53.5589571431051,45.4272198149339,36.2629816921151,23.3202101832959,16.3167340545822,11.2014031611289,5.97109761972627,0.0365835978200602,0.156579613607901,0.806836788572039
488,488,"high",0.267262382202197,0.258761373447418,0.102402864830602,1,0.0428671064440222,0,0,0,0,0,0,0,0,0,0,0,0,0,0,0,0,0,0,0.0452561524748909,0.124534787392121,0.464495196616986,0.0147574573450762,0.0543120885409131,0.0520135519638571,0.505185230841244,77.3094460328127,75.9792243326432,57.8183560662826,43.2582432243981,35.4187213904046,25.2807430079254,17.2769234380849,10.0581429490942,6.48214564604246,0.00836200995705172,0.201602860035054,0.790035130007894
489,489,"high",0.243664078770813,0.324948540879405,0.0962491582646107,3,0.0485737744150561,0,0,0,0,0,0,0,0,0,0,0,0,0,0,0,0,0,0,0.0415891684653023,0.0924527554000116,0.341166680306479,0.0214149672622051,0.0150042823814744,0.107516763905701,0.541322705043385,72.3480121192257,58.400937406482,53.3801193574542,39.0376093870961,34.9057313880952,25.122745338762,17.7092539339681,11.0200285673224,5.81018117561232,0.0380539925155094,0.0908409808903775,0.871105026594113
490,490,"high",0.260011924830678,0.349507642885795,0.0910523183603143,2,0.0527470801015895,0,0,0,0,0,0,0,0,0,0,0,0,0,0,0,0,0,0,0.0507726467470179,0.128638780154389,0.45334333664928,0.020374364077759,0.0190189369311525,0.117889399773677,0.575133784610774,72.9045279106678,59.9554699140681,51.8396386294057,39.2053657756544,35.6853779694343,26.8779436729999,16.0957779928857,11.3755739813189,6.32915713722752,0.00231565794503322,0.478807628306546,0.518876713748421
491,491,"high",0.281990177335669,0.330551050098495,0.100088282527681,3,0.0553912363327157,0,0,0,0,0,0,0,0,0,0,0,0,0,0,0,0,0,0,0.0532425946592504,0.0992480753628276,0.260941837250196,0.0203459340754569,0.0155064096687847,0.161455695645319,0.521159202901449,75.2463655254452,57.0685830665845,54.7701016732976,44.3211491645403,35.6582487642779,26.1643733914324,16.5807010830922,10.6228080607825,5.97556842272684,0.00693766119236736,0.243325951406082,0.749736387401551
492,492,"high",0.269396392200974,0.332316170858169,0.105090148780433,1,0.0505609047617001,0,0,0,0,0,0,0,0,0,0,0,0,0,0,0,0,0,0,0.0525760351563247,0.0948078297921749,0.446537033549973,0.0186535222333808,0.0147154747668644,0.0882980914225047,0.57245628517495,74.0176808326383,59.0527556028445,50.3563658763073,43.5744128597868,32.2462844504827,26.0210019795237,18.0642776071137,11.3600626354982,5.83471292964962,0.100251947664027,0.115055295670374,0.784692756665598
493,493,"high",0.293650895880392,0.512328478518429,0.10269166935571,2,0.0519467275350655,0,0,0,0,0,0,0,0,0,0,0,0,0,0,0,0,0,0,0.0409196129241542,0.0764223343619021,0.301266405570042,0.0185768416659081,0.0180495716838619,0.0695599958391871,0.511241070016383,68.0638154982297,58.9195159081615,53.5298805008551,44.0026061004444,32.2120076013495,24.545090849723,17.5668717272653,11.7204531424284,6.07582254058682,0.0114994722711086,0.29675066588583,0.691749861843061
494,494,"high",0.286537471192592,0.546409727078882,0.10669440751255,2,0.0473941491117145,0,0,0,0,0,0,0,0,0,0,0,0,0,0,0,0,0,0,0.0404893064718874,0.147720156971176,0.354415687687123,0.0187217268939749,0.0303024990624494,0.411896449854704,0.529091840736483,76.2922581887079,57.5286707211165,56.2625521083852,43.4635618027719,32.4330360121413,24.780678843824,16.7754247254208,11.8317082354914,5.57182445836063,0.0839044823928834,0.376033902016804,0.540061615590312
495,495,"high",0.295538828861554,0.186608790261003,0.103485004569002,1,0.0543046804133394,0,0,0,0,0,0,0,0,0,0,0,0,0,0,0,0,0,0,0.0339982579436258,0.127015805729036,0.190854593956104,0.0176748011047974,0.0384300889574909,0.111537353821249,0.48769534249975,71.9782131082908,58.6447284404589,58.2630503638971,44.5328180851023,33.4564720068157,24.8270224919293,18.271620013407,11.4000622176178,5.96092942684508,0.23895815435934,0.357178177744231,0.403863667896429
496,496,"high",0.339693937965024,0.175544662888781,0.1055186408948,1,0.0545728896096205,0,0,0,0,0,0,0,0,0,0,0,0,0,0,0,0,0,0,0.0559238108563951,0.171131507539392,0.344450284273709,0.0181646393754081,0.0142504469370006,0.223595860959718,0.504312905669316,66.5350719873804,67.8305484493735,52.6178763083653,43.4891177992827,34.9932193612813,24.7265269597849,17.4891644356669,11.2052166501924,6.57992558725068,0.090253388525787,0.142400494895198,0.767346116579015
497,497,"high",0.333608772180085,0.182406815776777,0.0925149942792112,2,0.049720499451176,0,0,0,0,0,0,0,0,0,0,0,0,0,0,0,0,0,0,0.0572441540723072,0.097926643458498,0.115972619082956,0.0208245569672509,0.0234705390311895,0.0828876743185358,0.6186916915829,73.870413651551,65.0862639665959,51.6349952019896,42.3977708227681,32.8265203041494,26.9153857134432,19.5693821294677,10.7335461055382,6.1241359707078,0.00878595568193675,0.234562984765345,0.756651059552718
498,498,"high",0.260436909760314,0.440535653140246,0.101634019991087,1,0.0378327306452824,0,0,0,0,0,0,0,0,0,0,0,0,0,0,0,0,0,0,0.045549557529298,0.122070199093873,0.329205661051924,0.0198589380998691,0.027936264731262,0.0419737124722984,0.569857605759997,74.9903804678828,60.691547964768,52.1334583174481,41.7446645734553,34.0712855045229,23.0437524098701,16.7025451977263,10.3823781073492,6.03326194573591,0.174933711703374,0.090726159294792,0.734340129001834
499,499,"high",0.397745992997215,0.121820962256578,0.104191424310374,3,0.0443069841713256,0,0,0,0,0,0,0,0,0,0,0,0,0,0,0,0,0,0,0.0508829032970499,0.14098319917757,0.450573734327168,0.0181223417664967,0.0209788599870926,0.0978304882507048,0.557859662623635,73.1834831154516,59.6576566891492,52.9081561892134,44.5146234484943,34.2645788220675,24.64969445781,17.4841816150069,11.761159653238,6.08335878849596,0.0918877646463515,0.259338322501127,0.648773912852521
500,500,"high",0.33153254322419,0.554044127248833,0.102532839838091,2,0.0514321388457051,0,0,0,0,0,0,0,0,0,0,0,0,0,0,0,0,0,0,0.0580501888435191,0.144620496252926,0.206172453094335,0.0196264933156116,0.0184089502876749,0.0777975696403175,0.556650330576062,65.1291326371503,63.8640987938405,47.57386427316,42.141376969,33.057638846674,24.1212126497935,18.6923998740181,11.292477718188,6.51977422592565,0.0149041935114175,0.401897149724994,0.583198656763589
501,501,"high",0.318430658757023,0.248231160573131,0.100390711071989,3,0.0543419569074491,0,0,0,0,0,0,0,0,0,0,0,0,0,0,0,0,0,0,0.0515828606722141,0.11980058811866,0.085068548130794,0.0183188784596814,0.0249953216782637,0.0920790872438127,0.768279565950978,70.8037420161055,64.0546993538598,51.7643022646468,41.8705072010995,35.4293248716258,25.1821295928842,17.5480265644137,11.1765773472047,5.94767339514604,0.0194913986061986,0.572605231970933,0.407903369422868
502,502,"high",0.251665956052529,0.360905131520041,0.104322189067205,3,0.0465774283927822,0,0,0,0,0,0,0,0,0,0,0,0,0,0,0,0,0,0,0.0368179090076768,0.145633076992789,0.294349673623823,0.0167084622672219,0.0335843914530842,0.0897372528983287,0.588905707145299,72.3913157046323,62.1598905773029,55.5852227685495,41.3822967322088,33.636618695651,27.0230688203035,17.4613484996057,10.7887808892442,6.19174462331784,0.00200890663717354,0.405566311685075,0.592424781677752
503,503,"high",0.300124773254994,0.32866827734448,0.0978380965399441,2,0.0496794952509421,0,0,0,0,0,0,0,0,0,0,0,0,0,0,0,0,0,0,0.0392523123887847,0.140800000449741,0.502562490723762,0.0214025926852945,0.051390783034833,0.0730467931731709,0.569958053410312,76.3436106647277,61.1148023798,53.6339315039039,42.527330159048,34.3191188269369,25.5934720044899,17.1913221068358,10.7115406806344,5.86740570816047,0.0938268271139475,0.33760151346476,0.568571659421293
504,504,"high",0.337848575646375,0.422534133612655,0.0951225444808101,2,0.0510921134749285,0,0,0,0,0,0,0,0,0,0,0,0,0,0,0,0,0,0,0.0364694459982744,0.118497736550264,0.366392385105151,0.0197874412095807,0.0336000802864466,0.169419891419331,0.540165319597378,71.2649650012391,60.2942962086407,52.051302449982,43.0138485243026,35.8789245667316,24.718716878328,16.6636859881172,11.3454159823262,5.9071450358275,0.072457350205804,0.148577605903813,0.778965043890383
505,505,"high",0.256937137366776,0.407311898500265,0.100495451449048,2,0.0514778523993151,0,0,0,0,0,0,0,0,0,0,0,0,0,0,0,0,0,0,0.0504707664704335,0.159675499610807,0.295132845764639,0.0185923444502115,0.0146547260352223,0.103025355792564,0.49418832884684,68.6949205405551,61.0934493082831,51.8304593584309,44.3033132165737,35.1551527916504,25.6947602163539,18.1436660067687,11.0609260259081,6.24037276847672,0.0422572771677221,0.205682346304656,0.752060376527622
506,506,"high",0.179725328781348,0.451937696237699,0.0952964140812756,3,0.0555553732947871,0,0,0,0,0,0,0,0,0,0,0,0,0,0,0,0,0,0,0.0486272609767051,0.13154498476974,0.300038350440659,0.0223021688853605,0.024150243008023,0.162897508654504,0.48641556115877,72.1759583129334,58.1170614034488,54.9435804811518,42.7648803290145,35.3509686363509,23.4323844944583,19.0141029937936,10.5655495008533,5.99287607119654,0.025349358324142,0.163622785280436,0.811027856395422
507,507,"high",0.310322184297923,0.229373190770152,0.102944502423347,3,0.0431777296066308,0,0,0,0,0,0,0,0,0,0,0,0,0,0,0,0,0,0,0.049390687415363,0.140393414858076,0.389746600720024,0.0230235931761402,0.033755203732659,0.030488744259463,0.539870573603903,76.975850111449,60.2528893664987,54.2289639668598,40.5327115061634,34.4287940489888,23.895779001938,17.7162952114038,10.5261555102207,6.42454250656997,0.0395790094340339,0.359241319896186,0.60117967066978
508,508,"high",0.369562883367748,0.326692049801783,0.0971340699310387,2,0.0570467649299954,0,0,0,0,0,0,0,0,0,0,0,0,0,0,0,0,0,0,0.0659579126594277,0.138804028601688,0.211619644315776,0.0190807005871623,0.028010461839218,0.138580560961223,0.450964599151031,69.93852060396,62.8895884507338,55.6615133303741,41.9609615933006,34.6618253878579,26.0755407503377,18.8796501632051,10.3855669064151,6.38973961284741,0.00580742277236792,0.335660350443621,0.658532226784011
509,509,"high",0.325503580315826,0.237480054785409,0.101851838441903,1,0.0441674664381931,0,0,0,0,0,0,0,0,0,0,0,0,0,0,0,0,0,0,0.0534353120939562,0.174737460189196,0.308696426193389,0.0179996172546084,0.0245496624177437,0.169605069022882,0.55103731822033,75.1868133937264,59.4150956445332,52.8778108445518,43.7405874450732,32.7003757291039,24.9000226576622,17.9618145563027,11.4492676538989,6.11858647364393,0.148798839116086,0.138876835525412,0.712324325358502
510,510,"high",0.303457566299133,0.24509521122111,0.0958546764374854,2,0.0514424544218451,0,0,0,0,0,0,0,0,0,0,0,0,0,0,0,0,0,0,0.0510991871131994,0.131748695190924,0.440701303518057,0.0180592352109497,0.0215270170508697,0.0765931193966964,0.50310026624041,77.1046182568019,65.7367489202899,50.3724230230329,45.3679457160159,37.1924423958727,25.0512955633647,17.683579648847,11.4484525909297,6.20650858240238,0.0564501681590688,0.210244334311035,0.733305497529897
511,511,"high",0.281934880384115,0.192218839709974,0.100975328578421,1,0.0533287440878275,0,0,0,0,0,0,0,0,0,0,0,0,0,0,0,0,0,0,0.0379438665041117,0.109814490031395,0.40558911094886,0.0172035481318449,0.0171175795653648,0.180464732450087,0.565253701979275,77.8233758458876,62.4147641993117,50.5961304869216,41.4107145884546,33.1828595997067,24.994028777857,16.4919889557044,10.6613376061997,6.59029783545989,0.0258025652016361,0.337430376423838,0.636767058374526
512,512,"high",0.309140166658766,0.198461701543296,0.104609118168355,3,0.0505448707905075,0,0,0,0,0,0,0,0,0,0,0,0,0,0,0,0,0,0,0.0717811720403181,0.122965265039622,0.223639168770012,0.0177097102397366,0.0287125731266121,0.102792708260287,0.563710623151097,70.391228443146,56.6202067869332,53.7587540168107,41.3173154836481,36.2030116156722,24.6386166705338,16.839618918477,10.5016787900907,5.85359372761392,0.047124435328681,0.48022657996855,0.472648984702768
513,513,"high",0.414370096141008,0.206308354059441,0.100821966843413,2,0.0507729164292512,0,0,0,0,0,0,0,0,0,0,0,0,0,0,0,0,0,0,0.049716604836155,0.149318992135029,0.252807331001349,0.0209118290199024,0.034427170655636,0.111828100015297,0.540804066070826,69.6414629742773,62.1833786854258,56.3968356661969,42.887723370875,32.0741597767951,22.7843243478015,17.6110485042543,11.3122613406577,5.92971190427041,0.00166784234844157,0.270924450533422,0.727407707118136
514,514,"high",0.261608589757854,0.177926057023742,0.0965881402688008,1,0.0553164467968462,0,0,0,0,0,0,0,0,0,0,0,0,0,0,0,0,0,0,0.0562487049343878,0.134281715158957,0.122722561491952,0.0263524108329148,0.029658692488072,0.130531741889763,0.602468510678077,76.0073460426004,59.4359516953777,51.6618972376151,42.4369194743344,34.8986341774023,24.898070354174,16.8608743098723,10.4640198432413,6.06637316749957,0.00457066700602395,0.362927243249413,0.632502089744563
515,515,"high",0.393700538204503,0.283944675165588,0.0943694148820697,3,0.0463714963168107,0,0,0,0,0,0,0,0,0,0,0,0,0,0,0,0,0,0,0.0450928811609983,0.118688411078604,0.348097595826765,0.0197438411568699,0.0196507360181061,0.0887532124630289,0.546179533383862,69.3277293662266,62.1409198119749,51.8499018014039,42.4587845817514,30.8896149683587,26.1103423849939,19.0489165960898,10.3778786132388,6.30695239757264,0.00307979464439031,0.285556186018699,0.711364019336911
516,516,"high",0.240942121360026,0.288388218411351,0.102985219771348,2,0.0600498369098544,0,0,0,0,0,0,0,0,0,0,0,0,0,0,0,0,0,0,0.0498908601630051,0.115424888924234,0.151847980795379,0.0201287556217956,0.0185467119327402,0.107858702057452,0.528181102674639,73.6613264289232,64.2273064943838,52.0099090700852,43.6340791673431,31.6931298857359,24.9985922361034,18.1390199833621,10.7455708912257,6.20971567963598,0.0735517883853549,0.226266287404652,0.700181924209993
517,517,"high",0.219778684836976,0.431171376236496,0.0917269710485737,1,0.0604646701590301,0,0,0,0,0,0,0,0,0,0,0,0,0,0,0,0,0,0,0.0474770165471231,0.0804605469199992,0.208020132889244,0.0181762158050148,0.0219256072096712,0.0751399817990732,0.601528093409467,68.1420869319214,66.3886346309681,48.8766782090071,38.7150297553162,33.8262172784898,24.5923081690878,18.3056738405698,11.6447954132762,6.3759698660139,0.0174298862465234,0.223274111581817,0.759296002171659
518,518,"high",0.339130963748304,0.574248418693958,0.0964316511563709,2,0.0572754290955693,0,0,0,0,0,0,0,0,0,0,0,0,0,0,0,0,0,0,0.0376047028502265,0.0973105331617854,0.516347460058831,0.0275684532769669,0.0236731907055691,0.0653182101950869,0.527360980807165,78.0901516310222,69.568519737838,50.6230290705134,42.2160390544732,32.3250176098117,24.1176173288629,16.98382503759,10.993271410734,5.97750990147741,0.0308445772712057,0.237144020257817,0.732011402470977
519,519,"high",0.307775439611585,0.326482163567155,0.0986968766240919,2,0.0450347920924586,0,0,0,0,0,0,0,0,0,0,0,0,0,0,0,0,0,0,0.051798525619198,0.172439143785506,0.309203467825234,0.0248937337517986,0.0201527415710608,0.0870534098523097,0.592388307615349,69.5440030472405,61.8701074274513,50.2392820493792,40.7698958823334,33.5991995934741,24.1382827186562,17.8612482204661,11.6166130805043,5.88613761837269,0.143518549495544,0.194271306681387,0.662210143823069
520,520,"high",0.25028022205092,0.388936987879945,0.0948199702226796,1,0.0591148210533038,0,0,0,0,0,0,0,0,0,0,0,0,0,0,0,0,0,0,0.043216894282236,0.14442799207177,0.275069248975074,0.0187313444526731,0.0419206060070218,0.0450864486305394,0.529731960562294,73.5597343358012,63.1050473121441,51.4743145443964,42.1184168429539,34.4633799769907,27.1724667752235,18.4978956928495,10.7710827442544,6.47193314535586,0.10422070278581,0.242750549794201,0.653028747419989
521,521,"high",0.303627989962685,0.312682538751494,0.103539837045261,1,0.0501612876072266,0,0,0,0,0,0,0,0,0,0,0,0,0,0,0,0,0,0,0.0447386347843188,0.0857132918493482,0.131712993894933,0.0170131718354902,0.0218465029588282,0.275595986398381,0.614296388232772,71.1750865922901,58.7401453844323,50.9909806612164,47.3684856139739,34.7700591852512,27.7770638296672,17.0899253229182,10.6850232258852,6.00355952093361,0.0140601170812164,0.228341010394469,0.757598872524314
522,522,"high",0.268285150126842,0.430331376237067,0.10603067714849,1,0.0499016627438263,0,0,0,0,0,0,0,0,0,0,0,0,0,0,0,0,0,0,0.0364754214018217,0.165424309969609,0.252187276524628,0.0220205206165959,0.0173385725386944,0.0518500011197222,0.524007690287867,73.8876940378104,63.5330942992314,56.5738362815071,42.6497213586877,32.0421876067311,25.6480468047369,16.6620875701851,10.5622039449579,5.55422313359204,0.0905893455127903,0.184317271790066,0.725093382697144
523,523,"high",0.32915537611252,0.0796963575513222,0.0937796450222981,3,0.0447654281078069,0,0,0,0,0,0,0,0,0,0,0,0,0,0,0,0,0,0,0.0525418917375993,0.158625653855293,0.424085968135736,0.0160332027122039,0.0177678313035533,0.120227336871044,0.611251014946554,80.1330278905804,57.3317821376926,51.5797596123509,42.0839633051535,31.4498125654452,26.8320163366527,18.0022787924323,10.888161531772,5.86123989913318,0.0113770742392508,0.274469192217322,0.714153733543428
524,524,"high",0.230811116406088,0.227415472634702,0.101986363064132,1,0.0486651650778366,0,0,0,0,0,0,0,0,0,0,0,0,0,0,0,0,0,0,0.0421915298014593,0.147137007580977,0.33572874756323,0.0179653522269319,0.0221184104191568,0.0966357853559263,0.567825164376749,65.934679906735,57.4322328372497,51.0374895417614,38.1710974971611,32.3040907992087,23.5407707949516,17.6343242513274,11.2594621534445,6.22484887709465,0.0667649721200427,0.244457275461375,0.688777752418582
525,525,"high",0.254391643128056,0.364379397702261,0.0991499912634182,1,0.0408004258340455,0,0,0,0,0,0,0,0,0,0,0,0,0,0,0,0,0,0,0.0404311456039574,0.14616325214551,0.29319632468477,0.0195655606699584,0.0202388005136613,0.0866054931940831,0.557086515787987,67.8973678085422,66.229134262395,51.5614750328763,42.0145237048244,33.1153635474994,26.6115628490478,18.6324803535241,10.2438354872043,5.95586592155411,0.0665540590317913,0.267872310749636,0.665573630218573
526,526,"high",0.310026263562634,0.446011551739321,0.10051083036669,3,0.049808006318073,0,0,0,0,0,0,0,0,0,0,0,0,0,0,0,0,0,0,0.0628298628821761,0.124973820370705,0.375397959598303,0.0149271985579913,0.0229524061774145,0.039967018208256,0.497691568922298,69.1808085609256,58.6396143266231,49.4992648776743,42.7715886260255,32.6911386695179,24.873035407605,18.5905027348227,11.0447193666021,6.18480706868658,0.0399272438350234,0.179897614138114,0.780175142026862
527,527,"high",0.303143036912126,0.165144621771929,0.100044711180505,3,0.0475482911149595,0,0,0,0,0,0,0,0,0,0,0,0,0,0,0,0,0,0,0.0857016765104811,0.138519010255701,0.210020218741202,0.0150209565835737,0.0166916195458611,0.0699301547068947,0.503726969420158,72.8136704815727,60.608774285828,52.1133811222242,44.9189984443776,31.8486949957781,27.4148709851154,17.8764316623424,10.441989102323,5.99422368853576,0.00612909524182426,0.154969000768066,0.83890190399011
528,528,"high",0.258734258971103,0.497159109310474,0.0970632826215352,2,0.0536114816645282,0,0,0,0,0,0,0,0,0,0,0,0,0,0,0,0,0,0,0.0587596573080508,0.083700739567681,0.128812972589671,0.0211796874926918,0.0366991474544674,0.132495619537461,0.633271720937248,72.4309369672318,61.862573459324,47.7113670256946,43.92009515311,35.1684680106558,24.2017761566242,16.6553099003808,11.1054913804161,5.93193486094561,0.0195781254528677,0.33244517602557,0.647976698521563
529,529,"high",0.319044102315238,0.400351135355782,0.101399816648501,1,0.0454791914089954,0,0,0,0,0,0,0,0,0,0,0,0,0,0,0,0,0,0,0.0361688718719193,0.162273703285619,0.351337463116035,0.0211641390670367,0.0367600462916698,0.057029354723245,0.490981608660882,68.8681050552347,63.8752431993175,54.0484814254176,40.3623929835781,31.7227207212656,26.8107647319259,17.1710303836584,11.147785976813,5.31481614751148,0.0514338958133534,0.268010450860629,0.680555653326018
530,530,"high",0.315865849886915,0.385529618264435,0.0943323502598792,2,0.0443757250340172,0,0,0,0,0,0,0,0,0,0,0,0,0,0,0,0,0,0,0.0522021228417282,0.136863059513372,0.376084346447121,0.0208912444501887,0.0285659506481986,0.0529447556400296,0.493345106269772,68.9971539896083,61.6588903253783,53.8157443447202,43.7307235628317,31.4042621679792,23.1847066060534,18.3447761088133,9.91360447502266,5.8128917703905,0.00520279055291959,0.243728574139968,0.751068635307112
531,531,"high",0.269135703664804,0.468909648367593,0.088639742562512,1,0.0514669280395165,0,0,0,0,0,0,0,0,0,0,0,0,0,0,0,0,0,0,0.0393010500742352,0.151692800630055,0.205947052193709,0.0186086095275055,0.0531039371729756,0.114562800103905,0.505528319404108,70.9170936278522,64.4837961136925,56.3233091863936,45.4155723001429,32.6433318488053,26.0174120459542,18.0890725228316,12.1208169100142,6.05347446613255,0.10830967498037,0.408426133378223,0.483264191641407
532,532,"high",0.242078696926678,0.531512893734478,0.106268876436225,1,0.0452845150858381,0,0,0,0,0,0,0,0,0,0,0,0,0,0,0,0,0,0,0.057472003793417,0.110663192094562,0.435863234193739,0.0197079376585343,0.0201921571438642,0.173803226861139,0.545884767115177,72.4454304233263,62.398320195184,53.4396128576984,41.9184931877733,33.9884305623199,25.5981196252289,19.1005969526795,10.7284367307802,6.0986833776463,0.156613150377925,0.120000745750925,0.723386103871151
533,533,"high",0.290956686719513,0.469917238229083,0.0989002106404754,2,0.0496294703397071,0,0,0,0,0,0,0,0,0,0,0,0,0,0,0,0,0,0,0.040039181866305,0.123484570757136,0.283551535502995,0.0186961943852932,0.0202657932500687,0.386210046327031,0.612959113502984,80.3576024704653,61.9395961418487,53.8338663289284,39.2480834777063,35.3090623284552,25.5688557939908,15.4612428610268,10.9973617351969,6.61491209634987,0.00348900808783739,0.302015663819066,0.694495328093097
534,534,"high",0.27968905490606,0.165390808366372,0.107481224743414,3,0.0480213215373365,0,0,0,0,0,0,0,0,0,0,0,0,0,0,0,0,0,0,0.0566222900404407,0.149799327983002,0.127755874731611,0.0242311716156167,0.0381878117093049,0.155179809183377,0.520763496452724,70.7758042222453,59.7121942597993,56.22010366223,45.7962555994995,34.0203120352897,26.5075371317258,17.6817753045453,11.1088830517637,5.9650362778036,0.0210278409223454,0.0759183419509633,0.903053817126691
535,535,"high",0.2031199350289,0.100540117561245,0.0916836881849069,3,0.0409610227737845,0,0,0,0,0,0,0,0,0,0,0,0,0,0,0,0,0,0,0.0659776276670373,0.158338426035218,0.370420409402279,0.0198086014096146,0.0921270963990336,0.124587314622951,0.648441933424757,70.3156293668885,60.7785291820942,54.5367416488661,45.5374736617019,32.5012478523472,25.8454557358215,17.9412953122461,10.3530103057735,5.73902297952742,0.0969715720947613,0.134127055826812,0.768901372078426
536,536,"high",0.322655638502116,0.255133904579229,0.106210863681916,1,0.0504303180134441,0,0,0,0,0,0,0,0,0,0,0,0,0,0,0,0,0,0,0.0569923108429969,0.0853553778114682,0.626867659454969,0.0168950150240707,0.0149746524180094,0.145345964130191,0.501162659591208,71.5808204017527,58.6325237437838,52.7763395405501,42.7024339247499,33.1326582961262,24.4750374510991,17.5569414503674,10.7045917550795,6.27943247350859,0.0309766209650666,0.212498951043409,0.756524427991525
537,537,"high",0.384516331697493,0.584384829609847,0.0970342590188032,2,0.0596913884085012,0,0,0,0,0,0,0,0,0,0,0,0,0,0,0,0,0,0,0.0648601964113418,0.0896826279732224,0.30076374413616,0.0126936340332772,0.0141005885536303,0.0466057809953236,0.59932927301027,72.272045093786,55.0740046231729,49.3887836231314,39.5633651008285,33.2646097512065,23.946213083116,16.8876002488206,11.4374584475369,6.25581165791958,0.0273482834925693,0.224264423693634,0.748387292813797
538,538,"high",0.343093114555426,0.399166617999775,0.0978294546851395,1,0.0524764782300724,0,0,0,0,0,0,0,0,0,0,0,0,0,0,0,0,0,0,0.058807368254093,0.14949037522705,0.2782516603581,0.020871976774707,0.0188628826753875,0.163794188713604,0.637014420102817,69.0137705370506,61.5427333205576,54.1753121097932,40.654393417426,33.5250096142873,23.8697664078169,19.8580512145186,12.1778298514464,5.75844910543577,0.0135450616197104,0.481899651101489,0.504555287278801
539,539,"high",0.302189702762935,0.307414940967613,0.0983728501094113,2,0.044278494342681,0,0,0,0,0,0,0,0,0,0,0,0,0,0,0,0,0,0,0.0371446599536506,0.16165984096126,0.348961505664041,0.0156543482013576,0.02993115894135,0.175508692353187,0.556796348549443,74.8213040391896,65.9985981796405,50.8646706123599,44.9048106966992,36.4217615491028,25.2624142050359,19.1803780627675,10.9216454872741,5.83739697867078,0.119396947878226,0.321176549649335,0.559426502472439
540,540,"high",0.345957639872004,0.302947812221038,0.105258244293069,2,0.0548109253766554,0,0,0,0,0,0,0,0,0,0,0,0,0,0,0,0,0,0,0.0492809264355489,0.194138110151526,0.333810345475083,0.0214397879970941,0.0155847035268976,0.114886897830766,0.621067492799575,70.8684299479918,66.2713142154963,50.051541535541,43.4483438896433,37.6740542298869,25.9994708197065,21.1885250142938,11.4190916986278,6.03467096935344,0.157026020446661,0.198081911880365,0.644892067672974
541,541,"high",0.283201986096123,0.347026034318973,0.106540292504408,1,0.0556644820476199,0,0,0,0,0,0,0,0,0,0,0,0,0,0,0,0,0,0,0.063303258858024,0.13714349293252,0.325449358629383,0.018676117473489,0.01674335672546,0.0718369632555328,0.53037670427596,73.4960667615168,66.7573156449409,54.600090146188,40.6849958560604,36.278305350225,24.5979650824875,17.5002387622,11.025636309864,6.41081149111727,1.33601535728652e-05,0.11805303146266,0.881933608383767
542,542,"high",0.273874876736814,0.34511507040792,0.105457099797357,2,0.0518042984737865,0,0,0,0,0,0,0,0,0,0,0,0,0,0,0,0,0,0,0.0523460595511311,0.125460918343332,0.229555246040621,0.0220767553654944,0.0186368853728168,0.0880871817571692,0.515103663179908,67.9686133371468,68.4413399063901,56.4747055837791,39.1075567245723,32.4538254282455,26.0247163480002,18.3564543608518,11.3221088485726,6.19776211963081,0.0641507523886676,0.410952720849708,0.524896526761625
543,543,"high",0.271645330059398,0.200800643752338,0.105936180621442,2,0.0499447358586654,0,0,0,0,0,0,0,0,0,0,0,0,0,0,0,0,0,0,0.0494817638206896,0.149961009831718,0.418222776989722,0.0181104722164953,0.0175614863396553,0.179353276939212,0.537540914023079,77.0266195903328,61.1266490802865,52.2276569674086,43.3461118865086,30.0433121681352,23.1545191489875,17.8026924535118,11.3262611173405,5.73429493032919,0.0521100871129961,0.328414063912897,0.619475848974107
544,544,"high",0.266516321163532,0.433249194315346,0.107582371073044,1,0.0534597514072288,0,0,0,0,0,0,0,0,0,0,0,0,0,0,0,0,0,0,0.0430376061738348,0.111539603299437,0.420771240289634,0.0168786644736957,0.0168981408449113,0.0522035558621582,0.604400800938969,69.285207319471,58.2011508508023,51.8910011626115,46.1625524099562,31.1733382394031,25.8761384723693,18.3171117336694,10.9285301195151,6.52726763533401,0.0341727688432804,0.305798895059391,0.660028336097329
545,545,"high",0.345579919645841,0.302274194095423,0.100034187872026,3,0.0517187737091562,0,0,0,0,0,0,0,0,0,0,0,0,0,0,0,0,0,0,0.0342239859504867,0.130969278989699,0.369954161605718,0.0193707863248046,0.0365919037031468,0.122370893714933,0.522570690267938,82.8080456891833,61.5150217931797,53.4830514616381,47.483851663369,33.3546853772653,26.1261916034698,17.1624298412361,9.77665120179426,6.1944828493316,0.154836883508372,0.293040302773353,0.552122813718275
546,546,"high",0.301870573586692,0.279845098725232,0.0902849923014947,3,0.0491198189493891,0,0,0,0,0,0,0,0,0,0,0,0,0,0,0,0,0,0,0.0473815400977874,0.181329132283867,0.211994961066909,0.0161984441265346,0.0211942007668231,0.135911026767674,0.527495825178363,78.2364532024286,60.9014111021721,53.6907276195661,41.1873833704574,33.3100479456752,23.803347667459,17.2337747487265,11.8633018097525,6.10166113432379,0.0348365013561276,0.38770990757956,0.577453591064312
547,547,"high",0.310155622183923,0.220373183202611,0.0984909578518598,3,0.0492784153033405,0,0,0,0,0,0,0,0,0,0,0,0,0,0,0,0,0,0,0.0585263239985899,0.169154697658666,0.238335081928542,0.0190148892111951,0.0224705320001219,0.0913848194321977,0.51339416476403,74.5956402570355,58.8898621947455,49.8425042705985,41.332414449172,35.6376645643692,25.5037482796262,17.2226759664067,9.88326743717302,6.53093669720932,0.0144504279679734,0.2676333718179,0.717916200214127
548,548,"high",0.27813844548259,0.408280775715236,0.103230296872516,2,0.056052143533476,0,0,0,0,0,0,0,0,0,0,0,0,0,0,0,0,0,0,0.0520236570883968,0.0846505233180643,0.382408776285566,0.0162620697518941,0.0311614231091674,0.140378455038309,0.43959259928526,70.1766732395075,59.5139142280291,46.6928854940021,44.0501517577157,31.5987868301547,24.4474314763557,19.6644422445066,12.0676805540038,5.93515197591588,0.160464242377076,0.198532237295451,0.641003520327473
549,549,"high",0.304164777519881,0.195297222837034,0.0988628310318535,2,0.0557082256758054,0,0,0,0,0,0,0,0,0,0,0,0,0,0,0,0,0,0,0.0481266305365975,0.133336638409938,0.448225771549831,0.0204530870794434,0.0256036912959823,0.112009348412967,0.528580779279183,76.7640753816895,62.4324538060173,55.3929714177846,44.0965751448913,34.2132707983185,24.5048779202547,18.2092441305506,11.8073409385986,5.96875399614664,0.049413716658016,0.292024812974605,0.65856147036738
550,550,"high",0.283509081955976,0.109042331318038,0.100363161848549,2,0.0544358832935701,0,0,0,0,0,0,0,0,0,0,0,0,0,0,0,0,0,0,0.0486813866782536,0.121255097349571,0.141748849429671,0.0189953034414238,0.0179225170475526,0.082138209269394,0.42632821228576,67.8912245271437,62.0818241481769,59.8413513765184,42.961297459782,33.1305769030137,25.3516795102039,17.1151380828378,11.4260701168413,6.33526302993882,0.0111682643969668,0.122728167403474,0.86610356819956
551,551,"high",0.33039287454516,0.2664072890279,0.0962626084017203,1,0.05113989221993,0,0,0,0,0,0,0,0,0,0,0,0,0,0,0,0,0,0,0.0426294939268709,0.11895251462895,0.270628063823514,0.0194197327123078,0.0301327780522188,0.083015813573427,0.575896398599045,68.4857085847909,63.8410078487682,51.6643380580145,47.5589605516091,34.0579834420253,25.3069157616331,15.9197327400675,9.74887447348654,6.23384899996079,0.0165386820034608,0.0996011553152526,0.883860162681287
552,552,"high",0.317541407698841,0.487600173913001,0.0998216593650623,3,0.049593276885666,0,0,0,0,0,0,0,0,0,0,0,0,0,0,0,0,0,0,0.0510575356310033,0.0942889402312284,0.456005849776935,0.0207334725653102,0.0401697483854589,0.131749152016289,0.579625519242907,72.8541194280704,68.883858865624,53.5854591701922,42.9184927130212,34.362729182564,24.1852408440932,17.5904644903524,9.83551691402244,6.01969221465144,0.0356963446524043,0.255425607202018,0.708878048145578
553,553,"high",0.389762721936938,0.370268001629052,0.0981390420171879,3,0.0515421574994288,0,0,0,0,0,0,0,0,0,0,0,0,0,0,0,0,0,0,0.044849301958588,0.138352222756474,0.302073593281676,0.0271232082188886,0.0266698169546667,0.101861539557657,0.470737564784206,73.5211012696906,57.5498486485991,54.3694937746468,43.0660696933817,30.145811272865,23.7795017476555,17.5521705639175,11.4953778746734,5.90352285885553,0.0207838639078101,0.24793219873016,0.73128393736203
554,554,"high",0.400557663088594,0.420647308472112,0.0912295776173798,3,0.055192629793133,0,0,0,0,0,0,0,0,0,0,0,0,0,0,0,0,0,0,0.0559839567229184,0.113351036305737,0.227582071036331,0.0218557932592136,0.0213569078186238,0.106759108568671,0.512555244652398,72.8899088122639,62.7647356182412,57.790324343664,42.8034796624359,35.3320469488322,25.3313771318095,18.4782610871257,11.2932711772267,6.33659251235507,0.0440007469011447,0.095095533281407,0.860903719817448
555,555,"high",0.273135323645784,0.350856359522879,0.0963846278068011,2,0.0498690528175723,0,0,0,0,0,0,0,0,0,0,0,0,0,0,0,0,0,0,0.04702802024974,0.160153499328119,0.287933482041636,0.0196536029684935,0.040834086147348,0.0819805583173708,0.656463277230819,76.1424034023092,58.2278763371057,49.8233476891009,44.044919923485,34.0132864258915,25.2550356725085,16.0560260775144,9.95267763338977,5.69692819029126,0.0948038445381954,0.170630847442812,0.734565308018992
556,556,"high",0.255150096358113,0.599084140840634,0.0981248157384266,2,0.0412869660780872,0,0,0,0,0,0,0,0,0,0,0,0,0,0,0,0,0,0,0.0485516295536994,0.118561872326896,0.274593715061385,0.0165752166611509,0.0270021036618096,0.102068408678608,0.607661179368975,68.2163875537416,59.4428804090903,55.4867570939213,45.0436002449238,34.0832959421108,25.8983874731503,18.148185959611,10.6188058685848,5.87494552759959,0.188051737883813,0.092281014212831,0.719667247903356
557,557,"high",0.346276396819168,0.48006527339632,0.10780507626238,2,0.0564804257165885,0,0,0,0,0,0,0,0,0,0,0,0,0,0,0,0,0,0,0.0461333113946706,0.143438356082942,0.323482166021998,0.016251556707014,0.0239179258214422,0.063705296844425,0.495073099389119,73.8399297933534,63.9254638540631,47.1059196420352,46.0085603415529,36.7774547328282,24.354334049131,16.2942791316942,10.6928702400937,5.59252168169403,0.04973640514544,0.108570218907352,0.841693375947208
558,558,"high",0.358643770063281,0.19998748196967,0.0998079053628692,2,0.0466072486279244,0,0,0,0,0,0,0,0,0,0,0,0,0,0,0,0,0,0,0.0559084837043778,0.102062644404342,0.253387776976829,0.0222137091936882,0.0236314506991775,0.197638928639491,0.534321438830932,74.2904717255805,60.6001147728227,54.7191895850078,43.5640311109201,33.2302602535644,26.3511600379448,17.4564192205559,10.296147547882,5.9347742175495,0.0120280656324237,0.271358062323885,0.716613872043691
559,559,"high",0.245251767925185,0.216381199147381,0.0994078202263049,1,0.048699104427586,0,0,0,0,0,0,0,0,0,0,0,0,0,0,0,0,0,0,0.0566589322610259,0.141507080655894,0.35529996467475,0.020148238462013,0.0253346717524128,0.0976206364176473,0.522224957809825,70.4649049478467,63.3014678884516,50.687359462281,44.8638771239588,37.7126606259173,26.7335190537732,18.2401892036412,11.1294596010335,5.94588516439701,0.0342495299579119,0.114204644627098,0.85154582541499
560,560,"high",0.312209397498551,0.367228066792126,0.103353400331107,2,0.0547480380576083,0,0,0,0,0,0,0,0,0,0,0,0,0,0,0,0,0,0,0.0577501137248798,0.188657930027034,0.315253928702642,0.01527797638001,0.0221397617044129,0.189018931441078,0.522761771090921,69.736407861692,64.2944362434079,53.7676813362215,44.0703022385608,34.4122015834536,26.6185960432055,17.6466689504568,11.0545267986009,6.09728615857014,0.0360944626862416,0.227903462292734,0.736002075021025
561,561,"high",0.347164978347257,0.534134747870294,0.106926011893899,2,0.046185154254275,0,0,0,0,0,0,0,0,0,0,0,0,0,0,0,0,0,0,0.0434701048081074,0.113459279751672,0.531312341763783,0.0269907058718055,0.0267752251230405,0.0361528708978754,0.490612883091615,74.2184653239284,63.659244312024,50.2847994762414,42.8991008324891,32.1874038842442,24.0300240296875,16.3434753898652,11.7345639405722,5.67126845952399,0.0773875607596831,0.219312604896324,0.703299834343993
562,562,"high",0.316276399392609,0.387309602183018,0.090907213108387,1,0.0440899302592555,0,0,0,0,0,0,0,0,0,0,0,0,0,0,0,0,0,0,0.0413798425007011,0.087288672966415,0.436945308226569,0.0255632929460078,0.00936335641415469,0.459677587417078,0.537633314291768,72.4931923917943,63.8037538306818,53.7232308886829,40.6732005704593,33.1914521214707,23.5839681661594,16.9139945745309,11.7436006676246,6.40642790924292,0.0676413306085919,0.476474891029681,0.455883778361727
563,563,"high",0.303001020415523,0.396321555155914,0.106750935290486,3,0.0489826154042888,0,0,0,0,0,0,0,0,0,0,0,0,0,0,0,0,0,0,0.051561321683583,0.119612519565029,0.45854368811017,0.0210336947926215,0.0244345519622681,0.13316958749635,0.476812293265481,76.4359111801727,65.3365348544719,50.974603201576,44.5261056286577,33.2582169599844,26.4526030325518,17.8937017289695,11.0001639259492,6.13457051382069,0.0174424630651861,0.0871403874766069,0.895417149458207
564,564,"high",0.267485640957756,0.365844003213021,0.0975434867132644,1,0.0437479367466704,0,0,0,0,0,0,0,0,0,0,0,0,0,0,0,0,0,0,0.0382056956538491,0.0934257488967528,0.69620599477838,0.0134527581713062,0.0326236253080088,0.085837437907525,0.508373402197801,71.6830294150642,61.2453098688589,49.600159969894,39.3295611351912,32.4254180088441,25.9133912694411,17.8495699975575,10.0376215087769,6.47849583551673,0.0140234690423732,0.222927033207543,0.763049497750083
565,565,"high",0.316694480432352,0.242168049322566,0.103922523766475,3,0.049325624521949,0,0,0,0,0,0,0,0,0,0,0,0,0,0,0,0,0,0,0.0535936763652319,0.136585511785415,0.371914527611241,0.0212240822350605,0.0290345000460497,0.0830529027524604,0.499244565630205,72.5449796349652,61.4523378147256,55.1340359602696,40.9259082025032,35.4912669372317,26.7243594070434,19.0609640315957,10.270935786893,6.00211904771898,0.171673859438277,0.3214272013861,0.506898939175623
566,566,"high",0.347415570954193,0.430807271172993,0.108055310212128,3,0.0466598070015998,0,0,0,0,0,0,0,0,0,0,0,0,0,0,0,0,0,0,0.0598798973972788,0.176430441876982,0.476615821971191,0.0223721229276458,0.0392915162008695,0.088239290064831,0.550571631018248,68.2822941066886,56.6695995572144,51.4044139616789,45.7757116919694,32.1612705868388,26.1325268687639,19.023327672109,10.9469673961149,6.18829326405523,0.0235818873519518,0.122751925930333,0.853666186717715
567,567,"high",0.327850559939492,0.489695780904939,0.0987010599699822,1,0.0562293148675892,0,0,0,0,0,0,0,0,0,0,0,0,0,0,0,0,0,0,0.054258662678528,0.10162600264726,0.20215775204909,0.0207798594878645,0.0248166159674463,0.112189842030093,0.50018877489318,65.0667632217972,59.4579879709201,52.4494560559429,42.6604182647757,33.733526510465,27.2531163630996,18.6172911305251,9.94398820763948,5.89493682234192,0.108974456084726,0.191817990581317,0.699207553333957
568,568,"high",0.249614704337757,0.252117240615153,0.0951675458350056,2,0.0536582963232283,0,0,0,0,0,0,0,0,0,0,0,0,0,0,0,0,0,0,0.046938862734259,0.113221991014924,0.397959041169983,0.0194617718882291,0.0175345917396009,0.143466922450293,0.475661177698926,74.0577780952767,60.494395860865,56.3880908861276,43.7552005596167,32.2719740500254,25.8112588195163,18.1163048784718,10.7700722638271,6.60994248978165,0.0135445979752407,0.375856475812738,0.610598926212021
569,569,"high",0.289527162392637,0.343914974146472,0.114140846847156,1,0.0470586591589815,0,0,0,0,0,0,0,0,0,0,0,0,0,0,0,0,0,0,0.0610352735471823,0.137248621457539,0.226450924309996,0.0218084477123237,0.0194823699224069,0.181376101420494,0.491639668848101,70.6278296387488,62.9284863143313,48.3991595617833,44.5133484595395,36.2489411772386,24.0267483668749,18.019963670097,10.5088362776322,6.36328725860481,0.0555811179316406,0.197370666070699,0.74704821599766
570,570,"high",0.294090124033735,0.328537634869409,0.105873742163208,2,0.0473209904126716,0,0,0,0,0,0,0,0,0,0,0,0,0,0,0,0,0,0,0.0600282833693908,0.168770773357856,0.414860545545383,0.0165374055642435,0.032896457309627,0.0807561887055618,0.541121423016516,69.4732575789002,56.1369447594528,55.6780999741213,44.309100898977,34.6115979110489,25.7119604389381,18.4838331829601,10.7926439184128,5.67880007365467,0.149597714147128,0.289682059298765,0.560720226554107
571,571,"high",0.343054879585911,0.419536035285348,0.10241529805407,2,0.0566299672033108,0,0,0,0,0,0,0,0,0,0,0,0,0,0,0,0,0,0,0.0496598258619532,0.126185226953903,0.203575135880367,0.0154622687842565,0.0137500714286524,0.126951687216763,0.591846631563477,69.5570811130369,61.9171337458009,51.6847048863547,45.7144282152588,37.9131846852359,25.8674743726292,17.3684274122411,11.7052581015702,6.31684068846892,0.00966625791115889,0.206669021567973,0.783664720520868
572,572,"high",0.349170200227329,0.238581369909252,0.101675724357925,2,0.0503841713624236,0,0,0,0,0,0,0,0,0,0,0,0,0,0,0,0,0,0,0.0402865638137986,0.152957899481826,0.145776447709459,0.0164721847115036,0.0294397032544261,0.0757503825342222,0.482634010357661,69.3993896350138,64.1309707033525,53.1258868415395,42.8558867323651,32.8391650578203,25.2382331460698,16.5861875161135,11.4342672701283,6.47970267666404,0.0859848306738969,0.188015481933773,0.72599968739233
573,573,"high",0.306467473258742,0.444815313412047,0.0984009021466721,2,0.0474259998782069,0,0,0,0,0,0,0,0,0,0,0,0,0,0,0,0,0,0,0.0459011315608071,0.166614409996691,0.388378461554233,0.0204982043995678,0.0141294532487524,0.137194734830937,0.516613330726594,66.2676380837514,61.6174751667175,49.7152032759659,46.9337610324305,34.5824530342223,25.6663435814732,16.5934481223846,10.1127370192822,6.79033939286347,0.0473015393908085,0.114315585780084,0.838382874829108
574,574,"high",0.297830181518076,0.300153741899133,0.10206026920463,1,0.0431481884340681,0,0,0,0,0,0,0,0,0,0,0,0,0,0,0,0,0,0,0.0563364082850866,0.163960297022379,0.396207823575694,0.0190303552015141,0.0284976790684338,0.0856686487710022,0.542286629943028,77.1767684097809,61.4082115824841,51.0967668660671,42.7469676958033,36.0816395148226,25.1618625383049,17.4255340089467,10.4672652193282,5.95851388793831,0.0929583192932609,0.0974314916435735,0.809610189063166
575,575,"high",0.362130081602459,0.35672878076717,0.0987782268561073,3,0.0504230457869094,0,0,0,0,0,0,0,0,0,0,0,0,0,0,0,0,0,0,0.0247048854738525,0.148441458714616,0.50209648409444,0.0210919140411215,0.0225338228609833,0.0804484824276664,0.525473192977244,70.6154370726112,63.469967018436,49.1322345350123,42.4430357233798,34.1275858318465,23.8186336529287,19.7003136069075,11.7814498489772,6.37300017555795,0.0493120193597505,0.194341920858491,0.756346059781758
576,576,"high",0.230655908198619,0.325298346200415,0.0915814431020662,2,0.0506431573952866,0,0,0,0,0,0,0,0,0,0,0,0,0,0,0,0,0,0,0.0398528936227867,0.0907997914155873,0.316483256216047,0.0168430051785333,0.050252565200146,0.0600259094331282,0.585971504019853,61.552449913698,60.0209634724769,49.0436096484983,39.9802861368433,31.662568121723,25.481512343768,18.8837592428293,11.0619299706011,5.71849867383387,0.0443442168123103,0.200363447710285,0.755292335477405
577,577,"high",0.313618979289268,0.310820209227071,0.0939623190184068,1,0.0398237615878469,0,0,0,0,0,0,0,0,0,0,0,0,0,0,0,0,0,0,0.0423059964729797,0.151128056371983,0.246586351384148,0.0179887209336103,0.0278189501222191,0.12984609517081,0.506735938891363,71.4913598420797,60.2217785295342,51.1516631671458,46.272419477273,32.753800980385,26.5633073153057,17.571526123616,11.290913543875,6.24272361713465,0.0288717467627066,0.401717864993116,0.569410388244177
578,578,"high",0.323719591186391,0.352327498891552,0.0983108498834971,2,0.052757206951149,0,0,0,0,0,0,0,0,0,0,0,0,0,0,0,0,0,0,0.0366758100883264,0.103881677995178,0.224858126871303,0.0216566789029219,0.025010781175184,0.209583898889958,0.563330038936606,72.5158690420448,63.4479589381522,57.7415004175367,42.4248914641211,34.7899774536842,24.62125723833,17.3239323432064,10.937870430486,5.89399812077753,0.195232784671717,0.396945925126841,0.407821290201442
579,579,"high",0.369920401472592,0.696722220948077,0.0947669798468962,2,0.0559002612484653,0,0,0,0,0,0,0,0,0,0,0,0,0,0,0,0,0,0,0.051718346888676,0.14503751298177,0.173938653551849,0.0194307457283932,0.0199069268745461,0.138749895568661,0.535088513283534,68.6392400778,64.0737381585891,54.8742601664711,42.8317753970807,33.8470335818575,23.79544304508,16.322048497296,10.9142997608938,5.99040252467841,0.1559624105309,0.13517769793189,0.70885989153721
580,580,"high",0.323292576408868,0.593128019801801,0.0888487931368234,2,0.0476560138840433,0,0,0,0,0,0,0,0,0,0,0,0,0,0,0,0,0,0,0.0477787215930809,0.121837935128711,0.317054493895099,0.0184377298592883,0.0212638678133461,0.172825344290758,0.547421040012927,68.8531973811496,63.040982147781,53.6038651935967,39.4134119559712,33.8548049489678,23.9974257990188,16.854867286985,10.7422328111992,6.19106777510405,0.00407063759608546,0.269055988073718,0.726873374330196
581,581,"high",0.337565884653226,0.335166500222941,0.102783859282249,2,0.0538239382495456,0,0,0,0,0,0,0,0,0,0,0,0,0,0,0,0,0,0,0.0483139409891462,0.105063206299146,0.298150750261272,0.0179289478898812,0.0237614557612927,0.0834938301993906,0.575633047354461,79.1476035368874,64.0682671397546,56.4535121816181,43.1703581072426,31.6834679220324,27.1420975299277,17.641360082299,10.9361795304019,6.44388339457356,0.0706703859572413,0.439340310439203,0.489989303603556
582,582,"high",0.333864755813598,0.438951186392899,0.104624016709989,2,0.0435036881134455,0,0,0,0,0,0,0,0,0,0,0,0,0,0,0,0,0,0,0.0630474519468164,0.194994902415667,0.366928901117639,0.0189545447088266,0.0262784687587892,0.0706167724152537,0.455043114538018,66.5741797456649,58.3971919265701,55.7323053656799,43.2481940434988,33.0368084874557,25.1497891527187,17.1761277860552,11.9997402030102,6.440366437409,0.0206373217381361,0.19111093767666,0.788251740585204
583,583,"high",0.308664962963484,0.123534719077208,0.0990041748135984,2,0.0442991665494558,0,0,0,0,0,0,0,0,0,0,0,0,0,0,0,0,0,0,0.0534714069578619,0.113774822191322,0.402365038193099,0.0259253924958188,0.0236050891367273,0.141107574848415,0.583991200215531,69.9064955462714,59.1974983772522,54.2122814777839,45.911348057002,34.4885733628442,23.929479450055,17.4965990682089,12.0486056455795,5.88179722577277,0.0702071154077236,0.2940978735923,0.635695010999976
584,584,"high",0.260086699422801,0.215725943595819,0.101222341782209,1,0.052491571499049,0,0,0,0,0,0,0,0,0,0,0,0,0,0,0,0,0,0,0.0489677245850905,0.160021404169405,0.281137099554593,0.0223743641896265,0.0235332416766234,0.0311692190610248,0.479121429410214,72.75071242682,60.3512318344465,51.2727031391542,42.6790955085593,33.5094195670706,22.3200375762694,15.5207757246733,10.5144958874775,6.60522466618374,0.133984051250162,0.339770801866283,0.526245146883555
585,585,"high",0.261683700131573,0.266921905700349,0.0962839595857604,2,0.0503952012173876,0,0,0,0,0,0,0,0,0,0,0,0,0,0,0,0,0,0,0.0560969735911141,0.152624171040107,0.162774980657885,0.016433024540974,0.0281145713905407,0.0791463192644274,0.540505566855738,77.2879823106076,57.2253692543603,56.1880133612227,41.5360291180134,36.3902491211413,24.2626022101676,18.3267995284237,11.6330813778849,6.09968268054273,0.113348972396285,0.188863080958893,0.697787946644822
586,586,"high",0.326518914582654,0.490038233369749,0.105408216078097,3,0.0466430776003344,0,0,0,0,0,0,0,0,0,0,0,0,0,0,0,0,0,0,0.0764837722313461,0.175974998518374,0.369036422701821,0.0217956573550217,0.0230100464348514,0.081619357843973,0.519163707842061,66.4374386861596,62.2873864273371,54.6209496747321,41.3683769405112,35.755993845305,26.5996503586188,18.4722468861259,10.626930509763,5.77603555931991,0.014297368070526,0.242745085472269,0.742957546457205
587,587,"high",0.316123516834867,0.391114564307652,0.0963363639780982,1,0.0535357497272793,0,0,0,0,0,0,0,0,0,0,0,0,0,0,0,0,0,0,0.0390865540051911,0.143921294145634,0.305638483925999,0.0202862428476457,0.0265513758574,0.178669884194626,0.500577704080766,73.9402824643295,55.8283273733183,56.9008954042634,39.9376869936839,34.5553422299065,24.2323502793661,17.5202496170537,10.7259526214273,5.42453782640359,0.0804914849948339,0.110826595850739,0.808681919154427
588,588,"high",0.352605011902455,0.384292577738694,0.0997303488635265,3,0.0526756044309092,0,0,0,0,0,0,0,0,0,0,0,0,0,0,0,0,0,0,0.055582496771808,0.111960204708839,0.243803249384143,0.0196818195101874,0.0291011704180068,0.115535375129045,0.561603137988889,70.3753985574326,64.8072595650762,51.2051971428079,44.2299573114029,33.007382981281,24.6229999856081,19.1893216349911,9.9759873351114,5.48403003662878,0.0369479881575384,0.185967266747874,0.777084745094587
589,589,"high",0.386469625589752,0.435575377216078,0.107106384063564,2,0.0533528461418358,0,0,0,0,0,0,0,0,0,0,0,0,0,0,0,0,0,0,0.0296543429173638,0.132729090946329,0.336174444255185,0.0216540833637786,0.0407328825247578,0.145049417798638,0.580257678228548,76.3181599091252,64.8682788134986,53.2780261180463,41.9960914049199,33.7763612751065,23.5540391830969,18.664393031868,9.99508489062279,6.27167818236165,0.228554661058876,0.206333523426705,0.565111815514419
590,590,"high",0.233537086679541,0.276121259666474,0.10558863685712,2,0.0504524391669559,0,0,0,0,0,0,0,0,0,0,0,0,0,0,0,0,0,0,0.0521241841258108,0.126464635949678,0.528151275964094,0.0211946276668778,0.0188405979594718,0.0873166321726511,0.62595685734007,67.4201083741849,64.5268274036401,47.4428522603072,41.3484325395653,35.5732955835046,25.6530620183514,19.151294109534,11.653281868944,6.10966096088705,0.0964254508118284,0.229417703601289,0.674156845586882
591,591,"high",0.305395208679282,0.212471082816684,0.0946161484437052,1,0.0477619080724809,0,0,0,0,0,0,0,0,0,0,0,0,0,0,0,0,0,0,0.0486642126224816,0.119748783524475,0.347563780634082,0.0157460707927475,0.0342217049007213,0.0626731273833731,0.418403338676077,75.7884393056366,57.4163916416959,54.6267386386234,49.2914223608861,34.1356663384699,25.3855120014248,17.9471304938753,11.4595137210932,6.4745327441498,0.0327694004913029,0.134424606897118,0.832805992611579
592,592,"high",0.285059876247079,0.516043732026307,0.100906430311357,3,0.0511520385289674,0,0,0,0,0,0,0,0,0,0,0,0,0,0,0,0,0,0,0.0735087249806107,0.126244642948366,0.459561453356612,0.0199210861849,0.0343660968033495,0.10846523447695,0.568299617656448,68.1634915574681,61.4909748294406,58.7968153174882,41.7620801041099,33.9418555004288,23.5765489987834,17.4522734048336,10.2780071089808,6.31791776701472,0.0355242983663969,0.159409946394202,0.805065755239401
593,593,"high",0.238608136927041,0.249123231255723,0.111626383772038,3,0.0534994938986282,0,0,0,0,0,0,0,0,0,0,0,0,0,0,0,0,0,0,0.0624701371852188,0.108064495853633,0.317988180098384,0.0181075993500459,0.0188150148905762,0.0762712104716693,0.509222454582265,69.1224890311073,67.2588069485138,47.9860363423581,39.4490349540042,33.6572313542823,25.8668857826657,17.7661167924498,10.8952943266288,5.94042673199358,0.0270563970638792,0.123704746340805,0.849238856595316
594,594,"high",0.367253096784844,0.328205540366582,0.100940143522444,2,0.047746073982849,0,0,0,0,0,0,0,0,0,0,0,0,0,0,0,0,0,0,0.0567171172557294,0.124350468153327,0.124187561047444,0.0241819674505577,0.0252334633051005,0.096315788659401,0.58762487170118,72.582708485399,61.1904102397246,55.9186330435857,42.8283608371461,33.6750632940672,24.0920340584536,17.5487212364166,10.5131872136704,5.8599896123828,0.0388879847087571,0.270782624129046,0.690329391162197
595,595,"high",0.28837471664262,0.274124474815461,0.0992041242803144,2,0.0469386066153112,0,0,0,0,0,0,0,0,0,0,0,0,0,0,0,0,0,0,0.0387732445431753,0.168557184660546,0.188483721653623,0.0199637778815593,0.0132578578937695,0.0697326208855169,0.513179423919801,72.7203254101593,58.2356503528667,55.8541246745153,40.6664190062507,33.179812734921,25.5277512610943,18.6606136118471,10.9162580667418,6.64876060942818,0.0318780555609729,0.433968857223142,0.534153087215885
596,596,"high",0.306968483844493,0.276739773356639,0.0974549707623011,2,0.0422713494004231,0,0,0,0,0,0,0,0,0,0,0,0,0,0,0,0,0,0,0.0782278918293295,0.126820176719757,0.137311692863079,0.016611267428214,0.013656244346394,0.0853345618311966,0.566736451650897,70.7554576536844,61.7141212949462,51.8695344142752,48.370116460056,32.3980950608591,23.7934369142712,17.1680544829605,10.3317113640716,5.76036943905492,0.0891999787190328,0.271763863521946,0.639036157759021
597,597,"high",0.390337523225695,0.301514493142513,0.103113692145789,3,0.0424072271613937,0,0,0,0,0,0,0,0,0,0,0,0,0,0,0,0,0,0,0.0541163782824244,0.179154037098876,0.393647564376768,0.0169673699259738,0.0172041703448324,0.0762566100137743,0.530423227887284,67.9868457227733,60.6480121146071,53.210800576541,42.4784254832337,34.4682537317683,25.5555355699056,18.1729923765304,11.4578784019148,6.17338379231056,0.0364695290537473,0.335579584881074,0.627950886065178
598,598,"high",0.315350984425274,0.414263857420203,0.0947296722943858,3,0.0582798149635709,0,0,0,0,0,0,0,0,0,0,0,0,0,0,0,0,0,0,0.0589635501469885,0.124107131448889,0.534231438223452,0.0169811935580937,0.0258673446596916,0.110961000982136,0.47101580049014,71.6364592231633,66.8640254980189,52.6819112533827,43.8410464558657,34.4766468720978,25.6609502760522,17.8845579564366,10.8406835747423,5.7847957423196,0.000313942252876062,0.480187047946892,0.519499009800232
599,599,"high",0.381187600142423,0.448661613496183,0.105022493258855,1,0.0623744346068477,0,0,0,0,0,0,0,0,0,0,0,0,0,0,0,0,0,0,0.0562077245378058,0.129695247352105,0.284307903357844,0.0167650666346191,0.0134124371366878,0.0911480055102644,0.517741898257416,66.5788208370609,64.16360718921,50.5273259878059,43.6676743905259,34.3699635123449,26.2460905960178,19.0369350791817,12.2068429463966,5.79895403740242,0.159742994763696,0.361272989277658,0.478984015958646
600,600,"high",0.31819528968479,0.449826936833161,0.102366450234317,2,0.0497043077045962,0,0,0,0,0,0,0,0,0,0,0,0,0,0,0,0,0,0,0.0533838079528683,0.134056345444152,0.336905050963819,0.015521453926752,0.0223406979048746,0.0623040016001587,0.536268738704859,70.4702303419081,60.0604211633576,55.1210012717551,43.7988729623451,32.8720868249477,23.63373733949,18.7176396731163,10.7752654889046,6.07438047754407,0.0849207100978818,0.329187490321107,0.585891799581011
601,601,"high",0.225188860103722,0.24383203524231,0.0922692112106031,2,0.0473581922170666,0,0,0,0,0,0,0,0,0,0,0,0,0,0,0,0,0,0,0.0313448643728652,0.105107911649625,0.147069232683297,0.0161583632067886,0.0306743925279624,0.119377732781922,0.552924035040075,66.3144766590959,67.4663833106318,59.1826127685813,45.3334969968447,32.1168703358565,27.6058973327609,16.5558648541979,11.3199574920975,6.16926635332758,0.0455091613911712,0.100382753490209,0.85410808511862
602,602,"high",0.246970153265842,0.190363893343296,0.102558996844236,2,0.0464826302673009,0,0,0,0,0,0,0,0,0,0,0,0,0,0,0,0,0,0,0.0499862866140507,0.155359565701745,0.266168791165106,0.0221324041175796,0.0528404761978665,0.128309752601717,0.561989748874536,75.961712712704,59.850878204754,52.3631065131009,40.8505213482915,33.8215434437468,24.2341338767644,17.1809821081182,10.2216245603356,5.82765380409809,0.0140743729775873,0.425487945328273,0.560437681694139
603,603,"high",0.195530311128485,0.205275807699893,0.0904154930267728,1,0.0502750423615357,0,0,0,0,0,0,0,0,0,0,0,0,0,0,0,0,0,0,0.0403039082943726,0.140247302285198,0.236203449725062,0.0181514848329225,0.0278994019324723,0.118710697414363,0.529613744015403,74.245391696274,59.7346943195123,53.0403809113474,39.9673906631308,34.2800832941895,27.4626968257163,16.1283107871732,11.2477578327025,5.96457151772125,0.0478959330240469,0.242888224248075,0.709215842727878
604,604,"high",0.315568283978577,0.26371507763549,0.108369913912297,1,0.0489582876309629,0,0,0,0,0,0,0,0,0,0,0,0,0,0,0,0,0,0,0.0479898445871748,0.119361003911632,0.236861142086403,0.0219360299568966,0.0195445653997796,0.123070446017518,0.564767944853639,70.9731572883237,61.2904650793606,51.709586545091,43.330298965159,33.4818760011226,27.0411180091205,18.6244825690185,10.9832158880167,6.16689185934622,0.124577821410815,0.218519073707321,0.656903104881864
605,605,"high",0.204155657299032,0.0976633423788796,0.110632905760535,2,0.0454469775232865,0,0,0,0,0,0,0,0,0,0,0,0,0,0,0,0,0,0,0.0519887850113556,0.136660402822337,0.169755008770178,0.0191103830363056,0.0129616132071859,0.117606719792195,0.519911696726314,78.7024022301138,61.5650600180565,52.2146001750459,43.7739090899334,34.9389913412134,24.7699745486656,17.7210356667014,10.3735808340621,5.48001709166483,0.0124551336854857,0.283711286400264,0.70383357991425
606,606,"high",0.299607534949414,0.273180905459519,0.0945577583921316,3,0.0521514740807284,0,0,0,0,0,0,0,0,0,0,0,0,0,0,0,0,0,0,0.0502987018028164,0.13754050460093,0.218160049562479,0.015714185985816,0.0281907126179429,0.127792148886297,0.551445518521469,71.9471636997735,59.8747090997641,48.3706362766415,46.0746056033172,35.0696358663038,25.3381829070161,16.9262137511707,11.5393135434157,6.13883601992294,0.00750225748282447,0.0714426693595579,0.921055073157618
607,607,"high",0.314466964396737,0.504815299257164,0.0942111915229838,2,0.0516795016837376,0,0,0,0,0,0,0,0,0,0,0,0,0,0,0,0,0,0,0.0421285722136724,0.112945068761764,0.331623567863369,0.015294003798481,0.0213324259371514,0.0743206217795835,0.535977134623354,77.6845644993121,65.0381308352336,50.5664482157217,44.2521683647424,37.3863681934998,26.8905326691087,18.4289624574059,11.5462316135445,6.28359677348514,0.133781066711206,0.317382033756648,0.548836899532146
608,608,"high",0.270905018048374,0.205766523211933,0.0918003291010057,2,0.0532657143887949,0,0,0,0,0,0,0,0,0,0,0,0,0,0,0,0,0,0,0.0631340675614795,0.139200056844336,0.46857769707465,0.0141083694334474,0.0184898456621203,0.0523126811857263,0.578447884191827,69.1028819744674,63.8898753500807,52.274673727777,41.7968545272036,32.8941529981483,25.4323409144105,18.2211001532585,10.6096333119878,5.79489825150134,0.0224829203905432,0.277718814885477,0.69979826472398
609,609,"high",0.306647638893117,0.360682790007407,0.103373012315113,1,0.0478216443500063,0,0,0,0,0,0,0,0,0,0,0,0,0,0,0,0,0,0,0.0475982401285634,0.15444631103752,0.251713270515178,0.0181731719577659,0.0373399666942739,0.0660519190205301,0.470296011080425,76.8660656455775,63.5185214452511,52.6288624058028,43.5499520400586,31.1934011881075,25.2969869978664,18.0127390507158,10.2100262150157,6.4188634238663,0.100872625473082,0.142068376015277,0.757058998511641
610,610,"high",0.323867567688503,0.457797600850384,0.0969441693605371,3,0.0500231717847965,0,0,0,0,0,0,0,0,0,0,0,0,0,0,0,0,0,0,0.0351283589966507,0.0792230707189365,0.210742886132033,0.0188246955746709,0.0123822051725827,0.09845822937509,0.498651505228482,71.0271437018968,58.7339939414666,54.5054450810214,46.8652274342906,33.2233975301828,25.4790845352193,17.17997536097,10.7883578544676,6.20935312344699,0.00158056997407993,0.25673590179131,0.74168352823461
611,611,"high",0.344547449325966,0.553326212008254,0.0975234930665791,3,0.0513164832731994,0,0,0,0,0,0,0,0,0,0,0,0,0,0,0,0,0,0,0.0629777817016289,0.0850343435642149,0.243233565842129,0.0161241923547601,0.0228886804816652,0.0581792250780415,0.574015675323125,69.9201915635398,56.2780698624511,54.3606874054747,43.1437919094957,34.4168261523124,26.3211432851079,17.2992899752823,10.5544290335874,5.58949011935027,0.0998096540140467,0.0602185269463417,0.839971819039611
612,612,"high",0.340015739857728,0.250521007447558,0.0970925645238509,1,0.0488422130978578,0,0,0,0,0,0,0,0,0,0,0,0,0,0,0,0,0,0,0.0621192068246201,0.138000798633888,0.248421095605997,0.0159375007413171,0.0241595526277239,0.0638140168385286,0.505074937799436,71.2076891446666,61.25955150635,48.6208284982445,44.5684394480666,34.1174325608156,26.2640696476156,18.5200565818831,11.1875615034458,6.11282953428164,0.0374818606573875,0.41562985878174,0.546888280560873
613,613,"high",0.357124884346405,0.363308859487224,0.0955849357672564,3,0.0509024128379911,0,0,0,0,0,0,0,0,0,0,0,0,0,0,0,0,0,0,0.0442815827902442,0.145695005009771,0.149184861981856,0.0160844547246598,0.02687966533162,0.0792249707290437,0.549675879899739,71.9282010494035,62.617839534158,50.0426998855613,42.3077973397354,33.3691923252034,26.2010324460656,17.801637687042,10.3813993498822,6.0891206146909,0.0279252515324255,0.349137080590778,0.622937667876796
614,614,"high",0.32806825270307,0.319341500623777,0.0918623468494281,2,0.054937745268311,0,0,0,0,0,0,0,0,0,0,0,0,0,0,0,0,0,0,0.0454198932324727,0.177505397089642,0.47960657614678,0.0187913035293405,0.0210547249395889,0.086074573295747,0.573403718420635,66.8231025681645,63.3568256897416,54.5585477289267,41.4038964532644,33.9031232460849,24.4129320583583,17.422659585922,10.645996235279,6.24965597571299,0.0109850433714512,0.27614294903918,0.712872007589368
615,615,"high",0.307162999682688,0.222973121632658,0.100183748563854,2,0.0519807511121254,0,0,0,0,0,0,0,0,0,0,0,0,0,0,0,0,0,0,0.0471912126660076,0.144856970156963,0.384541886221364,0.0172928569512299,0.0242019450611938,0.164249305951927,0.635574469141354,76.0701249789202,65.555469505777,51.448503252902,45.4680434865946,34.3506938756181,26.8269751706184,18.9545554253581,10.8035562213048,5.86862410451109,0.0308425401278927,0.148082627199554,0.821074832672554
616,616,"high",0.265899595213127,0.300241244819986,0.097018804790551,2,0.0573738343305839,0,0,0,0,0,0,0,0,0,0,0,0,0,0,0,0,0,0,0.0464177177864048,0.151023871171746,0.155063324177523,0.0174443459115422,0.0289289404061143,0.0877917629582249,0.555745406576737,70.0842890244134,59.1635377936254,50.6981909640345,40.8994724189698,32.5530280113857,25.5179381941355,17.1072432852336,10.4779906948699,6.55867244889884,0.0146053532950874,0.445003284814257,0.540391361890656
617,617,"high",0.27410566447581,0.285799761742157,0.101879332514033,3,0.0465373062643338,0,0,0,0,0,0,0,0,0,0,0,0,0,0,0,0,0,0,0.0345139799671409,0.115505904092526,0.373009588898561,0.0183586347656542,0.023408898406695,0.250275637935356,0.498486889379377,67.5253797724983,57.1400807514982,49.8166038857199,45.24849183375,31.2860667831546,25.7673899945096,18.1586480098914,11.0744619892805,6.2731903978667,0.0903230702752808,0.209688789889156,0.699988139835563
618,618,"high",0.244355468990534,0.339934171552258,0.110563560018815,3,0.0466142846118035,0,0,0,0,0,0,0,0,0,0,0,0,0,0,0,0,0,0,0.0398820772930724,0.129575649268426,0.292690421902396,0.0185546543617778,0.0277416712683284,0.102529195951742,0.551318820820607,72.0151625512379,61.1650551366065,53.7784437398925,43.4565611653978,33.8488251200834,29.3589434670514,18.6546259273522,10.5939246046472,6.00624404469126,0.246763770964578,0.124082361621823,0.629153867413598
619,619,"high",0.266427097862528,0.454956573515815,0.0931386793948979,3,0.0455275257167089,0,0,0,0,0,0,0,0,0,0,0,0,0,0,0,0,0,0,0.0473056633988452,0.110250797252926,0.24637923544663,0.021027273678233,0.0292947977432689,0.098872935187042,0.583429410979286,69.02066363331,67.0569794609363,51.6211602429984,43.6983315433703,33.3847476901675,26.6846754474581,17.0772809207283,11.2428948363243,6.11993073102083,0.123368643271976,0.262755466538504,0.61387589018952
620,620,"high",0.280784939410448,0.290041915658315,0.104507583002832,2,0.0545546703289006,0,0,0,0,0,0,0,0,0,0,0,0,0,0,0,0,0,0,0.0554062196255279,0.114242873903565,0.186167315963343,0.0206084997451337,0.0584020979710307,0.0972161103714179,0.591290699819617,73.3761723137105,57.6753032945678,52.1885959581344,40.2510955944818,34.7962781186097,24.2760451467537,16.4273980268881,11.3788287736079,5.90178020786493,0.113351834390279,0.197933489486708,0.688714676123012
621,621,"high",0.336038470842003,0.210201096951409,0.0966685183878759,2,0.0451560343398206,0,0,0,0,0,0,0,0,0,0,0,0,0,0,0,0,0,0,0.0366016457384811,0.118356751799819,0.117191033034038,0.0231965718000242,0.0203697022864655,0.0798815403484508,0.479417864126723,69.6370382831223,62.2243760872767,55.0939928211983,46.9852555269158,31.8135190495817,26.6598962890788,17.0035087447628,10.3443924506733,6.6305429987173,0.0623584218604865,0.0912707882666372,0.846370789872876
622,622,"high",0.35685833347211,0.520649364498724,0.103514234720389,1,0.0559326722703061,0,0,0,0,0,0,0,0,0,0,0,0,0,0,0,0,0,0,0.0657689867505041,0.133882196368153,0.198862561033502,0.0169230345403292,0.0252816029784321,0.238528933952425,0.561108045094412,63.0384079907398,69.121831293267,55.4767488954759,39.8140294197073,32.6618192275564,22.5759922965712,17.1187254303994,10.1621006390741,6.30600479055853,0.00319715862047276,0.200982843472011,0.795819997907516
623,623,"high",0.281362250400822,0.149450078661487,0.0941370893163176,1,0.0525028355013958,0,0,0,0,0,0,0,0,0,0,0,0,0,0,0,0,0,0,0.0682516337242486,0.165937857011347,0.345390323912471,0.0179514454875689,0.0175042033077696,0.0636383677177237,0.564639641501481,61.1381731792556,59.6682230947105,50.7310510341736,40.0837280283868,31.707003479082,28.8180429705805,19.3354036967453,11.5642335110457,6.03048249890191,0.0157158865106789,0.468288018152433,0.515996095336889
624,624,"high",0.363130481557397,0.310427304728871,0.0911033223231545,2,0.0557028406962168,0,0,0,0,0,0,0,0,0,0,0,0,0,0,0,0,0,0,0.0540524856364182,0.206378468063056,0.433262708788298,0.0163453375168731,0.0575261210713447,0.196469251021593,0.553561219356154,72.162821925651,59.6855298688432,52.7414493835147,44.1294582168572,31.3406690901142,27.4459246086443,17.1336986340403,10.4499762440161,5.8034109404948,0.163692837154875,0.155451513332433,0.680855649512692
625,625,"high",0.325328355039901,0.46583920817417,0.0991731765562663,1,0.0505938329689476,0,0,0,0,0,0,0,0,0,0,0,0,0,0,0,0,0,0,0.0540745561444754,0.134626884503933,0.306722995236973,0.0170533565108817,0.0457223785314279,0.0967651788337193,0.5940431158922,76.6381752343201,61.8275272350484,53.0775966868709,38.0942847690064,34.5212091024982,24.8143699618454,19.4583399049612,10.0636371450559,5.49070210359587,0.129335403170704,0.120155225712669,0.750509371116627
626,626,"high",0.280928360468639,0.425369414616219,0.1038402171492,1,0.0513917818253897,0,0,0,0,0,0,0,0,0,0,0,0,0,0,0,0,0,0,0.0478257894935801,0.121898701238524,0.224499635182415,0.0166433226711778,0.0312315283091323,0.097346756636615,0.633949864603071,69.8955766262259,65.1248333779965,54.2377627816719,44.3428790404409,32.955761659581,25.1018903410654,17.8243976597251,11.6473277930074,6.15823813842154,0.0387278837241518,0.398139051828974,0.563133064446874
627,627,"high",0.247627815072339,0.464848419436025,0.101029075728672,1,0.0463559425214281,0,0,0,0,0,0,0,0,0,0,0,0,0,0,0,0,0,0,0.0423573530276506,0.142475589433766,0.2871414360827,0.022323852977923,0.0325066475306375,0.0832804572663021,0.454224947449953,76.6811819488893,62.7279072747627,52.8872450558427,43.7667116729126,31.8028375469568,25.4105564052098,15.6602518331075,10.7009620677352,6.11568373741775,0.059159846907502,0.201197564430565,0.739642588661933
628,628,"high",0.409591900619787,0.276406880193749,0.106804826658649,1,0.045717789243376,0,0,0,0,0,0,0,0,0,0,0,0,0,0,0,0,0,0,0.0363992108870881,0.140999630993101,0.253571118975457,0.0208330693695621,0.0145920968744988,0.09683506534954,0.519019484835052,64.828336486188,63.493972692112,47.1648543338209,46.1129478565858,33.1388766955451,23.9529137790689,17.3353637368394,11.2495222400567,5.6659398597251,0.0318443134806345,0.480438589691009,0.487717096828356
629,629,"high",0.398585378620453,0.292203896989762,0.098664886201508,2,0.0469710641728546,0,0,0,0,0,0,0,0,0,0,0,0,0,0,0,0,0,0,0.0614821288772401,0.13817772644846,0.148277889983917,0.0218957773392335,0.0171792141225416,0.1356807194746,0.483848656836875,72.3179925269377,57.8384321506237,52.1465496248779,44.7169453321865,34.0526267389779,24.0083295924456,18.0750528852319,11.1578327442228,5.84846973029694,0.00562341404629082,0.283844111321286,0.710532474632423
630,630,"high",0.26897419237754,0.62121247690863,0.100863098516564,2,0.042448093235101,0,0,0,0,0,0,0,0,0,0,0,0,0,0,0,0,0,0,0.0472948288089958,0.116643846412219,0.281674817748588,0.0216750134331814,0.0329303715284958,0.087635524046554,0.612101502212546,71.4681714609735,52.2453629116509,51.2310928407309,43.2810407106283,34.6549422699492,24.1623983821088,18.5469876417025,11.0381471971044,6.04936021636129,0.0456031051263388,0.209173777996226,0.745223116877435
631,631,"high",0.351116465860333,0.0928041181418197,0.1004644339747,1,0.047171652893288,0,0,0,0,0,0,0,0,0,0,0,0,0,0,0,0,0,0,0.0553873774353641,0.120045408102426,0.257417492810925,0.0168523515379331,0.0211533924755846,0.0782010094666491,0.565633373063635,74.4721321595318,61.0682381243902,56.2154551020682,44.2615815946766,34.2624871050224,24.494494671686,17.2627305067005,11.3977747643827,6.01698140192617,0.0400930792694868,0.243520284258656,0.716386636471857
632,632,"high",0.284836527466111,0.168519294640326,0.107290153990468,2,0.0529337753163232,0,0,0,0,0,0,0,0,0,0,0,0,0,0,0,0,0,0,0.0683342567330953,0.111199943975278,0.399405052249033,0.0220914697101895,0.0142213877019578,0.0728811062513695,0.49796260852683,81.2857462379612,61.3378756127778,53.4538409065713,37.7643826276685,33.9482223302871,24.349701202807,17.9039436297157,10.9002012622281,6.30807022713789,0.00776914698133701,0.23665481553155,0.755576037487113
633,633,"high",0.293236038546238,0.499463961167106,0.109964031046658,2,0.0464974955509375,0,0,0,0,0,0,0,0,0,0,0,0,0,0,0,0,0,0,0.0455641749489276,0.144347194373697,0.247520468459208,0.0197696588585908,0.0357389191003,0.0526265291340915,0.581579315510381,71.2793224766393,62.7786121238893,55.4574701589386,43.7051244803263,36.8710397400991,25.2406342188887,17.9147963820458,11.306447538117,6.27391460283867,0.156444634484292,0.155231982838004,0.688323382677703
634,634,"high",0.373972702877638,0.245415252459872,0.100788061167655,3,0.053047690174699,0,0,0,0,0,0,0,0,0,0,0,0,0,0,0,0,0,0,0.0533656293400635,0.167602625629078,0.265160589289768,0.0223473761186005,0.0120627209955442,0.085577813791378,0.605544055749646,70.5033821192053,63.7965701076848,52.5405483201098,44.6813593035429,32.4833481920145,22.9901795124382,18.4107465763299,10.3728234669383,6.12276591250935,0.0538288615653457,0.359288763490163,0.586882374944492
635,635,"high",0.245603072858533,0.337900745369785,0.0957576845517236,1,0.0491848659253841,0,0,0,0,0,0,0,0,0,0,0,0,0,0,0,0,0,0,0.0470492151905715,0.155618847363397,0.337492957080518,0.015229866596425,0.0158850595744104,0.111246251157313,0.613578091571393,68.4978289974064,64.9151944290441,57.3343284836383,42.1053261911092,31.9257841030454,25.9778395017844,17.8145756026418,10.0837957390677,5.93907132859538,0.000410708556980006,0.189727210355216,0.809862081087804
636,636,"high",0.242550313377112,0.225106162566819,0.0955413549115719,2,0.0545339143515108,0,0,0,0,0,0,0,0,0,0,0,0,0,0,0,0,0,0,0.0490768463988326,0.139396865016563,0.304082680724386,0.0243064574762483,0.013808819409804,0.110201841588851,0.595589010631492,76.2581857495541,64.97808706726,54.8702730524721,40.954870167788,34.094138061401,25.033233270324,16.3031156048079,11.5339116181779,6.32631538285625,0.00747744640122078,0.502665242599719,0.48985731099906
637,637,"high",0.275675028829341,0.334089195492036,0.0967574809541642,3,0.0433566882956327,0,0,0,0,0,0,0,0,0,0,0,0,0,0,0,0,0,0,0.0456737494364632,0.10355451182244,0.548721556555156,0.0173242164716853,0.0175731423243441,0.210735173584381,0.49235548977345,68.6122818723314,61.7988951381799,47.7936188824959,42.9135612871924,35.5610636141668,26.482202380444,16.6460726489562,11.0509066073354,6.10738783838707,0.0266731468127081,0.154903842270671,0.818423010916621
638,638,"high",0.31109821139589,0.486666543315598,0.102279442858953,3,0.052251921758879,0,0,0,0,0,0,0,0,0,0,0,0,0,0,0,0,0,0,0.0291661113897255,0.142151034494575,0.365686396627911,0.0230725406691931,0.0317020413978184,0.0852225254452378,0.506167120445314,71.3215912410822,58.0623292832483,51.9113935383623,43.0782961648223,36.1295073185477,23.9379076148426,18.8019440547605,11.4761848283753,6.46559557903664,0.193146860765437,0.250982386734483,0.55587075250008
639,639,"high",0.281551786226432,0.26459522991739,0.104928370191682,2,0.0542886606611059,0,0,0,0,0,0,0,0,0,0,0,0,0,0,0,0,0,0,0.0572794060735554,0.139233816478828,0.372819978291417,0.0180293072304209,0.0203015413422929,0.129733387542196,0.485433450596819,67.1771930726262,62.3024069395224,53.9837023047577,43.4004658275568,35.8165552607206,26.0595527439407,17.5168580260857,10.7360592739279,6.50785020493323,0.0428833581465821,0.229805125894649,0.727311515958769
640,640,"high",0.331654303009398,0.248868816251351,0.0981979418859028,3,0.0525731908154695,0,0,0,0,0,0,0,0,0,0,0,0,0,0,0,0,0,0,0.0602017285928522,0.0927006768439109,0.445391260091263,0.0147950162305417,0.0169923952772057,0.0512607069766837,0.617569515492763,69.1967290645325,59.9869193216918,50.100238688372,40.8578136474395,33.1996410619501,26.9116511245169,19.1725335668266,10.7491178002614,5.91244837322347,0.0650002957983798,0.167354902146376,0.767644802055245
641,641,"high",0.361245730229184,0.181176661723376,0.112145931366285,1,0.0519510109077865,0,0,0,0,0,0,0,0,0,0,0,0,0,0,0,0,0,0,0.0425922514630267,0.130333287562182,0.565856843775681,0.0175150963409567,0.0156484082921432,0.0722944157062891,0.590959868389635,67.4406589376436,65.8939296403346,54.7739595987416,40.1360013370229,31.9859635084897,27.5221742300859,18.2589199558511,10.5414959801533,6.22785121763261,0.00262839685704896,0.10092447672026,0.89644712642269
642,642,"high",0.321430956233664,0.500819300121184,0.104349841943313,2,0.049080311335151,0,0,0,0,0,0,0,0,0,0,0,0,0,0,0,0,0,0,0.0413040266467655,0.129842659431107,0.278851791447587,0.0171613003971329,0.0390735133908801,0.0630267393789347,0.579966641969021,74.3168975504556,61.8144683161798,55.77360186267,41.9804514663222,35.5079554605199,26.4008911202808,16.5683621936566,10.7682548644139,6.16087194940532,0.0919823238570437,0.271174101455024,0.636843574687933
643,643,"high",0.223451982267568,0.214678233183529,0.0912221750309277,1,0.0481723473563376,0,0,0,0,0,0,0,0,0,0,0,0,0,0,0,0,0,0,0.0731802425296494,0.125045557440736,0.201403458793976,0.020902282178279,0.0181337323467039,0.0902591544651255,0.576189909690389,67.2082314609102,66.629125791883,52.5857294410566,42.010706720063,36.1424784578456,24.0162031626519,16.7612148235148,11.1554305433433,5.77501748839303,0.137169759371424,0.397202693920427,0.465627546708149
644,644,"high",0.257226524424868,0.278899268463405,0.0968727178025243,2,0.0458376551447227,0,0,0,0,0,0,0,0,0,0,0,0,0,0,0,0,0,0,0.0580069187190145,0.132312876990611,0.387734430121648,0.0209834888064095,0.0300380898984414,0.171760120776768,0.55153239302187,68.956521255905,57.0923234842802,53.3876032449353,40.7784895273782,30.4471599976825,23.6697490747802,17.974295636108,10.9249903455315,5.99356235687042,0.122785753557376,0.0653926123182128,0.811821634124411
645,645,"high",0.301426620909687,0.49217535622636,0.0991021961645178,1,0.0526337045713355,0,0,0,0,0,0,0,0,0,0,0,0,0,0,0,0,0,0,0.0818941850074733,0.154970017884773,0.356192809800856,0.0176904308765574,0.0365091036371822,0.110895782336932,0.500763787834932,70.4952717812809,57.8164901339975,51.3050680042548,45.8694659359753,33.8776646996667,24.7405314306574,17.7522015308551,10.642737314952,5.72997730581452,0.0181309658702473,0.181352682990579,0.800516351139174
646,646,"high",0.366025206060913,0.308379840567139,0.10420694991079,3,0.0521825339349254,0,0,0,0,0,0,0,0,0,0,0,0,0,0,0,0,0,0,0.0443730335051143,0.149618039525413,0.455461482982878,0.0143869928978121,0.0450131856501644,0.131713893254998,0.501333198455973,73.3397396892005,64.7033278042218,52.1285520620046,42.5940895979378,32.9861580577916,26.8041195678665,16.893190871895,10.707875384244,6.14536752361697,0.0571854135987155,0.20121324780849,0.741601338592795
647,647,"high",0.268177614385342,0.344190374106046,0.101723104598206,3,0.0588774231423222,0,0,0,0,0,0,0,0,0,0,0,0,0,0,0,0,0,0,0.0307340164192818,0.147508282297738,0.338967173389934,0.019518570707437,0.0242136586099206,0.0534832460070056,0.552730548124187,74.83688842168,62.1757621423786,52.9764772751766,44.9404434496946,32.0118097806493,23.644391244744,18.1159455125087,9.59395504688638,6.30510267675017,0.101982314149391,0.233153514459212,0.664864171391397
648,648,"high",0.310862374785386,0.53460663923376,0.100310886204564,3,0.040568714786377,0,0,0,0,0,0,0,0,0,0,0,0,0,0,0,0,0,0,0.0431886204555356,0.162798683647448,0.26871301266936,0.0158780791027826,0.029335945876243,0.0720939185732156,0.467524532823037,71.8027745378496,69.2560916007324,58.0111138020588,42.2865431586282,33.5943590934203,25.0266332648229,15.8212409149425,10.8296823113598,5.69176748182236,0.214593047916608,0.276992263858653,0.508414688224739
649,649,"high",0.236934217055675,0.259190860330503,0.102760680699962,2,0.0467403352507115,0,0,0,0,0,0,0,0,0,0,0,0,0,0,0,0,0,0,0.0441265306406394,0.138599985725397,0.385606049671558,0.0193803943122778,0.0139467212437286,0.0711155902174228,0.562832898477962,78.2835260295138,66.433383785997,49.4785888917555,44.9978924089178,33.2610020237137,25.975878731534,17.3850869180031,11.0992652478273,6.95730998745059,0.207882384406487,0.164122464064659,0.627995151528854
650,650,"high",0.310609302821146,0.317184140494691,0.101154609924126,1,0.0577837914814308,0,0,0,0,0,0,0,0,0,0,0,0,0,0,0,0,0,0,0.052834459282204,0.153982587819403,0.0684380455172962,0.0181866705555157,0.0165644868126321,0.0525446385532622,0.505688241748707,73.6211803851395,62.8532045391444,51.5704283634439,43.275280155072,31.2212103663909,24.0063542594942,18.7293869587655,11.8325479371132,5.87517187909189,0.0485825703293004,0.25962087083933,0.691796558831369
651,651,"high",0.336298231780851,0.262081843665448,0.106726748828469,2,0.0382186163267577,0,0,0,0,0,0,0,0,0,0,0,0,0,0,0,0,0,0,0.0546155859923468,0.159066708657175,0.412422860569797,0.0165115343198645,0.0282747573156073,0.0837651092090564,0.409643032410687,74.696793096564,63.0991439529572,54.2463712147817,46.4358696341868,32.6766179445871,23.6250952384355,19.5544805862615,11.1850462883839,5.97387318421197,0.0896122845667067,0.0865756885672023,0.823812026866091
652,652,"high",0.28725048156251,0.222185627269317,0.10100963443877,3,0.0518818466675972,0,0,0,0,0,0,0,0,0,0,0,0,0,0,0,0,0,0,0.0609812546769859,0.150833064519455,0.337825290940279,0.0203257737263143,0.0147832115462593,0.0722216739588233,0.566320162540182,73.7484614266867,62.9886490064333,55.8457921354705,43.0277935911919,31.3832761801143,24.5309149446517,18.3774383824489,10.5681719436592,6.27732751316217,0.00571769255204141,0.150007014905139,0.84427529254282
653,653,"high",0.266601470691558,0.312387436458135,0.0992188848235992,3,0.0493992840823057,0,0,0,0,0,0,0,0,0,0,0,0,0,0,0,0,0,0,0.042256701812325,0.126363649407265,0.198432802485692,0.0178891411098122,0.0133280860220665,0.198024791948449,0.511513931518767,72.2913078817476,63.145168915736,53.2534145353281,43.5324876881516,33.9509812650603,23.5395646714712,17.2841299831263,10.1799208895536,6.44635826549025,0.0150876775121346,0.206058978201412,0.778853344286453
654,654,"high",0.286369925924263,0.262833658548853,0.105198508824983,2,0.0401945243920866,0,0,0,0,0,0,0,0,0,0,0,0,0,0,0,0,0,0,0.0606995024136101,0.113133286291819,0.164568135796947,0.0152091970220098,0.0131013623725084,0.0584915053659858,0.532562485655511,70.9251556910865,62.3424672506923,53.2178574994255,43.0396688413035,36.3354019195311,23.3538206820278,17.9212221551953,10.5297075718711,6.07275984061126,0.0545982547169337,0.418166513533429,0.527235231749637
655,655,"high",0.245981552478744,0.0856559651327663,0.0995575760918919,2,0.053863897417346,0,0,0,0,0,0,0,0,0,0,0,0,0,0,0,0,0,0,0.057158132795676,0.132969899929365,0.425784340751424,0.0182351790341803,0.0223235446787249,0.058451653824938,0.580628350713469,74.1011213289442,55.5597736248533,48.508601393865,42.8492651052136,35.5349709500781,24.6049039680684,19.0085736029655,11.0023891920256,6.42074133540445,0.0179051990894587,0.279839036649734,0.702255764260808
656,656,"high",0.318880957650769,0.342550982394353,0.105962338151793,3,0.0495633624132006,0,0,0,0,0,0,0,0,0,0,0,0,0,0,0,0,0,0,0.0558364457600694,0.123401048629231,0.456648355641933,0.019531270211936,0.0189743884561553,0.083882642451148,0.555480923493728,70.2539513546753,60.3669710462187,48.1151867996697,48.5218235620489,31.9152563367706,25.3465069811118,16.4114469557283,10.4513613900124,5.98818017687016,0.154317423946746,0.332258438868289,0.513424137184965
657,657,"high",0.228129321967582,0.304947339572328,0.0988930329939091,2,0.0510049121545328,0,0,0,0,0,0,0,0,0,0,0,0,0,0,0,0,0,0,0.0359963668610664,0.123320352843073,0.246026362807726,0.0219701380646433,0.0261562729218163,0.131156835629618,0.503743521338179,74.7861926827321,64.3797158174591,53.5443032441548,44.9331622175422,34.9001048702063,24.293320577567,16.7955055181209,10.7082298034624,5.95809890972527,0.00685091464360675,0.295099262181401,0.698049823174992
658,658,"high",0.506410128321641,0.37712505560438,0.0992060955046578,3,0.0530019069551035,0,0,0,0,0,0,0,0,0,0,0,0,0,0,0,0,0,0,0.0371985629428182,0.153214327981646,0.500261946381942,0.0188626380834431,0.0482496683415526,0.141864181206957,0.475208745286932,65.9542161078697,63.9915838659943,50.7646310599865,43.7780142655606,29.822346096406,26.8945529571339,18.1623993354508,11.7724085903755,5.96687955925074,0.158287780220004,0.203547419653208,0.638164800126788
659,659,"high",0.344978690121359,0.5062481205719,0.0995368154370309,1,0.0517286980768731,0,0,0,0,0,0,0,0,0,0,0,0,0,0,0,0,0,0,0.0565077607030092,0.147619171002271,0.477763439767994,0.0174258142296869,0.044463667291867,0.0284696820030458,0.594311252010747,78.8355441631332,62.391395987314,53.0443257856012,43.3887549742261,32.5195121359802,24.3568994195303,16.487786673882,11.0875520211104,6.46088482436278,0.0603823974085331,0.360927665412013,0.578689937179454
660,660,"high",0.289111816629617,0.264823284139083,0.104575538408174,2,0.0501072368376841,0,0,0,0,0,0,0,0,0,0,0,0,0,0,0,0,0,0,0.0567316237884905,0.108963427175764,0.170190602907198,0.0182062948318249,0.0256295970382667,0.0917762293111473,0.600228464962781,73.137231734711,65.5281805058187,55.9810054562214,41.6719387289345,32.4487089015284,25.7693525687953,16.1571748049607,10.6405349096525,6.07882919687895,0.00541875944828152,0.293206859516557,0.701374381035162
661,661,"high",0.288472457220568,0.483521738784141,0.105230350364798,3,0.0546867427144894,0,0,0,0,0,0,0,0,0,0,0,0,0,0,0,0,0,0,0.0437904452174891,0.14290942618089,0.376744926205989,0.019157278767975,0.0150768443447999,0.144152081845102,0.506453316752337,72.8703394520375,64.5467288871664,48.9453122890131,43.2376530585948,36.6808498730859,23.8532055184021,16.860441534584,10.5992758420224,6.39397170958727,0.0134245276157797,0.185403140835676,0.801172331548544
662,662,"high",0.319919936984425,0.432100908411398,0.0993912201113377,2,0.0498479367826613,0,0,0,0,0,0,0,0,0,0,0,0,0,0,0,0,0,0,0.0752443606752337,0.120808397215454,0.237269602950112,0.0184488620158358,0.0234527183584833,0.13139978545826,0.567065568428941,64.2582987988351,60.4544941263439,51.5220637995211,40.5561198698657,32.3031154851603,25.0454243010532,16.029573724669,10.2474359648238,6.08896213397297,0.196882301799897,0.173676065416621,0.629441632783482
663,663,"high",0.208249663771603,0.296730692889431,0.0979799564268238,2,0.0418007975014133,0,0,0,0,0,0,0,0,0,0,0,0,0,0,0,0,0,0,0.0465061105992117,0.145223038859087,0.27717088479002,0.0167860753352775,0.01091375613231,0.120677257062084,0.483514941810826,65.5486840553768,63.5484384682983,54.859433727866,42.8939247638673,32.39084841871,25.3890594245586,18.9084484240201,9.70700807881866,5.98094765181586,0.02987822208998,0.388981327561592,0.581140450348428
664,664,"high",0.285179823154632,0.111822486472183,0.0936500086648901,1,0.0509763276266252,0,0,0,0,0,0,0,0,0,0,0,0,0,0,0,0,0,0,0.0532023276988999,0.104180722896776,0.121319557989399,0.0263887006565766,0.0313201528868037,0.0990769859713506,0.551838319812967,72.0828792315313,64.9414597997048,52.8448115058701,42.8641245540386,33.5560401518255,24.8598611384057,17.0178538078122,12.1415253734971,6.03856722537283,0.110283521223228,0.210669257513522,0.67904722126325
665,665,"high",0.322354572019501,0.318278684544702,0.109766121501564,3,0.0556099389009047,0,0,0,0,0,0,0,0,0,0,0,0,0,0,0,0,0,0,0.0367754683201786,0.107467388614695,0.413391993088951,0.0148212558633951,0.0386646749776798,0.0516241167134617,0.531453892644812,66.3756331023994,58.4537882224959,53.9944895155548,37.6895510774496,34.3119053892658,25.7778872719297,18.2676612067501,11.1368789251123,5.95570503081863,0.057693506367755,0.20585455691281,0.736451936719435
666,666,"high",0.296609996507458,0.146420715321318,0.0953358849623323,2,0.0594004742755329,0,0,0,0,0,0,0,0,0,0,0,0,0,0,0,0,0,0,0.0615919953977763,0.109629703829037,0.220638308560622,0.0181318157618023,0.0156087896224515,0.10507573487909,0.543620816530592,66.460533435765,65.2100327706584,50.7095849995686,43.165390949859,32.605169508633,24.3865221210001,17.4737144465221,11.6252349970636,6.70890326305109,0.00123552019598174,0.275829771203263,0.722934708600755
667,667,"high",0.260863011536329,0.53804298575005,0.0915104941482756,2,0.0482951623681563,0,0,0,0,0,0,0,0,0,0,0,0,0,0,0,0,0,0,0.0375707761944878,0.105932677599709,0.274626894293745,0.0182312490757523,0.0305171232271336,0.101651919802958,0.585517724003091,72.7765627911152,58.1490348980466,54.1506124723816,44.6468441923248,32.3280500046022,25.9500097598131,16.9825543183863,10.5273422362905,6.26792199000553,0.100885603131136,0.187573321834416,0.711541075034448
668,668,"high",0.290784488630777,0.403684344022527,0.100255255332274,3,0.0520853938044392,0,0,0,0,0,0,0,0,0,0,0,0,0,0,0,0,0,0,0.0579692016190054,0.142991142900959,0.233466145668374,0.0222858231701496,0.0409194463663719,0.116255718795367,0.54802249012283,73.7935455261791,61.4426810203182,50.7473795319622,46.5011375928006,35.2574696682112,25.1767290525415,18.647184678108,10.0151679872691,6.59159035453666,0.0452881770897271,0.23155552825096,0.723156294659313
669,669,"high",0.294347651780227,0.28264868165223,0.0974228185270968,3,0.0495856949833239,0,0,0,0,0,0,0,0,0,0,0,0,0,0,0,0,0,0,0.0469991939769677,0.110991657964959,0.32555360218288,0.0174870235420266,0.029556795298022,0.104558286086354,0.547335302860584,77.2344356637651,63.5918697910786,55.6172889625903,44.8991919542698,34.2830590013161,24.9117184934401,18.0574267580097,10.9446091868672,6.38161778888513,0.0987954480822437,0.279142411419614,0.622062140498143
670,670,"high",0.328843946351972,0.548364655899858,0.104060365420459,2,0.056985504201162,0,0,0,0,0,0,0,0,0,0,0,0,0,0,0,0,0,0,0.0435793140342854,0.133244770962329,0.520360692255134,0.0175826949179626,0.0178985815281145,0.0795738871687035,0.563070461746336,66.854326966575,58.9143436603022,53.0630242575226,42.4172838246639,34.2357997261348,24.8532383071243,16.6014239714452,10.6498585689685,6.57151401730055,0.0550554096969029,0.103742995122715,0.841201595180382
671,671,"high",0.277784982367212,0.278362671262095,0.0864460191417292,3,0.0490461210218695,0,0,0,0,0,0,0,0,0,0,0,0,0,0,0,0,0,0,0.0457003322362127,0.0912802299761848,0.126611463131742,0.0202555823112328,0.0331523884266758,0.12144840263998,0.607350112914951,76.1941499234548,66.2788319218988,52.2404660923739,40.9562815379999,32.6664278787636,24.2196746573829,18.5614487708468,11.0422618940669,6.19678779096127,0.0854177902288998,0.209453548681925,0.705128661089175
672,672,"high",0.236601173349991,0.51970618882116,0.0890292497317522,1,0.0519262325954817,0,0,0,0,0,0,0,0,0,0,0,0,0,0,0,0,0,0,0.0427563171487296,0.136737972332274,0.279501420425176,0.0179717020437259,0.0102973260689645,0.0889709580998562,0.517545895465914,72.0741932218295,63.3857759380459,55.5692544322612,42.480229851998,31.8383689972118,26.5833612428904,17.9636409905952,11.3362150063215,6.1362714566247,0.0426169565685783,0.304908896953502,0.65247414647792
673,673,"high",0.204541836468247,0.332794122633422,0.103320700290936,3,0.0452486793500356,0,0,0,0,0,0,0,0,0,0,0,0,0,0,0,0,0,0,0.0425179100612608,0.150540002021282,0.18419414701461,0.0204085325475422,0.0134438611999263,0.165031264786492,0.559806727538895,69.6743898909181,60.9171346878212,46.8999934891465,47.1156997887891,34.9540085948157,23.1287352952608,17.6325698512543,10.9603269577135,6.01827487770613,0.0913246438640712,0.226405186583476,0.682270169552452
674,674,"high",0.320449001666923,0.250856432809683,0.101897171638813,1,0.0590121660436945,0,0,0,0,0,0,0,0,0,0,0,0,0,0,0,0,0,0,0.0367035301201363,0.104059748840063,0.138016013807543,0.0186145312705144,0.0302765867241082,0.0543032652928564,0.457573109350061,70.8796181057589,61.1741352605207,52.9222000256915,45.8180941359336,35.2410360561051,23.860604971999,17.9015311730166,10.4473363066301,5.53515595999921,0.0292935927817241,0.442174968482152,0.528531438736124
675,675,"high",0.299019593327482,0.285288233534116,0.0974091552119489,1,0.0463870649750843,0,0,0,0,0,0,0,0,0,0,0,0,0,0,0,0,0,0,0.0433304800243954,0.170557292999199,0.254392784521884,0.0189129264462146,0.0114456841923856,0.114846370423291,0.54457752667784,73.6570712535754,64.3184312586863,53.3125941168165,47.0602392841881,31.3165763152118,23.8936537735815,18.1866404171117,11.0390470340573,6.34588363849981,0.00822606270044196,0.196552891717063,0.795221045582495
676,676,"high",0.354801046770935,0.354053758729729,0.0980997066009025,3,0.0527115123958113,0,0,0,0,0,0,0,0,0,0,0,0,0,0,0,0,0,0,0.0582625697860597,0.130213438929473,0.331860380961187,0.0166339901293219,0.0349943114414445,0.100590403616533,0.542938115352609,75.8859746324328,65.7124990275172,54.0499589112888,41.939539797426,36.1891163847186,28.674090419991,18.1021221304291,9.85167121787481,6.01930574285351,0.0405315168303028,0.192872150624879,0.766596332544818
677,677,"high",0.258017750037447,0.229545163127954,0.0967849471045033,1,0.0552701066140848,0,0,0,0,0,0,0,0,0,0,0,0,0,0,0,0,0,0,0.0458704150633341,0.105897080895061,0.348200222282281,0.0207869508187916,0.0293835024728291,0.184319608073886,0.550868679070393,70.3606967905458,68.1588819931443,51.1361351423721,44.606405050549,35.5841214831204,23.9191830603637,18.2894083154707,11.7521713863702,6.49433858237645,0.0611128812067381,0.27753730855673,0.661349810236531
678,678,"high",0.368891884391251,0.437510498580803,0.10515430678763,2,0.0435909290563688,0,0,0,0,0,0,0,0,0,0,0,0,0,0,0,0,0,0,0.0428892395492983,0.165627855718797,0.497987944442069,0.0170280476189652,0.0221599005475256,0.180771982648167,0.539282945178329,67.8645519885286,63.7805112860981,56.6250530592812,42.8836479299735,35.0376633886819,28.2561721058074,20.0679731254776,9.98141570580263,5.736280147143,0.0415902820820346,0.266499519564123,0.691910198353843
679,679,"high",0.296848662249253,0.45330309185573,0.098351635815885,3,0.0492663568484334,0,0,0,0,0,0,0,0,0,0,0,0,0,0,0,0,0,0,0.0420379469510112,0.158485593746007,0.278468932014702,0.01803610330951,0.0163251128596145,0.188440523352751,0.549447495041256,72.9778637233034,60.3600620916523,49.3114628844499,43.2080966744044,30.6969779053521,26.3430027385126,18.5275264660242,11.282301295837,6.19278698951793,0.0796889433278076,0.166724962130302,0.75358609454189
680,680,"high",0.330953028563409,0.164148657244313,0.111197989090154,2,0.0513511198677186,0,0,0,0,0,0,0,0,0,0,0,0,0,0,0,0,0,0,0.0689850897065384,0.0916955982921572,0.345764284339751,0.0305879862871372,0.0308530214919409,0.142863804798262,0.493461850626587,72.4220233594867,66.2173549399408,50.4106461400452,46.2158918014978,32.2079648107738,24.692139489304,18.8182399234009,10.6945083758162,5.8307600245025,0.0350325865732491,0.181937029624716,0.783030383802035
681,681,"high",0.355228845931955,0.327920751955887,0.103805371786226,1,0.0584344286930626,0,0,0,0,0,0,0,0,0,0,0,0,0,0,0,0,0,0,0.0467288836259927,0.1435337997058,0.326379655819857,0.0153096895762874,0.0209130357453529,0.06574798942689,0.531902973056416,73.33322020387,61.0608150539181,53.1980464164711,41.6230724920295,33.0703706600889,26.2393801032648,16.9429228543538,10.9590561665491,5.9913025358351,0.00491739008422434,0.275086760937575,0.7199958489782
682,682,"high",0.326930322248861,0.401925753588464,0.0961287017694399,3,0.0525210250110385,0,0,0,0,0,0,0,0,0,0,0,0,0,0,0,0,0,0,0.0557970122710193,0.160316232989378,0.32496435531573,0.0224429526299237,0.0372661990061729,0.260361765930525,0.51670215802438,72.6932396536249,60.8545286231886,50.7172942109051,41.4254953739305,34.7204588378664,25.4367462657031,16.8285280692745,12.0187656913367,5.82289124447021,0.0106100469648995,0.319803644346248,0.669586308688853
683,683,"high",0.276231958640723,0.180729025613733,0.094895798401808,2,0.0571141737938876,0,0,0,0,0,0,0,0,0,0,0,0,0,0,0,0,0,0,0.0465779076976797,0.115812635533658,0.114664925128113,0.0152038026602662,0.0144673459948774,0.086595115251806,0.545953244879179,69.536833572208,63.8321836977567,54.9505752085783,42.3420967976988,34.7026439012342,26.5044598409517,18.9234477460539,10.8052470988939,6.01360121012366,0.0546292093885701,0.243649533220073,0.701721257391357
684,684,"high",0.342135916508886,0.471543328411615,0.0994617485562069,2,0.0437794737808298,0,0,0,0,0,0,0,0,0,0,0,0,0,0,0,0,0,0,0.0667720081908331,0.182695081596894,0.44941284730119,0.0224078056847082,0.0355049555496563,0.0960506579491765,0.484376620097085,76.1646333084022,61.592602253675,55.0250656566386,44.1686503214723,32.5115484195506,25.5076276096621,17.7613355010015,11.1317363954129,6.23649846368418,0.0566046303851824,0.392565613288958,0.55082975632586
685,685,"high",0.290447081328005,0.349047504046634,0.100701426595288,3,0.0464032445872378,0,0,0,0,0,0,0,0,0,0,0,0,0,0,0,0,0,0,0.0507047337374712,0.130163215372338,0.287264857327573,0.0245083156224319,0.0238256362125483,0.0925508502998111,0.578292115366328,75.495089681665,60.3795116876694,54.694890738577,41.3705970647358,34.317043526193,24.1014258536085,16.8779302274508,11.0840783815538,6.42781148058591,0.0481418566494744,0.163007763989484,0.788850379361041
686,686,"high",0.299948847803089,0.581815614760768,0.104855970714989,2,0.0469927372665601,0,0,0,0,0,0,0,0,0,0,0,0,0,0,0,0,0,0,0.0496726752946988,0.132614644577172,0.432299527519103,0.0187456425344368,0.0369207101116046,0.123257871629813,0.642940869987314,72.1987906418365,57.3808451840482,52.4140399985776,43.4440564311866,37.4564330583582,25.0199536746393,18.5575952495325,10.6486196830893,6.24125978395924,0.00652956824306229,0.338580636935962,0.654889794820976
687,687,"high",0.307561343587958,0.216137927913488,0.0951996067747831,2,0.046415356395463,0,0,0,0,0,0,0,0,0,0,0,0,0,0,0,0,0,0,0.0605607957467533,0.108708827288003,0.43455070047637,0.0201792741471894,0.0268346327270074,0.0869719536864818,0.536094190100386,71.3748968734265,59.1462003416077,56.5047521519153,42.4219805743892,32.7296984998678,25.4936262099422,17.4997895530761,11.3426149102326,6.26889458331129,0.173351086924719,0.148840787038611,0.67780812603667
688,688,"high",0.227682039254139,0.379300196483264,0.100228984660669,1,0.0465806795285373,0,0,0,0,0,0,0,0,0,0,0,0,0,0,0,0,0,0,0.0596684588320012,0.117936134746101,0.321665249152429,0.019724193391208,0.0183949321631051,0.0224605585925458,0.56245837649633,73.7386412661248,54.9046240418278,50.2711864375084,43.1594046526859,37.5875350395352,26.1795800591479,18.168179691971,10.4327264916423,6.52514303025712,0.0661425725971092,0.212204628829662,0.721652798573229
689,689,"high",0.321590988471232,0.319857453903088,0.106323588234074,1,0.0454318012439072,0,0,0,0,0,0,0,0,0,0,0,0,0,0,0,0,0,0,0.0407720066194176,0.122951786876449,0.38068661668386,0.0234115381821645,0.0195277326484207,0.116579677970356,0.510603982288119,73.3014365629555,60.1141957701996,52.5347221278746,43.1964321642323,35.6257713570447,23.969058666817,16.4597598200504,11.4531538324974,5.88446676520309,0.00282586735808102,0.2340104547389,0.763163677903019
690,690,"high",0.219907367875666,0.454060945589084,0.101533595459267,2,0.0469112962198454,0,0,0,0,0,0,0,0,0,0,0,0,0,0,0,0,0,0,0.0545741558892175,0.144036180238511,0.2669640128409,0.0224493775382502,0.0332770324529492,0.108670861475553,0.531378059693842,70.0792286191597,60.4710610393539,51.877618184812,45.6534466207017,32.6159736228611,24.2395178660351,18.092578835164,11.08951546716,6.29373505169455,0.018170961207724,0.313516401358459,0.668312637433817
691,691,"high",0.316886872212447,0.217144806189912,0.0958180815155992,2,0.0553316523113904,0,0,0,0,0,0,0,0,0,0,0,0,0,0,0,0,0,0,0.0651738537573916,0.112793235416732,0.534586163406988,0.0194855290416572,0.0520236283048863,0.146886933767677,0.543261058057905,70.4211194442832,57.7350342886028,50.6616108671023,40.3042031712188,31.3766092907915,27.6314193715816,17.6080554064422,10.8639638106297,6.02835359537699,0.132382109144873,0.178953369113459,0.688664521741668
692,692,"high",0.23883878977463,0.689587733275432,0.103253545520423,1,0.0494912348240699,0,0,0,0,0,0,0,0,0,0,0,0,0,0,0,0,0,0,0.0503449661893371,0.130064268301218,0.284078162520426,0.0184334572195134,0.0187912413849171,0.137735968375141,0.524440305013977,70.8523151077256,60.3203014960622,48.8621459044728,39.3040406556943,33.3497759384873,28.2254421010967,17.779650361077,11.2763731816139,5.57862039430797,0.116780183294627,0.311819694154718,0.571400122550655
693,693,"high",0.285523117995821,0.358105242226684,0.0981651112915306,1,0.04511687618331,0,0,0,0,0,0,0,0,0,0,0,0,0,0,0,0,0,0,0.0534201024828069,0.171649666265539,0.47580439002918,0.0191426106312694,0.0140426016147803,0.0740128859420919,0.512389286563319,77.3773980210544,55.0983772035033,51.0483774487558,43.6863919071376,34.5014407932423,25.5240616926975,19.1599078629601,11.297443114957,6.2298572754937,0.0122037393686477,0.336556253693881,0.651240006937471
694,694,"high",0.251306150308626,0.15554521849153,0.089465721035099,2,0.0505720524555501,0,0,0,0,0,0,0,0,0,0,0,0,0,0,0,0,0,0,0.0446763425236878,0.11409452003288,0.285924582310588,0.0220063462257355,0.0224443460280785,0.174234644971107,0.587722350752328,70.5876687266222,61.3789053963676,58.9018379811688,43.9685293912831,32.8596768675035,24.5109232276031,18.5779063482387,10.6750846530928,5.97905203424461,0.00418832013687124,0.0943997887337314,0.901411891129397
695,695,"high",0.329352493215473,0.304197545998086,0.089668368220512,3,0.0446401364499885,0,0,0,0,0,0,0,0,0,0,0,0,0,0,0,0,0,0,0.0441491934295751,0.131034017625529,0.280664022240629,0.0162680030417494,0.0455183442751683,0.0658246942971442,0.494912482606117,73.0577509540883,65.0074042357905,51.1391219878886,41.8925448488763,35.3234113074875,24.833287976865,17.4042829157293,10.6730100889733,6.5670897621314,0.046692086382916,0.17426001733175,0.779047896285334
696,696,"high",0.250141228564222,0.566519418700342,0.10575472750182,1,0.0525448764903285,0,0,0,0,0,0,0,0,0,0,0,0,0,0,0,0,0,0,0.0646944023779463,0.146636102025799,0.432015208045689,0.0192487337321168,0.0320887009374689,0.0700043265210722,0.584114955677101,70.2856033245106,60.0329046945449,51.2938995643271,39.8601346289505,32.194000079778,25.3085008143001,17.5645372541934,10.9948153166966,6.63760958566927,0.0578527459071476,0.284339962494581,0.657807291598271
697,697,"high",0.214276818295447,0.41041728984602,0.0937463573661791,3,0.0541027658795314,0,0,0,0,0,0,0,0,0,0,0,0,0,0,0,0,0,0,0.0526822254258484,0.165879120335768,0.332914868110048,0.0179070281101381,0.0204939275873489,0.15332387513822,0.53794611619563,75.573215656918,66.1914771518606,53.758988055788,45.1361424498624,34.0753935030065,27.0033425833468,17.6171426838592,11.2734486087294,5.53961763446626,0.078008461371903,0.231852883653843,0.690138654974254
698,698,"high",0.284674653640695,0.386747376396823,0.101360081323769,1,0.0498287112773241,0,0,0,0,0,0,0,0,0,0,0,0,0,0,0,0,0,0,0.0731015265607092,0.138162089879139,0.282550163916589,0.0261815241592612,0.023996658234496,0.12870944536376,0.559362073783339,63.8203459433573,56.0467480468205,53.1486332130742,45.4411638994771,34.6760498346099,26.2522039673212,16.1387039870019,10.191602860762,5.8438489618663,0.0209370642926824,0.246130266474142,0.732932669233175
699,699,"high",0.31282706831199,0.596906109399195,0.101605148531511,1,0.043478269129481,0,0,0,0,0,0,0,0,0,0,0,0,0,0,0,0,0,0,0.0380034776994911,0.119714440183263,0.392902908641818,0.0180699627079438,0.0263146117840292,0.0441437901057902,0.550067625102212,73.5749354851977,60.7021149991246,52.2042199213979,42.9980270097894,33.3403278536092,25.6041976946335,18.608835081719,10.6261933839773,5.66428333973759,0.165157441292277,0.14706386922643,0.687778689481293
700,700,"high",0.306263762933909,0.669468157524214,0.0977372600802195,1,0.054074435838994,0,0,0,0,0,0,0,0,0,0,0,0,0,0,0,0,0,0,0.0443396796763718,0.113574825733194,0.222777081405785,0.0207417148573368,0.0181910288266099,0.168125180621483,0.604150984508684,75.1462224271596,67.6401767421782,50.9173076262084,39.8367920647094,36.027928414389,24.7624655927672,16.4332980207033,11.660226462159,6.19981958037657,0.0471434164305805,0.173680183396785,0.779176400172634
701,701,"high",0.26773605891314,0.576548506381157,0.096675548991012,2,0.0427338028578283,0,0,0,0,0,0,0,0,0,0,0,0,0,0,0,0,0,0,0.0646317883674236,0.128438555145528,0.305470375459919,0.0183836530962525,0.0205265901985272,0.113374173521963,0.558954421471505,63.3265561941864,64.4640783405721,54.6707127100511,43.802800427218,32.5990153522521,24.6440553864303,17.540580392037,10.8976858427689,5.50727948170998,0.0296245543073887,0.149391101392267,0.820984344300345
702,702,"high",0.309492117350616,0.461438242189829,0.0986326843508602,3,0.0569170037670165,0,0,0,0,0,0,0,0,0,0,0,0,0,0,0,0,0,0,0.0690808735960793,0.140708080863077,0.353181580981343,0.0198900304334835,0.0424162177887795,0.166095939298386,0.525414529800547,75.837824972849,60.2350204005754,47.8718836301153,45.2656556429517,34.4366121134169,25.2028916327519,17.3136532092491,10.7553388863173,5.94828801883383,0.0132599790950264,0.288874738871287,0.697865282033687
703,703,"high",0.264996861616835,0.16349459082755,0.0977685347503809,1,0.0422649030143423,0,0,0,0,0,0,0,0,0,0,0,0,0,0,0,0,0,0,0.0589969641334374,0.117437125072815,0.454841729701196,0.0235358614585737,0.0239459111234985,0.130295017966582,0.549231715240998,74.1621703416607,66.3040127234552,56.6463253240086,39.1739356236346,32.4293704416842,27.5000747443586,17.9578330549748,11.0078239032986,6.43612220326758,0.0368616196588799,0.479530287957101,0.483608092384019
704,704,"high",0.263517597320869,0.274340202956479,0.0930824780560969,1,0.0651386823243589,0,0,0,0,0,0,0,0,0,0,0,0,0,0,0,0,0,0,0.0674035462150093,0.145938636408759,0.17484110382165,0.0184169387426571,0.0282253219222235,0.0944800394296371,0.573056903984621,72.2084392517257,61.0786482949228,52.9707281186035,39.9958298495383,32.7099199910208,23.3152509629969,18.8707514881101,10.2856786545155,5.80203799041927,0.03756691396887,0.264618232764357,0.697814853266773
705,705,"high",0.219138529299556,0.226507369170236,0.0993308236561139,2,0.0483310309650962,0,0,0,0,0,0,0,0,0,0,0,0,0,0,0,0,0,0,0.0635001987571371,0.145788893495301,0.342549677917442,0.021343779078621,0.0280396574996126,0.0814671009653513,0.565491428771392,77.4094846297611,62.5497629644275,50.5040012118924,41.8557591105146,32.0593077995466,24.5145117189856,18.001537323795,11.3544267770828,6.15084078716703,0.0289857132827184,0.220577483663865,0.750436803053417
706,706,"high",0.310691071906501,0.443777441346222,0.099356887346906,1,0.0478635319524349,0,0,0,0,0,0,0,0,0,0,0,0,0,0,0,0,0,0,0.042973066926194,0.118805221058291,0.328137189435162,0.0207707159557793,0.0148129901689272,0.0482179762602218,0.523452356359071,66.6088507272999,57.4934671240279,53.7040658647852,42.7697297704226,37.1128284013099,24.163872699499,17.1243548967216,10.77381854678,6.25675762178965,0.0216434225139571,0.135033098682562,0.843323478803481
707,707,"high",0.261478781119454,0.118909201693353,0.0969081043314455,3,0.0502465230590999,0,0,0,0,0,0,0,0,0,0,0,0,0,0,0,0,0,0,0.0588934656308512,0.118961479917834,0.350501894089735,0.0165626255954812,0.029898380932463,0.148583504588291,0.561368908094083,72.3540941931357,63.3660806537082,54.8418503480514,45.0825712407594,34.8635186961773,26.6461384148644,18.3111423928918,9.8908709034982,5.59895467255444,0.0554066488120455,0.202343895324283,0.742249455863672
708,708,"high",0.291466868898265,0.362531070891801,0.100530909569315,2,0.0520442035195046,0,0,0,0,0,0,0,0,0,0,0,0,0,0,0,0,0,0,0.0563723381123546,0.141099399270303,0.358850004728897,0.0175012635050038,0.0334349842826567,0.152945227552436,0.484644068517097,72.1097882402051,59.3756875759983,53.2591406912996,41.5428877491947,30.8311587029829,24.0720676330145,18.2746739560645,11.1032714364502,6.20323921295363,0.0461092539714402,0.18498909977238,0.76890164625618
709,709,"high",0.285828642789521,0.246661469887127,0.0996417436899137,3,0.0461069608851221,0,0,0,0,0,0,0,0,0,0,0,0,0,0,0,0,0,0,0.0519545880571011,0.106457068951681,0.516010802110511,0.0157377609972562,0.0156744289328852,0.0528648478509159,0.631466116117462,70.2940866706932,66.5512294818425,53.0571717140507,41.5668701814312,33.9606834382122,25.7368982084784,16.3643683283313,11.0946376039543,6.51704734703703,0.019869283771646,0.303252695329798,0.676878020898556
710,710,"high",0.382942319446259,0.375219244774207,0.097785421568516,2,0.0486156442896412,0,0,0,0,0,0,0,0,0,0,0,0,0,0,0,0,0,0,0.0529826277842412,0.116752124840983,0.450929757501431,0.0214534619489346,0.0148648018490388,0.075005401694295,0.557445785496437,71.7127956897419,55.2710046002734,48.9702805323974,44.464238100399,33.4711201149029,23.2295711252016,16.9052067502214,10.7900802123862,5.69368659429937,0.101935978745966,0.329417471230721,0.568646550023313
711,711,"high",0.199434162307985,0.640228855213697,0.101584727330997,1,0.0520344761200174,0,0,0,0,0,0,0,0,0,0,0,0,0,0,0,0,0,0,0.0400080522975143,0.134951604414059,0.187172688947021,0.0185160961948957,0.0309508378588916,0.0935615728471547,0.512516876330832,69.2167884192421,62.1638542369874,54.4594876303286,41.8052542317643,31.9111213155427,24.8378530644747,17.1943088741612,10.2658601332136,6.261464893867,0.152693916759781,0.321813375710956,0.525492707529263
712,712,"high",0.322501711581052,0.178979126497495,0.104860850436466,2,0.0477879433204108,0,0,0,0,0,0,0,0,0,0,0,0,0,0,0,0,0,0,0.0476519085016281,0.0891156029302624,0.359689017763809,0.0142359273213569,0.0179783817493148,0.155495825148489,0.459093328135277,72.818587426737,62.3778054337095,56.7583577469532,40.3253232387647,37.4855648724099,24.2885093629376,18.1352011229885,10.879305147093,5.9839470512468,0.107939395366254,0.404371419187644,0.487689185446102
713,713,"high",0.202269274778086,0.307129164910575,0.104953662629237,2,0.0456198011044575,0,0,0,0,0,0,0,0,0,0,0,0,0,0,0,0,0,0,0.0644971738661938,0.126886278618225,0.260550785073978,0.0168723246639786,0.0280832578815244,0.105895651610875,0.456862201950189,73.2144904735939,60.7370723018354,52.3369213976207,45.4033699085084,32.0060053288526,26.9733258683248,16.7860370697755,10.846817920919,6.21553378258545,0.0344537400441567,0.244546074661695,0.721000185294148
714,714,"high",0.347563420697186,0.206971493874771,0.0949537929146017,1,0.0537698836464633,0,0,0,0,0,0,0,0,0,0,0,0,0,0,0,0,0,0,0.0473393583277196,0.164255749275502,0.25864904613847,0.0131785208645692,0.0286600230399295,0.103982753184954,0.548633237269569,78.5036107673593,62.8354229523676,57.3056474460541,46.4608865159432,34.6460344440668,26.3102474603212,16.6830167723166,10.9977302080289,6.06702605429529,0.0382103129044621,0.36773774233641,0.594051944759128
715,715,"high",0.235015678895546,0.393903948616136,0.101203754634431,3,0.0497589660366681,0,0,0,0,0,0,0,0,0,0,0,0,0,0,0,0,0,0,0.0661589973129504,0.145176234015804,0.282214175952787,0.0223939710575054,0.0229014130105024,0.0744310016507631,0.532172175998827,74.5215147501216,57.109207550794,53.0656498300419,44.2011424627321,32.1787681820975,25.0719943220361,16.1400630364497,11.0805220549449,6.85967152440082,0.0430803647109583,0.430392332908729,0.526527302380312
716,716,"high",0.306081666077615,0.228346362596522,0.0947540034509251,2,0.0517741748154399,0,0,0,0,0,0,0,0,0,0,0,0,0,0,0,0,0,0,0.0451646922727101,0.113720961731374,0.443518754214197,0.021903328995938,0.00763859572765144,0.0999740605116404,0.561683535765559,70.6017011224612,61.5873933245438,54.16541883739,45.8749289264534,36.3656897916018,24.9867783612867,17.2507244040077,11.501473927578,6.29697030856309,0.0932923911007153,0.447392171186843,0.459315437712442
717,717,"high",0.331879906585422,0.156995191186381,0.0923139833453228,2,0.0529040922331141,0,0,0,0,0,0,0,0,0,0,0,0,0,0,0,0,0,0,0.0373357174782059,0.130776241381521,0.389578518308626,0.0193062204796451,0.0193896274075644,0.106957960333593,0.47301693346372,71.0507541491097,59.7890358738306,47.3061158461304,42.0618677935117,34.8521074348153,24.1446399749626,17.822411323576,10.6521688815708,5.65213811689573,0.0751928052670414,0.423307344009195,0.501499850723763
718,718,"high",0.298298083034981,0.476319496790723,0.0979379185734409,2,0.0532610773887923,0,0,0,0,0,0,0,0,0,0,0,0,0,0,0,0,0,0,0.0523143338999175,0.160204315726729,0.323708023150698,0.0172256135771129,0.022973081747966,0.0931695836866278,0.500652907159026,71.4317928104122,64.8303953367923,52.7904875459229,40.8836392467561,37.9713855588217,23.7696709580394,17.3038193740404,11.685281852538,6.32755634308595,0.109476731038647,0.327350785901924,0.563172483059429
719,719,"high",0.136833873883808,0.447046044546861,0.104537096968878,2,0.0508727225867478,0,0,0,0,0,0,0,0,0,0,0,0,0,0,0,0,0,0,0.0551112638410675,0.110952088067538,0.269465138026929,0.0234372503689563,0.029513015670548,0.186026667975864,0.511868343440098,71.7002852519279,62.2431632325663,53.4278539396702,40.8778937012033,31.9526522036722,25.6989903391847,18.6879830960939,10.9888551852313,6.15668617240304,0.0590837578764776,0.59984051346353,0.341075728659992
720,720,"high",0.396556521817242,0.450288280138238,0.108688143009824,2,0.0489216315430162,0,0,0,0,0,0,0,0,0,0,0,0,0,0,0,0,0,0,0.077376389822848,0.127335687608339,0.19671700622789,0.019721998792318,0.0260201960579439,0.125022866838848,0.508914587412417,67.0073482804075,64.4083712200405,51.7414150684488,44.8246353318639,34.0868406349028,25.2466944929659,17.7171971095488,10.9295438592522,6.06412216706055,0.062534587677291,0.303509271840104,0.633956140482605
721,721,"high",0.270630627317897,0.533128827481032,0.0959662402434732,1,0.0501998021367343,0,0,0,0,0,0,0,0,0,0,0,0,0,0,0,0,0,0,0.0613445974018614,0.175067281939217,0.559325718969417,0.0171924430722682,0.0181996468315467,0.102687931308112,0.585761504865687,73.6890285017864,62.1176874692807,55.8216891094129,42.3143103169032,33.3025053702284,25.9529685546682,17.4026040204198,11.163402380491,6.18181663238866,0.0201811429702783,0.188476368005907,0.791342489023814
722,722,"high",0.255597407651776,0.507578939263132,0.106096656237237,2,0.051201324277008,0,0,0,0,0,0,0,0,0,0,0,0,0,0,0,0,0,0,0.0696329459823433,0.07299979243926,0.280088164859072,0.0233241314833439,0.0355951040886831,0.185838092605156,0.551172739825245,77.8704978459801,62.1487795328246,53.4007133042755,43.9456839983037,34.0344589069125,26.0127313391764,18.0655213151833,11.5237991480544,6.1144131178083,0.00500305026079797,0.100118499545249,0.894878450193953
723,723,"high",0.28166993580336,0.43616279479825,0.103456932323639,1,0.0491083832973868,0,0,0,0,0,0,0,0,0,0,0,0,0,0,0,0,0,0,0.0618862026877071,0.148176987366798,0.143884679377686,0.0157712262671284,0.0186519301819088,0.108692204432364,0.520345911772884,69.9289389099399,61.3824874837675,52.7625450067736,42.6196155448567,33.4939534802352,25.4776350977729,18.5702149782013,11.6007325813774,5.91091393332671,0.0667758960372029,0.215248606139181,0.717975497823616
724,724,"high",0.282701094332803,0.60884510013137,0.0938098504241942,2,0.0516659399596602,0,0,0,0,0,0,0,0,0,0,0,0,0,0,0,0,0,0,0.0470795680277286,0.122765496927635,0.177815067418091,0.0220286143659757,0.0187239344829907,0.0439507706214175,0.487576793995179,69.1655242462921,62.1299098351193,53.5258451255024,45.2206967547616,34.245360031647,25.1281906056608,17.8822141132005,11.0962785518294,6.3798679245584,0.00824464513180582,0.096704856478009,0.895050498390185
725,725,"high",0.328675268004527,0.611710871373434,0.0928537782178047,3,0.0492564548589903,0,0,0,0,0,0,0,0,0,0,0,0,0,0,0,0,0,0,0.0645357909563102,0.146499121043485,0.205529327348559,0.0162095527382914,0.0526156796163858,0.121875965342289,0.537091117894622,65.3629104559015,59.6108667260548,52.5240420991085,38.8241747105996,31.4109015534167,25.7028524845945,16.0677729239337,11.1119796724996,5.94306777674252,0.127143934296586,0.235818205390095,0.637037860313319
726,726,"high",0.264621487534486,0.263596422701432,0.0955076769792329,3,0.0486342257961146,0,0,0,0,0,0,0,0,0,0,0,0,0,0,0,0,0,0,0.0568725811120844,0.134807095581008,0.306164790511466,0.0194334892751736,0.0260739902587552,0.0595799260579349,0.542820997269922,73.2370028032774,67.9808651339222,52.1162519414011,45.6256325884311,32.7405950725595,24.6079519603899,17.417302633888,11.5259630280682,6.05683464738261,0.113198889281365,0.179983735981329,0.706817374737306
727,727,"high",0.378706838512353,0.186825767639484,0.103049628411632,2,0.0521025067943822,0,0,0,0,0,0,0,0,0,0,0,0,0,0,0,0,0,0,0.0533443990761419,0.111738991798317,0.361354107093321,0.0185812315488722,0.0363053580547925,0.140259796121906,0.463374595310359,69.3829541791567,55.3598419788239,56.8542204961914,42.1089616951266,34.2541398209528,25.4563732555709,17.387048133032,11.8183991005856,6.21248092958619,0.0084729587225889,0.267837364260431,0.72368967701698
728,728,"high",0.277161882610815,0.395685230639893,0.104233608689268,2,0.0512399375373733,0,0,0,0,0,0,0,0,0,0,0,0,0,0,0,0,0,0,0.0607505405342446,0.0971558103939348,0.269939877573956,0.0203334407012446,0.0305498642111604,0.078700617171194,0.54842714247799,71.3619610770361,61.3620023593445,54.1925563134321,38.023243970441,34.1994571908946,25.2505269674527,17.31757049396,10.4797829617104,6.38610381164457,0.0462749264560986,0.357503703453742,0.596221370090159
729,729,"high",0.307331490205996,0.330020639136295,0.104788227769174,1,0.043709713109863,0,0,0,0,0,0,0,0,0,0,0,0,0,0,0,0,0,0,0.059859076106073,0.141911598468568,0.107242824547869,0.0133736007385966,0.0387467979764644,0.109890008336997,0.558499294713185,69.8836984381307,57.3197569522044,49.4720480185119,42.3548028621248,35.8640414315978,25.5821275176826,17.2178919723167,11.01612847035,6.39489139711184,0.107648949458306,0.283641217055033,0.60870983348666
730,730,"high",0.341234425630347,0.283144230339696,0.0923790054706445,1,0.0484077285464117,0,0,0,0,0,0,0,0,0,0,0,0,0,0,0,0,0,0,0.0501534937442336,0.102600242187095,0.2328199081128,0.0130434335577188,0.030097068444682,0.0924176069749406,0.577541298047355,72.8807594532515,63.3905049187785,49.4186361557641,44.9159782002419,35.8035978776509,26.6267979116789,17.0577100872126,10.4463000046217,5.96408629412454,0.172297567027276,0.361029589464117,0.466672843508607
731,731,"high",0.353473408195551,0.38793694891277,0.105614812342571,2,0.048646406790684,0,0,0,0,0,0,0,0,0,0,0,0,0,0,0,0,0,0,0.061119875070391,0.133799150260877,0.262413123860678,0.0209011147032047,0.0383617815779721,0.154687472889005,0.588297167361377,69.0805051428959,66.9248688256234,54.5196609092507,39.7853633679461,31.2495450420934,23.3434977601948,16.4945464961821,10.7852348681161,6.5489624629681,0.0137685512946058,0.286176292246123,0.700055156459271
732,732,"high",0.238395531714076,0.254725495609882,0.102198709776187,2,0.0620442079426753,0,0,0,0,0,0,0,0,0,0,0,0,0,0,0,0,0,0,0.0438793147257834,0.173456165294972,0.29452220556853,0.0212596557763388,0.0237570628860886,0.0374202192693487,0.546847637990622,74.2836664259829,55.8837547460252,56.8759384296326,45.5181375988213,35.9007498951826,25.0743207089181,16.0136837847991,10.6041688040406,6.4383409660187,0.0604816976276463,0.198923071770023,0.74059523060233
733,733,"high",0.264296481388404,0.482277873425059,0.10466102406037,1,0.0455618228014677,0,0,0,0,0,0,0,0,0,0,0,0,0,0,0,0,0,0,0.0418951221857337,0.162519265027195,0.30093423165856,0.0163639750598709,0.0142797449825024,0.0815080493037781,0.594581627949891,66.1527415230198,59.9341764180742,57.1060504092592,44.1786026748203,31.2641843687274,26.4187499292719,17.5864328325441,10.4976531800571,5.81163241254639,0.00346449503206491,0.108065365867798,0.888470139100137
734,734,"high",0.23259059972251,0.403383923515837,0.104736511134299,1,0.0619418496717716,0,0,0,0,0,0,0,0,0,0,0,0,0,0,0,0,0,0,0.0599373344446595,0.115147288079458,0.255267897056771,0.0205360289728958,0.0172173320335183,0.184527800120609,0.436892723463677,70.7614186665556,59.7219558896533,52.1978562881036,41.8355013488941,34.5040381589092,25.6172458679665,16.7540018338238,10.7780322765911,5.83541977718592,0.0469993803511515,0.143258824766537,0.809741794882312
735,735,"high",0.300627185301073,0.306926274358516,0.101810135873204,3,0.0523835979771287,0,0,0,0,0,0,0,0,0,0,0,0,0,0,0,0,0,0,0.0426607160387763,0.131907126745856,0.176141781012429,0.0232947116818473,0.0216872562488377,0.0980913199600258,0.430559292747753,71.2239290778274,59.7018335749689,54.1816315646862,45.5821835630338,31.7334751189272,25.4603736666082,17.3336761623874,11.4089477074925,5.92107975452462,0.0848646896904787,0.0921138269625954,0.823021483346926
736,736,"high",0.330007454965942,0.226778918185847,0.100735143041214,3,0.0490351102489294,0,0,0,0,0,0,0,0,0,0,0,0,0,0,0,0,0,0,0.0384667313002386,0.100642966733036,0.217523093007272,0.023667991581453,0.0462727883841303,0.147322268936684,0.58705553778091,71.4227842192251,59.1303378665999,52.9467913022118,45.0972333594605,31.1848859032778,25.9920627769279,17.5768060241365,11.4054070407297,6.05622489934527,0.122367795457627,0.284510155722266,0.593122048820106
737,737,"high",0.330201163050957,0.365037211337606,0.102001841053501,2,0.0432155531546718,0,0,0,0,0,0,0,0,0,0,0,0,0,0,0,0,0,0,0.0518220179371979,0.0989134382625053,0.500432783142041,0.0179829602135877,0.0476937121242751,0.0648635500067295,0.606649909225467,69.4901602904583,58.8751425625147,51.457901565336,43.3065816886849,36.1164361042979,26.7190815100416,17.3912963605325,11.4737649324381,6.09410475450145,0.164379747441163,0.198780317432853,0.636839935125984
738,738,"high",0.356400051990722,0.173806519561569,0.101138841701983,2,0.0439402584170692,0,0,0,0,0,0,0,0,0,0,0,0,0,0,0,0,0,0,0.0543693047626852,0.142332701653501,0.373869830066536,0.0176450574074252,0.0245194027236227,0.0872344210883147,0.461788657832324,75.0045003383959,61.2763908037266,52.6077399913061,41.4634555326708,33.3246746938913,26.4121188394047,18.5533131194091,10.0475447703674,5.76369183360085,0.0758837055372388,0.164289160335469,0.759827134127292
739,739,"high",0.295893415095218,0.092067852690239,0.101312439612736,2,0.0352803056929091,0,0,0,0,0,0,0,0,0,0,0,0,0,0,0,0,0,0,0.055467330680151,0.130595743958543,0.288821872643709,0.0185847926166992,0.0245921155763478,0.156324491531747,0.474575336950315,73.0396964149741,58.7841406865673,53.1374149585438,40.7948354215273,34.2467685071018,25.7551447132273,18.4163293661293,11.2335302578949,5.52395558449687,0.139985749944465,0.0697545293260358,0.7902597207295
740,740,"high",0.387750471001371,0.336766164038912,0.100886136261872,3,0.0502972595525631,0,0,0,0,0,0,0,0,0,0,0,0,0,0,0,0,0,0,0.074674239174091,0.0644060357248995,0.15164702871153,0.0216110867450929,0.0168449746767653,0.127107100079287,0.453884273565708,74.1665494834683,60.9486488593172,52.3457773511925,43.8485826258621,31.9024291787801,25.5782656767448,17.281784478572,11.5102378434581,6.13308653546342,0.418630741227253,0.250427586091603,0.330941672681144
741,741,"high",0.287933373352012,0.501328345629066,0.101467160048651,2,0.0515302460792699,0,0,0,0,0,0,0,0,0,0,0,0,0,0,0,0,0,0,0.0720276867023834,0.1158083333802,0.623586869774924,0.0202364205816963,0.0270427898745464,0.111138338743665,0.521565072304085,73.7088991202321,60.8188689578426,50.7764790532413,41.5776770802373,34.6870652884817,23.526711971972,15.8515319815456,11.2775464707999,6.3332890285969,0.0440676288316255,0.174346143628382,0.781586227539992
742,742,"high",0.30797402306017,0.204072012870527,0.0975009002893016,1,0.0462052554770329,0,0,0,0,0,0,0,0,0,0,0,0,0,0,0,0,0,0,0.0549482306381598,0.122832049106895,0.316747412684857,0.0249625689753679,0.0272245680809858,0.158795306047493,0.513829937875379,70.1969446482157,64.4789254415647,51.0233867360107,42.7922410223035,33.3155111816663,25.1853926106193,18.0060306598752,10.7185181387536,6.4468135753319,0.125202733294011,0.0302865509225992,0.84451071578339
743,743,"high",0.29271649564143,0.403043849955929,0.099434769219256,2,0.0487672267280161,0,0,0,0,0,0,0,0,0,0,0,0,0,0,0,0,0,0,0.0688741128571273,0.160419406348196,0.231734733757748,0.0271931545847773,0.0154243504357991,0.106096371245776,0.48227689351731,71.5405556373779,64.5339063399777,51.1094920843199,47.1298602165551,33.2440340092869,26.7780677010093,17.1995138525202,10.7144841920394,5.70178854871778,0.112179895711645,0.362896153060542,0.524923951227812
744,744,"high",0.320161263697199,0.114943819561746,0.102042773543283,1,0.039956317553727,0,0,0,0,0,0,0,0,0,0,0,0,0,0,0,0,0,0,0.0585724455626636,0.109756545441128,0.239200818069823,0.0212037936912118,0.016657805033843,0.172272243199266,0.532972781114192,72.5642161973739,60.1039834004073,50.8233115800794,40.1496425605968,33.991035853032,25.9412749155548,16.4649392392909,10.8513857556866,5.88294825863543,0.13424861075951,0.22824631987153,0.63750506936896
745,745,"high",0.314342846415921,0.356248387482274,0.094431910757095,2,0.0515168190711495,0,0,0,0,0,0,0,0,0,0,0,0,0,0,0,0,0,0,0.0475625624100163,0.161184227930941,0.364481011432388,0.0153894945127874,0.0262369669009203,0.146131714822146,0.47285381694882,73.0431913125145,56.3313981919702,50.1763906421319,41.8872219192296,36.4431999773558,23.4535090494196,18.4147350672917,11.536986903008,6.51599206698862,0.00240636167630585,0.242106376038575,0.755487262285119
746,746,"high",0.272916948062008,0.361669464503088,0.0906856695684008,2,0.0587238089593776,0,0,0,0,0,0,0,0,0,0,0,0,0,0,0,0,0,0,0.0660828946791263,0.101860619491004,0.427615588874752,0.0160175204739061,0.0284117254770552,0.104150878112184,0.626237484621845,77.5230549892888,58.2482147621815,54.3859355878264,47.2932553631135,32.7663106325855,22.5220414041313,17.87294530395,10.0753717946275,6.03412315256692,0.0126012095087331,0.208260005677687,0.77913878481358
747,747,"high",0.366823011621879,0.221244271851368,0.108012065583475,3,0.0501876735392464,0,0,0,0,0,0,0,0,0,0,0,0,0,0,0,0,0,0,0.0521252773864828,0.156071154462465,0.180826078516599,0.0175943526090385,0.0274705914246308,0.0990077811516631,0.549830484945127,73.3909164598237,65.2826415101757,48.6925700600973,42.1291184642714,35.8356882703401,25.8780501674245,16.3944184850615,10.5859019496103,6.50363706437749,0.123477204177669,0.104415651550779,0.772107144271552
748,748,"high",0.372355395477732,0.394302212837232,0.0987834620553587,3,0.0505982891977402,0,0,0,0,0,0,0,0,0,0,0,0,0,0,0,0,0,0,0.0504372869508483,0.141434446046361,0.394304687118783,0.017733182484169,0.0173227006115395,0.152084210376517,0.538969144265349,70.4319508906737,67.1905561131205,55.7758058230605,42.7085916533172,35.725713007707,22.416343860232,17.4200088330323,11.2448334826803,5.87611959351195,0.00495530262814837,0.276395388720994,0.718649308650858
749,749,"high",0.302623285059895,0.357113465992429,0.103130511238889,2,0.0526655143172493,0,0,0,0,0,0,0,0,0,0,0,0,0,0,0,0,0,0,0.0539148044729221,0.159855089558087,0.257778192083921,0.0220671132280628,0.0168187230500138,0.139388612573615,0.546551807975121,71.8910177897932,62.2757083983723,49.7046246954736,39.602115778561,31.4850223767577,25.5014985530612,16.7687084004027,10.6121482560897,6.61990272556388,0.0803706331223298,0.308029858664277,0.611599508213393
750,750,"high",0.224243524191608,0.160144930140987,0.0959383042335309,2,0.0528768052424802,0,0,0,0,0,0,0,0,0,0,0,0,0,0,0,0,0,0,0.0547807059000194,0.0811152000787941,0.339448598467571,0.0186854916272657,0.0212849316657756,0.342215478405622,0.640792023278763,72.0044300086314,62.2113865414086,51.9682666303452,42.4971678908696,35.0916969044055,24.2222425709182,18.5733059059479,11.2392393981939,6.13689437422074,0.100033821878352,0.15303109034282,0.746935087778828
751,751,"high",0.255049790515647,0.342759216277309,0.0921719649445862,1,0.0501530977644287,0,0,0,0,0,0,0,0,0,0,0,0,0,0,0,0,0,0,0.0541969285152101,0.12762756914082,0.303448967640463,0.0164113353561545,0.0116195908136411,0.112376225469518,0.509834129806553,79.2834223591303,63.745637133104,53.2297943029122,45.1887374360668,30.484858849723,26.2089987330076,18.857372450964,11.5293904812394,6.0914434348488,0.0215745663866632,0.123102552165388,0.855322881447949
752,752,"high",0.329027529863462,0.35821631032356,0.102097218833086,1,0.0689742470952738,0,0,0,0,0,0,0,0,0,0,0,0,0,0,0,0,0,0,0.0568217791956616,0.121088016364921,0.36560211364739,0.0210727435301645,0.0433614729740995,0.0635028338614081,0.53390828417027,71.1348038003508,60.0870051043291,52.9581452419306,40.2621670409863,32.3644870210849,25.0784516467416,17.1973027592238,11.5708557524329,6.87234551856704,0.0373326736458634,0.228479774970029,0.734187551384107
753,753,"high",0.305498531727701,0.353579121232583,0.103442987037264,2,0.0605703029765307,0,0,0,0,0,0,0,0,0,0,0,0,0,0,0,0,0,0,0.0431093774444355,0.115676196180107,0.406940773126753,0.0205211203109959,0.0129095777045985,0.0940787356343141,0.649907989383651,65.4257950522089,66.8319205930431,50.8448086191525,40.3736873395775,36.1088765244743,25.113260164422,18.61564948597,11.2887913922192,6.00888753721767,0.0454154060164702,0.256821460042763,0.697763133940767
754,754,"high",0.279522141158154,0.570498682654717,0.105625009992129,3,0.0468541556089293,0,0,0,0,0,0,0,0,0,0,0,0,0,0,0,0,0,0,0.0408246516562278,0.122002737623023,0.0817645755184634,0.0211216077625841,0.0149316159549958,0.0986973067587685,0.593728729468455,71.209923495637,63.3455121669164,55.1667449956995,41.1989333215024,35.460662142723,27.0982452091983,16.10315172764,11.7319879705559,5.95385842793443,0.00714945834624684,0.196145805204897,0.796704736448856
755,755,"high",0.280359884770747,0.3389975728258,0.102927790999576,2,0.0556377179163929,0,0,0,0,0,0,0,0,0,0,0,0,0,0,0,0,0,0,0.0519687545334743,0.151959871523203,0.232404213416911,0.0203155246192524,0.0270984732984426,0.0759470528571299,0.527932756318339,73.4283712658511,61.7104657655935,54.008256882829,47.2577082386473,31.4354117544564,26.0554574097018,17.0727504134973,10.1724839663629,6.21514527842107,0.0344411587499753,0.2138386624497,0.751720178800325
756,756,"high",0.354584937776928,0.171429239835172,0.0969631143197516,2,0.0625975612140703,0,0,0,0,0,0,0,0,0,0,0,0,0,0,0,0,0,0,0.0469707405244855,0.101692102215702,0.362551115575903,0.0169927545496194,0.036081335127517,0.0695892391519807,0.541622261394306,75.3500450929789,58.4678588476115,61.6256026490765,40.2058872369872,31.5002272559959,25.7360200184811,16.1812624331574,10.3091892337084,6.04078850653467,0.100174690527298,0.209624745137754,0.690200564334948
757,757,"high",0.407115875058591,0.389849007870885,0.0966141210259383,1,0.0581358968259714,0,0,0,0,0,0,0,0,0,0,0,0,0,0,0,0,0,0,0.0774711848964631,0.109921525000944,0.260186371669617,0.0186826190931406,0.0161849243123659,0.0460662292290106,0.569321697320385,70.1854528500804,57.949127933508,55.0413569954297,45.0346727782167,31.5270643522161,25.3030844658489,17.9665962166694,11.1167538549465,5.62455500417075,0.0604313043383685,0.0788674134127394,0.860701282248892
758,758,"high",0.273535523210439,0.293095635983083,0.104913585132708,3,0.0500070076119907,0,0,0,0,0,0,0,0,0,0,0,0,0,0,0,0,0,0,0.0570083260464823,0.125617301059756,0.16021417229284,0.021428631771787,0.0282494093614067,0.088871395768649,0.547151697266545,66.5079149460673,62.028269811808,53.6017103076363,44.657543988874,34.1562476855652,26.2280162997795,18.2841797973372,11.2688128874991,6.66905405681775,0.00187049977954578,0.155664741742977,0.842464758477478
759,759,"high",0.369593753330006,0.277283214205438,0.10385706994135,2,0.0438316542202078,0,0,0,0,0,0,0,0,0,0,0,0,0,0,0,0,0,0,0.0457472074907032,0.151381192073371,0.156367573381512,0.0215072671606821,0.0182806136263151,0.140599846934998,0.537423961660943,65.3116037555595,57.5874366868558,48.3471313341341,41.0803191783111,34.9254261218628,26.4784022307811,17.7075515397431,11.1758220245237,5.9621839247027,0.0665931468022406,0.184188670703755,0.749218182494005
760,760,"high",0.30450764693424,0.596297935970148,0.105991282871331,1,0.0458331371300427,0,0,0,0,0,0,0,0,0,0,0,0,0,0,0,0,0,0,0.0448746397319241,0.0940894554120414,0.259036411132405,0.0164991559637293,0.0227629308478784,0.14168598896027,0.520687708972116,64.3796132259641,58.6028353516738,52.7008100189015,41.5827992528318,31.6048525727894,25.5905203401597,18.5225162529313,11.9196886429293,6.03513967046858,0.0290003975524142,0.19551634293959,0.775483259507995
761,761,"high",0.220253860476257,0.477683211409737,0.0880164089042439,2,0.0430180201144515,0,0,0,0,0,0,0,0,0,0,0,0,0,0,0,0,0,0,0.0701295148183606,0.164163758864819,0.433696097763933,0.0217801666346338,0.0204644898370054,0.0907452745376051,0.500972349299693,67.791912856715,61.8949101594873,54.7299078321797,47.1922632008326,34.4599713952059,27.6471686470339,17.0323830873393,10.6297429666134,5.92245220887727,0.0733076091857916,0.235863775744723,0.690828615069485
762,762,"high",0.356378023762299,0.426291964589554,0.097480677755081,1,0.0489325966784801,0,0,0,0,0,0,0,0,0,0,0,0,0,0,0,0,0,0,0.0544395620860028,0.163227724446149,0.172384437316729,0.0158065911851604,0.0371374695180122,0.118392250397477,0.569281741730116,73.2295290459143,57.0441587827623,55.3162879140802,45.1734619982169,34.207961946484,25.2913112663633,17.6546732815205,10.005907848756,6.06889887315291,0.0450110902090112,0.296862943365313,0.658125966425676
763,763,"high",0.259679558697131,0.290983184900374,0.107683864004911,2,0.0514139715525517,0,0,0,0,0,0,0,0,0,0,0,0,0,0,0,0,0,0,0.0530104861580539,0.168359184877115,0.58103488406672,0.0277519290606628,0.0411056290640483,0.162314774360173,0.506516675646804,76.1105797420792,63.1227518832427,57.2241592428861,39.9114702138377,31.9298727067992,28.4899290533502,16.4748729169946,10.752414831293,6.38482105389642,0.111239441709896,0.239578162901108,0.649182395388996
764,764,"high",0.276920989658295,0.476838699070947,0.0990296035207397,1,0.0510736450905904,0,0,0,0,0,0,0,0,0,0,0,0,0,0,0,0,0,0,0.0425274409586863,0.181456788312009,0.2826078211725,0.0251699894313739,0.0558818946218019,0.112857149079289,0.536514313703584,72.0298120220307,60.6174869990085,50.4087496580159,43.8280503081062,33.1523752652102,26.1963435116641,17.667607294066,11.0187910523318,6.72851304916069,0.01900610085042,0.488798787988445,0.492195111161135
765,765,"high",0.325653489533664,0.262424161290958,0.0945429831540676,1,0.0470936383933855,0,0,0,0,0,0,0,0,0,0,0,0,0,0,0,0,0,0,0.0652228507811841,0.148650043416641,0.258401904883929,0.0224259890251976,0.0194562541485121,0.108266463418656,0.474245759962892,66.0274283536881,64.5881195817435,51.600281035815,42.716548259594,33.3986071944622,25.6271837343572,16.843605127168,10.8796496979874,5.75457887093752,0.0170750744376826,0.378332432944214,0.604592492618103
766,766,"high",0.297933412963401,0.359374958138749,0.103955569212692,2,0.0494046451418496,0,0,0,0,0,0,0,0,0,0,0,0,0,0,0,0,0,0,0.0442031894146238,0.175813180192815,0.311025964053927,0.022158621158378,0.0170754964283816,0.0996585902739249,0.53158252019905,68.5447867410951,62.4449421518321,49.176952471044,42.1233468089382,33.887510423993,24.5550513253215,18.5096036839675,9.9096434622224,5.7103214499498,0.21924043342967,0.191950621217931,0.5888089453524
767,767,"high",0.344349362213674,0.202228554836732,0.100643312134054,2,0.045131815552878,0,0,0,0,0,0,0,0,0,0,0,0,0,0,0,0,0,0,0.0392414715669342,0.123977065477031,0.318836517329608,0.0204145183063325,0.0153255776702886,0.205875155337243,0.576689595611496,67.9307547531024,63.185446865002,54.5750087627804,39.7669103065706,31.56694937509,23.5020499978523,17.3991102129389,9.92899364891654,6.72442889891881,0.0820864219463153,0.108884140355658,0.809029437698027
768,768,"high",0.310502365679358,0.438084492755252,0.105570725080967,3,0.0478114185949897,0,0,0,0,0,0,0,0,0,0,0,0,0,0,0,0,0,0,0.0379068351465189,0.133398387915646,0.322602235976834,0.0227986112369666,0.0198771521962049,0.141079570192778,0.596853672107641,71.3536566418435,59.742811343912,53.3668341641362,45.1081028347851,33.2493985398563,26.4263341747314,16.7780702169695,11.0923438051956,5.8652824933905,0.0456604333356862,0.499284853761075,0.455054712903239
769,769,"high",0.295727891544083,0.602414710195218,0.106942402157215,2,0.0446693827431101,0,0,0,0,0,0,0,0,0,0,0,0,0,0,0,0,0,0,0.0551476197947012,0.118462892927811,0.237950970285531,0.0218795334563676,0.0130336933401639,0.143676956816898,0.467147461780457,74.1427441588145,65.7524703034974,48.567120229561,41.7571438363748,33.7889179173988,25.0316498040507,17.7237616467671,10.0448647755741,6.35454688137062,0.0497016752320763,0.231493105704158,0.718805219063766
770,770,"high",0.217254345043117,0.214529745013846,0.101110325204918,1,0.0563063655261685,0,0,0,0,0,0,0,0,0,0,0,0,0,0,0,0,0,0,0.040347248242025,0.114991454728294,0.439309528918501,0.0192141541718652,0.0351107449117531,0.145455589888676,0.601974806091063,73.1780515668944,60.8279241159096,50.5850747877732,44.7245309062057,33.6910219614493,25.7631245691436,18.1233330473942,11.1185131688107,6.09292874103669,0.183795938017529,0.346169109257075,0.470034952725396
771,771,"high",0.326782502127987,0.338103442487212,0.102211136250232,3,0.0528707101010268,0,0,0,0,0,0,0,0,0,0,0,0,0,0,0,0,0,0,0.0463472920777067,0.146912000518579,0.356925613807777,0.0212905460838015,0.0185634990031793,0.0725692625211258,0.542632113287908,72.154241413347,60.8054937677423,50.7723225276858,43.810240932075,33.0539313640123,25.6408498339718,18.4744665472565,10.8530196896725,6.58258341431238,0.0994650731393912,0.19710615576557,0.703428771095039
772,772,"high",0.193915971685519,0.235806586034788,0.0960198000279175,2,0.0501797444494109,0,0,0,0,0,0,0,0,0,0,0,0,0,0,0,0,0,0,0.0524258062971462,0.138684764738637,0.388784085579627,0.0231783890791871,0.0205800428124512,0.144783702422343,0.444649152916671,72.3779929091316,60.8602381386821,51.9779939950075,43.9029516046923,33.7485915855318,25.2300694473327,17.464868621264,10.2694648494047,5.92462739300341,0.137917550447418,0.220316721545512,0.64176572800707
773,773,"high",0.424360401786562,0.236091278042788,0.101931576176611,2,0.0503440315059072,0,0,0,0,0,0,0,0,0,0,0,0,0,0,0,0,0,0,0.0678114892192944,0.119082983782607,0.262052651537404,0.0169950798555322,0.0201788832079246,0.326152318583786,0.50244866919525,64.0620021402217,59.583291721429,52.398632072651,44.442112285904,32.2291621228787,23.5995424150665,18.0286773804175,11.1686045337474,6.35296892977687,0.212694692919561,0.297951692971262,0.489353614109177
774,774,"high",0.188106227509153,0.436985634460057,0.0988458581569496,2,0.0561416492305096,0,0,0,0,0,0,0,0,0,0,0,0,0,0,0,0,0,0,0.0461142519181493,0.11557461454972,0.283201078191083,0.0253207211787941,0.0210334461503052,0.303007691235649,0.493204588094506,76.4157061479713,68.5132942142095,51.1834807351003,43.5135586007253,33.0085487072567,27.0111673337123,17.2732009500903,11.4223525918071,6.36032625586737,0.026046755906954,0.236152556802266,0.73780068729078
775,775,"high",0.364219798696554,0.539079704511798,0.0956581478100711,2,0.0459018903593891,0,0,0,0,0,0,0,0,0,0,0,0,0,0,0,0,0,0,0.0337320094384406,0.0991295123344006,0.42601405638964,0.0210171120987605,0.0246310174726638,0.122241839571709,0.494321232378015,72.5681530722978,64.7354533385538,50.8845422140362,43.034569805332,32.9109259784231,27.111174307307,17.6385451654492,10.9847294520315,6.14098837497673,0.184192855441331,0.126401563774006,0.689405580784663
776,776,"high",0.279827004957938,0.213232435166915,0.103510073787261,3,0.050298272618037,0,0,0,0,0,0,0,0,0,0,0,0,0,0,0,0,0,0,0.0484095280824462,0.148340145735477,0.180256861961426,0.0233530929802088,0.0303289984587169,0.0914329536240748,0.568165629742809,67.0262285055278,58.1609641777993,49.2912924523904,44.2940846891143,34.5530200482095,23.7322809282003,18.5806180751797,10.5568267313789,5.99716487683699,0.025787391893827,0.25124606780545,0.722966540300723
777,777,"high",0.285671795205782,0.256842038717015,0.100574100151344,1,0.051875267166302,0,0,0,0,0,0,0,0,0,0,0,0,0,0,0,0,0,0,0.0283417255349533,0.106677467069082,0.170675321520782,0.0246997810463699,0.021722580488503,0.0995028374483339,0.61265223303077,69.0696392610544,62.4227598107366,48.9283231472597,41.6292271305337,35.3151148158568,25.9178412008069,17.248102790967,10.5560713382745,5.94457180742835,0.0116526586815802,0.322340790661045,0.666006550657374
778,778,"high",0.266186228893823,0.196175806673521,0.103826809856362,2,0.0509912902247691,0,0,0,0,0,0,0,0,0,0,0,0,0,0,0,0,0,0,0.0279792525189419,0.0953270622218603,0.0572728526783613,0.0246182111273102,0.0301792795379979,0.226123745491413,0.586900166457011,73.0758721172363,60.6301357223443,53.626878812088,45.0210914490581,33.4493422800153,25.0389858098288,16.9501893590937,11.0530332774631,5.39920165982847,0.0869324710420663,0.148180735668131,0.764886793289803
779,779,"high",0.329550262317312,0.145625975446083,0.100168209369178,3,0.0497960299141241,0,0,0,0,0,0,0,0,0,0,0,0,0,0,0,0,0,0,0.0442350465455662,0.104574611736907,0.304404211541264,0.0227015080455139,0.0276936718817344,0.124973652487541,0.4912153134014,68.0092334447139,63.3131145077147,55.9472901707538,40.456983654873,32.3119066302489,28.3208887331213,18.6382706581741,11.4641257019849,5.80770740168943,0.175525008495467,0.173273124177469,0.651201867327064
780,780,"high",0.30227503114599,0.241828521357452,0.0995657094565043,2,0.0493628693907032,0,0,0,0,0,0,0,0,0,0,0,0,0,0,0,0,0,0,0.0582903870017368,0.132228676590065,0.30726120463657,0.015107795543502,0.0316766510235025,0.0775277116147777,0.559099235144382,66.1958693244031,64.8807487724116,51.7449850272939,40.4684718890835,33.5159608446985,25.4669579509102,17.5834301782208,11.4777634822791,6.55515271577289,0.0184462008796547,0.388900131918708,0.592653667201637
781,781,"high",0.327618895757857,0.053979160918926,0.0973753058464457,2,0.0459330262254824,0,0,0,0,0,0,0,0,0,0,0,0,0,0,0,0,0,0,0.0711011859899148,0.106571364775251,0.497282919318464,0.0154803892812479,0.0179545469737933,0.17153397677937,0.483036647304177,70.8954583489578,60.5554514627755,56.1017167581793,41.8651655774048,32.166055258984,25.0619423817928,15.79040556582,11.5597289347626,6.08673825163185,0.0155164179061908,0.325436296434725,0.659047285659084
782,782,"high",0.359669325282659,0.365506242300075,0.0975734261584427,2,0.0540091728527707,0,0,0,0,0,0,0,0,0,0,0,0,0,0,0,0,0,0,0.0487044362314275,0.0958831686084494,0.550969663501521,0.0217826369431319,0.024939914883563,0.0633108600098393,0.568827847142392,68.7229564247334,58.0400324889584,53.1713670173458,43.6622227266936,35.4407621129907,25.1668215047555,18.4406679539985,10.6531723562646,5.64203368356757,0.0398115668623626,0.177634190148056,0.782554242989582
783,783,"high",0.246179548307349,0.416608618593093,0.094511716362482,1,0.0515864263841321,0,0,0,0,0,0,0,0,0,0,0,0,0,0,0,0,0,0,0.0518566823569144,0.163529770415682,0.172722354534957,0.0193916581325277,0.0264886049658281,0.0694641543519032,0.507199836830783,64.7334890042562,62.8736493831593,54.4043910054946,43.5957208422563,30.7246875486592,27.1074863413387,19.2077727173946,10.1504153829224,6.15342089558388,0.0879063437369689,0.36276844019603,0.549325216067001
784,784,"high",0.314706152702162,0.31881358249683,0.0901450065311863,2,0.0454568472452999,0,0,0,0,0,0,0,0,0,0,0,0,0,0,0,0,0,0,0.0510492453242819,0.12164650232456,0.539754166259607,0.0232227035440683,0.0232906063377492,0.213279791382929,0.496324205422774,70.8264382380251,63.9696869731252,47.9266259271661,45.7363346545139,33.4589050895369,24.7298340305078,17.5106552058109,10.8301458231731,5.69506390312685,0.144068496610198,0.335440577683347,0.520490925706455
785,785,"high",0.208676091280635,0.575991282477933,0.0920506666370868,2,0.0537580119852765,0,0,0,0,0,0,0,0,0,0,0,0,0,0,0,0,0,0,0.0674717638598105,0.0944567278282286,0.45244901721793,0.0252316971782752,0.020788412043994,0.0409308316328763,0.5696134055072,73.2507420546174,59.1823562633946,50.637968617509,48.0062816587393,33.111608316482,24.2929138250433,18.2921463316266,10.2399681746103,5.99797134736639,0.0232473372250728,0.0959710167797902,0.880781645995137
786,786,"high",0.379414314112379,0.188316690160546,0.104329596423001,1,0.0541474059729077,0,0,0,0,0,0,0,0,0,0,0,0,0,0,0,0,0,0,0.0416449136318117,0.159031377845388,0.253971574224683,0.0213693609286819,0.0223572560767693,0.157550563629585,0.559536089193767,70.6322762816768,61.4045311317238,50.924658380215,42.226828270599,30.915271528361,23.6874734030027,18.0611350294496,10.6877992199045,5.91790744344049,0.0275560077733068,0.112387695538525,0.860056296688168
787,787,"high",0.268739434284345,0.222467600144665,0.0936070132213958,1,0.0523590463886275,0,0,0,0,0,0,0,0,0,0,0,0,0,0,0,0,0,0,0.0625484821426868,0.144883861981358,0.606502561152382,0.0195559147430267,0.0167359760448576,0.135542563720224,0.538422495659099,68.3600210497962,65.9497213432941,49.3479328473857,46.847922781717,33.7257894823534,27.6731084559133,16.4151907787243,10.54789622851,5.78819243953868,0.0249454217010518,0.212255567790127,0.762799010508821
788,788,"high",0.262467674220332,0.443358438997435,0.10528631825555,3,0.0455860951197297,0,0,0,0,0,0,0,0,0,0,0,0,0,0,0,0,0,0,0.0557678642886611,0.154890763812191,0.32137183021205,0.0220548827243548,0.0289984847054801,0.193474796740366,0.488734315288489,70.7260776890075,60.1624255747133,50.4543992122796,39.2555339454963,34.6417859899408,26.8423553669532,18.3130365162604,11.1437943370638,6.08616117283216,0.038241203589946,0.202302215821525,0.759456580588529
789,789,"high",0.222232692097746,0.154683190073169,0.101572704491218,2,0.0448479878174524,0,0,0,0,0,0,0,0,0,0,0,0,0,0,0,0,0,0,0.0555117704556669,0.0701475534737012,0.320168910093972,0.0186022719012356,0.0199767435660803,0.157266666696927,0.644000701032921,73.1028591706086,59.7584380978965,51.5911190146743,43.3001007074859,34.1388426224581,25.6247810501958,17.4847202342496,10.4697680794054,5.83178613808786,0.0147813971800164,0.190329123816261,0.794889479003722
790,790,"high",0.226220063985817,0.503756885306713,0.0980420589530533,2,0.0417259165587795,0,0,0,0,0,0,0,0,0,0,0,0,0,0,0,0,0,0,0.0489468360521938,0.117158828816773,0.453181202301414,0.0230360884410484,0.0238738553646668,0.0747644240367028,0.552304256682665,69.6170233177492,66.0417365260652,49.6842117368579,44.2164554768188,33.4332546700983,26.0674286245353,18.3378302245668,11.0905468960733,5.68087593289814,0.0384940185064102,0.307629873735698,0.653876107757892
791,791,"high",0.332578244078284,0.428444971869677,0.0987955511460187,1,0.0582415449704539,0,0,0,0,0,0,0,0,0,0,0,0,0,0,0,0,0,0,0.0536247294145783,0.121549932419619,0.324270198057386,0.0173778549877936,0.0168832839695656,0.0748886465314656,0.526912630753648,75.3665623112432,62.4565819149224,51.3733610031789,40.3920250317909,35.4799689277979,23.9780008738111,17.9195020702167,10.8994309021618,6.30102786725592,0.0291371086324027,0.414156348531368,0.556706542836229
792,792,"high",0.226553922668829,0.378824230746502,0.101561773272356,2,0.0540289297903658,0,0,0,0,0,0,0,0,0,0,0,0,0,0,0,0,0,0,0.0570613290034279,0.131672394391629,0.370037432330578,0.0200248499386907,0.0293588536341758,0.284960024253338,0.509366195447111,65.8013661628111,61.0454701885022,53.6784233210088,39.8720142756945,33.8371023763969,26.928027033819,18.7403181336156,10.7953065557693,6.14911681043127,0.0492814312543278,0.449146750531521,0.501571818214151
793,793,"high",0.281311048412002,0.208658375223947,0.0957349922318027,3,0.0529721915897979,0,0,0,0,0,0,0,0,0,0,0,0,0,0,0,0,0,0,0.0546440873838417,0.159392305591622,0.22190463175025,0.0189466420109291,0.0228202246084631,0.278931407066052,0.52301131627739,68.3632547241009,63.116653868093,51.8098820833644,42.242090054795,32.7756717808617,25.3971400643982,19.0738258298956,10.2832993094184,6.08489296263621,0.0108620462023746,0.3052660899215,0.683871863876126
794,794,"high",0.335576956733557,0.320256520885888,0.0960869311179122,1,0.050859202705859,0,0,0,0,0,0,0,0,0,0,0,0,0,0,0,0,0,0,0.044608526573493,0.152786377985018,0.637257984799449,0.0194741249833353,0.0273402680655755,0.0551416196925983,0.481051362666216,67.5938999401951,62.642568338718,51.2295929864629,39.540377102871,33.2762998813208,24.9047114762121,17.7696074706947,10.5613515103647,6.28582557940025,0.019279595412343,0.383007586520123,0.597712818067534
795,795,"high",0.289629017946065,0.320834007745458,0.110770073498692,1,0.0555682930838886,0,0,0,0,0,0,0,0,0,0,0,0,0,0,0,0,0,0,0.0457877650050812,0.147422739188249,0.522453440974488,0.0148967397156003,0.0315344477600791,0.291860092014249,0.62280859575011,71.0086253287532,60.8375562244045,49.4548050516269,46.2599751756453,35.2192497592141,24.8689162617978,18.1187585112211,11.2100044567345,5.79239582782155,0.0076328322145036,0.110641269186786,0.88172589859871
796,796,"high",0.263237190498191,0.466793556743395,0.0993024668021625,1,0.0534021318295811,0,0,0,0,0,0,0,0,0,0,0,0,0,0,0,0,0,0,0.0401542048426777,0.148007897745925,0.249304453262499,0.0172285691440373,0.0315954118997255,0.050400026855506,0.529625365866697,73.9308164441273,57.6900047365543,46.3584089764615,44.7545063981211,33.1934647162168,27.3965587087219,18.2236354354927,11.700454347249,5.85224070548957,0.081173033081241,0.233035505359696,0.685791461559063
797,797,"high",0.259322706551702,0.152801695824119,0.103465143963943,1,0.0534146032034766,0,0,0,0,0,0,0,0,0,0,0,0,0,0,0,0,0,0,0.045483638036502,0.11522679944805,0.462381185422972,0.0159527812514593,0.0274314049955649,0.0333401573970133,0.508516735044894,68.099477887653,61.0270857550686,55.3072944289846,45.6706436451239,30.6717294507267,24.0631119331934,16.5914913139243,10.3296330160764,5.8546519730181,0.0515973025695454,0.183035993598595,0.765366703831859
798,798,"high",0.232471927905228,0.316805563161727,0.102748845827982,2,0.0527305863444603,0,0,0,0,0,0,0,0,0,0,0,0,0,0,0,0,0,0,0.0500360953022917,0.107165343577262,0.250282247258121,0.0194417296794154,0.0197813928574039,0.195118074084867,0.5247160964406,67.328330336808,66.1022392286983,52.9928507172634,45.3607043388422,34.0175786291405,23.751096338441,18.0965310626986,11.7538271315985,6.49180894975641,0.065049780744529,0.205828609334236,0.729121609921234
799,799,"high",0.209533088366901,0.64550070810024,0.0968199953706874,1,0.051133809626745,0,0,0,0,0,0,0,0,0,0,0,0,0,0,0,0,0,0,0.0559617083319116,0.127461960756936,0.216785359959217,0.0240854910968027,0.0398421106935058,0.0834053714196516,0.560360926133608,65.7251678222793,60.6646745027341,58.5143223406018,43.9342047185375,34.6679257170795,26.5457165097388,16.6310299122965,11.1173279615265,5.78244043511096,0.0354116646427886,0.150406964772982,0.814181370584229
800,800,"high",0.252983676893185,0.230792292505173,0.0948727122017416,2,0.0525971348758796,0,0,0,0,0,0,0,0,0,0,0,0,0,0,0,0,0,0,0.0330288672683378,0.120200327933514,0.391352043661508,0.0209965432339724,0.0125498110645291,0.258209521088072,0.547653258572607,70.6581642621158,59.0250478477178,54.4065549917875,43.9086188076849,38.0458682415227,26.5694957297004,17.8631649297281,10.5703057653138,6.01508715811909,0.011186819943514,0.394964500022459,0.593848680034027
801,801,"high",0.312098119089137,0.287428879936789,0.0972082713628617,2,0.0411276222500294,0,0,0,0,0,0,0,0,0,0,0,0,0,0,0,0,0,0,0.0531253172083672,0.128906588187821,0.154251083692795,0.0209511198967049,0.0113479251114238,0.152576453485072,0.568665000668393,67.0682514659417,60.1440717491789,53.2994466431689,39.2784817644201,32.8108242496901,25.3139307568674,18.3330212016449,10.1754557226933,5.96947636903283,0.143261485835294,0.346115182830126,0.51062333133458
802,802,"high",0.215697689076417,0.341566405503561,0.0971891977528752,2,0.0504042402396897,0,0,0,0,0,0,0,0,0,0,0,0,0,0,0,0,0,0,0.0496015395305143,0.135583115470648,0.343701613628493,0.0139786401159492,0.0287927353520555,0.0955937707415484,0.519456588506367,73.3127024176748,64.9529676710033,51.1914476637554,43.749356658471,35.1930193138225,24.6510313146029,16.3975286846415,12.8162008998755,6.14621979678877,0.0248904439855056,0.291693497734327,0.683416058280168
803,803,"high",0.302428450213141,0.291126321773695,0.0955615280959771,3,0.0527678489948822,0,0,0,0,0,0,0,0,0,0,0,0,0,0,0,0,0,0,0.0584774654093725,0.126553139905035,0.49590895488449,0.0194789620742768,0.0380460433833202,0.0770830370433862,0.485299947614409,72.7057937102639,62.3526762957344,51.7599264001209,41.8410552998178,32.0917747489503,22.5887623074935,18.3537578660109,12.4592540025098,6.03728637734843,0.0427835275109432,0.354204112123617,0.60301236036544
804,804,"high",0.358849852645237,0.131369360526263,0.0939869131976785,2,0.0505399186922033,0,0,0,0,0,0,0,0,0,0,0,0,0,0,0,0,0,0,0.0463245940620199,0.152746054214559,0.289385857886021,0.0176227816108606,0.0174523079791132,0.0861973046897134,0.569005563997519,72.3044485218954,62.8192955100524,53.8010149296487,41.8523808146132,31.7571374341649,27.4866650311372,17.2143165165903,10.6060658409232,5.55993056265048,0.0321197976714376,0.280571204879312,0.68730899744925
805,805,"high",0.333354728553789,0.424912516352577,0.0962118391209614,2,0.0421156842380529,0,0,0,0,0,0,0,0,0,0,0,0,0,0,0,0,0,0,0.0480583712597278,0.143182341264752,0.227919002522454,0.0178111136945963,0.0402476844727606,0.0980532545297725,0.461370999867168,72.6321589594962,57.8970264774637,49.4032210631528,44.3869812475966,33.9112696100151,25.0812957063534,17.0757486049728,10.5459675368975,6.28873507971017,0.000386057594720249,0.4014335946875,0.59818034771778
806,806,"high",0.216412789182923,0.21851037005046,0.102038457408085,3,0.0485288201404095,0,0,0,0,0,0,0,0,0,0,0,0,0,0,0,0,0,0,0.0385738643138308,0.0937456518624143,0.24870189548139,0.0166167946130625,0.0330995871599155,0.2309785741596,0.524951201017806,71.4038704268807,56.8418895562287,50.1990237234105,39.017272588254,34.5775127500198,22.999438738868,18.6957319175196,10.9654372139575,6.05880109085003,0.0219135354918093,0.38492783207626,0.59315863243193
807,807,"high",0.270284408040945,0.605993446413508,0.0997565133596619,3,0.0501326946752331,0,0,0,0,0,0,0,0,0,0,0,0,0,0,0,0,0,0,0.0504005102556448,0.125200623645384,0.40820121272831,0.0186587818901344,0.0330555979433959,0.0776920114503034,0.486994850753371,73.5071726177189,60.3705201047714,52.2988535878442,43.708771624876,35.7050561348458,25.4970991742219,18.0482503924378,11.7809545402453,6.09280964737563,0.15090840091586,0.266069146402297,0.583022452681843
808,808,"high",0.404880552459713,0.261704905369456,0.095013614247352,3,0.0453303259991844,0,0,0,0,0,0,0,0,0,0,0,0,0,0,0,0,0,0,0.0488013509857758,0.128218040092454,0.202770745413675,0.022121635573507,0.0352259573770152,0.184039689751412,0.576511940816944,76.6685184613945,58.5744461581641,52.6115725917441,43.0072231478736,31.5747343538739,26.1599968984677,16.2523851400684,10.8157582135797,6.1636091149837,0.0460383782376378,0.356835750084452,0.59712587167791
809,809,"high",0.243941259001009,0.257692767836969,0.0999054153745784,2,0.046719541180726,0,0,0,0,0,0,0,0,0,0,0,0,0,0,0,0,0,0,0.0396839766292576,0.128118114208541,0.368630933489386,0.0198721673870015,0.0244040286916675,0.105550835902023,0.507621889064694,75.6265225340855,57.4704945624566,59.0179490844824,40.9699840821563,31.8532162755503,24.2080927041416,18.4466436081178,11.1911775332024,5.9502589994758,0.0384906730612585,0.25227054660279,0.709238780335951
810,810,"high",0.350038467098541,0.252462658674935,0.101947792182716,3,0.0449125414582714,0,0,0,0,0,0,0,0,0,0,0,0,0,0,0,0,0,0,0.0323374508889554,0.115911527905757,0.256886598188958,0.019068790672684,0.0306460831289172,0.095385810087213,0.509290759469654,70.3228897979154,63.6675460059662,49.8914944920484,42.5584258723829,34.2884658542055,25.1636522673189,19.252601138654,9.4067513156717,6.38308349221038,0.0579782700327852,0.219584899642802,0.722436830324413
811,811,"high",0.336210135280218,0.134541606901873,0.101380779022188,3,0.0507259513943004,0,0,0,0,0,0,0,0,0,0,0,0,0,0,0,0,0,0,0.0478852036384876,0.127046675135936,0.409478806182041,0.021717120574552,0.0200762504852842,0.173961872508404,0.58129462608688,67.3990891187588,65.9132237664959,50.9321246200371,46.7283210734364,37.3300232860699,24.6420199996999,17.4773755375796,10.5039665800329,6.33171052631382,0.00231410919536975,0.328471314050044,0.669214576754586
812,812,"high",0.267963758516994,0.33769372027859,0.0988731833351309,3,0.0505048525171111,0,0,0,0,0,0,0,0,0,0,0,0,0,0,0,0,0,0,0.0482226712969534,0.187345863638586,0.403969829807949,0.0168331607426469,0.032418540932919,0.0732678507062328,0.527232095015803,66.1199345225298,60.6698150475886,50.0814824625828,45.4798162065502,34.6488074767068,26.2130976782941,17.7332266762836,10.1457763807594,6.54687474497737,0.0701958842536267,0.2554171161024,0.674386999643974
813,813,"high",0.317285911498561,0.170048447814033,0.101051482696834,2,0.0399840522820298,0,0,0,0,0,0,0,0,0,0,0,0,0,0,0,0,0,0,0.0370342054842351,0.107020063269913,0.314857520785423,0.0161487736097107,0.0228525915021652,0.148219757199011,0.518371196059542,73.4007115771461,63.0844877648481,52.8394623867359,44.705912467089,34.8452828015119,25.3984476583369,18.1568031074659,11.7630485979316,6.01389394774649,0.226105907323388,0.177221111428292,0.59667298124832
814,814,"high",0.248697110988211,0.398079489976862,0.0996159886897402,2,0.0536755518976588,0,0,0,0,0,0,0,0,0,0,0,0,0,0,0,0,0,0,0.0472025387712589,0.11188837753822,0.335343982259079,0.019190200967489,0.0180934987531048,0.101340402848358,0.447449718263655,66.5033228380896,53.9095083331688,52.3571339073915,40.0269604355726,31.6542372665244,24.5851013256818,17.5948470738639,11.8963780877579,6.4167936001661,0.108004698951438,0.118039391639085,0.773955909409477
815,815,"high",0.412479510026818,0.399892587214975,0.0995938046456167,2,0.0571960101892147,0,0,0,0,0,0,0,0,0,0,0,0,0,0,0,0,0,0,0.0338174643279552,0.119196929595676,0.250854747878546,0.0199116026659046,0.0435710030140241,0.0715216127154173,0.542014296008841,68.1984358551092,60.4779608803246,51.0040333265843,43.0452079195524,34.8355685395798,25.1585531244035,17.1575439487498,11.0440162233926,5.85573414821963,0.128489572614682,0.19952648213745,0.671983945247868
816,816,"high",0.428630285092044,0.125040625525057,0.0997383654516742,2,0.0635343909573627,0,0,0,0,0,0,0,0,0,0,0,0,0,0,0,0,0,0,0.0454610794391508,0.107964467096564,0.315573736249295,0.029073722381073,0.0204405384359917,0.06105871003794,0.534903946839527,74.7981869273375,65.3862381915932,46.482847886973,40.1251183216137,32.6338203338721,23.4450332361397,17.264650055719,10.3057274569329,5.44858936505763,0.0540529667393429,0.121444179802153,0.824502853458504
817,817,"high",0.288199982236109,0.267926339300388,0.112322448421588,1,0.0580007319014143,0,0,0,0,0,0,0,0,0,0,0,0,0,0,0,0,0,0,0.0401244184332574,0.0863256135621841,0.186357875580693,0.0202755116226617,0.0237153575896765,0.194122791557976,0.461074197537421,73.7614491447425,61.2181935081878,48.31822103378,40.2286893203393,36.8401802179875,23.7148199499633,18.0689823773134,10.3227344009509,6.21968132679165,0.199469305531925,0.17427862465213,0.626252069815945
818,818,"high",0.229461213870105,0.0874693161897084,0.107982673928818,2,0.0580502869835721,0,0,0,0,0,0,0,0,0,0,0,0,0,0,0,0,0,0,0.0427688849339728,0.156485746750078,0.164076366549767,0.0212298543689119,0.0299523286072985,0.0682023939353303,0.46509054702688,72.9712397758222,69.3316037841666,56.0174690460788,45.6016052837928,33.4026264196561,24.4214494003773,17.6214693263019,12.478039904964,6.19834943987056,0.0243776038175019,0.251976667997998,0.7236457281845
819,819,"high",0.291840405677876,0.35279805271478,0.116053653564513,3,0.0607246063111697,0,0,0,0,0,0,0,0,0,0,0,0,0,0,0,0,0,0,0.0513733934606561,0.111571718126494,0.26487355541233,0.018263154596378,0.0218960894529195,0.115105300950127,0.577308785429115,79.658252347446,64.3680406208886,58.4115187715013,41.9032413686012,35.4770398448106,25.5334070056223,17.7349533094814,11.6782731530036,6.81129804315507,0.0123090313558813,0.312726159608099,0.67496480903602
820,820,"high",0.25972133024579,0.267322982061184,0.096691428240401,2,0.0517852719585595,0,0,0,0,0,0,0,0,0,0,0,0,0,0,0,0,0,0,0.0469111940679878,0.14823719508454,0.266511192432253,0.0189302164751239,0.0235740905471417,0.107488028410819,0.515931036545942,72.4416347517493,63.4937721089293,52.3300534400644,39.7055949370041,34.2324530089597,25.3362969807595,17.8405694560932,11.2324649647523,6.17446274233484,0.0342543013451947,0.340343377988515,0.62540232066629
821,821,"high",0.309585054587882,0.616113631496751,0.108095865257514,2,0.0405441503609603,0,0,0,0,0,0,0,0,0,0,0,0,0,0,0,0,0,0,0.0440114061615588,0.114726662668005,0.424692613920915,0.0163310499528684,0.0297535462858884,0.253241311620386,0.537344078108806,71.3095284383858,67.2958126199643,53.6112077329463,41.5620861100756,33.9651639708115,23.4857699191103,18.8940753085089,10.9915694573549,5.78992551390011,0.01104395564705,0.419634001617686,0.569322042735264
822,822,"high",0.265736413722883,0.555397747121867,0.0960099475243297,2,0.0588274235257792,0,0,0,0,0,0,0,0,0,0,0,0,0,0,0,0,0,0,0.0459223468087967,0.134778502787009,0.235094138980232,0.0201165908168845,0.0245132053280639,0.114640780880884,0.535673012798475,71.9687092386629,58.3120788833516,48.9506822030655,42.5064176864471,33.3864341904075,25.5789269526981,18.262954481062,11.5410237174054,6.14974827459707,0.0313016481739153,0.270456971588187,0.698241380237898
823,823,"high",0.325882622264776,0.153594871326146,0.0978142021189771,2,0.0508424138080197,0,0,0,0,0,0,0,0,0,0,0,0,0,0,0,0,0,0,0.0495390651463409,0.127969142795361,0.333245330271041,0.0170575179998126,0.0215830405860333,0.105645519288883,0.502566628360295,75.3338183071368,58.5054592953598,49.8354837063177,42.6449785803458,34.5156389320462,26.7059420651885,16.7654189520786,10.6775342436862,5.67374795409106,0.0341354609440337,0.266514619080839,0.699349919975127
824,824,"high",0.292076991883753,0.36486416864227,0.0968266927956177,2,0.0467052710237439,0,0,0,0,0,0,0,0,0,0,0,0,0,0,0,0,0,0,0.0603256974955692,0.106758729103547,0.383659057016799,0.0183495365686593,0.0300796417706061,0.104701194729106,0.52282358610189,74.7064553168548,63.2249372343817,53.4080601806903,43.6277277545457,33.0456366590559,25.6129423551845,16.8825539727385,10.6707685098428,6.35644855000057,0.076778495526556,0.155526343871637,0.767695160601807
825,825,"high",0.352274379257756,0.213398566964139,0.104293483259689,2,0.0522245548773864,0,0,0,0,0,0,0,0,0,0,0,0,0,0,0,0,0,0,0.0738983929345111,0.120105851093785,0.527089644056391,0.0179596529753439,0.0491404052524756,0.0368857755073699,0.545261453366533,70.8206754422084,57.7444381354474,49.7448454442031,42.3103889578983,31.7738118110374,24.9679417764592,18.5425257583976,11.3047536799339,6.60274083224035,0.102765566099973,0.336769585861632,0.560464848038395
826,826,"high",0.294557544269237,0.383930633552304,0.0916361104938811,2,0.0500646982086433,0,0,0,0,0,0,0,0,0,0,0,0,0,0,0,0,0,0,0.0669892049971132,0.1325021144112,0.319997345184934,0.0161898945101604,0.0159225710997291,0.251723748299315,0.458743613727739,70.2773711901362,58.4456861808389,51.6443659994409,40.0993585283292,30.3757991115888,25.393247206073,19.2262009976653,10.9046996791303,6.23122524570135,0.139868323200928,0.233878725941564,0.626252950857508
827,827,"high",0.335153156749608,0.47458112101004,0.101484995755025,2,0.0544140565030616,0,0,0,0,0,0,0,0,0,0,0,0,0,0,0,0,0,0,0.0586261602006284,0.149837081926624,0.410642886286463,0.0195379521875937,0.0247922412967627,0.0998514640849414,0.494520374611529,74.9441322444696,61.5515536091187,49.7901660211795,39.936874259727,33.3804867806533,25.494040244906,17.9894737395,10.2633879315227,6.36642841209808,0.01819527356821,0.285146144275662,0.696658582156128
828,828,"high",0.254492808463643,0.447862806243504,0.107256611328836,2,0.0552417382126772,0,0,0,0,0,0,0,0,0,0,0,0,0,0,0,0,0,0,0.0540082171129981,0.108795826741559,0.431206125963987,0.0122141539039088,0.0208294508229602,0.224265994491243,0.495934314862663,69.3545647825079,63.6288959280988,53.4994274652566,43.2882534883776,31.8668417040185,24.4058475471617,18.1340912159418,10.2996235727676,5.72597050748619,0.0803775584064519,0.210315579785446,0.709306861808102
829,829,"high",0.268563609936792,0.28076784088338,0.0939079675741453,2,0.0551592963076413,0,0,0,0,0,0,0,0,0,0,0,0,0,0,0,0,0,0,0.0512794046199082,0.137040004334522,0.190543401195023,0.0171095772424742,0.02638624652772,0.10579831245818,0.534208246760287,69.520654247826,59.059456096456,56.6838715514924,38.9546813805785,34.3751842557124,24.9839472688625,17.6239601017548,11.302997566342,6.05221602436829,0.0257095958621066,0.212216459323392,0.762073944814501
830,830,"high",0.248125932852952,0.30173702701851,0.106122591095729,2,0.0514995973810093,0,0,0,0,0,0,0,0,0,0,0,0,0,0,0,0,0,0,0.0389064188622695,0.103963492414193,0.350549131087449,0.0174712409547026,0.0324250585844723,0.12061628196776,0.468504861266382,68.7870206367985,65.9678247328681,55.0481031295189,41.7098648538087,34.7558749847906,24.4899618866718,18.4024441319226,10.6187522939821,6.64260929912604,0.0665439897534946,0.365604446058021,0.567851564188484
831,831,"high",0.247730172751806,0.491461260312374,0.0959099794767579,2,0.0522336306363004,0,0,0,0,0,0,0,0,0,0,0,0,0,0,0,0,0,0,0.0583300280337262,0.119562044969327,0.420942468624503,0.018814236409591,0.030720155768547,0.182547059746302,0.501893529892549,73.8746400185505,58.347441262836,50.8693397897128,41.679752286124,33.1687989855225,24.6757687499922,16.8485073525362,11.5855139453286,6.52204892014775,0.0256264986111321,0.206769093480983,0.767604407907885
832,832,"high",0.281092453867104,0.358701706372497,0.097434749671866,2,0.0447123073757958,0,0,0,0,0,0,0,0,0,0,0,0,0,0,0,0,0,0,0.0527947803996647,0.108148217494606,0.348726540426009,0.017757698982787,0.0193387289310707,0.112576978580067,0.560894421133952,73.645539041271,67.2235715116631,52.470655793124,46.6066433523204,35.1851037386473,24.9572094755453,17.6901877588008,10.9724183350035,6.26010811357357,0.000799202107252192,0.0756145582903899,0.923586239602358
833,833,"high",0.29056200965821,0.363935915446285,0.101912561941101,3,0.0470363999114742,0,0,0,0,0,0,0,0,0,0,0,0,0,0,0,0,0,0,0.0457516473171339,0.116213331185997,0.576148065885622,0.0205088811790822,0.0210652198831584,0.257393501538289,0.497241687891965,74.8741663567567,61.024248569301,47.6481182504144,38.7183844536583,32.6100418061956,23.2717035486353,15.4439624821472,10.6242051869696,6.41252789631405,0.00509231166571664,0.434073429641719,0.560834258692564
834,834,"high",0.267061516692328,0.497997449240868,0.106477908351371,3,0.0432423460851737,0,0,0,0,0,0,0,0,0,0,0,0,0,0,0,0,0,0,0.0339445415256035,0.187440339123153,0.17577995150872,0.0148841733796965,0.0214004427335635,0.057640754499117,0.5332427021968,70.0642349797939,64.4196778432411,51.9936422680618,40.2002273810337,32.4945236492314,26.6043835448212,17.9511397788395,11.29880140752,6.15832894056392,0.124955980302299,0.157431221252263,0.717612798445438
835,835,"high",0.308518915195391,0.467968071536174,0.110214527823004,2,0.0644145134045669,0,0,0,0,0,0,0,0,0,0,0,0,0,0,0,0,0,0,0.0456063522538226,0.136342848654565,0.442897741880479,0.0151418371432399,0.0348302175953459,0.0778439303131133,0.579377842837174,75.4791991590394,61.6814988524091,55.5192916059662,45.6799755760185,32.7352575774146,25.8610479561327,16.7206178094109,10.7936936868046,6.45251163811626,0.125286154985685,0.196742388768799,0.677971456245516
836,836,"high",0.300287861476174,0.0670024276154765,0.100334606332315,2,0.0542313907941074,0,0,0,0,0,0,0,0,0,0,0,0,0,0,0,0,0,0,0.0598296770438439,0.161360145435122,0.48556632248583,0.0173352858638477,0.0242946233311563,0.103263240477256,0.466722427882334,75.8539928008834,62.7154765968171,53.9331508335514,42.3482328980735,33.1582554301677,24.2259030402156,17.5638909304908,10.2151725253827,6.04140706324524,0.0679972665597245,0.235696459953743,0.696306273486533
837,837,"high",0.353691384841434,0.263194283943991,0.0965560711760896,2,0.0547044214644189,0,0,0,0,0,0,0,0,0,0,0,0,0,0,0,0,0,0,0.0658105940523819,0.12693597509105,0.265732324358172,0.0200666556048011,0.0178513970987491,0.0548814738001384,0.539450726134805,73.590131156041,67.8568023038627,56.9471095933456,42.2119996226241,34.1048119437122,26.790366307322,17.307208878503,11.6497099249443,6.16799378707257,0.0182998563633434,0.233278811197476,0.748421332439181
838,838,"high",0.293020608357284,0.16807174256027,0.106429366296891,1,0.0486829037871821,0,0,0,0,0,0,0,0,0,0,0,0,0,0,0,0,0,0,0.0507350902578315,0.163032474215002,0.543674277196192,0.0177361143721019,0.0158750894254323,0.0867400859280414,0.617756274653429,75.2731968354164,61.9502173094751,51.9066725701318,44.7942187293363,33.9801019766397,25.9450848369434,18.0304087409742,11.8887219444624,6.38020868449269,0.0455019255445487,0.207494534963139,0.747003539492312
839,839,"high",0.374734808933501,0.177190144484436,0.100071227326714,1,0.0539576983547303,0,0,0,0,0,0,0,0,0,0,0,0,0,0,0,0,0,0,0.0390750833389795,0.0871995557845748,0.132192003847918,0.0148468439532368,0.0368876524542229,0.0927789212711163,0.628263943084251,69.7157055386168,66.3665496026498,52.3720951736861,42.5023071018943,32.0676066836803,22.8413785071271,17.9123900055806,11.470798757189,5.84291632136511,0.111726189423523,0.322393845703671,0.565879964872806
840,840,"high",0.271520427295126,0.412001760997754,0.109437990837805,2,0.0558290333025234,0,0,0,0,0,0,0,0,0,0,0,0,0,0,0,0,0,0,0.0750471245050595,0.219479893247711,0.268938978211825,0.0165872934680454,0.0268974626689337,0.0810074508943761,0.535817852293453,66.0751565282615,59.6395516858195,48.1210795682835,43.4194169957788,34.4714102071623,24.7796232228163,17.0429565349405,11.5674160959964,5.61002307295896,0.104952500095357,0.0850273956313762,0.810020104273267
841,841,"high",0.250945737018517,0.480208945273523,0.0976223174127809,3,0.0530145920816838,0,0,0,0,0,0,0,0,0,0,0,0,0,0,0,0,0,0,0.0586761330771265,0.160581923485662,0.204671267936971,0.0192263195555042,0.0277357303199855,0.0822762468350126,0.579352374761843,73.9615638463633,60.6786533880078,51.7768286800628,43.5601361456725,32.5914980579525,26.5855387540015,17.6725226300916,10.7627660895159,5.7428602982021,0.0749862591688283,0.214530851576179,0.710482889254993
842,842,"high",0.375951925404986,0.257285197240709,0.100332038189751,1,0.056939727297612,0,0,0,0,0,0,0,0,0,0,0,0,0,0,0,0,0,0,0.0486044245351607,0.123726341608108,0.231032650269858,0.0167762970796763,0.0173720801148636,0.129430387148736,0.477656512653404,73.6040353802108,61.1557190457171,52.0771417149017,41.9333844491472,32.8992040634225,27.7664616390611,17.5113134343697,10.5641363026201,6.53990811820256,0.213307110464316,0.110764421470463,0.67592846806522
843,843,"high",0.320560846509839,0.422134945146933,0.107548197930829,1,0.0593022550343754,0,0,0,0,0,0,0,0,0,0,0,0,0,0,0,0,0,0,0.03527928723283,0.162158833220934,0.142901545322704,0.0179103117674531,0.0214185930927911,0.109803982776419,0.5218232467979,67.5602995984171,60.6193639329649,48.7764099492915,45.5353479240288,33.0271463877675,24.4417498716517,17.5575283218572,10.9561816857985,6.43469796669944,0.00321705096041736,0.2203362750301,0.776446674009483
844,844,"high",0.313991620469003,0.461188733189474,0.0985262238389114,1,0.0388511638140012,0,0,0,0,0,0,0,0,0,0,0,0,0,0,0,0,0,0,0.0575283337480749,0.133145141858841,0.364181244617909,0.0188752536247857,0.0276712228404014,0.142304974925183,0.486830477395177,73.9185373201291,61.9318455314372,52.8067938559892,48.6213676901815,34.722786166204,24.2668370812404,18.1263085652145,10.0910275676989,6.62662158345326,0.0866626054291416,0.119629375806998,0.79370801876386
845,845,"high",0.29691020953199,0.348655423355371,0.0854317968787257,2,0.0446203670274394,0,0,0,0,0,0,0,0,0,0,0,0,0,0,0,0,0,0,0.0579599845629131,0.109522394595663,0.394075978877238,0.0199371875467096,0.0503053112090921,0.0497780075093336,0.572869948381261,70.7809642873514,57.8636011536984,55.2547582052386,40.1688610128706,33.2510764274614,24.9163405936109,17.4493911581422,11.3491775852919,6.05371371069741,0.036162890846312,0.0787325480299988,0.885104561123689
846,846,"high",0.326373865625542,0.388470919580058,0.104161579748371,2,0.0521754918579551,0,0,0,0,0,0,0,0,0,0,0,0,0,0,0,0,0,0,0.0629047780900077,0.114361055654293,0.245173582720462,0.0228888699824884,0.0227341231015262,0.109397963352309,0.459853425183321,67.283247064645,57.9335300998384,52.8587730219473,42.9738706434839,34.1109816258234,25.5754912487255,16.6784794575574,12.2269990807577,5.65364051182269,0.0303891956778449,0.265718117498922,0.703892686823233
847,847,"high",0.263646839641034,0.248458129977945,0.0988164875886226,1,0.0535747392797143,0,0,0,0,0,0,0,0,0,0,0,0,0,0,0,0,0,0,0.0437481953936662,0.139550060113884,0.184499253113234,0.0182690014708279,0.0162894396281562,0.0942225152122662,0.571386360984605,75.3020194846273,58.4782403059563,54.2986284011016,43.382389675138,33.2181619009934,24.7572545053909,18.1849867680727,9.96021103601484,6.33284072859028,0.0394215027179588,0.14904673648805,0.811531760793991
848,848,"high",0.275119097152902,0.427253331810505,0.102444877436547,3,0.0550867259474075,0,0,0,0,0,0,0,0,0,0,0,0,0,0,0,0,0,0,0.0410135691924769,0.122208378288647,0.540411930613181,0.0159127232683052,0.0191353660669537,0.17327143516681,0.562339483370214,79.5949431035174,59.7818880049538,59.0734279216105,42.0767677116591,32.8004190000196,26.1436587488486,17.8131706895438,11.4465969808487,5.97018713035091,0.0231147240798303,0.185247955727615,0.791637320192554
849,849,"high",0.26278666975051,0.398812172123744,0.105777702056407,2,0.0485392400678594,0,0,0,0,0,0,0,0,0,0,0,0,0,0,0,0,0,0,0.0538260569885923,0.142244535382744,0.311134630574171,0.0150416689142723,0.0310073701920666,0.0663008834252157,0.446195061410756,70.0152961622972,62.6507150723937,48.9127852770053,40.4368450450753,33.6815678747997,23.6928917622576,18.2539213476172,11.0215205601485,6.28225735769857,0.0241016128936209,0.129852684079812,0.846045703026567
850,850,"high",0.323019876231664,0.44527697472626,0.0968915185524327,3,0.0410490021409481,0,0,0,0,0,0,0,0,0,0,0,0,0,0,0,0,0,0,0.0585918861656085,0.117013719682401,0.430408711034881,0.0199705263932973,0.0221061940428168,0.218871316955835,0.593187776365196,73.413133957241,61.8420815102908,56.0513898648721,46.7125765371449,33.6976350639646,25.0516932830184,19.1318291673123,11.3386339342763,6.56229999908633,0.00163381020685519,0.147938790269791,0.850427399523354
851,851,"high",0.253762170576825,0.632356611553353,0.103020034863697,1,0.0479955882334222,0,0,0,0,0,0,0,0,0,0,0,0,0,0,0,0,0,0,0.0581150344020583,0.148915987814941,0.185034296447686,0.0229463571908329,0.0403817024370366,0.0878294212525003,0.540606708629697,71.3497109906348,66.4852939774198,46.1054657013399,42.7003415153942,35.5277298716443,24.1908780992922,17.9372062639146,10.2507340537784,6.53255521166486,0.0221693337629336,0.279161610795276,0.69866905544179
852,852,"high",0.301011146536423,0.436924495018097,0.101210343150833,2,0.0516124614438729,0,0,0,0,0,0,0,0,0,0,0,0,0,0,0,0,0,0,0.0506441098833242,0.14727275704213,0.259842822994079,0.0197313428621729,0.0163380884111883,0.0553886114127398,0.524214853570075,77.4818627419724,60.2582024387072,50.4435147012872,41.0666280601488,36.4705043128261,25.8080930928431,17.7725614580905,10.6640268994251,6.28454460343006,0.0583452063976126,0.153088425506145,0.788566368096242
853,853,"high",0.271941381706992,0.209035884210779,0.097896394636115,2,0.0509483353690329,0,0,0,0,0,0,0,0,0,0,0,0,0,0,0,0,0,0,0.0406140021299867,0.169205420006386,0.286314899724752,0.0196325304720816,0.0132252163280377,0.0362904004829438,0.470637570357476,75.1817076371792,57.8263775643041,55.3327041197861,46.3029176318528,32.4186610818697,25.8319287766003,17.7008461516958,11.3152138921985,6.17499721287629,0.0535603538175194,0.308040356674899,0.638399289507581
854,854,"high",0.277657357463909,0.150695511518853,0.0987416744166897,1,0.0552180160185411,0,0,0,0,0,0,0,0,0,0,0,0,0,0,0,0,0,0,0.0669138237067441,0.123274243850571,0.293405325363494,0.024128374258825,0.0611287425959101,0.130035992244214,0.568479020976562,71.5188262918003,65.3600907305607,50.5585786003853,42.6139574263949,34.241283346594,29.5949663834465,17.5028016849497,10.2081346692339,6.26325048650863,0.0413019581402922,0.0594631659094481,0.89923487595026
855,855,"high",0.362745821608693,0.38038615230953,0.0966552508225612,3,0.0492397404350744,0,0,0,0,0,0,0,0,0,0,0,0,0,0,0,0,0,0,0.0584156515119384,0.101490679568308,0.295831532967446,0.023763885270411,0.0436950267537621,0.0771761170162369,0.504548391728135,69.1360993796948,61.0077559396568,54.960879486467,42.4861245246078,34.9831026208471,25.8899274401177,17.0343704626994,10.8083091554794,5.73947556877278,0.0283551071122591,0.216250511283536,0.755394381604205
856,856,"high",0.267904966195663,0.466494490167463,0.105684386133849,2,0.0403399037770271,0,0,0,0,0,0,0,0,0,0,0,0,0,0,0,0,0,0,0.0434982777683596,0.0962739426293025,0.225995593462193,0.0241013328552981,0.0347439135052749,0.122797140693195,0.540883446263444,70.8429430092918,61.9786558553808,51.2398752547818,45.6304945238545,37.4143928013296,27.3519392845967,19.304676361778,10.0349734940367,5.85954918371201,0.0110564791912424,0.222154572839466,0.766788947969292
857,857,"high",0.287743212700939,0.19802985057135,0.098963883820747,1,0.0451790016801993,0,0,0,0,0,0,0,0,0,0,0,0,0,0,0,0,0,0,0.0597506668197498,0.104536770074706,0.272343956274837,0.0167481125572848,0.031970056127188,0.14878572637033,0.495292653435919,69.5904791521979,61.9065958361528,51.2634216338471,45.1414434086809,32.1554121047083,26.9851728750438,17.7376994549607,10.5122590175458,6.18626307396233,0.104175364202148,0.443011631666058,0.452813004131793
858,858,"high",0.319967915473854,0.297060314890716,0.0977121065479235,1,0.0526453286005644,0,0,0,0,0,0,0,0,0,0,0,0,0,0,0,0,0,0,0.0491081576323928,0.128132593360192,0.345016416327374,0.0226124966013255,0.0431335719647168,0.0719401577061629,0.594706366058979,76.8420277100817,68.2293979059979,52.1779185243256,44.1148755525435,32.462552883117,24.1833303894207,18.1092606456037,10.4369122985702,6.12065670334039,0.0746002951819605,0.187120069729863,0.738279635088176
859,859,"high",0.336860783792649,0.231302704181448,0.107838558384733,3,0.0508256165971666,0,0,0,0,0,0,0,0,0,0,0,0,0,0,0,0,0,0,0.0556184780941317,0.140147971616845,0.295492986504113,0.0169029918920927,0.0330195087320162,0.159422667870046,0.502325271657204,72.7726664661072,60.9803719004221,55.2720755724334,47.9133483180657,34.8691579232467,25.9021219461282,17.1021819984663,10.7817192514216,6.01722251891784,0.0475668862277459,0.184064350625681,0.768368763146573
860,860,"high",0.289304288345686,0.346951160434992,0.096323617415517,2,0.0497320580686165,0,0,0,0,0,0,0,0,0,0,0,0,0,0,0,0,0,0,0.0688169142907267,0.0776348002373927,0.287576026003079,0.0218182325208565,0.0260365545363403,0.0832177883108073,0.443961115145568,72.8267586436845,56.9907397216824,49.6329148564565,39.3779944627419,34.8385505347764,26.6940022117548,17.6264865796078,10.3936369562371,6.51384784917088,0.014620548395183,0.0872762674654414,0.898103184139376
861,861,"high",0.298604520130109,0.325933752432227,0.101411519339761,2,0.0537901927272646,0,0,0,0,0,0,0,0,0,0,0,0,0,0,0,0,0,0,0.0549867667918353,0.125851924662894,0.372588077373226,0.0176130170779682,0.0200148136263966,0.0755804253989759,0.507288884698919,69.7932350052737,58.1217617739883,52.1696900962295,44.2441510034568,34.5451598708456,25.8139445950173,17.7951993224824,11.415236026366,5.96775261615465,0.0931250740700775,0.181524903285778,0.725350022644145
862,862,"high",0.291129174634223,0.340804404129631,0.098296642485652,2,0.0537200491038436,0,0,0,0,0,0,0,0,0,0,0,0,0,0,0,0,0,0,0.032471103137151,0.122732466461907,0.594113762980665,0.0173580922422014,0.0138934370801617,0.310727391042755,0.577998934591526,75.6898082570662,61.7365169702028,53.8370981764788,42.8400943049565,32.9724552963015,24.1137557477684,15.9018604221533,10.4103732025537,6.02256615989792,0.00713598646702562,0.122163101821206,0.870700911711768
863,863,"high",0.355077302821265,0.110453701094027,0.098837398718237,1,0.0534859531698358,0,0,0,0,0,0,0,0,0,0,0,0,0,0,0,0,0,0,0.0665362804394585,0.146784307208146,0.196392046991013,0.0163940199473532,0.0191922179322056,0.134806815501228,0.529255803198924,73.6324911743985,67.68957839614,49.7797947749573,46.4048404398645,33.5616864759874,24.6567775223322,16.9224637355282,11.5769526570377,6.23766387005758,0.0218744180270008,0.244327707489348,0.733797874483652
864,864,"high",0.265169338649934,0.11085180572264,0.102499119080844,3,0.0520736915189396,0,0,0,0,0,0,0,0,0,0,0,0,0,0,0,0,0,0,0.040652186798848,0.116073791730339,0.466964262975689,0.0180124712996903,0.0130520603475837,0.141455062294213,0.495793739364077,75.2838227059291,59.468090626124,49.8564953939893,42.1621330260349,33.927057482922,23.5076945497183,19.503917677799,10.6165228384716,5.85846906124995,0.033239281649557,0.12501673479533,0.841743983555113
865,865,"high",0.255919719955065,0.391879601024432,0.0939470821346258,2,0.0486055337654739,0,0,0,0,0,0,0,0,0,0,0,0,0,0,0,0,0,0,0.0354942062649113,0.111129828004896,0.296969493191476,0.0199504701942258,0.0167897697146664,0.0597900505607775,0.44921091117813,68.5228554018663,64.5132042908331,55.5230956113863,47.7545196954153,31.127154507669,24.1403663356475,16.5715228425025,10.8929005921251,6.30836110809438,0.0266216482104201,0.26996345425663,0.70341489753295
866,866,"high",0.296290199192632,0.319236197994788,0.103997990688223,1,0.0487777559170365,0,0,0,0,0,0,0,0,0,0,0,0,0,0,0,0,0,0,0.0666229646643348,0.125351627675794,0.218693260971353,0.0186232714705304,0.0287577880987258,0.0848379693513302,0.588032296851621,69.0314762532049,62.4852497414104,49.0609743441568,43.0910122202842,33.2953478493596,24.8569262157973,15.2229950432218,11.2276363568576,5.95108114446595,0.011629324033739,0.261028689723357,0.727341986242904
867,867,"high",0.340569433071178,0.0881944369753167,0.10118479945914,2,0.0497663479298785,0,0,0,0,0,0,0,0,0,0,0,0,0,0,0,0,0,0,0.0527468941369142,0.137324534977343,0.408907760497487,0.0209653746907579,0.0252603098839572,0.060683969015246,0.502718524958991,69.7018930865113,56.7550671491084,53.1099259358106,41.4987893696119,35.1899398132868,25.2594454020554,17.3013466195449,10.4733000310234,5.79781539041919,0.0413685770686914,0.455674478376672,0.502956944554637
868,868,"high",0.342002466908005,0.331282351525081,0.092100951246165,2,0.0509349181979066,0,0,0,0,0,0,0,0,0,0,0,0,0,0,0,0,0,0,0.0684565461172004,0.129784015778014,0.272634388542271,0.0200869623670381,0.0232568561071868,0.0773002568141383,0.510204816569218,74.6257633299596,61.5231116261904,50.2421089517602,42.4543718018016,33.0332054079724,25.2740777911126,18.707537782667,11.3705809232407,5.75199353294327,0.0492058160227316,0.321512124992474,0.629282058984795
869,869,"high",0.303982000218722,0.373464260446908,0.105491526486324,2,0.0536490006108111,0,0,0,0,0,0,0,0,0,0,0,0,0,0,0,0,0,0,0.0560321110005985,0.161801641303151,0.159131965286296,0.0138760782666722,0.0388921485179315,0.133405088632497,0.511671483758818,78.5253897971673,62.8955651299514,53.4998381268601,43.4811458139992,34.1000116769923,26.7652429229843,18.9005462367264,11.3255959718213,5.88519153775642,0.113569517519373,0.208101092538394,0.678329389942233
870,870,"high",0.24621419420382,0.391535183212617,0.0984268113575077,2,0.0434109576429155,0,0,0,0,0,0,0,0,0,0,0,0,0,0,0,0,0,0,0.0641540632045724,0.103743714588972,0.483366655887966,0.0173688114641297,0.0123899409949069,0.0484501100306137,0.645265373115763,62.1153478692421,60.1961554509416,53.0913724095947,41.0534393712839,33.5206837542761,27.5552430741492,19.3870142734755,10.8930323440713,5.92295458789993,0.0507462493487526,0.414730343552748,0.5345234070985
871,871,"high",0.260718351052196,0.122497571380942,0.0972269855865928,3,0.0450003585497723,0,0,0,0,0,0,0,0,0,0,0,0,0,0,0,0,0,0,0.0525096641129726,0.14585306291366,0.193937689333904,0.0190471007645896,0.0230675332771437,0.078588554917902,0.526422239947187,69.8222438649598,59.5025705776032,50.9418515171431,41.8990375627732,30.3192659146207,24.3246239027487,18.1769120577459,10.2367628698207,5.68987404675782,0.107062776398105,0.22578607454935,0.667151149052544
872,872,"high",0.319537474488685,0.219322041405829,0.0957192453079756,2,0.0574788978422783,0,0,0,0,0,0,0,0,0,0,0,0,0,0,0,0,0,0,0.0450203814040097,0.11248933881231,0.331122982072393,0.019797014463832,0.0161719848887829,0.228085319083084,0.571729449332806,73.4800383822608,59.4732312964083,49.5466008656337,44.3859861130193,33.3454546562494,25.6636418305485,18.017260432638,10.4628444893205,6.79950695007556,0.133173998332153,0.270618531302316,0.59620747036553
873,873,"high",0.241379292567419,0.0430089638527091,0.100290323741068,2,0.0477207645005298,0,0,0,0,0,0,0,0,0,0,0,0,0,0,0,0,0,0,0.0596266080141573,0.130712749345783,0.362975350835648,0.0154995559497019,0.0165156826613004,0.086879297519886,0.512845310689188,68.8284268644404,60.8658497976689,56.2842177553514,41.3573005691723,33.1032237271891,23.3729981237172,17.3153639846442,11.9035896941895,6.03012099170002,0.00886183251295107,0.394437801360746,0.596700366126303
874,874,"high",0.315539755225001,0.394960476621223,0.0942553268983279,3,0.0470459677442624,0,0,0,0,0,0,0,0,0,0,0,0,0,0,0,0,0,0,0.0603699694771366,0.12776092062575,0.252589097912042,0.0192800926324895,0.0178051600052934,0.0892615518274133,0.496510794336383,68.5702659552789,58.8621317711281,49.1616650356457,41.5945560883458,33.8272851933765,25.9343691310999,17.4347085602018,11.4548306359327,5.98509803015145,0.00728703411509218,0.103213462688906,0.889499503196002
875,875,"high",0.29619670958352,0.32050777806329,0.0930185250937877,1,0.0553521746415276,0,0,0,0,0,0,0,0,0,0,0,0,0,0,0,0,0,0,0.0592987456069197,0.146456179122302,0.557394895768997,0.0200306181943212,0.0098735881438786,0.0784157766834024,0.570419043845007,75.1601555300162,59.3164530121545,53.2020964721117,41.7874956106666,32.5556118979651,25.7875524460857,16.6675167575472,11.0134810143088,5.54485030552989,0.0353226092017644,0.158925473744724,0.805751917053511
876,876,"high",0.329848697879626,0.29420740827696,0.0941691177462449,2,0.0420796194197778,0,0,0,0,0,0,0,0,0,0,0,0,0,0,0,0,0,0,0.0335169381701593,0.108239278773525,0.299065129821612,0.0156668021818439,0.02148689943505,0.0495794345905,0.596241229034455,71.9170830117177,63.8158036325911,57.6711874266851,40.6074600382441,34.2702955472005,25.5447537895956,17.149061799873,10.5772597725146,6.00943803092755,0.0269941856219528,0.129527738602868,0.84347807577518
877,877,"high",0.349314821462652,0.265856221776819,0.0995492759156203,2,0.0523344796404841,0,0,0,0,0,0,0,0,0,0,0,0,0,0,0,0,0,0,0.0579090544020076,0.178028835247359,0.18892198752085,0.0162250395957281,0.014895741316852,0.101272135496996,0.545320061557917,65.571079034756,64.0955587885674,54.3330497331908,40.8280018382843,33.4693996720427,27.9541428994807,18.2445102412494,10.8187924579243,5.89830083922605,0.037166651303846,0.32535496376826,0.637478384927894
878,878,"high",0.278760137405844,0.425976993028436,0.100722380989657,2,0.0538747091557397,0,0,0,0,0,0,0,0,0,0,0,0,0,0,0,0,0,0,0.0537541195956828,0.125449652067852,0.390352387036324,0.0172699107866652,0.0153654338411399,0.151351651106197,0.543944986936915,69.1109399549701,63.2942026877818,55.8753444901395,41.0946720241588,31.780728453807,25.7532834348226,17.255611511998,10.5323045699356,6.40712108891951,0.0408738854683139,0.192986301175479,0.766139813356207
879,879,"high",0.292486039412818,0.188781792710035,0.0997010272597258,2,0.0554496087804057,0,0,0,0,0,0,0,0,0,0,0,0,0,0,0,0,0,0,0.0543906715876308,0.0998610366915961,0.387476310127243,0.0184665773400755,0.0381391100743413,0.100055916246796,0.670260708703002,66.3920293646451,57.8998386209379,52.8948999287993,43.3237982018444,36.7553951983659,23.8888424380869,18.6442367358739,12.1160759510728,5.66240057375442,0.113711179740144,0.395419025694314,0.490869794565542
880,880,"high",0.257730708205194,0.526612959553268,0.0977332201724963,2,0.0498599405905477,0,0,0,0,0,0,0,0,0,0,0,0,0,0,0,0,0,0,0.0326948648433119,0.141273636095249,0.171480324753222,0.0207580672955074,0.028458873658387,0.172606485621813,0.554427328795258,67.3146294729206,61.3196204346622,53.507673747495,42.7387409632398,35.379507039925,23.7078204706318,18.7224067065761,11.6068606240632,6.41387843723423,0.0145313246692549,0.199694643427871,0.785774031902874
881,881,"high",0.28806422845334,0.424504748931656,0.102630417203277,1,0.0471373285501297,0,0,0,0,0,0,0,0,0,0,0,0,0,0,0,0,0,0,0.0285681115232571,0.132560102678897,0.23970923822255,0.016722426808187,0.0198472419159639,0.0956468927910829,0.66675290718604,74.543572177443,68.963113770392,52.6563367089313,41.5726658013574,34.9314581345732,24.7736450559268,17.8426919258935,10.5595638793919,5.73243579356593,0.0743596551495775,0.211665872288484,0.713974472561938
882,882,"high",0.347937825251254,0.265532991987377,0.107755578100651,1,0.0476862808031644,0,0,0,0,0,0,0,0,0,0,0,0,0,0,0,0,0,0,0.0599703640328506,0.146341907743881,0.426941965909032,0.0221712238656112,0.0122172684812021,0.157056936659643,0.558714527485477,67.6730473930601,62.5855027876986,53.1897538251732,42.7537188156609,32.4579835687681,27.2125940241091,18.5650891368048,11.1134407510165,6.43702075974652,0.00859132306862073,0.20460103981088,0.786807637120499
883,883,"high",0.24261639346651,0.475168957238721,0.1030016446232,2,0.0550013029529851,0,0,0,0,0,0,0,0,0,0,0,0,0,0,0,0,0,0,0.0612773575306236,0.203420531224717,0.415624740400992,0.0171863630594412,0.0149476820296293,0.115564124429316,0.559655969201985,66.2360917557478,61.1360924841177,47.4817723265767,41.7820036068711,32.9405226494401,22.2561397904811,18.2865495396049,9.9243835527887,6.1105100731198,0.0511702666919401,0.39336363462799,0.55546609868007
884,884,"high",0.363039440011365,0.299587200986935,0.103801393685854,3,0.0560455643009227,0,0,0,0,0,0,0,0,0,0,0,0,0,0,0,0,0,0,0.0571869940450707,0.0961654958700265,0.284776741039421,0.0200996757792078,0.0264046968421204,0.128824234040421,0.602781953740375,65.3899972062374,66.5706196646835,53.1589526286579,44.8768614494656,32.8541738706087,25.9710277901937,17.8365035454039,10.3131367426749,5.98234901302457,0.00106985421840821,0.248577171712101,0.75035297406949
885,885,"high",0.416408077432882,0.418901851986879,0.0943936909710166,1,0.0440709945039509,0,0,0,0,0,0,0,0,0,0,0,0,0,0,0,0,0,0,0.0569617880183498,0.103002300376806,0.498451833743916,0.0144007225322023,0.0222502194807676,0.210138048450431,0.600768107919067,72.5354451120957,59.6937821401738,53.7940188269928,42.9958662911573,34.9118522829693,26.5201504017924,18.7931480046122,10.4984240710682,6.18701283935418,0.0291744837035834,0.226078226498869,0.744747289797548
886,886,"high",0.403416764713268,0.266692733426705,0.103384068424129,1,0.0443501605576654,0,0,0,0,0,0,0,0,0,0,0,0,0,0,0,0,0,0,0.0456164036547133,0.153412422883553,0.212974095229515,0.0169548534681937,0.0137095279230975,0.132075644974878,0.504164758251819,65.2294802839107,56.8572078307327,50.4863568868724,40.7115194613976,33.802439232506,28.1628240341132,18.1645713763197,11.0688206369556,6.41939752361182,0.0461764837320717,0.220374010598278,0.73344950566965
887,887,"high",0.23460605625827,0.395504995031681,0.104453167372982,1,0.0424666746038474,0,0,0,0,0,0,0,0,0,0,0,0,0,0,0,0,0,0,0.049841443168874,0.108833871086853,0.309492123994456,0.0183000619374092,0.0664411124888124,0.163398284300467,0.553230337940997,74.38279981262,62.3505570497052,51.0291329176082,40.919359683161,32.9010089451644,27.0691124124414,17.4371058897406,10.8627903383334,6.58608728432767,0.0351581222712599,0.272768414994681,0.692073462734059
888,888,"high",0.351999060237066,0.2947553529322,0.097001306482812,2,0.0494399618536414,0,0,0,0,0,0,0,0,0,0,0,0,0,0,0,0,0,0,0.0582226001927502,0.153592966054564,0.183363102195987,0.0164223800559482,0.0139882402489194,0.0618578830792952,0.521297564655005,70.6753128206168,65.025337908281,56.2402999493404,43.4166430256355,32.7800940773461,25.1898630186298,16.7893798558145,11.6980541895443,5.59521457972589,0.0363516693365286,0.0996320206730471,0.864016309990424
889,889,"high",0.277117656384125,0.295335182196549,0.0924297562618848,2,0.0489716630555565,0,0,0,0,0,0,0,0,0,0,0,0,0,0,0,0,0,0,0.0414709811535283,0.132849245994989,0.457525831575598,0.0201226416571437,0.0357906455890582,0.0625007572674397,0.55404062829095,72.6839079111935,57.1726170789303,52.2900264096422,43.1151756389436,34.6143004004288,26.3028051668512,17.3455763452736,10.5785790009793,6.43000427332947,0.0247985494427206,0.314687838457502,0.660513612099777
890,890,"high",0.261102173644476,0.431643524148804,0.106620979108456,2,0.0531589563818028,0,0,0,0,0,0,0,0,0,0,0,0,0,0,0,0,0,0,0.0511473399165764,0.102271741618491,0.180723338497674,0.0225984837765317,0.0211248476559236,0.103486667440005,0.501835865178791,70.4409147314507,60.2059037380197,50.538031364579,41.7888337240209,33.0743357154241,23.1354762630883,17.704230093291,11.2365061489712,5.79427481929159,0.0473140474595496,0.264660586563146,0.688025365977304
891,891,"high",0.283160795972607,0.212657589843939,0.0943507632815556,2,0.0564059138027514,0,0,0,0,0,0,0,0,0,0,0,0,0,0,0,0,0,0,0.0654886011289042,0.137605581114846,0.506686830051851,0.0188416451836121,0.0267958858987833,0.091922756681701,0.577796671470344,70.4530008959958,65.4897399414018,51.1154843797964,42.7864610219847,33.3345780600522,25.3791896567552,16.1621692228964,11.2706353183703,6.56021707373361,0.123798312372017,0.0684860308560231,0.80771565677196
892,892,"high",0.378311467292729,0.379963189220976,0.101865181756116,2,0.0432101866536877,0,0,0,0,0,0,0,0,0,0,0,0,0,0,0,0,0,0,0.0415086581740686,0.126429638799553,0.413807211894168,0.0179383787434679,0.0204874703584249,0.235205444591688,0.525215440317663,72.4640672288749,61.8374249759638,54.9145629807127,40.5393527247008,33.6740565088925,24.8486348872889,17.5310757527353,11.1970969419452,6.75320889820529,0.0441792263279592,0.454428832685263,0.501391940986777
893,893,"high",0.250781566723969,0.277634024306293,0.108191921146674,3,0.0416564639693366,0,0,0,0,0,0,0,0,0,0,0,0,0,0,0,0,0,0,0.0600926494215118,0.1388665398483,0.360319978198443,0.0199311835721145,0.0359679054824531,0.242748714333405,0.581810102755864,75.8950863114381,60.5639503831952,54.7534376651454,44.8413140402844,32.6817503919662,24.6293315783629,17.3589815697885,11.5580524399451,6.67430306162667,0.0407431887780302,0.19650110631948,0.76275570490249
894,894,"high",0.236035064438746,0.382308533683735,0.0973897302637032,1,0.0393569971056182,0,0,0,0,0,0,0,0,0,0,0,0,0,0,0,0,0,0,0.0603833312505133,0.173821826365535,0.39641655009142,0.0208140044950326,0.0270721933517652,0.226311659617323,0.55589120747608,75.3770724642531,58.8123964111484,52.7042676922457,41.4971887544844,30.1233973344807,26.4920872858591,18.6000414018097,11.3739233104986,6.29507161191298,0.0195649633852845,0.330644218261939,0.649790818352776
895,895,"high",0.370721042125509,0.41961521016558,0.0981093218268713,2,0.0515603487767425,0,0,0,0,0,0,0,0,0,0,0,0,0,0,0,0,0,0,0.0395377678187225,0.128265347696248,0.529634885955396,0.0196437524359612,0.0328448021107035,0.121034961416052,0.473937118383642,72.9002024613728,60.430968130988,54.0779131126084,44.2845137919282,33.6855829020807,25.4097920997012,17.3712127883939,10.7370866233544,5.77727218593013,0.0295638031138854,0.242972355072499,0.727463841813615
896,896,"high",0.280651942272328,0.37552773789406,0.101370582552969,2,0.0601266896601872,0,0,0,0,0,0,0,0,0,0,0,0,0,0,0,0,0,0,0.0492707555085504,0.156681112364839,0.332233278066884,0.0184029203245465,0.0340805846607795,0.0836181219777983,0.508040866817694,68.4406587674754,62.0621480178375,51.3482559284109,47.6565514544136,32.6212832911403,26.2880429319022,16.1771027680867,11.6287642854202,6.21871027499831,0.0897962303947682,0.127937756413767,0.782266013191465
897,897,"high",0.360411220146876,0.321149552423083,0.106382702020096,1,0.0517035602987873,0,0,0,0,0,0,0,0,0,0,0,0,0,0,0,0,0,0,0.0565243042304211,0.137094906455015,0.264008061610517,0.0178366499216121,0.0224027890528724,0.0873984785712024,0.525129724817724,79.0951019109815,60.9694813948199,55.4194433251483,42.910375110677,36.9406438829797,26.0426679458127,18.8110793883985,10.884828141999,5.52826094565223,0.00133745606995133,0.0803943894043517,0.918268154525697
898,898,"high",0.25221619887854,0.34524161649514,0.0989884792504996,2,0.0497353177428576,0,0,0,0,0,0,0,0,0,0,0,0,0,0,0,0,0,0,0.045663376603483,0.157197153772617,0.477198974380467,0.0178986893443706,0.02111507286011,0.0764541462817853,0.466372498515233,73.2090962548579,62.4669243791623,54.473008311266,38.4663827289403,32.3184291087939,26.7831057025951,18.1133718961761,10.0842898351524,6.22604352508855,0.0126123409052586,0.070318616608169,0.917069042486573
899,899,"high",0.270092144374694,0.549656595228262,0.0998768462464742,3,0.0545035341851406,0,0,0,0,0,0,0,0,0,0,0,0,0,0,0,0,0,0,0.0515231484990737,0.139948611151191,0.412728554561896,0.0257949475805632,0.0133536531101105,0.109614145619611,0.554846563628902,72.7103744265468,57.260122200887,54.2586869232408,41.0618725376918,35.3892435662949,25.5115933615304,19.0259104322997,10.5447646869521,6.65857076477993,0.0122183786375585,0.187184620905162,0.800597000457279
900,900,"high",0.27634340323656,0.19681351701743,0.104895890764892,3,0.0545892225131454,0,0,0,0,0,0,0,0,0,0,0,0,0,0,0,0,0,0,0.0437070728422463,0.136402049225357,0.415297293027645,0.0182588929010327,0.0257353445327809,0.149649053722797,0.532599695226047,68.8474323291403,56.2016362649358,47.0249913423503,41.8474310999545,36.5977643452687,23.8361601510891,18.7103543457842,11.0594042330186,6.54643357265917,0.140483747820433,0.132672609175298,0.726843643004269
901,901,"high",0.346917336911894,0.346338237799416,0.0949450502932808,2,0.0521975480645257,0,0,0,0,0,0,0,0,0,0,0,0,0,0,0,0,0,0,0.0615426036813005,0.123865154875035,0.240368272115873,0.0158392007825467,0.00850588338034248,0.234591734492,0.454944047078197,71.2575668637894,64.3015807884941,55.5583627430081,41.13075432283,34.8234122038321,25.4240301965265,17.7467829822032,11.1716137808898,5.80050959895858,0.0269553328305172,0.180979301507235,0.792065365662248
902,902,"high",0.385572989212845,0.194000583981465,0.0961403737720764,2,0.0543633927895666,0,0,0,0,0,0,0,0,0,0,0,0,0,0,0,0,0,0,0.0511183922874326,0.171498307359472,0.202934406130623,0.0189399915493042,0.0245695612766358,0.124721481923872,0.552452069989878,76.9089819867606,62.7727211804085,48.0476984691167,42.137788688965,37.8061680366324,25.1392277177644,18.0822313840097,10.5166998687818,6.34401407879934,0.0164768477710936,0.159528791391466,0.823994360837441
903,903,"high",0.31389284116507,0.369342402348172,0.111397193664498,1,0.0444677004391087,0,0,0,0,0,0,0,0,0,0,0,0,0,0,0,0,0,0,0.0680969768578445,0.13187711163299,0.220308267294289,0.020624132708323,0.0192959690652692,0.0738543877762784,0.613926262458117,68.2652220138498,63.3716635329343,51.8761758002321,41.611673922144,39.0260085610751,27.995912903852,20.0356640752433,10.8324611200669,5.79160970693966,0.00851881581234574,0.185023356123522,0.806457828064133
904,904,"high",0.297509793950465,0.148635624921072,0.100106111450499,2,0.05281456112738,0,0,0,0,0,0,0,0,0,0,0,0,0,0,0,0,0,0,0.0522150704186668,0.104697971276895,0.332329172281908,0.0206638573724305,0.0547959184419072,0.0936034683885663,0.608598110482761,69.6897795028545,56.3554249238875,51.6039058189021,39.9562684683569,35.2518059269623,24.9418880763881,16.7242537206281,11.3015937754556,5.63367922321859,0.0694004383496449,0.28087380623629,0.649725755414065
905,905,"high",0.28867837230427,0.250129914283303,0.103199242450353,2,0.0550232142972181,0,0,0,0,0,0,0,0,0,0,0,0,0,0,0,0,0,0,0.0706648782684525,0.0966425449086416,0.204911560219628,0.0236245157147492,0.0138615149378789,0.0896858331116924,0.532333944609692,77.6384537134713,63.6793963123478,54.894747833917,44.3748406349002,36.4898390271777,26.946233111432,16.0387078856995,10.2344585548526,5.60253089433484,0.0253032798142409,0.125166044423828,0.849530675761931
906,906,"high",0.211405437456584,0.237570887716448,0.0949784450894035,3,0.0481581304879951,0,0,0,0,0,0,0,0,0,0,0,0,0,0,0,0,0,0,0.0387822545699907,0.140862211483473,0.15774558330574,0.0202243388121363,0.0197202112339806,0.0677052397954866,0.514762462675676,75.074660854538,62.676431296065,60.823774887742,41.6644780709898,30.6129311999089,26.5375176659322,17.1390133602908,10.8678870092988,6.41642092676942,0.10408668354351,0.08994457958653,0.80596873686996
907,907,"high",0.340350889196193,0.413603256846393,0.0955034724597319,3,0.0512453602414532,0,0,0,0,0,0,0,0,0,0,0,0,0,0,0,0,0,0,0.049244609166639,0.159197212753118,0.403629807342801,0.0205464233259339,0.0217355694890443,0.107949955100763,0.526684106025942,71.411768940523,63.723911567591,50.8406847720198,42.6214579560843,36.1022190991746,24.9275952547306,16.739280689069,11.1665943735275,6.62432513660969,0.0347199692582538,0.265536493333057,0.69974353740869
908,908,"high",0.278438035759904,0.225286221655106,0.0941166530873372,3,0.0442535967471213,0,0,0,0,0,0,0,0,0,0,0,0,0,0,0,0,0,0,0.050536999776727,0.138413304085494,0.245545411237237,0.0226503512364879,0.0217950660629561,0.0745668113618261,0.516907369600348,69.8512573767381,61.5306709617187,53.1017564082422,44.1445691784483,35.0674105667912,25.1068782352064,17.8708351021386,10.5819323222873,6.35102938789264,0.00779418928735223,0.261725381023137,0.730480429689511
909,909,"high",0.215911375320569,0.341679023809276,0.101713271706848,2,0.0444324930317715,0,0,0,0,0,0,0,0,0,0,0,0,0,0,0,0,0,0,0.0589256717240096,0.124651014312205,0.402117727768538,0.0264544754937914,0.00887593998935336,0.0774025691527042,0.521527594983291,70.996553198992,59.8216711613835,48.2641470458275,41.6580496997983,37.5304711056867,26.4602551890932,17.7850835879147,11.1098060968132,6.04293383524763,0.0223849476372543,0.236243497409714,0.741371554953032
910,910,"high",0.297063341535572,0.337087244090146,0.10168166099429,3,0.051110481441075,0,0,0,0,0,0,0,0,0,0,0,0,0,0,0,0,0,0,0.0436026493379758,0.12312407565842,0.484389410440725,0.0243966228687535,0.0145186389751832,0.269693767745496,0.599834159667504,69.4421716254021,54.587877167951,53.7129993256345,46.6113711854803,34.4084684898752,27.1865280233473,17.3270310598394,11.220070445033,5.80470729571936,0.104288068980437,0.295420408933198,0.600291522086365
911,911,"high",0.334724782016354,0.371189034619276,0.107379402248197,3,0.0565931116517648,0,0,0,0,0,0,0,0,0,0,0,0,0,0,0,0,0,0,0.0489837487204915,0.128529360805712,0.195213935065986,0.0193434848500316,0.0172556224405962,0.0704480457967201,0.488023576347632,68.0891692676973,63.763652971389,52.187397752497,46.0545404643631,37.6099524938221,25.9828886390882,18.7977930264258,11.1270693321903,6.83171346529523,0.0256546213587366,0.309993715831018,0.664351662810246
912,912,"high",0.360158268057179,0.406702221331429,0.095314724889171,2,0.0557693460770047,0,0,0,0,0,0,0,0,0,0,0,0,0,0,0,0,0,0,0.0434193365443973,0.0910151469294871,0.379096455615918,0.0218712419979368,0.0225735140674716,0.137438273823683,0.464738802006302,74.7723552635119,62.2953978727787,50.7385547036313,41.9289137063868,34.596469695763,23.1142423484606,16.9532060476351,10.9305716843681,6.36578188009436,0.0346942091747364,0.31065716593386,0.654648624891404
913,913,"high",0.351546657233028,0.258047617172417,0.0913842442306762,2,0.0442251717298043,0,0,0,0,0,0,0,0,0,0,0,0,0,0,0,0,0,0,0.0573391635526881,0.141804087698031,0.444348276112597,0.0195634353058034,0.029420222518912,0.284785849909117,0.490496566980606,69.0614469049419,56.8113735398809,51.7818929271885,45.9650289392465,33.5036069914594,25.225295064751,16.7304911751635,10.9635130472961,5.99184276284644,0.0869912697389433,0.404094098383798,0.508914631877259
914,914,"high",0.234961215753495,0.207329126880606,0.0968490758706192,2,0.0531067462693303,0,0,0,0,0,0,0,0,0,0,0,0,0,0,0,0,0,0,0.0405425207437951,0.136893925167931,0.111943617372023,0.0223065347629817,0.0109614740561472,0.113838561921962,0.537250133406718,71.6881799533993,56.4255388215622,52.3706869195845,45.2251152233345,34.0692146841272,23.5168982429509,19.1231446040028,10.7614981178601,5.9865591988563,0.1603806272608,0.251372986031157,0.588246386708043
915,915,"high",0.282611985746524,0.197313622177171,0.097877171820022,1,0.0519968617609845,0,0,0,0,0,0,0,0,0,0,0,0,0,0,0,0,0,0,0.0534980067235472,0.208468654519741,0.187794015071064,0.0192349541623738,0.0182385708371235,0.0751021308958408,0.519501741605089,71.4664233142304,64.2122681086162,50.3245847282071,41.7207811811545,34.7831338686257,25.1026067707975,18.7869518043313,10.5510087673374,6.1269242308007,0.0206833296416336,0.180885019887347,0.798431650471019
916,916,"high",0.281772241055534,0.254117946530891,0.103172616361545,2,0.0467526480369341,0,0,0,0,0,0,0,0,0,0,0,0,0,0,0,0,0,0,0.0318273158899178,0.120595449892717,0.214915880496069,0.0206450487768646,0.0111811019140504,0.0796161905963075,0.539941740875547,71.4533423868182,65.4837698892113,52.2677175987022,42.9515650197552,32.6562838960463,23.9557784369013,17.4591191086132,10.6733782081557,6.24445483491334,0.150284094078482,0.31209715301955,0.537618752901968
917,917,"high",0.246787497188302,0.352475711395365,0.0926296590545742,2,0.0473225782477107,0,0,0,0,0,0,0,0,0,0,0,0,0,0,0,0,0,0,0.0372731228869062,0.182452130811322,0.165734060414499,0.0187177091383789,0.0313944939774988,0.154972983964906,0.515277121392848,72.1454790497067,57.1373075848212,57.386100080172,48.3392516428441,30.5869221639292,27.8499535728379,18.0852756438764,10.8248400972601,5.93096162854067,0.0494022713192665,0.173079633294203,0.77751809538653
918,918,"high",0.258519377775054,0.456793931917425,0.101826854889917,2,0.0445203322184574,0,0,0,0,0,0,0,0,0,0,0,0,0,0,0,0,0,0,0.0309451750829043,0.144172108574974,0.35501427909248,0.0284042167466715,0.0240876094537392,0.113680448693084,0.534544916428786,70.2331165977529,68.5314750313152,50.6086971119804,41.7734171214178,31.5201570776835,25.401217275089,17.8969276866433,10.7813915839597,6.42246410257819,0.0203188215018568,0.395978057255002,0.583703121243141
919,919,"high",0.31431169238671,0.373122778738953,0.107426966168906,1,0.0554185319321542,0,0,0,0,0,0,0,0,0,0,0,0,0,0,0,0,0,0,0.0445837745271383,0.180514733286078,0.214201628467955,0.0245667023288061,0.0197038654734873,0.101750915239565,0.452839584055911,72.9451233309191,60.9039957028746,58.2180912370407,47.8702144783349,30.5452515018819,25.2946036744563,15.9743407298319,11.5863731125824,5.66775730209444,0.114540470061381,0.188505194000584,0.696954335938034
920,920,"high",0.341084553015476,0.5032394174716,0.0971678875027502,3,0.0585740009281105,0,0,0,0,0,0,0,0,0,0,0,0,0,0,0,0,0,0,0.0539580727238645,0.13330782455107,0.235754449672491,0.0137318210891009,0.0247497174576976,0.0589159236415859,0.556082321489951,68.0428064557618,62.6932978547363,51.343346758221,44.8158123267232,35.7218347717955,27.280119463849,17.1038261148051,10.8385129560107,6.23198275941449,0.0033215725504672,0.202865257761446,0.793813169688087
921,921,"high",0.410569129679391,0.460606973145894,0.10309901720484,1,0.0528562245961475,0,0,0,0,0,0,0,0,0,0,0,0,0,0,0,0,0,0,0.0526397318705695,0.11448581284345,0.225167041645227,0.0237475497410579,0.0217685358919988,0.150198750659077,0.513367476677639,71.627972511677,62.5804612173245,54.1442283837461,45.611878551965,33.1423287798343,25.619682832192,16.6006816808631,10.7724456313741,6.68337634168973,0.0531130157249211,0.0809340938198068,0.865952890455272
922,922,"high",0.349467889134633,0.245990272257401,0.0958258981075899,2,0.0536254861307384,0,0,0,0,0,0,0,0,0,0,0,0,0,0,0,0,0,0,0.0618211833445523,0.130566760146234,0.214464634233392,0.0178198281612818,0.0182449800477658,0.0921101193055642,0.566547100232407,69.9166604563327,61.611493048453,51.1476070850431,42.3387200682896,34.8079235677393,25.2174809540705,18.1526193853277,11.8220791382855,5.80660269706791,0.0527559700058379,0.197214447080046,0.750029582914116
923,923,"high",0.327885729239132,0.227589927067898,0.0952558717848826,1,0.053033379295187,0,0,0,0,0,0,0,0,0,0,0,0,0,0,0,0,0,0,0.0524757173252656,0.1533098695588,0.44575645650547,0.0167454476082739,0.0112864654623863,0.0649724241433888,0.583375228213765,74.302006076997,63.4004838706316,54.7033145491253,44.148079852392,33.7185653897681,25.7491855357798,17.357773970515,11.4312838289262,5.75664341977732,0.0912709401094344,0.505947111373714,0.402781948516852
924,924,"high",0.278608692397204,0.127840612788703,0.0961881803044661,2,0.0460304576777074,0,0,0,0,0,0,0,0,0,0,0,0,0,0,0,0,0,0,0.0543079764316792,0.173155341982003,0.141025498194374,0.0247788727478854,0.0271812164735386,0.159055801968833,0.547857888649797,71.1394511473072,62.8671071307166,49.8804888082177,45.3075845790617,34.9819407005678,26.2949243435572,18.9606890840557,10.2534011648314,6.07935565042131,0.00126174668233434,0.0774107581158919,0.921327495201774
925,925,"high",0.331098870691246,0.350367875538719,0.106366899560853,3,0.0524045123254521,0,0,0,0,0,0,0,0,0,0,0,0,0,0,0,0,0,0,0.0453753592297927,0.175258897446433,0.340714548715079,0.0158815239250849,0.032570757517346,0.0706676962666048,0.523780746466247,71.6638204091433,61.483531712742,51.7346493459903,41.7216123679539,33.8072855578304,24.0785917899547,18.0783299488392,11.8511607270157,5.77256404357496,0.0548961207329297,0.450477236090551,0.494626643176519
926,926,"high",0.294211028551514,0.631091540635714,0.104252162811636,3,0.0473427995161376,0,0,0,0,0,0,0,0,0,0,0,0,0,0,0,0,0,0,0.0274517138932944,0.146133310358705,0.207612267510797,0.0169061401335244,0.0215464300213645,0.107216875911544,0.528875162797227,69.3930305942543,55.5463634614134,47.4130596941654,43.1174819736032,33.8787274152408,27.039271019597,18.1805088996507,11.2239728369747,6.84390099992455,0.00247124422125859,0.416807340513962,0.58072141526478
927,927,"high",0.279096228738275,0.233657849592226,0.0914145764525345,3,0.0412353833412907,0,0,0,0,0,0,0,0,0,0,0,0,0,0,0,0,0,0,0.0401911937039945,0.124925264511172,0.330609114060475,0.0207936867682154,0.0284395469447435,0.199547694694037,0.424051297896036,71.0117891115095,62.4007361212297,54.2223877097241,43.6089580991623,32.927936694684,24.9778583295746,17.0271248736473,11.0655462211451,6.04678632289087,0.092257061615926,0.414085439635476,0.493657498748598
928,928,"high",0.308346287840654,0.479015708862969,0.101765115078223,3,0.0430474109112406,0,0,0,0,0,0,0,0,0,0,0,0,0,0,0,0,0,0,0.052806197659731,0.119914597113145,0.437640849985217,0.017940750045975,0.0243503925213122,0.0431873228321906,0.54930201780971,69.0900746550246,66.478394960014,53.413217270375,40.9358946765646,34.8617193011262,25.8308213129231,16.9075889399099,11.5926619158566,5.9237679099555,0.116532814359494,0.244926372739729,0.638540812900777
929,929,"high",0.353069693556067,0.0774180110561686,0.103875939460333,1,0.0487246574662446,0,0,0,0,0,0,0,0,0,0,0,0,0,0,0,0,0,0,0.0430789929391833,0.0990673966528533,0.0898870221857369,0.0232442211876978,0.011716636243271,0.0799869384701963,0.482901392459609,63.1609316359357,60.441832620284,49.966658141596,43.4577807402816,35.3627356720227,24.3692386966638,19.3939426122056,11.9735095882877,6.18278916712444,0.095116560252536,0.156062632784535,0.74882080696293
930,930,"high",0.229115903777724,0.255777404743081,0.0934563544059693,3,0.0567519605358833,0,0,0,0,0,0,0,0,0,0,0,0,0,0,0,0,0,0,0.037301807104138,0.132435826579866,0.266814235515249,0.018495855496655,0.0331946260751394,0.113927183328599,0.547117255540314,73.2755505024057,60.5411682435119,50.1854696786259,44.424764605234,36.2366100221842,26.5948248232456,17.7999653852443,10.1281748115709,6.18201581550226,0.0151649774543438,0.326721529325307,0.658113493220349
931,931,"high",0.340746645609218,0.357097317572787,0.0976756699244488,3,0.0529591658961845,0,0,0,0,0,0,0,0,0,0,0,0,0,0,0,0,0,0,0.0514316289713544,0.140091561662473,0.436823474366336,0.0225590643706698,0.0251812237517627,0.0949919203431,0.471290689025729,69.5700557112067,63.9041962666391,47.5468087355245,40.6332837306546,35.8673094436412,26.0733605205556,16.9546474206466,10.8729381008704,5.71076425601923,0.0329191453186284,0.278718241056111,0.688362613625261
932,932,"high",0.285575071352917,0.149909601575159,0.0946483842029683,2,0.0484515318054941,0,0,0,0,0,0,0,0,0,0,0,0,0,0,0,0,0,0,0.0546858096423821,0.175486466230701,0.448555595576226,0.0200144691419476,0.0233277314226227,0.120385336660671,0.506699389101339,72.6148101617424,64.1476407779794,55.623552040317,45.4050326796009,34.1075486180141,23.274234204098,17.0924459497759,11.2748117240853,5.89200012731676,0.134192701152787,0.246168979488709,0.619638319358503
933,933,"high",0.323451232270225,0.24745403692123,0.0998506341277666,1,0.0557914963841833,0,0,0,0,0,0,0,0,0,0,0,0,0,0,0,0,0,0,0.0333119739849404,0.140418854551998,0.334600239887802,0.0200381097817363,0.0265167205329221,0.188018435774174,0.564051335638346,70.3662419976232,63.8508576298683,46.2456663623335,41.2636170541109,32.3562585625045,25.059695074593,19.4387309520203,10.7480461374846,5.91181815848123,0.132495106070033,0.334834008122859,0.532670885807107
934,934,"high",0.27328444791011,0.374657577454109,0.0991308140348305,1,0.0559715824318331,0,0,0,0,0,0,0,0,0,0,0,0,0,0,0,0,0,0,0.04647531342226,0.143834576719546,0.570813717478388,0.019100979519806,0.0246377000657087,0.138149911799767,0.586359209623788,67.4460794095034,59.1993863377491,51.691330787728,43.9608324227054,35.989099564364,25.5618196870581,17.2524914078219,10.8354424751383,6.14752329507537,0.174703997726152,0.109449391684903,0.715846610588945
935,935,"high",0.334974821156045,0.258497178705929,0.103762148014243,2,0.0485434164519676,0,0,0,0,0,0,0,0,0,0,0,0,0,0,0,0,0,0,0.0737056179658698,0.106113981146704,0.440977080881122,0.0199564592086717,0.0183690123313264,0.36500162969821,0.55236673060602,72.8031356560758,57.2656825012364,54.5459275509097,43.4294640603436,30.7941629450781,26.6394941855985,18.5344108517569,10.4011197684226,6.11686771113917,0.0245220800074974,0.364681218787866,0.610796701204636
936,936,"high",0.33082684590946,0.369974320152272,0.098454408154943,3,0.0456546369338397,0,0,0,0,0,0,0,0,0,0,0,0,0,0,0,0,0,0,0.0451856898772503,0.167884388523676,0.449987596754979,0.0210853390899444,0.0124872250713712,0.132721917494181,0.571096305625967,69.965683477251,63.6450229843006,49.2412707463547,40.0599580906709,37.2383644123087,24.8121110792032,18.2140808245566,10.1203997796295,6.22758208682996,0.0508533086261291,0.20561779224649,0.743528899127381
937,937,"high",0.26985583802053,0.654695746847042,0.10239116364844,2,0.0472391707114551,0,0,0,0,0,0,0,0,0,0,0,0,0,0,0,0,0,0,0.045815691080166,0.169685715672391,0.320964598230529,0.0209463190169609,0.0195110231219599,0.110556396051002,0.54174698324337,68.2933542047522,55.1653096715236,50.0676318612151,42.2040953588102,36.0838153565445,27.0286602665763,17.5618677377245,11.5182050726073,6.20569938792227,0.00386557947307983,0.386398611649709,0.609735808877211
938,938,"high",0.311237167372258,0.220700428960564,0.0948637635171034,1,0.0567231282531507,0,0,0,0,0,0,0,0,0,0,0,0,0,0,0,0,0,0,0.0531978181373831,0.133493833997286,0.512184176746777,0.0156284985763059,0.0184645526639566,0.0794952243565418,0.502142536911706,74.2292361227793,61.4202074548939,53.7323117193264,40.8446186268868,33.0636641181157,27.3123222239118,17.891571077409,10.4613132299079,5.87120642507031,0.0319678167953471,0.153639745802431,0.814392437402222
939,939,"high",0.392360218050529,0.463132102670952,0.0960764716435608,3,0.048583561431738,0,0,0,0,0,0,0,0,0,0,0,0,0,0,0,0,0,0,0.0466455523656576,0.136950834656231,0.293602534049872,0.0140624978601728,0.0273062076647254,0.119233350362563,0.543994192046502,75.6538290749972,66.0198705822987,52.099407491437,43.98078096614,37.0868822853267,26.3141773208771,17.4384207832447,10.6990687160368,6.31999387360763,0.0904700841831816,0.334310494800283,0.575219421016536
940,940,"high",0.289412946070615,0.353248649118111,0.104408111896806,2,0.0544327625937675,0,0,0,0,0,0,0,0,0,0,0,0,0,0,0,0,0,0,0.0413857715788109,0.164509068029017,0.201857601430385,0.015996102867193,0.0208051421730914,0.176800066594536,0.591157273666143,67.2657757043137,58.9966485790614,54.7333455852008,42.6410414653564,35.5164530368191,24.8612586332738,18.5106470343212,10.4725605831808,6.1616445072216,0.00107935237425182,0.257849769502305,0.741070878123444
941,941,"high",0.259517723653881,0.382908914805405,0.103980312409913,2,0.044038596754421,0,0,0,0,0,0,0,0,0,0,0,0,0,0,0,0,0,0,0.0616578844376892,0.153948734572477,0.44755075939288,0.0210626474210367,0.0206124567414501,0.154260020489256,0.469742868121879,76.5373530879837,63.0266974288719,57.1851116752945,38.5787066530481,33.7359409759409,24.0441306500194,18.4525465307607,11.7869764051468,6.25489319669719,0.00895826248459084,0.163633217761096,0.827408519754313
942,942,"high",0.357478069708732,0.478231090266682,0.100346027075502,2,0.0447734713544552,0,0,0,0,0,0,0,0,0,0,0,0,0,0,0,0,0,0,0.048757983262817,0.127884359876323,0.100951653672891,0.0227527113791844,0.0261389616591932,0.192808863493062,0.546637152969405,71.836600433889,62.18965826645,49.015994591958,39.067177324033,36.7267289094077,25.5301121864005,17.7496329083667,11.8568682395357,6.69356941726917,0.194436186669328,0.333190483891164,0.472373329439508
943,943,"high",0.227261163562275,0.486025882930523,0.0990820696082007,2,0.0507277756239025,0,0,0,0,0,0,0,0,0,0,0,0,0,0,0,0,0,0,0.0424235718284878,0.0789783484976693,0.303370740125988,0.0195123517368701,0.0170531017519241,0.156256146369722,0.519724929590079,71.6066341486482,61.8586922249697,56.4669122519458,42.583312021456,31.5604017654418,23.4796070328067,17.804594622333,10.3679946435138,6.34203397236515,0.0306038287053453,0.0966918782727378,0.872704293021917
944,944,"high",0.274201958925862,0.38575857372519,0.102721740108818,1,0.0524541121196679,0,0,0,0,0,0,0,0,0,0,0,0,0,0,0,0,0,0,0.0710263561214854,0.109311867956377,0.51038370234769,0.0155035965412602,0.0535656609671832,0.140805596209845,0.573107794490068,67.7410243573755,60.3167926030305,52.4255489626703,47.0004439713501,29.3752135216089,24.9543581153086,17.2058411436822,11.5440726384493,5.9967072215257,0.013297861112409,0.343833818083681,0.64286832080391
945,945,"high",0.256311654656343,0.213843959280194,0.103926969799966,1,0.0595315238170934,0,0,0,0,0,0,0,0,0,0,0,0,0,0,0,0,0,0,0.0583782884882196,0.155257189843022,0.310204443563856,0.0204354376765441,0.0231941623867353,0.0801218519931415,0.490049326038686,73.5346645651362,66.1761087120644,52.1587986915724,47.4089816506425,32.0805237964884,24.8764496156958,17.5269027637621,11.0520953878759,6.35033173012814,0.0166728008228851,0.216012926783993,0.767314272393122
946,946,"high",0.244815152881994,0.313296736737704,0.105093692966973,2,0.0589096649878282,0,0,0,0,0,0,0,0,0,0,0,0,0,0,0,0,0,0,0.0404457418666508,0.100289842225028,0.233904404743799,0.0213240874414773,0.0119320339113411,0.0461615852441352,0.509695419242333,76.4003109981572,63.3408868496927,55.3507564618584,44.5028829273937,35.5495388477653,26.3601368608682,16.7270584229922,10.6809977236909,5.60588748153194,0.00323965103218165,0.280123042015058,0.71663730695276
947,947,"high",0.240464921779434,0.387719429309321,0.109199777944823,1,0.047651607056998,0,0,0,0,0,0,0,0,0,0,0,0,0,0,0,0,0,0,0.0576021952561405,0.109127711381577,0.22726639153834,0.017777159672027,0.00982072992434386,0.130819333365463,0.558919751645214,70.5412964250737,63.6912648812466,54.9859027467475,41.250971904695,32.718042323031,27.5422387174288,16.9329274501033,10.4334332443373,6.17899368842247,0.0578586245854312,0.0713541361141967,0.870787239300372
948,948,"high",0.277416284659106,0.303433588956572,0.0972943544729022,1,0.0518948597292181,0,0,0,0,0,0,0,0,0,0,0,0,0,0,0,0,0,0,0.0440766075883272,0.101375562696459,0.276398447406931,0.0177897333784574,0.0437707622384578,0.127214844059236,0.523861719841263,69.3710693808184,62.1263021884592,48.2943489988115,41.5159963109721,33.9806061887295,26.2580387583854,17.970520594942,11.1618174038853,5.80813371024064,0.0857005067892119,0.253230072198406,0.661069421012382
949,949,"high",0.365575769882561,0.434260081895541,0.0994952788141617,3,0.0521562297280022,0,0,0,0,0,0,0,0,0,0,0,0,0,0,0,0,0,0,0.0437717670727805,0.124470752177551,0.422261852045047,0.0203589621742812,0.0364849852542544,0.229979880019268,0.540650466077904,64.1558034661978,63.0644908351476,51.4200539965666,41.1680394403373,35.3982518433136,22.8245220622466,17.8273958727997,11.2117206225241,5.94206248851045,0.0698701435654355,0.159362558353152,0.770767298081413
950,950,"high",0.278321954894787,0.224510025621598,0.0959792791370177,2,0.0479804947389968,0,0,0,0,0,0,0,0,0,0,0,0,0,0,0,0,0,0,0.0468675547272944,0.152098563723687,0.480915044538688,0.0217482728899967,0.0377696817766273,0.0959089908678843,0.540183638625356,71.6668036759415,71.5437623098861,53.4566699706768,41.185449912532,33.3549371821345,26.5342054400708,18.7525554962088,10.1079347230754,6.20475703798422,0.067939186672477,0.138863169244826,0.793197644082697
951,951,"high",0.332738535092019,0.396470886831832,0.091941677420319,2,0.0426863289108557,0,0,0,0,0,0,0,0,0,0,0,0,0,0,0,0,0,0,0.0461008482531391,0.0981737433128277,0.41008285743593,0.0257999791394838,0.0271299756985318,0.0954981884132095,0.465691276891523,67.9162177272518,65.2340003893398,50.9624860369342,43.3923558701327,36.616510700051,27.5643284436184,17.0104660480765,10.8413689080471,6.09985010527058,0.0923918215718554,0.202674826495198,0.704933351932947
952,952,"high",0.241439448762773,0.174994525952618,0.108832073788142,1,0.0428111178573788,0,0,0,0,0,0,0,0,0,0,0,0,0,0,0,0,0,0,0.0550110165341633,0.1416290628009,0.179748635840915,0.0192209388075322,0.0321623806477161,0.0604855294003768,0.556252359261396,67.162668920152,67.3937363733656,48.9899194754521,41.4406520754353,33.0886586419456,22.0062602436233,17.6614001222437,10.2921318800305,6.27085366349485,0.0734911828040321,0.179135379695385,0.747373437500583
953,953,"high",0.265531067621678,0.246361856837271,0.104046605176221,2,0.0500461086438819,0,0,0,0,0,0,0,0,0,0,0,0,0,0,0,0,0,0,0.0410811492767089,0.147930792352856,0.351207973954144,0.0187503998374833,0.0289190355854765,0.245324784956562,0.562596608282136,75.0300688961107,63.265603430927,50.2308444340951,42.1632937355172,33.5704713765664,26.0363127976158,17.2964451470154,11.1811106716863,5.9568011128532,0.0275847787992578,0.319253685711604,0.653161535489139
954,954,"high",0.167872520496845,0.260385481004816,0.100806330574956,2,0.0630738729082008,0,0,0,0,0,0,0,0,0,0,0,0,0,0,0,0,0,0,0.0565810652022779,0.151807140545621,0.189834878231873,0.0189058625194587,0.0208876913606702,0.121263719675505,0.564434092454027,75.4365660132292,60.0597962822834,52.6443926665546,43.4395217114972,31.9653352017739,25.968569222323,17.6000447118077,12.3930980173609,5.74865953620475,0.0636451843068434,0.356149086453243,0.580205729239913
955,955,"high",0.32093131483712,0.455463486030248,0.109578754265742,2,0.0426182151424015,0,0,0,0,0,0,0,0,0,0,0,0,0,0,0,0,0,0,0.0491975155391525,0.158164449531825,0.439058030685977,0.0211446886251947,0.0230962874668621,0.139003058647683,0.51502150625263,73.1239807052605,55.9611291647311,48.8113180791943,43.1886605776738,33.5657412344506,24.8025458957115,18.8452041895961,11.9120390817651,6.52870048841204,0.00907972584766303,0.217649957101037,0.7732703170513
956,956,"high",0.348883988999748,0.579876826493709,0.102307246367711,3,0.0499813687537165,0,0,0,0,0,0,0,0,0,0,0,0,0,0,0,0,0,0,0.0576948011577632,0.151858491331414,0.273994836175467,0.0232716790224873,0.028866272958055,0.228907123393763,0.462780875731209,69.3208941913564,59.8801223473882,51.4950268468283,39.7259486277277,33.4195286372913,28.6334107567537,19.1141578729085,10.7598689204326,6.13078452798262,0.0721550285490006,0.159504803060677,0.768340168390322
957,957,"high",0.295752380812397,0.441972769675079,0.104382423450065,2,0.039112236691515,0,0,0,0,0,0,0,0,0,0,0,0,0,0,0,0,0,0,0.0382785054092749,0.164527805623247,0.416808974044619,0.0214087478152256,0.021498223718846,0.0759122343519132,0.518081844892736,72.4531098870958,55.6084885214366,50.384586803741,42.8147033574124,34.4957629253442,24.9350982391704,19.4255870090242,11.4869337504687,5.86461945136735,0.0274501480557722,0.152412044809339,0.820137807134888
958,958,"high",0.242825811104103,0.517442291145701,0.102644596020093,3,0.0429340021078419,0,0,0,0,0,0,0,0,0,0,0,0,0,0,0,0,0,0,0.0553430284107785,0.117804279288618,0.357195648944778,0.0144925660754297,0.0341729736551194,0.162191032299648,0.585003844227633,69.6508222031194,57.6313465567068,49.735915656466,42.4714810236973,32.8773055317879,24.6837085890906,18.4010359186989,10.7096102238551,5.83616468136248,0.0477556390203733,0.265675592833197,0.68656876814643
959,959,"high",0.242308649365533,0.343097293871727,0.0981791107444746,2,0.0482466049834961,0,0,0,0,0,0,0,0,0,0,0,0,0,0,0,0,0,0,0.0626092027560056,0.105765892989995,0.152973832389272,0.0205848859865898,0.0170986211955904,0.0479271932543877,0.588483741529071,71.943254564332,63.2465394005655,54.677393163449,42.9419269363448,35.0410781911488,23.5576963897603,17.0128720359627,11.0651214917073,5.58155423616902,0.0745115723013569,0.293799851496102,0.631688576202541
960,960,"high",0.25230639255161,0.162525056922721,0.100093456736489,1,0.0413832252295883,0,0,0,0,0,0,0,0,0,0,0,0,0,0,0,0,0,0,0.0635704173441585,0.141394967970788,0.361730826961275,0.0163738585178776,0.0618959080345528,0.0619649504561605,0.55497578761147,68.3262150548624,60.7888983920328,55.224161785289,39.6961524645235,31.9389381555485,26.1544039284668,16.1864519981306,10.1579922502585,5.8774148704219,0.00419744493030712,0.352824438221373,0.64297811684832
961,961,"high",0.277457347743535,0.51802489397627,0.0955271314956412,2,0.0507816574083236,0,0,0,0,0,0,0,0,0,0,0,0,0,0,0,0,0,0,0.053769017829595,0.166473635824976,0.277951970627347,0.0175587957927045,0.0422691572313305,0.0909951042319464,0.479639301746566,65.1923543327451,61.724795869048,51.7052491020356,44.361611792525,30.2752104244485,27.8035271986133,16.6973843995716,9.84478417352468,5.76713379236246,0.00241204456386578,0.153998536323865,0.84358941911227
962,962,"high",0.221111988721934,0.17216669318983,0.100214323611484,2,0.0534659070564534,0,0,0,0,0,0,0,0,0,0,0,0,0,0,0,0,0,0,0.0561673428017949,0.132349825352986,0.488832385071628,0.0170694627024667,0.0312053279796916,0.10882838742915,0.47211653259446,68.5779586160891,65.1440480376364,53.6418405411203,43.0600041523996,32.8841264619159,26.1413490867589,17.4168183500776,11.8056176618633,6.059394312454,0.161827108672079,0.291220277211814,0.546952614116108
963,963,"high",0.274446346798604,0.423754675752237,0.108354357773563,3,0.0469999998431774,0,0,0,0,0,0,0,0,0,0,0,0,0,0,0,0,0,0,0.0602809804236749,0.122271342720875,0.191482915040366,0.0162879909849799,0.017027500012238,0.231748267950628,0.486635627760309,66.9071187442306,61.9712210083059,53.9092798136699,41.1210404330652,33.585271518732,27.363115138136,17.0990955938059,12.3616058978447,6.17118712180423,0.141090678955978,0.192476002282858,0.666433318761164
964,964,"high",0.262601661647441,0.493500500566279,0.107238113603099,3,0.0526248520092182,0,0,0,0,0,0,0,0,0,0,0,0,0,0,0,0,0,0,0.0515175694157454,0.117266183325715,0.259122866561332,0.0156145921899576,0.0307806885165449,0.165835723940267,0.541076712366354,67.5180184463069,61.600031515885,51.5091265831289,39.6545809361351,34.2176245199453,24.130120434342,16.8013095247972,12.087221291078,6.14201063551628,0.239693084109441,0.218240739937758,0.542066175952801
965,965,"high",0.30326907093438,0.187721322443567,0.102141623325173,3,0.0466998405687246,0,0,0,0,0,0,0,0,0,0,0,0,0,0,0,0,0,0,0.0498092904151885,0.147806002448029,0.0768365387500073,0.0207139650601563,0.0359281198240352,0.143011344073934,0.597540798943874,68.811613548481,58.53632127758,50.6347063711091,41.9450156686406,34.9729257461821,25.2159585861837,17.0485826728288,11.9331614884307,6.4248574162501,0.0148626620397669,0.36625945687586,0.618877881084373
966,966,"high",0.33656452667202,0.292496620104474,0.0919063867044084,2,0.0388941605430372,0,0,0,0,0,0,0,0,0,0,0,0,0,0,0,0,0,0,0.0675795125508579,0.110305352764476,0.106055709041587,0.0215336108795474,0.0151816783130809,0.187019526230097,0.521030444502067,71.7322257403632,61.7694704271228,47.7394529635089,43.1298886825393,34.9469002642083,26.8503243268872,17.926050866209,10.1325788208444,5.65855872927702,0.0294079841883752,0.1211329021129,0.849459113698725
967,967,"high",0.32406530648013,0.105921457591926,0.104433019988042,2,0.0508062762707191,0,0,0,0,0,0,0,0,0,0,0,0,0,0,0,0,0,0,0.072443610639974,0.100414391186543,0.569129642964235,0.0250491005226601,0.0448558837457083,0.0472860795063435,0.496821801205669,77.7642305110365,62.629788659898,51.2544832925191,43.7206659330877,36.5135866961677,24.4149508039832,17.8589643326091,11.230327665829,6.17785026174656,0.15103472025552,0.192511110328887,0.656454169415593
968,968,"high",0.291320470984849,0.310339571690399,0.102832707858001,2,0.0498752829946186,0,0,0,0,0,0,0,0,0,0,0,0,0,0,0,0,0,0,0.0450602449151164,0.123525046604681,0.183910460504168,0.0195947502377176,0.0278376972147904,0.103178318430667,0.509079828774097,69.7582736906125,61.5024823936867,56.1253824195403,42.4055171379146,33.631596881485,23.0657997819742,17.2163681580622,11.7988998810372,5.8530298706699,0.317256098468446,0.137954554297073,0.544789347234481
969,969,"high",0.315106847356153,0.376642015687614,0.0946955170437203,1,0.0438014204520937,0,0,0,0,0,0,0,0,0,0,0,0,0,0,0,0,0,0,0.0607988624417602,0.097703802197574,0.0880072673725639,0.0203376777086947,0.0397165351762464,0.133947303554202,0.429259617589094,69.9653490462674,64.0161642768635,55.2155252317508,46.3581162186851,36.349463410203,25.5509713709447,17.6018615451765,9.67474263125773,5.75940196157776,0.106951000366169,0.29474520308901,0.598303796544822
970,970,"high",0.334287156976292,0.163005258649536,0.0957792339487226,1,0.0474060203641782,0,0,0,0,0,0,0,0,0,0,0,0,0,0,0,0,0,0,0.040094537947727,0.12835700861919,0.277651723446436,0.0196180908202342,0.0316191360747143,0.203425254015875,0.539131787338948,71.0871960998655,57.2082853540114,53.1430046051284,43.134295912297,33.4123953073897,24.753780132741,17.5455046487091,10.4088808559536,6.36122468859088,0.0877535940123052,0.141291039157454,0.770955366830241
971,971,"high",0.257088439661825,0.171968435050485,0.0964517976911538,3,0.0516296888786529,0,0,0,0,0,0,0,0,0,0,0,0,0,0,0,0,0,0,0.04447296706155,0.141982636261016,0.31857721238398,0.0186470476532953,0.0180047206547887,0.040565501809267,0.544353003366429,73.8114904726522,61.6645759991895,52.397225748431,42.3677309709785,34.7358028494867,25.4406823161944,17.1694895487075,11.442162319072,5.93389320367047,0.00879256325510447,0.366441278634095,0.6247661581108
972,972,"high",0.305653916962434,0.267829453540467,0.0987593540667692,1,0.05098058056035,0,0,0,0,0,0,0,0,0,0,0,0,0,0,0,0,0,0,0.0538614196147447,0.191468273065628,0.283123171140779,0.0202966881894462,0.0242733492123951,0.0783277583311889,0.477131182738355,69.7797289730197,68.6559078530164,52.2647832429266,41.9206029552344,35.8213467263115,26.2732218150966,17.7395574016743,10.948153727771,6.29470331877639,0.124872402331965,0.10078020340565,0.774347394262385
973,973,"high",0.332383041264192,0.233352634500311,0.0999622501973146,2,0.0528317021277653,0,0,0,0,0,0,0,0,0,0,0,0,0,0,0,0,0,0,0.0649792143486654,0.113960345947106,0.353890580304724,0.0202479153529903,0.0249726325359418,0.16486818895742,0.524150772423803,75.5393462234924,59.8632571686035,50.0249723402837,43.1813344461287,32.4793149096799,25.0672221828515,16.3298517947393,10.2294502741727,5.71771807782408,0.00418303123507512,0.222393968367339,0.773423000397585
974,974,"high",0.20757753747604,0.176330938301299,0.101074864694131,2,0.0483362865565376,0,0,0,0,0,0,0,0,0,0,0,0,0,0,0,0,0,0,0.0619315688620141,0.124060765149769,0.351896292102828,0.0240227286784752,0.0164754056983,0.0727288517680308,0.507530431952163,71.8236132688732,61.2002757383162,51.8206052765782,43.8230734761444,32.5826743883269,25.5705504521476,17.6895860670821,10.597780108202,5.90487474479001,0.00787339027914824,0.185601216809142,0.80652539291171
975,975,"high",0.28692213500498,0.323610401133996,0.0992510342932001,2,0.043458093841118,0,0,0,0,0,0,0,0,0,0,0,0,0,0,0,0,0,0,0.0708432221073506,0.152241345002787,0.343866995067951,0.0218300408999269,0.0272084113941676,0.118180947522765,0.576961092899753,76.2515912062478,62.5937196779627,51.3018313181619,41.3240816319343,35.5783180427026,24.7501273580525,17.130044490994,10.0949055676917,6.35619224974994,0.03353172566304,0.115410060327075,0.851058214009884
976,976,"high",0.299239405870245,0.48897830212634,0.0908683988355193,1,0.054125705506233,0,0,0,0,0,0,0,0,0,0,0,0,0,0,0,0,0,0,0.0520808912758831,0.167223210536467,0.340001038252729,0.0198024109269826,0.034808978201403,0.136783231122921,0.621809847677541,75.7543263883225,61.5493495799593,54.2489504635155,43.4691669572274,33.9713973934929,25.3658697493135,17.8331991225245,11.1999988775023,5.61599832515292,0.0783249262347146,0.280087392078752,0.641587681686533
977,977,"high",0.192338125885114,0.226020596148816,0.10109081516096,2,0.047617897548989,0,0,0,0,0,0,0,0,0,0,0,0,0,0,0,0,0,0,0.0568368497901539,0.138960230577955,0.231512579179767,0.0152579131395881,0.00814129485884645,0.0843165086088219,0.578966742454554,68.8790321758957,62.8767140263475,52.5901385083735,42.2646370428826,35.0303468081807,22.3838029415392,16.8641270202118,11.2039749317335,6.32480013542312,0.0197259142285488,0.498502214831272,0.481771870940179
978,978,"high",0.263112494708567,0.422917622092137,0.0993803788086943,2,0.0518594736485612,0,0,0,0,0,0,0,0,0,0,0,0,0,0,0,0,0,0,0.0512178865403452,0.122486404056315,0.313326034373567,0.01957998393247,0.020001641228943,0.157658922894466,0.544881299293114,66.9629367914632,59.8533736153551,52.3055372260736,40.1796416054546,33.9196013996251,26.0847533763936,16.7736497259717,11.0108740194003,6.13193080692469,0.0256988697066821,0.306547608695108,0.66775352159821
979,979,"high",0.213527530344775,0.354692191235077,0.0932367555850559,1,0.0465541293479965,0,0,0,0,0,0,0,0,0,0,0,0,0,0,0,0,0,0,0.0531461874419732,0.143086666507026,0.352175331491403,0.0165442968830584,0.0263330937135785,0.193056116155544,0.501267827432324,73.4973228694763,56.5825568687327,51.6258032736691,42.2530244696033,32.3723387961566,25.0857999447573,18.9694474730905,10.9791101665089,6.10331937534258,0.0474241295119687,0.161792531691036,0.790783338796995
980,980,"high",0.458121168301349,0.330360306500141,0.104677517305252,2,0.045741731483937,0,0,0,0,0,0,0,0,0,0,0,0,0,0,0,0,0,0,0.0466195221709178,0.126021287548736,0.207066329462742,0.0206812483481103,0.0286353451803584,0.211974127329863,0.489113640848047,73.9037568318166,56.9500556406185,51.4826970171709,40.1623648008735,33.6257410805711,22.8867542883445,17.2891691657623,10.7585954753354,6.00539408248305,0.00215165908354666,0.238692084909222,0.759156256007231
981,981,"high",0.407985822226963,0.418359685963715,0.10368105850907,2,0.0530738953805014,0,0,0,0,0,0,0,0,0,0,0,0,0,0,0,0,0,0,0.0542803107806232,0.140016019965859,0.443928097195951,0.0219951776462118,0.027480663497456,0.0993345149859016,0.487399942784932,73.5704016213172,62.5644117455473,51.8842050645068,44.3379991615048,33.7697241233204,26.728667221323,18.823878410349,11.1736174840214,6.4901206188005,0.0786798050340857,0.246526660469186,0.674793534496728
982,982,"high",0.293095098650326,0.655965543238543,0.105824286010264,1,0.0505029348700681,0,0,0,0,0,0,0,0,0,0,0,0,0,0,0,0,0,0,0.0516378161274639,0.102217602808474,0.361317149287523,0.023006798424048,0.0378514230800541,0.135264564569267,0.543488184497527,70.033790998671,58.9707680537558,51.4647786272396,45.7893496555493,33.7973460825479,26.2028426814933,17.4427094307837,10.8696619304972,6.82193736074365,0.0668533970365007,0.27945033434039,0.653696268623109
983,983,"high",0.364780964997285,0.307981316567025,0.0999151979407746,2,0.0511899206625077,0,0,0,0,0,0,0,0,0,0,0,0,0,0,0,0,0,0,0.04083665236829,0.134455318269616,0.135249009139577,0.0229777679794909,0.0144138161322371,0.11241373848059,0.623666961824395,71.9962320689369,60.5043557401078,52.6902882443036,44.8103310920952,34.9170597648976,24.2031347176088,17.0967425813411,10.8368694467588,6.32886199430833,0.100392517155571,0.207823367110152,0.691784115734277
984,984,"high",0.332229206334884,0.558693105325944,0.0982285602519088,2,0.0502303422158722,0,0,0,0,0,0,0,0,0,0,0,0,0,0,0,0,0,0,0.0488639573098173,0.137894119881929,0.322095158211939,0.0207038710958898,0.0162015959638351,0.118009219423976,0.566934924296326,75.6063855305893,62.0998184744077,47.848034876778,42.9802681810239,33.8626949066199,24.678246908855,17.943248238935,11.0816666703413,5.8806243200446,0.0729175656358841,0.270216967777894,0.656865466586222
985,985,"high",0.303721776374306,0.185341104275187,0.109217035983231,1,0.045956806318443,0,0,0,0,0,0,0,0,0,0,0,0,0,0,0,0,0,0,0.0417351470553739,0.144267641225419,0.523941634249033,0.0184208859951158,0.029261426205907,0.054199684977449,0.565812573083681,70.9108646573768,58.5543186378668,49.098609670031,40.5058859107914,34.9657213680678,21.6121682673511,17.1548688327736,10.5497934666836,6.10264511144405,0.0781154955560061,0.16564958886709,0.756234915576904
986,986,"high",0.31750289018652,0.255922982766338,0.0985372855680886,2,0.0459459582628462,0,0,0,0,0,0,0,0,0,0,0,0,0,0,0,0,0,0,0.0481464549653108,0.0918565235581234,0.195997991484568,0.0158636526036402,0.025968127119483,0.0857669660378358,0.497551527243992,71.2843720448336,58.9385275618577,48.6633345287246,39.9046851028766,33.4994515545549,24.9712794815062,17.8883259222295,10.3984996494021,5.90635173096991,0.0454438577390412,0.102659584013367,0.851896558247592
987,987,"high",0.377274038724905,0.679696889931145,0.101756384314416,1,0.0480563821191808,0,0,0,0,0,0,0,0,0,0,0,0,0,0,0,0,0,0,0.0547489323325995,0.148605463061232,0.350004001054531,0.0149644313279757,0.0453549061018336,0.243443950255605,0.538225256585236,68.3833685988769,63.5638434826647,52.5486915179319,41.3911338042138,34.4199947305919,27.8778818513542,17.2880065895779,11.0562428460084,6.04407258387134,0.0152144644056623,0.290861322647515,0.693924212946823
988,988,"high",0.298389555850571,0.315016013531401,0.108293688987856,1,0.045067168137167,0,0,0,0,0,0,0,0,0,0,0,0,0,0,0,0,0,0,0.0577101620012631,0.149135227278922,0.363464697070469,0.0185488988058135,0.0561455124451296,0.160595654540276,0.45932572626615,70.9508264942999,57.3485962770608,52.1629088350416,42.2019387963281,31.4441540778681,23.6502349994909,16.8335680730508,10.9521917903301,6.5342836644252,0.0157403014480799,0.388916083404898,0.595343615147022
989,989,"high",0.329673026847208,0.182966688097271,0.106602515884435,2,0.0558643739470204,0,0,0,0,0,0,0,0,0,0,0,0,0,0,0,0,0,0,0.0380981380164714,0.155984353370731,0.440033352744604,0.0195960878536968,0.0283774032330721,0.104048541454071,0.550488831567481,70.7157769537361,64.7773618974783,53.7855077405063,44.0789604849862,36.9082475985822,24.5244343066681,18.2360809010389,10.3891234978921,6.18097809286187,0.0292105049812443,0.19161582612272,0.779173668896036
990,990,"high",0.182583455275287,0.434911018914363,0.0992701405119026,2,0.0568000588982017,0,0,0,0,0,0,0,0,0,0,0,0,0,0,0,0,0,0,0.0418095854022372,0.133735507044083,0.429119406026535,0.0212180812693138,0.0231236538728319,0.241020574695223,0.536140429375278,65.8464158333359,60.972244503076,51.962986492382,41.6982453004231,34.8901322268418,24.3316867339844,18.7758533011863,10.429510722596,6.27888975898528,0.0556358976769721,0.255730928282509,0.688633174040518
991,991,"high",0.205129894229828,0.578764719148026,0.102229736461669,2,0.0571705868325504,0,0,0,0,0,0,0,0,0,0,0,0,0,0,0,0,0,0,0.0795080439727442,0.135532094062152,0.272010932952866,0.0204737228543596,0.0174005318880908,0.125218598127535,0.550692732670088,67.1471215417328,62.4814927040454,55.508474499592,39.1271917638577,34.3475915002366,24.2150167295225,18.8722457970168,10.5419532263301,6.00158160394125,0.248351009348243,0.235426580772039,0.516222409879719
992,992,"high",0.37317610510905,0.191057477085666,0.103070418103465,1,0.0490075712454505,0,0,0,0,0,0,0,0,0,0,0,0,0,0,0,0,0,0,0.0383042814351311,0.123610636937066,0.463583116859527,0.0178282699513539,0.0200371505190359,0.0728466524007034,0.555182728888422,75.2425803400889,60.7692299385848,52.3140392164057,41.6851488705451,33.5557277662988,26.3698483288321,17.3936774436739,11.5210234304557,6.06793999485763,0.0325608668185573,0.299631866772347,0.667807266409096
993,993,"high",0.201117611162744,0.278082611336009,0.104742151602995,3,0.0478876882150666,0,0,0,0,0,0,0,0,0,0,0,0,0,0,0,0,0,0,0.0393800426005653,0.157063673512901,0.390929180701561,0.0235072645133319,0.0238841348932438,0.11040277806275,0.530846202569631,72.5051043620989,62.2359773510752,51.5123509892492,41.0273800519207,31.1010537619881,24.594114983614,17.7018328342169,11.8736933653253,5.78624289306926,0.00622473517738353,0.210961794363465,0.782813470459152
994,994,"high",0.317220566227866,0.275758995464812,0.0927523239786849,2,0.0427604718283295,0,0,0,0,0,0,0,0,0,0,0,0,0,0,0,0,0,0,0.0406894451788759,0.153708924221674,0.267308898770595,0.0202155649616178,0.00866436991636783,0.116818473347979,0.462985601966031,64.5537811340437,59.9283825560092,52.7546883953005,41.9900897299369,34.439855680506,26.9377045849989,17.1461939565692,10.9178852071156,5.92598427434012,0.0867097144068144,0.426379932874881,0.486910352718305
995,995,"high",0.291964168840606,0.151459965592463,0.104773318432322,2,0.0493640007240211,0,0,0,0,0,0,0,0,0,0,0,0,0,0,0,0,0,0,0.0557041938409322,0.10760746100146,0.401363303419152,0.0248395922728807,0.0292391976977507,0.0339521789809231,0.552614189700136,77.7754321621064,62.9642113162759,50.7193724157098,40.9845085542204,33.8712215930738,23.1000876060089,18.0510095007611,11.9394006400307,6.02658636681387,0.0125242270259701,0.389820847891596,0.597654925082434
996,996,"high",0.321150674018001,0.230032184297282,0.105064265255071,3,0.0447491096654131,0,0,0,0,0,0,0,0,0,0,0,0,0,0,0,0,0,0,0.0452809135234271,0.128459918807614,0.212438996680832,0.0172598286782345,0.0263672314375875,0.117458874309512,0.526017026994867,64.5264312988233,60.7932542125785,48.2725397210099,41.4748755824354,36.2950935819896,25.2422212044819,18.3311595707687,10.4064721574753,5.92020632368843,0.0755039558588345,0.193459080171028,0.731036963970137
997,997,"high",0.341874400608787,0.178543977895417,0.0985825096891857,1,0.0478528167742828,0,0,0,0,0,0,0,0,0,0,0,0,0,0,0,0,0,0,0.0363418237473385,0.122648307682463,0.345989634291252,0.0154432722590216,0.0339609432876509,0.0573618286746249,0.52871053528286,77.3669683706037,61.0967022063242,48.8244338100657,40.8684436169994,35.5928963418596,23.697469635718,17.5389524144201,10.6437635396182,6.04807656519822,0.0184188499126884,0.169763066782617,0.811818083304694
998,998,"high",0.317717144441472,0.340953308904319,0.0923447927675758,3,0.0507926158684924,0,0,0,0,0,0,0,0,0,0,0,0,0,0,0,0,0,0,0.0418455517857555,0.1173795632658,0.40733618480582,0.0246686990693208,0.0182966066019937,0.108973861463845,0.438371210547702,76.101530756939,61.4206609697608,48.1879163308529,43.1032747095883,30.9522700040078,25.0561074285984,17.5798638796164,11.0739895106723,6.55535727992214,0.0427119779601978,0.163495948601666,0.793792073438136
999,999,"high",0.24414785299703,0.196597499692469,0.104816171038365,1,0.0436576426541848,0,0,0,0,0,0,0,0,0,0,0,0,0,0,0,0,0,0,0.0420593657760307,0.160780066252707,0.173369375593273,0.0226320684412426,0.009971081050673,0.127591116600513,0.522616049688002,68.5527299197127,59.8883164252731,51.0615036356919,40.5820040330624,30.2489466044873,24.4782905349296,18.1915329633999,10.8285805371638,6.03219999175195,0.0704305256752022,0.30287641842819,0.626693055896608
1000,1000,"high",0.248573432107657,0.130588626943437,0.096861085432685,3,0.0595618555315607,0,0,0,0,0,0,0,0,0,0,0,0,0,0,0,0,0,0,0.0794592484045555,0.173544820946293,0.324877240951819,0.0180755792835796,0.0335104605635094,0.10015953857356,0.569681243277422,77.9253454932585,62.5133028972974,53.3055371927788,41.2300965611922,32.997849421809,26.0044720460381,16.8914938335296,10.7322612487276,5.68379082910747,0.030925433164397,0.216783612267673,0.75229095456793
